method	type	visibility
com._2gis.cartoshka.tree.Ruleset.getSelectors()	CtMethodImpl	public
com._2gis.cartoshka.tree.Rule.isDefaultInstance()	CtMethodImpl	public
com._2gis.cartoshka.SymbolTable(com._2gis.cartoshka.SymbolTable)	CtConstructorImpl	protected
com._2gis.cartoshka.tree.Ruleset.getBlock()	CtMethodImpl	public
com._2gis.cartoshka.tree.expression.Literal.toNumber()	CtMethodImpl	public
com._2gis.cartoshka.CartoParser.parseZoom()	CtMethodImpl	private
com._2gis.cartoshka.tree.expression.ExpandableText.isURL()	CtMethodImpl	public
com._2gis.cartoshka.tree.Zoom.getExpression()	CtMethodImpl	public
com._2gis.cartoshka.CartoParser	CtClassImpl	public
com._2gis.cartoshka.tree.expression.literal.MultiLiteral.toString()	CtMethodImpl	public
com._2gis.cartoshka.function.Functions.lightness	CtFieldReferenceImpl	public
com._2gis.cartoshka.tree.expression.literal.Dimension.operate(com._2gis.cartoshka.scanner.TokenType,com._2gis.cartoshka.tree.expression.Literal)	CtMethodImpl	public
com._2gis.cartoshka.tree.expression.literal.Color.lightness	CtFieldReferenceImpl	private
com._2gis.cartoshka.tree.Filter.accept(com._2gis.cartoshka.Visitor<P>,P)	CtMethodImpl	public
com._2gis.cartoshka.visitor.PrintVisitor.visit(com._2gis.cartoshka.tree.expression.literal.Dimension,java.lang.Void)	CtMethodImpl	public
com._2gis.cartoshka.visitor.VolatilityCheckVisitor.visit(com._2gis.cartoshka.tree.expression.literal.Color,java.lang.Void)	CtMethodImpl	public
com._2gis.cartoshka.tree.Rule.isDefaultInstance	CtFieldReferenceImpl	private
com._2gis.cartoshka.tree.Element(com._2gis.cartoshka.Location,java.lang.String,com._2gis.cartoshka.tree.Element.ElementType)	CtConstructorImpl	public
com._2gis.cartoshka.CartoParser.parseArgumentsExpression()	CtMethodImpl	private
com._2gis.cartoshka.tree.Element.value	CtFieldReferenceImpl	private
com._2gis.cartoshka.function.Functions.mix	CtFieldReferenceImpl	public
com._2gis.cartoshka.tree.expression.Value(com._2gis.cartoshka.Location,java.util.Collection<com._2gis.cartoshka.tree.expression.Expression>)	CtConstructorImpl	public
com._2gis.cartoshka.tree.expression.literal.ImageFilter.getArgs()	CtMethodImpl	public
com._2gis.cartoshka.SymbolTable()	CtConstructorImpl	public
com._2gis.cartoshka.tree.expression.literal.Dimension.type()	CtMethodImpl	public
com._2gis.cartoshka.scanner.Scanner.getSourceName()	CtMethodImpl	private
com._2gis.cartoshka.tree.Filter.setRight(com._2gis.cartoshka.tree.expression.Expression)	CtMethodImpl	public
com._2gis.cartoshka.function.BaseFunction.getName()	CtMethodImpl	public
com._2gis.cartoshka.tree.Block.accept(com._2gis.cartoshka.Visitor<P>,P)	CtMethodImpl	public
com._2gis.cartoshka.tree.NodeType()	CtConstructorImpl	private
com._2gis.cartoshka.visitor.EvaluateVisitor.visit(com._2gis.cartoshka.tree.expression.literal.Color,com._2gis.cartoshka.Feature)	CtMethodImpl	public
com._2gis.cartoshka.visitor.PrintVisitor.increaseIndent()	CtMethodImpl	private
com._2gis.cartoshka.CartoParser.expect(com._2gis.cartoshka.scanner.TokenType[])	CtMethodImpl	private
com._2gis.cartoshka.tree.expression.literal.Color.compareTo(com._2gis.cartoshka.tree.expression.Literal)	CtMethodImpl	public
com._2gis.cartoshka.scanner.Scanner.literal	CtFieldReferenceImpl	private
com._2gis.cartoshka.tree.expression.literal.Text.type()	CtMethodImpl	public
com._2gis.cartoshka.tree.expression.Call(com._2gis.cartoshka.Location,com._2gis.cartoshka.Function,java.util.Collection<com._2gis.cartoshka.tree.expression.Expression>)	CtConstructorImpl	public
com._2gis.cartoshka.tree.Filter.type()	CtMethodImpl	public
com._2gis.cartoshka.tree.expression.literal.Boolean(com._2gis.cartoshka.Location,boolean)	CtConstructorImpl	public
com._2gis.cartoshka.tree.expression.literal.Color.getRed()	CtMethodImpl	public
com._2gis.cartoshka.tree.expression.Literal	CtClassImpl	public
com._2gis.cartoshka.tree.Block.type()	CtMethodImpl	public
com._2gis.cartoshka.visitor.VolatilityCheckVisitor.visit(com._2gis.cartoshka.tree.expression.literal.Dimension,java.lang.Void)	CtMethodImpl	public
com._2gis.cartoshka.visitor.VolatilityCheckVisitor.visit(com._2gis.cartoshka.tree.expression.literal.Text,java.lang.Void)	CtMethodImpl	public
com._2gis.cartoshka.tree.expression.Call.args	CtFieldReferenceImpl	private
com._2gis.cartoshka.tree.expression.literal.Dimension.getValue()	CtMethodImpl	public
com._2gis.cartoshka.visitor.VolatilityCheckVisitor.visit(com._2gis.cartoshka.tree.expression.UnaryOperation,java.lang.Void)	CtMethodImpl	public
com._2gis.cartoshka.tree.expression.literal.ImageFilter.name	CtFieldReferenceImpl	private
com._2gis.cartoshka.tree.expression.literal.Text.operate(com._2gis.cartoshka.scanner.TokenType,com._2gis.cartoshka.tree.expression.Literal)	CtMethodImpl	public
com._2gis.cartoshka.scanner.Scanner.current()	CtMethodImpl	protected
com._2gis.cartoshka.tree.expression.literal.Color(com._2gis.cartoshka.Location,int,int,int,int,double,double,double)	CtConstructorImpl	private
com._2gis.cartoshka.tree.expression.literal.Color.getBlue()	CtMethodImpl	public
com._2gis.cartoshka.tree.expression.literal.Numeric.operate(com._2gis.cartoshka.scanner.TokenType)	CtMethodImpl	public
com._2gis.cartoshka.tree.expression.literal.Text.isKeyword()	CtMethodImpl	public
com._2gis.cartoshka.visitor.VolatilityCheckVisitor.visit(com._2gis.cartoshka.tree.expression.Value,java.lang.Void)	CtMethodImpl	public
com._2gis.cartoshka.scanner.Scanner.scanIdentifierPart()	CtMethodImpl	private
com._2gis.cartoshka.tree.expression.literal.Dimension.accept(com._2gis.cartoshka.GenericVisitor<R, P>,P)	CtMethodImpl	public
com._2gis.cartoshka.function.BaseFunction.getArgumentCount()	CtMethodImpl	public
com._2gis.cartoshka.tree.expression.Field.name	CtFieldReferenceImpl	private
com._2gis.cartoshka.visitor.EvaluateVisitor.visit(com._2gis.cartoshka.tree.expression.Value,com._2gis.cartoshka.Feature)	CtMethodImpl	public
com._2gis.cartoshka.scanner.Scanner.advance()	CtMethodImpl	private
com._2gis.cartoshka.function.Functions.spin	CtFieldReferenceImpl	public
com._2gis.cartoshka.tree.Filter.right	CtFieldReferenceImpl	private
com._2gis.cartoshka.tree.expression.literal.Color.blue	CtFieldReferenceImpl	private
com._2gis.cartoshka.tree.Filter.setLeft(com._2gis.cartoshka.tree.expression.Expression)	CtMethodImpl	public
com._2gis.cartoshka.Location.linePos	CtFieldReferenceImpl	public
com._2gis.cartoshka.scanner.Scanner.skipMultiLineComment()	CtMethodImpl	private
com._2gis.cartoshka.tree.expression.Variable.symbolTable	CtFieldReferenceImpl	private
com._2gis.cartoshka.tree.expression.UnaryOperation.operator	CtFieldReferenceImpl	private
com._2gis.cartoshka.Colors	CtClassImpl	package-private
com._2gis.cartoshka.tree.expression.BinaryOperation.right	CtFieldReferenceImpl	private
com._2gis.cartoshka.tree.expression.ExpandableText.symbolTable	CtFieldReferenceImpl	private
com._2gis.cartoshka.visitor.ConstantFoldVisitor.visit(com._2gis.cartoshka.tree.Block,java.lang.Void)	CtMethodImpl	public
com._2gis.cartoshka.tree.expression.literal.Boolean.getValue()	CtMethodImpl	public
com._2gis.cartoshka.tree.expression.UnaryOperation.setExpression(com._2gis.cartoshka.tree.expression.Expression)	CtMethodImpl	public
com._2gis.cartoshka.scanner.Scanner.offset	CtFieldReferenceImpl	private
com._2gis.cartoshka.tree.expression.literal.Color.alpha	CtFieldReferenceImpl	private
com._2gis.cartoshka.tree.expression.literal.Dimension.compareTo(com._2gis.cartoshka.tree.expression.Literal)	CtMethodImpl	public
com._2gis.cartoshka.tree.Selector.accept(com._2gis.cartoshka.Visitor<P>,P)	CtMethodImpl	public
com._2gis.cartoshka.tree.expression.UnaryOperation.type()	CtMethodImpl	public
com._2gis.cartoshka.visitor.EvaluateVisitor.visit(com._2gis.cartoshka.tree.expression.Call,com._2gis.cartoshka.Feature)	CtMethodImpl	public
com._2gis.cartoshka.CartoParser.parseSelector()	CtMethodImpl	private
com._2gis.cartoshka.visitor.EvaluateVisitor.visit(com._2gis.cartoshka.tree.expression.literal.ImageFilter,com._2gis.cartoshka.Feature)	CtMethodImpl	public
com._2gis.cartoshka.visitor.PrintVisitor.visit(com._2gis.cartoshka.tree.Zoom,java.lang.Void)	CtMethodImpl	public
com._2gis.cartoshka.CartoshkaException.functionIncorrectArgumentCount(com._2gis.cartoshka.Location,int,int)	CtMethodImpl	public
com._2gis.cartoshka.tree.Filter.operator	CtFieldReferenceImpl	private
com._2gis.cartoshka.visitor.VolatilityCheckVisitor.visit(com._2gis.cartoshka.tree.expression.literal.Boolean,java.lang.Void)	CtMethodImpl	public
com._2gis.cartoshka.scanner.Scanner.DIMENSION_UNITS	CtFieldReferenceImpl	protected
com._2gis.cartoshka.scanner.Scanner.scanIdentifierOrKeyword()	CtMethodImpl	private
com._2gis.cartoshka.tree.Filter(com._2gis.cartoshka.Location,com._2gis.cartoshka.scanner.TokenType,com._2gis.cartoshka.tree.expression.Expression,com._2gis.cartoshka.tree.expression.Expression)	CtConstructorImpl	public
com._2gis.cartoshka.tree.Zoom.type()	CtMethodImpl	public
com._2gis.cartoshka.visitor.PrintVisitor.visit(com._2gis.cartoshka.tree.expression.literal.Text,java.lang.Void)	CtMethodImpl	public
com._2gis.cartoshka.CartoshkaException.incorrectComparison(com._2gis.cartoshka.Location)	CtMethodImpl	public
com._2gis.cartoshka.tree.expression.Call.setArgs(java.util.Collection<com._2gis.cartoshka.tree.expression.Expression>)	CtMethodImpl	public
com._2gis.cartoshka.visitor.EvaluateVisitor.visit(com._2gis.cartoshka.tree.expression.Variable,com._2gis.cartoshka.Feature)	CtMethodImpl	public
com._2gis.cartoshka.tree.Zoom.accept(com._2gis.cartoshka.Visitor<P>,P)	CtMethodImpl	public
com._2gis.cartoshka.tree.expression.literal.Color.green	CtFieldReferenceImpl	private
com._2gis.cartoshka.tree.expression.ExpandableText.parse(java.lang.String)	CtMethodImpl	private
com._2gis.cartoshka.tree.Selector(com._2gis.cartoshka.Location,java.util.Collection<com._2gis.cartoshka.tree.Element>,java.util.Collection<com._2gis.cartoshka.tree.Filter>,java.util.Collection<com._2gis.cartoshka.tree.Zoom>,java.lang.String)	CtConstructorImpl	public
com._2gis.cartoshka.tree.Zoom	CtClassImpl	public
com._2gis.cartoshka.SymbolTable.hasVariables()	CtMethodImpl	public
com._2gis.cartoshka.scanner.Scanner.next	CtFieldReferenceImpl	private
com._2gis.cartoshka.scanner.TokenType.precedence	CtFieldReferenceImpl	private
com._2gis.cartoshka.scanner.Scanner.eos	CtFieldReferenceImpl	private
com._2gis.cartoshka.tree.Block(com._2gis.cartoshka.Location,java.util.List<com._2gis.cartoshka.tree.Node>,com._2gis.cartoshka.SymbolTable)	CtConstructorImpl	public
com._2gis.cartoshka.tree.Rule	CtClassImpl	public
com._2gis.cartoshka.CartoshkaException.functionTooManyArguments(com._2gis.cartoshka.Location)	CtMethodImpl	public
com._2gis.cartoshka.tree.expression.literal.Numeric.getValue()	CtMethodImpl	public
com._2gis.cartoshka.tree.expression.literal.Dimension.accept(com._2gis.cartoshka.Visitor<P>,P)	CtMethodImpl	public
com._2gis.cartoshka.visitor.ConstantFoldVisitor.visit(com._2gis.cartoshka.tree.Selector,java.lang.Void)	CtMethodImpl	public
com._2gis.cartoshka.visitor.VolatilityCheckVisitor.visit(com._2gis.cartoshka.tree.expression.ExpandableText,java.lang.Void)	CtMethodImpl	public
com._2gis.cartoshka.tree.expression.literal.Text.toString()	CtMethodImpl	public
com._2gis.cartoshka.tree.Ruleset.block	CtFieldReferenceImpl	private
com._2gis.cartoshka.tree.Selector.filters	CtFieldReferenceImpl	private
com._2gis.cartoshka.Colors.1	CtClassImpl	package-private
com._2gis.cartoshka.tree.expression.literal.Dimension.hasDot()	CtMethodImpl	public
com._2gis.cartoshka.tree.expression.BinaryOperation.getRight()	CtMethodImpl	public
com._2gis.cartoshka.function.Arguments.percent(java.util.Iterator<com._2gis.cartoshka.tree.expression.Literal>)	CtMethodImpl	public
com._2gis.cartoshka.scanner.Scanner.getOffset()	CtMethodImpl	private
com._2gis.cartoshka.tree.Selector.zooms	CtFieldReferenceImpl	private
com._2gis.cartoshka.visitor.VolatilityCheckVisitor()	CtConstructorImpl	public
com._2gis.cartoshka.visitor.PrintVisitor.visit(com._2gis.cartoshka.tree.expression.UnaryOperation,java.lang.Void)	CtMethodImpl	public
com._2gis.cartoshka.CartoshkaException.selectorWithoutSegments(com._2gis.cartoshka.Location)	CtMethodImpl	public
com._2gis.cartoshka.tree.expression.literal.Numeric.accept(com._2gis.cartoshka.GenericVisitor<R, P>,P)	CtMethodImpl	public
com._2gis.cartoshka.tree.expression.literal.Numeric.hasDot()	CtMethodImpl	public
com._2gis.cartoshka.tree.expression.literal.ImageFilter(com._2gis.cartoshka.Location,java.lang.String,com._2gis.cartoshka.tree.expression.literal.MultiLiteral)	CtConstructorImpl	public
com._2gis.cartoshka.tree.expression.literal.MultiLiteral	CtClassImpl	public
com._2gis.cartoshka.CartoParser.MaxArguments	CtFieldReferenceImpl	private
com._2gis.cartoshka.visitor.PrintVisitor.leaveSection()	CtMethodImpl	private
com._2gis.cartoshka.visitor.ConstantFoldVisitor.visit(com._2gis.cartoshka.tree.expression.literal.Dimension,java.lang.Void)	CtMethodImpl	public
com._2gis.cartoshka.function.BaseFunction.argc	CtFieldReferenceImpl	private
com._2gis.cartoshka.function.Functions.hue	CtFieldReferenceImpl	public
com._2gis.cartoshka.visitor.PrintVisitor.visit(com._2gis.cartoshka.tree.expression.Field,java.lang.Void)	CtMethodImpl	public
com._2gis.cartoshka.visitor.ConstantFoldVisitor.visit(com._2gis.cartoshka.tree.Filter,java.lang.Void)	CtMethodImpl	public
com._2gis.cartoshka.SymbolTable.setVariable(com._2gis.cartoshka.tree.Rule)	CtMethodImpl	public
com._2gis.cartoshka.visitor.EvaluateVisitor.visit(com._2gis.cartoshka.tree.expression.literal.Text,com._2gis.cartoshka.Feature)	CtMethodImpl	public
com._2gis.cartoshka.tree.expression.UnaryOperation.accept(com._2gis.cartoshka.GenericVisitor<R, P>,P)	CtMethodImpl	public
com._2gis.cartoshka.visitor.VolatilityCheckVisitor.visit(com._2gis.cartoshka.tree.expression.literal.MultiLiteral,java.lang.Void)	CtMethodImpl	public
com._2gis.cartoshka.scanner.Scanner.scanHash()	CtMethodImpl	private
com._2gis.cartoshka.tree.Zoom.setExpression(com._2gis.cartoshka.tree.expression.Expression)	CtMethodImpl	public
com._2gis.cartoshka.function.Functions.desaturate	CtFieldReferenceImpl	public
com._2gis.cartoshka.scanner.Token.getLocation()	CtMethodImpl	public
com._2gis.cartoshka.tree.expression.literal.Boolean	CtClassImpl	public
com._2gis.cartoshka.visitor.EvaluateVisitor.visit(com._2gis.cartoshka.tree.Selector,com._2gis.cartoshka.Feature)	CtMethodImpl	public
com._2gis.cartoshka.CartoParser.parseElement()	CtMethodImpl	private
com._2gis.cartoshka.Location.name	CtFieldReferenceImpl	public
com._2gis.cartoshka.function.Functions.12	CtClassImpl	package-private
com._2gis.cartoshka.tree.Element.ElementType.WILDCARD	CtEnumValueImpl	public
com._2gis.cartoshka.function.Functions.11	CtClassImpl	package-private
com._2gis.cartoshka.function.Functions.15	CtClassImpl	package-private
com._2gis.cartoshka.tree.expression.literal.Dimension(com._2gis.cartoshka.Location,double,java.lang.String,boolean)	CtConstructorImpl	public
com._2gis.cartoshka.tree.expression.literal.ImageFilter.compareTo(com._2gis.cartoshka.tree.expression.Literal)	CtMethodImpl	public
com._2gis.cartoshka.scanner.Scanner.scan()	CtMethodImpl	private
com._2gis.cartoshka.tree.expression.literal.Numeric.type()	CtMethodImpl	public
com._2gis.cartoshka.visitor.EvaluateVisitor.visit(com._2gis.cartoshka.tree.expression.UnaryOperation,com._2gis.cartoshka.Feature)	CtMethodImpl	public
com._2gis.cartoshka.tree.expression.literal.Color.hue(double,double,double)	CtMethodImpl	protected
com._2gis.cartoshka.function.Functions.fadein	CtFieldReferenceImpl	public
com._2gis.cartoshka.scanner.Token.text	CtFieldReferenceImpl	private
com._2gis.cartoshka.visitor.ConstantFoldVisitor.evaluate	CtFieldReferenceImpl	private
com._2gis.cartoshka.visitor.PrintVisitor.visit(com._2gis.cartoshka.tree.expression.literal.Color,java.lang.Void)	CtMethodImpl	public
com._2gis.cartoshka.tree.expression.literal.Text.accept(com._2gis.cartoshka.GenericVisitor<R, P>,P)	CtMethodImpl	public
com._2gis.cartoshka.visitor.PrintVisitor(int)	CtConstructorImpl	public
com._2gis.cartoshka.function.BaseFunction.name	CtFieldReferenceImpl	private
com._2gis.cartoshka.visitor.EvaluateVisitor.visit(com._2gis.cartoshka.tree.expression.literal.Dimension,com._2gis.cartoshka.Feature)	CtMethodImpl	public
com._2gis.cartoshka.tree.Filter	CtClassImpl	public
com._2gis.cartoshka.scanner.Token.location	CtFieldReferenceImpl	private
com._2gis.cartoshka.tree.Node.location	CtFieldReferenceImpl	private
com._2gis.cartoshka.tree.expression.literal.Color.accept(com._2gis.cartoshka.Visitor<P>,P)	CtMethodImpl	public
com._2gis.cartoshka.tree.expression.Call.accept(com._2gis.cartoshka.GenericVisitor<R, P>,P)	CtMethodImpl	public
com._2gis.cartoshka.scanner.Scanner.lineOffset	CtFieldReferenceImpl	private
com._2gis.cartoshka.visitor.ConstantFoldVisitor.visitAll(java.util.Collection<? extends com._2gis.cartoshka.tree.Node>,java.lang.Void)	CtMethodImpl	private
com._2gis.cartoshka.visitor.ConstantFoldVisitor.visit(com._2gis.cartoshka.tree.expression.Call,java.lang.Void)	CtMethodImpl	public
com._2gis.cartoshka.scanner.Scanner.skipSingleLineComment()	CtMethodImpl	private
com._2gis.cartoshka.visitor.VolatilityCheckVisitor.visit(com._2gis.cartoshka.tree.expression.literal.ImageFilter,java.lang.Void)	CtMethodImpl	public
com._2gis.cartoshka.tree.Rule.getName()	CtMethodImpl	public
com._2gis.cartoshka.scanner.TokenType.str	CtFieldReferenceImpl	private
com._2gis.cartoshka.tree.expression.literal.Boolean.toString()	CtMethodImpl	public
com._2gis.cartoshka.visitor.ConstantFoldVisitor.visit(com._2gis.cartoshka.tree.expression.literal.Text,java.lang.Void)	CtMethodImpl	public
com._2gis.cartoshka.visitor.EvaluateVisitor.visit(com._2gis.cartoshka.tree.Ruleset,com._2gis.cartoshka.Feature)	CtMethodImpl	public
com._2gis.cartoshka.tree.expression.literal.Color	CtClassImpl	public
com._2gis.cartoshka.CartoParser.parseBinaryExpression(int)	CtMethodImpl	private
com._2gis.cartoshka.tree.Rule.getFullName()	CtMethodImpl	public
com._2gis.cartoshka.tree.expression.BinaryOperation.left	CtFieldReferenceImpl	private
com._2gis.cartoshka.scanner.Scanner.c0_	CtFieldReferenceImpl	private
com._2gis.cartoshka.tree.Selector.getAttachment()	CtMethodImpl	public
com._2gis.cartoshka.tree.expression.Value.accept(com._2gis.cartoshka.GenericVisitor<R, P>,P)	CtMethodImpl	public
com._2gis.cartoshka.visitor.PrintVisitor.indent	CtFieldReferenceImpl	private
com._2gis.cartoshka.tree.expression.literal.Boolean.type()	CtMethodImpl	public
com._2gis.cartoshka.tree.expression.ExpandableText.setExpressions(java.util.List<com._2gis.cartoshka.tree.expression.Expression>)	CtMethodImpl	public
com._2gis.cartoshka.CartoParser.symbolTable	CtFieldReferenceImpl	private
com._2gis.cartoshka.tree.expression.literal.Text.accept(com._2gis.cartoshka.Visitor<P>,P)	CtMethodImpl	public
com._2gis.cartoshka.function.Functions.hsla	CtFieldReferenceImpl	public
com._2gis.cartoshka.visitor.PrintVisitor.visit(com._2gis.cartoshka.tree.expression.Variable,java.lang.Void)	CtMethodImpl	public
com._2gis.cartoshka.tree.expression.literal.Dimension.operate(com._2gis.cartoshka.scanner.TokenType)	CtMethodImpl	public
com._2gis.cartoshka.CartoParser.parseString(boolean)	CtMethodImpl	private
com._2gis.cartoshka.function.Functions	CtClassImpl	public
com._2gis.cartoshka.tree.Selector.elements	CtFieldReferenceImpl	private
com._2gis.cartoshka.tree.expression.BinaryOperation.getOperator()	CtMethodImpl	public
com._2gis.cartoshka.CartoshkaException(com._2gis.cartoshka.Location,java.lang.String,java.lang.Object[])	CtConstructorImpl	public
com._2gis.cartoshka.function.Functions.19	CtClassImpl	package-private
com._2gis.cartoshka.tree.Block.getNodes()	CtMethodImpl	public
com._2gis.cartoshka.tree.expression.literal.ImageFilter.accept(com._2gis.cartoshka.GenericVisitor<R, P>,P)	CtMethodImpl	public
com._2gis.cartoshka.CartoParser.parseRuleSet()	CtMethodImpl	private
com._2gis.cartoshka.function.Functions.16	CtClassImpl	package-private
com._2gis.cartoshka.scanner.Scanner.isEOS()	CtMethodImpl	private
com._2gis.cartoshka.tree.Zoom.operator	CtFieldReferenceImpl	private
com._2gis.cartoshka.scanner.Scanner.isLineTerminator(char)	CtMethodImpl	private
com._2gis.cartoshka.tree.expression.ExpandableText.type()	CtMethodImpl	public
com._2gis.cartoshka.tree.expression.ExpandableText.isURL	CtFieldReferenceImpl	private
com._2gis.cartoshka.tree.Block	CtClassImpl	public
com._2gis.cartoshka.visitor.EvaluateVisitor.visit(com._2gis.cartoshka.tree.Element,com._2gis.cartoshka.Feature)	CtMethodImpl	public
com._2gis.cartoshka.function.Functions.7	CtClassImpl	package-private
com._2gis.cartoshka.tree.expression.UnaryOperation	CtClassImpl	public
com._2gis.cartoshka.visitor.PrintVisitor.visit(com._2gis.cartoshka.tree.expression.literal.ImageFilter,java.lang.Void)	CtMethodImpl	public
com._2gis.cartoshka.tree.expression.Variable(com._2gis.cartoshka.Location,com._2gis.cartoshka.SymbolTable,java.lang.String)	CtConstructorImpl	public
com._2gis.cartoshka.visitor.PrintVisitor.visit(com._2gis.cartoshka.tree.Filter,java.lang.Void)	CtMethodImpl	public
com._2gis.cartoshka.visitor.EvaluateVisitor.1.iterator	CtFieldReferenceImpl	package-private
com._2gis.cartoshka.function.Functions.darken	CtFieldReferenceImpl	public
com._2gis.cartoshka.tree.Element.type	CtFieldReferenceImpl	private
com._2gis.cartoshka.visitor.PrintVisitor.sections	CtFieldReferenceImpl	private
com._2gis.cartoshka.scanner.TokenType.getPrecedence()	CtMethodImpl	public
com._2gis.cartoshka.function.Functions.3	CtClassImpl	package-private
com._2gis.cartoshka.visitor.VolatilityCheckVisitor.visit(com._2gis.cartoshka.tree.expression.Call,java.lang.Void)	CtMethodImpl	public
com._2gis.cartoshka.scanner.Scanner.scanString(char,char)	CtMethodImpl	private
com._2gis.cartoshka.tree.Node.getLocation()	CtMethodImpl	public
com._2gis.cartoshka.visitor.EvaluateVisitor.visit(com._2gis.cartoshka.tree.Filter,com._2gis.cartoshka.Feature)	CtMethodImpl	public
com._2gis.cartoshka.CartoParser.parseFilter()	CtMethodImpl	private
com._2gis.cartoshka.visitor.VolatilityCheckVisitor.visit(com._2gis.cartoshka.tree.expression.Field,java.lang.Void)	CtMethodImpl	public
com._2gis.cartoshka.tree.expression.literal.Numeric.accept(com._2gis.cartoshka.Visitor<P>,P)	CtMethodImpl	public
com._2gis.cartoshka.tree.expression.ExpandableText.accept(com._2gis.cartoshka.Visitor<P>,P)	CtMethodImpl	public
com._2gis.cartoshka.tree.expression.literal.Color.fromRGBA(com._2gis.cartoshka.Location,int,int,int,double)	CtMethodImpl	public
com._2gis.cartoshka.tree.expression.ExpandableText.accept(com._2gis.cartoshka.GenericVisitor<R, P>,P)	CtMethodImpl	public
com._2gis.cartoshka.Location	CtClassImpl	public
com._2gis.cartoshka.tree.expression.Call.getArgs()	CtMethodImpl	public
com._2gis.cartoshka.tree.Filter.left	CtFieldReferenceImpl	private
com._2gis.cartoshka.visitor.EvaluateVisitor.visit(com._2gis.cartoshka.tree.Rule,com._2gis.cartoshka.Feature)	CtMethodImpl	public
com._2gis.cartoshka.tree.Element	CtClassImpl	public
com._2gis.cartoshka.function.Functions.saturation	CtFieldReferenceImpl	public
com._2gis.cartoshka.function.Functions.alpha	CtFieldReferenceImpl	public
com._2gis.cartoshka.tree.expression.Variable.accept(com._2gis.cartoshka.Visitor<P>,P)	CtMethodImpl	public
com._2gis.cartoshka.CartoshkaException.invalidOperation(com._2gis.cartoshka.Location)	CtMethodImpl	public
com._2gis.cartoshka.tree.Rule.isVariable	CtFieldReferenceImpl	private
com._2gis.cartoshka.function.Functions.hsl	CtFieldReferenceImpl	public
com._2gis.cartoshka.tree.expression.literal.Numeric.value	CtFieldReferenceImpl	private
com._2gis.cartoshka.visitor.PrintVisitor.out	CtFieldReferenceImpl	private
com._2gis.cartoshka.visitor.PrintVisitor.insideFilter	CtFieldReferenceImpl	private
com._2gis.cartoshka.tree.Zoom.getOperator()	CtMethodImpl	public
com._2gis.cartoshka.tree.expression.BinaryOperation.setLeft(com._2gis.cartoshka.tree.expression.Expression)	CtMethodImpl	public
com._2gis.cartoshka.tree.expression.BinaryOperation	CtClassImpl	public
com._2gis.cartoshka.visitor.PrintVisitor.enterSection()	CtMethodImpl	private
com._2gis.cartoshka.scanner.Scanner.scanUrl()	CtMethodImpl	private
com._2gis.cartoshka.tree.expression.literal.Color.fromHSLA(com._2gis.cartoshka.Location,int,double,double,double)	CtMethodImpl	public
com._2gis.cartoshka.visitor.PrintVisitor.visit(com._2gis.cartoshka.tree.Selector,java.lang.Void)	CtMethodImpl	public
com._2gis.cartoshka.tree.Rule.accept(com._2gis.cartoshka.GenericVisitor<R, P>,P)	CtMethodImpl	public
com._2gis.cartoshka.scanner.TokenType(java.lang.String,int)	CtConstructorImpl	private
com._2gis.cartoshka.tree.expression.literal.Numeric.toString()	CtMethodImpl	public
com._2gis.cartoshka.SymbolTable.variables	CtFieldReferenceImpl	private
com._2gis.cartoshka.CartoshkaException.getLocation()	CtMethodImpl	public
com._2gis.cartoshka.tree.Block.nodes	CtFieldReferenceImpl	private
com._2gis.cartoshka.CartoshkaException.undefinedFunction(com._2gis.cartoshka.Location)	CtMethodImpl	public
com._2gis.cartoshka.tree.expression.Value.getExpressions()	CtMethodImpl	public
com._2gis.cartoshka.tree.Zoom(com._2gis.cartoshka.Location,com._2gis.cartoshka.scanner.TokenType,com._2gis.cartoshka.tree.expression.Expression)	CtConstructorImpl	public
com._2gis.cartoshka.visitor.ConstantFoldVisitor.visit(com._2gis.cartoshka.tree.expression.literal.Numeric,java.lang.Void)	CtMethodImpl	public
com._2gis.cartoshka.scanner.Scanner.initialize(java.lang.String,java.io.Reader)	CtMethodImpl	protected
com._2gis.cartoshka.visitor.PrintVisitor.visit(com._2gis.cartoshka.tree.expression.literal.Numeric,java.lang.Void)	CtMethodImpl	public
com._2gis.cartoshka.visitor.VolatilityCheckVisitor.visit(com._2gis.cartoshka.tree.Filter,java.lang.Void)	CtMethodImpl	public
com._2gis.cartoshka.scanner.Scanner.peek()	CtMethodImpl	protected
com._2gis.cartoshka.visitor.PrintVisitor.visitAll(java.util.Collection<? extends com._2gis.cartoshka.tree.Node>,java.lang.Void,java.lang.String)	CtMethodImpl	private
com._2gis.cartoshka.tree.Zoom.expression	CtFieldReferenceImpl	private
com._2gis.cartoshka.CartoParser.parseUnaryExpression()	CtMethodImpl	private
com._2gis.cartoshka.tree.Selector.getZooms()	CtMethodImpl	public
com._2gis.cartoshka.function.Functions.rgb	CtFieldReferenceImpl	public
com._2gis.cartoshka.tree.Ruleset(com._2gis.cartoshka.Location,java.util.List<com._2gis.cartoshka.tree.Selector>,com._2gis.cartoshka.tree.Block)	CtConstructorImpl	public
com._2gis.cartoshka.tree.expression.literal.ImageFilter.accept(com._2gis.cartoshka.Visitor<P>,P)	CtMethodImpl	public
com._2gis.cartoshka.tree.expression.UnaryOperation.getExpression()	CtMethodImpl	public
com._2gis.cartoshka.visitor.EvaluateVisitor.visit(com._2gis.cartoshka.tree.expression.Field,com._2gis.cartoshka.Feature)	CtMethodImpl	public
com._2gis.cartoshka.scanner.Token.getType()	CtMethodImpl	public
com._2gis.cartoshka.SymbolTable.getVariable(java.lang.String)	CtMethodImpl	public
com._2gis.cartoshka.tree.expression.ExpandableText.getSubLocation(int)	CtMethodImpl	private
com._2gis.cartoshka.CartoshkaException(java.lang.Throwable,com._2gis.cartoshka.Location,java.lang.String,java.lang.Object[])	CtConstructorImpl	public
com._2gis.cartoshka.tree.expression.Variable.getValue()	CtMethodImpl	public
com._2gis.cartoshka.scanner.Scanner.scanVariable()	CtMethodImpl	private
com._2gis.cartoshka.tree.expression.literal.Text(com._2gis.cartoshka.Location,java.lang.String,boolean,boolean)	CtConstructorImpl	public
com._2gis.cartoshka.tree.expression.Expression	CtClassImpl	public
com._2gis.cartoshka.tree.expression.Variable.value	CtFieldReferenceImpl	private
com._2gis.cartoshka.tree.Zoom.accept(com._2gis.cartoshka.GenericVisitor<R, P>,P)	CtMethodImpl	public
com._2gis.cartoshka.scanner.Scanner.KEYWORDS	CtFieldReferenceImpl	protected
com._2gis.cartoshka.visitor.ConstantFoldVisitor.checkIfVolatile	CtFieldReferenceImpl	private
com._2gis.cartoshka.CartoParser.parseSelectors()	CtMethodImpl	private
com._2gis.cartoshka.CartoshkaException.unexpectedToken(com._2gis.cartoshka.scanner.Token)	CtMethodImpl	public
com._2gis.cartoshka.tree.expression.BinaryOperation.accept(com._2gis.cartoshka.Visitor<P>,P)	CtMethodImpl	public
com._2gis.cartoshka.visitor.PrintVisitor.indentSize	CtFieldReferenceImpl	private
com._2gis.cartoshka.CartoParser.parseRule()	CtMethodImpl	private
com._2gis.cartoshka.tree.expression.literal.Numeric.hasDot	CtFieldReferenceImpl	private
com._2gis.cartoshka.tree.Block.symbolTable	CtFieldReferenceImpl	private
com._2gis.cartoshka.tree.expression.literal.Numeric	CtClassImpl	public
com._2gis.cartoshka.tree.expression.literal.ImageFilter	CtClassImpl	public
com._2gis.cartoshka.scanner.Scanner.skipWhiteSpace()	CtMethodImpl	private
com._2gis.cartoshka.CartoParser.parseExpression()	CtMethodImpl	private
com._2gis.cartoshka.CartoshkaException.functionIncorrectArgumentType(com._2gis.cartoshka.Location)	CtMethodImpl	public
com._2gis.cartoshka.SymbolTable	CtClassImpl	public
com._2gis.cartoshka.tree.Node(com._2gis.cartoshka.Location)	CtConstructorImpl	public
com._2gis.cartoshka.tree.Rule(com._2gis.cartoshka.Location,java.lang.String,com._2gis.cartoshka.tree.expression.Value,boolean)	CtConstructorImpl	public
com._2gis.cartoshka.scanner.Scanner.line	CtFieldReferenceImpl	private
com._2gis.cartoshka.tree.expression.ExpandableText(com._2gis.cartoshka.Location,com._2gis.cartoshka.SymbolTable,java.lang.String,boolean)	CtConstructorImpl	public
com._2gis.cartoshka.Location(java.lang.String,int,int,int)	CtConstructorImpl	public
com._2gis.cartoshka.scanner.Scanner	CtClassImpl	public
com._2gis.cartoshka.function.Functions()	CtConstructorImpl	public
com._2gis.cartoshka.tree.expression.Variable.accept(com._2gis.cartoshka.GenericVisitor<R, P>,P)	CtMethodImpl	public
com._2gis.cartoshka.tree.expression.literal.Color.getSaturation()	CtMethodImpl	public
com._2gis.cartoshka.function.Functions.rgba	CtFieldReferenceImpl	public
com._2gis.cartoshka.tree.expression.Value	CtClassImpl	public
com._2gis.cartoshka.scanner.Scanner.getLinePosition()	CtMethodImpl	private
com._2gis.cartoshka.tree.expression.literal.Dimension.getUnit()	CtMethodImpl	public
com._2gis.cartoshka.tree.expression.literal.MultiLiteral.accept(com._2gis.cartoshka.Visitor<P>,P)	CtMethodImpl	public
com._2gis.cartoshka.tree.Ruleset.type()	CtMethodImpl	public
com._2gis.cartoshka.tree.expression.Field	CtClassImpl	public
com._2gis.cartoshka.tree.expression.literal.Text.isURL	CtFieldReferenceImpl	private
com._2gis.cartoshka.visitor.PrintVisitor.visit(com._2gis.cartoshka.tree.Ruleset,java.lang.Void)	CtMethodImpl	public
com._2gis.cartoshka.visitor.PrintVisitor.visit(com._2gis.cartoshka.tree.expression.Value,java.lang.Void)	CtMethodImpl	public
com._2gis.cartoshka.visitor.ConstantFoldVisitor.visit(com._2gis.cartoshka.tree.Zoom,java.lang.Void)	CtMethodImpl	public
com._2gis.cartoshka.tree.expression.Call	CtClassImpl	public
com._2gis.cartoshka.visitor.EvaluateVisitor()	CtConstructorImpl	public
com._2gis.cartoshka.function.Functions.1	CtClassImpl	package-private
com._2gis.cartoshka.tree.expression.Variable	CtClassImpl	public
com._2gis.cartoshka.tree.Element.ElementType.ID	CtEnumValueImpl	public
com._2gis.cartoshka.visitor.VolatilityCheckVisitor.visit(com._2gis.cartoshka.tree.Selector,java.lang.Void)	CtMethodImpl	public
com._2gis.cartoshka.tree.expression.Field.accept(com._2gis.cartoshka.GenericVisitor<R, P>,P)	CtMethodImpl	public
com._2gis.cartoshka.tree.expression.literal.Text.compareTo(com._2gis.cartoshka.tree.expression.Literal)	CtMethodImpl	public
com._2gis.cartoshka.tree.Block.getSymbolTable()	CtMethodImpl	public
com._2gis.cartoshka.visitor.ConstantFoldVisitor	CtClassImpl	public
com._2gis.cartoshka.visitor.ConstantFoldVisitor.visit(com._2gis.cartoshka.tree.expression.literal.MultiLiteral,java.lang.Void)	CtMethodImpl	public
com._2gis.cartoshka.Colors()	CtConstructorImpl	package-private
com._2gis.cartoshka.tree.expression.BinaryOperation(com._2gis.cartoshka.Location,com._2gis.cartoshka.scanner.TokenType,com._2gis.cartoshka.tree.expression.Expression,com._2gis.cartoshka.tree.expression.Expression)	CtConstructorImpl	public
com._2gis.cartoshka.tree.Element.getType()	CtMethodImpl	public
com._2gis.cartoshka.function.BaseFunction(java.lang.String,int)	CtConstructorImpl	protected
com._2gis.cartoshka.tree.expression.literal.Text.getValue()	CtMethodImpl	public
com._2gis.cartoshka.tree.Selector.accept(com._2gis.cartoshka.GenericVisitor<R, P>,P)	CtMethodImpl	public
com._2gis.cartoshka.tree.expression.BinaryOperation.accept(com._2gis.cartoshka.GenericVisitor<R, P>,P)	CtMethodImpl	public
com._2gis.cartoshka.tree.Block.accept(com._2gis.cartoshka.GenericVisitor<R, P>,P)	CtMethodImpl	public
com._2gis.cartoshka.tree.Filter.getLeft()	CtMethodImpl	public
com._2gis.cartoshka.scanner.Scanner.getLine()	CtMethodImpl	private
com._2gis.cartoshka.tree.expression.literal.Numeric.toNumber()	CtMethodImpl	public
com._2gis.cartoshka.tree.Rule.isVariable()	CtMethodImpl	public
com._2gis.cartoshka.tree.Rule.getInstance()	CtMethodImpl	public
com._2gis.cartoshka.visitor.VolatilityCheckVisitor.visit(com._2gis.cartoshka.tree.Ruleset,java.lang.Void)	CtMethodImpl	public
com._2gis.cartoshka.visitor.ConstantFoldVisitor.fold(com._2gis.cartoshka.tree.expression.Expression,java.lang.Void)	CtMethodImpl	private
com._2gis.cartoshka.function.Functions.8	CtClassImpl	package-private
com._2gis.cartoshka.function.Functions.4	CtClassImpl	package-private
com._2gis.cartoshka.function.Functions.6	CtClassImpl	package-private
com._2gis.cartoshka.tree.expression.BinaryOperation.getLeft()	CtMethodImpl	public
com._2gis.cartoshka.visitor.ConstantFoldVisitor.visit(com._2gis.cartoshka.tree.Rule,java.lang.Void)	CtMethodImpl	public
com._2gis.cartoshka.function.Functions.2	CtClassImpl	package-private
com._2gis.cartoshka.tree.expression.literal.ImageFilter.getName()	CtMethodImpl	public
com._2gis.cartoshka.tree.Element.ElementType.MAP	CtEnumValueImpl	public
com._2gis.cartoshka.CartoshkaException.fieldNotFound(com._2gis.cartoshka.Location)	CtMethodImpl	public
com._2gis.cartoshka.CartoParser.parseValue()	CtMethodImpl	private
com._2gis.cartoshka.CartoParser.parse(java.lang.String,java.io.Reader)	CtMethodImpl	public
com._2gis.cartoshka.tree.expression.BinaryOperation.operator	CtFieldReferenceImpl	private
com._2gis.cartoshka.SymbolTable.getParent()	CtMethodImpl	public
com._2gis.cartoshka.tree.Filter.getRight()	CtMethodImpl	public
com._2gis.cartoshka.Location.min(com._2gis.cartoshka.Location,com._2gis.cartoshka.Location)	CtMethodImpl	public
com._2gis.cartoshka.tree.Element.type()	CtMethodImpl	public
com._2gis.cartoshka.CartoParser.parsePrimaryExpression()	CtMethodImpl	private
com._2gis.cartoshka.tree.expression.literal.Dimension.toString()	CtMethodImpl	public
com._2gis.cartoshka.CartoParser.parseDimension()	CtMethodImpl	private
com._2gis.cartoshka.visitor.PrintVisitor.visit(com._2gis.cartoshka.tree.expression.literal.MultiLiteral,java.lang.Void)	CtMethodImpl	public
com._2gis.cartoshka.tree.Ruleset.accept(com._2gis.cartoshka.GenericVisitor<R, P>,P)	CtMethodImpl	public
com._2gis.cartoshka.tree.expression.Field.getName()	CtMethodImpl	public
com._2gis.cartoshka.visitor.ConstantFoldVisitor.visit(com._2gis.cartoshka.tree.Ruleset,java.lang.Void)	CtMethodImpl	public
com._2gis.cartoshka.visitor.PrintVisitor.visit(com._2gis.cartoshka.tree.expression.BinaryOperation,java.lang.Void)	CtMethodImpl	public
com._2gis.cartoshka.Location.line	CtFieldReferenceImpl	public
com._2gis.cartoshka.tree.expression.literal.Boolean.accept(com._2gis.cartoshka.GenericVisitor<R, P>,P)	CtMethodImpl	public
com._2gis.cartoshka.tree.expression.UnaryOperation(com._2gis.cartoshka.Location,com._2gis.cartoshka.scanner.TokenType,com._2gis.cartoshka.tree.expression.Expression)	CtConstructorImpl	public
com._2gis.cartoshka.tree.expression.literal.Boolean.accept(com._2gis.cartoshka.Visitor<P>,P)	CtMethodImpl	public
com._2gis.cartoshka.CartoshkaException.invalidFormat(com._2gis.cartoshka.Location)	CtMethodImpl	public
com._2gis.cartoshka.tree.expression.literal.Color.hue	CtFieldReferenceImpl	private
com._2gis.cartoshka.tree.expression.Value.accept(com._2gis.cartoshka.Visitor<P>,P)	CtMethodImpl	public
com._2gis.cartoshka.visitor.EvaluateVisitor.visit(com._2gis.cartoshka.tree.expression.ExpandableText,com._2gis.cartoshka.Feature)	CtMethodImpl	public
com._2gis.cartoshka.visitor.EvaluateVisitor.visit(com._2gis.cartoshka.tree.expression.literal.MultiLiteral,com._2gis.cartoshka.Feature)	CtMethodImpl	public
com._2gis.cartoshka.tree.expression.ExpandableText.getExpressions()	CtMethodImpl	public
com._2gis.cartoshka.tree.expression.literal.Dimension.value	CtFieldReferenceImpl	private
com._2gis.cartoshka.visitor.ConstantFoldVisitor.visit(com._2gis.cartoshka.tree.expression.literal.ImageFilter,java.lang.Void)	CtMethodImpl	public
com._2gis.cartoshka.tree.expression.literal.Dimension.unit	CtFieldReferenceImpl	private
com._2gis.cartoshka.tree.Rule.getValue()	CtMethodImpl	public
com._2gis.cartoshka.function.Functions.greyscale	CtFieldReferenceImpl	public
com._2gis.cartoshka.tree.Node	CtClassImpl	public
com._2gis.cartoshka.scanner.Token.type	CtFieldReferenceImpl	private
com._2gis.cartoshka.function.Arguments	CtClassImpl	public
com._2gis.cartoshka.scanner.Scanner.next()	CtMethodImpl	protected
com._2gis.cartoshka.tree.expression.ExpandableText.isPlain()	CtMethodImpl	public
com._2gis.cartoshka.scanner.TokenType	CtEnumImpl	public
com._2gis.cartoshka.function.Arguments.color(java.util.Iterator<com._2gis.cartoshka.tree.expression.Literal>)	CtMethodImpl	public
com._2gis.cartoshka.tree.Rule.accept(com._2gis.cartoshka.Visitor<P>,P)	CtMethodImpl	public
com._2gis.cartoshka.visitor.PrintVisitor.visit(com._2gis.cartoshka.tree.Rule,java.lang.Void)	CtMethodImpl	public
com._2gis.cartoshka.visitor.PrintVisitor.needParenthesis(com._2gis.cartoshka.scanner.TokenType,com._2gis.cartoshka.tree.expression.Expression,boolean)	CtMethodImpl	private
com._2gis.cartoshka.tree.expression.literal.ImageFilter.type()	CtMethodImpl	public
com._2gis.cartoshka.tree.expression.literal.Color.accept(com._2gis.cartoshka.GenericVisitor<R, P>,P)	CtMethodImpl	public
com._2gis.cartoshka.tree.expression.Literal.operate(com._2gis.cartoshka.scanner.TokenType)	CtMethodImpl	public
com._2gis.cartoshka.tree.expression.literal.Dimension.hasDot	CtFieldReferenceImpl	private
com._2gis.cartoshka.tree.expression.literal.Dimension	CtClassImpl	public
com._2gis.cartoshka.tree.expression.literal.Text.isKeyword	CtFieldReferenceImpl	private
com._2gis.cartoshka.tree.Element.getValue()	CtMethodImpl	public
com._2gis.cartoshka.tree.expression.Call.getFunction()	CtMethodImpl	public
com._2gis.cartoshka.visitor.ConstantFoldVisitor.visit(com._2gis.cartoshka.tree.expression.ExpandableText,java.lang.Void)	CtMethodImpl	public
com._2gis.cartoshka.Location.offset	CtFieldReferenceImpl	public
com._2gis.cartoshka.CartoParser.parseBlock()	CtMethodImpl	private
com._2gis.cartoshka.tree.expression.Literal(com._2gis.cartoshka.Location)	CtConstructorImpl	public
com._2gis.cartoshka.tree.expression.literal.ImageFilter.args	CtFieldReferenceImpl	private
com._2gis.cartoshka.scanner.Token(com._2gis.cartoshka.scanner.TokenType,java.lang.String,com._2gis.cartoshka.Location)	CtConstructorImpl	public
com._2gis.cartoshka.SymbolTable.parent	CtFieldReferenceImpl	private
com._2gis.cartoshka.tree.Ruleset.selectors	CtFieldReferenceImpl	private
com._2gis.cartoshka.tree.expression.literal.Color.getHue()	CtMethodImpl	public
com._2gis.cartoshka.Colors.Strings	CtFieldReferenceImpl	public
com._2gis.cartoshka.tree.expression.Value.setExpressions(java.util.Collection<com._2gis.cartoshka.tree.expression.Expression>)	CtMethodImpl	public
com._2gis.cartoshka.CartoshkaException.ioException(com._2gis.cartoshka.Location,java.io.IOException)	CtMethodImpl	public
com._2gis.cartoshka.CartoParser.functions	CtFieldReferenceImpl	private
com._2gis.cartoshka.tree.Filter.accept(com._2gis.cartoshka.GenericVisitor<R, P>,P)	CtMethodImpl	public
com._2gis.cartoshka.tree.Selector.type()	CtMethodImpl	public
com._2gis.cartoshka.function.Functions.14	CtClassImpl	package-private
com._2gis.cartoshka.visitor.EvaluateVisitor.visit(com._2gis.cartoshka.tree.Block,com._2gis.cartoshka.Feature)	CtMethodImpl	public
com._2gis.cartoshka.visitor.VolatilityCheckVisitor.visit(com._2gis.cartoshka.tree.expression.BinaryOperation,java.lang.Void)	CtMethodImpl	public
com._2gis.cartoshka.visitor.PrintVisitor.visit(com._2gis.cartoshka.tree.expression.literal.Boolean,java.lang.Void)	CtMethodImpl	public
com._2gis.cartoshka.scanner.Scanner.scanEscape()	CtMethodImpl	private
com._2gis.cartoshka.tree.expression.literal.MultiLiteral.compareTo(com._2gis.cartoshka.tree.expression.Literal)	CtMethodImpl	public
com._2gis.cartoshka.visitor.PrintVisitor.decreaseIndent()	CtMethodImpl	private
com._2gis.cartoshka.function.Functions.13	CtClassImpl	package-private
com._2gis.cartoshka.tree.expression.Variable.type()	CtMethodImpl	public
com._2gis.cartoshka.visitor.ConstantFoldVisitor.visit(com._2gis.cartoshka.tree.expression.BinaryOperation,java.lang.Void)	CtMethodImpl	public
com._2gis.cartoshka.tree.expression.BinaryOperation.setRight(com._2gis.cartoshka.tree.expression.Expression)	CtMethodImpl	public
com._2gis.cartoshka.CartoshkaException.location	CtFieldReferenceImpl	private
com._2gis.cartoshka.function.Functions.10	CtClassImpl	package-private
com._2gis.cartoshka.tree.expression.Value.type()	CtMethodImpl	public
com._2gis.cartoshka.visitor.ConstantFoldVisitor.visit(com._2gis.cartoshka.tree.expression.Value,java.lang.Void)	CtMethodImpl	public
com._2gis.cartoshka.tree.expression.UnaryOperation.accept(com._2gis.cartoshka.Visitor<P>,P)	CtMethodImpl	public
com._2gis.cartoshka.visitor.EvaluateVisitor	CtClassImpl	public
com._2gis.cartoshka.visitor.ConstantFoldVisitor.visit(com._2gis.cartoshka.tree.expression.Variable,java.lang.Void)	CtMethodImpl	public
com._2gis.cartoshka.visitor.PrintVisitor.print(java.lang.String,java.lang.Object[])	CtMethodImpl	private
com._2gis.cartoshka.tree.expression.literal.MultiLiteral.getValue()	CtMethodImpl	public
com._2gis.cartoshka.scanner.Scanner.sourceName	CtFieldReferenceImpl	private
com._2gis.cartoshka.visitor.PrintVisitor()	CtConstructorImpl	public
com._2gis.cartoshka.visitor.EvaluateVisitor.1	CtClassImpl	package-private
com._2gis.cartoshka.CartoshkaException.invalidDimensionUnit(com._2gis.cartoshka.Location)	CtMethodImpl	public
com._2gis.cartoshka.tree.expression.literal.Boolean.compareTo(com._2gis.cartoshka.tree.expression.Literal)	CtMethodImpl	public
com._2gis.cartoshka.tree.Rule.name	CtFieldReferenceImpl	private
com._2gis.cartoshka.scanner.TokenType.getStr()	CtMethodImpl	public
com._2gis.cartoshka.visitor.VolatilityCheckVisitor.visitAll(java.util.Collection<? extends com._2gis.cartoshka.tree.Node>,java.lang.Void)	CtMethodImpl	private
com._2gis.cartoshka.tree.Selector.getFilters()	CtMethodImpl	public
com._2gis.cartoshka.scanner.Scanner.reader	CtFieldReferenceImpl	private
com._2gis.cartoshka.scanner.Scanner.scanHtmlComment()	CtMethodImpl	private
com._2gis.cartoshka.tree.expression.literal.Numeric.compareTo(com._2gis.cartoshka.tree.expression.Literal)	CtMethodImpl	public
com._2gis.cartoshka.visitor.EvaluateVisitor.visit(com._2gis.cartoshka.tree.Zoom,com._2gis.cartoshka.Feature)	CtMethodImpl	public
com._2gis.cartoshka.visitor.VolatilityCheckVisitor	CtClassImpl	public
com._2gis.cartoshka.function.Arguments.numeric(java.util.Iterator<com._2gis.cartoshka.tree.expression.Literal>,boolean)	CtMethodImpl	public
com._2gis.cartoshka.visitor.VolatilityCheckVisitor.visit(com._2gis.cartoshka.tree.Rule,java.lang.Void)	CtMethodImpl	public
com._2gis.cartoshka.function.Functions.saturate	CtFieldReferenceImpl	public
com._2gis.cartoshka.CartoshkaException.featureIsNotProvided(com._2gis.cartoshka.Location)	CtMethodImpl	public
com._2gis.cartoshka.tree.NodeType	CtEnumImpl	public
com._2gis.cartoshka.tree.Filter.getOperator()	CtMethodImpl	public
com._2gis.cartoshka.CartoshkaException	CtClassImpl	public
com._2gis.cartoshka.visitor.VolatilityCheckVisitor.visit(com._2gis.cartoshka.tree.expression.Variable,java.lang.Void)	CtMethodImpl	public
com._2gis.cartoshka.tree.expression.literal.Color.toString()	CtMethodImpl	public
com._2gis.cartoshka.tree.expression.Variable.name	CtFieldReferenceImpl	private
com._2gis.cartoshka.function.Arguments()	CtConstructorImpl	public
com._2gis.cartoshka.tree.Element.ElementType	CtEnumImpl	public
com._2gis.cartoshka.tree.expression.Field.accept(com._2gis.cartoshka.Visitor<P>,P)	CtMethodImpl	public
com._2gis.cartoshka.visitor.PrintVisitor.insideExpandableText	CtFieldReferenceImpl	private
com._2gis.cartoshka.CartoParser.parseHexColor()	CtMethodImpl	private
com._2gis.cartoshka.visitor.PrintVisitor.visit(com._2gis.cartoshka.tree.Block,java.lang.Void)	CtMethodImpl	public
com._2gis.cartoshka.tree.expression.Literal.operate(com._2gis.cartoshka.scanner.TokenType,com._2gis.cartoshka.tree.expression.Literal)	CtMethodImpl	public
com._2gis.cartoshka.tree.expression.literal.Color.red	CtFieldReferenceImpl	private
com._2gis.cartoshka.tree.expression.Call.function	CtFieldReferenceImpl	private
com._2gis.cartoshka.visitor.VolatilityCheckVisitor.visit(com._2gis.cartoshka.tree.Block,java.lang.Void)	CtMethodImpl	public
com._2gis.cartoshka.scanner.Scanner.select(com._2gis.cartoshka.scanner.TokenType)	CtMethodImpl	private
com._2gis.cartoshka.visitor.ConstantFoldVisitor.visit(com._2gis.cartoshka.tree.Element,java.lang.Void)	CtMethodImpl	public
com._2gis.cartoshka.visitor.PrintVisitor	CtClassImpl	public
com._2gis.cartoshka.function.Functions.lighten	CtFieldReferenceImpl	public
com._2gis.cartoshka.CartoParser()	CtConstructorImpl	public
com._2gis.cartoshka.CartoshkaException.undefinedVariable(com._2gis.cartoshka.Location)	CtMethodImpl	public
com._2gis.cartoshka.visitor.VolatilityCheckVisitor.visit(com._2gis.cartoshka.tree.expression.literal.Numeric,java.lang.Void)	CtMethodImpl	public
com._2gis.cartoshka.tree.expression.Literal.hasDot()	CtMethodImpl	public
com._2gis.cartoshka.tree.expression.literal.Color.operate(com._2gis.cartoshka.scanner.TokenType,com._2gis.cartoshka.tree.expression.Literal)	CtMethodImpl	public
com._2gis.cartoshka.visitor.ConstantFoldVisitor.visit(com._2gis.cartoshka.tree.expression.Field,java.lang.Void)	CtMethodImpl	public
com._2gis.cartoshka.function.Functions.18	CtClassImpl	package-private
com._2gis.cartoshka.scanner.Scanner.scanNumberOrDimension(boolean)	CtMethodImpl	private
com._2gis.cartoshka.visitor.ConstantFoldVisitor.visit(com._2gis.cartoshka.tree.expression.literal.Boolean,java.lang.Void)	CtMethodImpl	public
com._2gis.cartoshka.tree.expression.Call.accept(com._2gis.cartoshka.Visitor<P>,P)	CtMethodImpl	public
com._2gis.cartoshka.function.Functions.17	CtClassImpl	package-private
com._2gis.cartoshka.scanner.Scanner.scanAttachment()	CtMethodImpl	private
com._2gis.cartoshka.function.Functions.fadeout	CtFieldReferenceImpl	public
com._2gis.cartoshka.tree.Rule.instance	CtFieldReferenceImpl	private
com._2gis.cartoshka.tree.expression.literal.Dimension.toNumber()	CtMethodImpl	public
com._2gis.cartoshka.function.Functions.9	CtClassImpl	package-private
com._2gis.cartoshka.tree.expression.ExpandableText	CtClassImpl	public
com._2gis.cartoshka.tree.Element.accept(com._2gis.cartoshka.GenericVisitor<R, P>,P)	CtMethodImpl	public
com._2gis.cartoshka.scanner.Scanner.current	CtFieldReferenceImpl	private
com._2gis.cartoshka.scanner.Token	CtClassImpl	public
com._2gis.cartoshka.tree.expression.literal.Color.getLightness()	CtMethodImpl	public
com._2gis.cartoshka.function.Functions.5	CtClassImpl	package-private
com._2gis.cartoshka.visitor.ConstantFoldVisitor()	CtConstructorImpl	public
com._2gis.cartoshka.visitor.PrintVisitor.visit(com._2gis.cartoshka.tree.expression.Call,java.lang.Void)	CtMethodImpl	public
com._2gis.cartoshka.visitor.VolatilityCheckVisitor.visit(com._2gis.cartoshka.tree.Element,java.lang.Void)	CtMethodImpl	public
com._2gis.cartoshka.tree.Element$ElementType()	CtConstructorImpl	private
com._2gis.cartoshka.CartoParser.addOrReplaceFunction(com._2gis.cartoshka.Function)	CtMethodImpl	public
com._2gis.cartoshka.tree.Element.ElementType.CLASS	CtEnumValueImpl	public
com._2gis.cartoshka.function.BaseFunction	CtClassImpl	public
com._2gis.cartoshka.tree.Selector.getElements()	CtMethodImpl	public
com._2gis.cartoshka.tree.expression.Field.type()	CtMethodImpl	public
com._2gis.cartoshka.tree.expression.literal.MultiLiteral.value	CtFieldReferenceImpl	private
com._2gis.cartoshka.tree.expression.Field(com._2gis.cartoshka.Location,java.lang.String)	CtConstructorImpl	public
com._2gis.cartoshka.tree.Selector	CtClassImpl	public
com._2gis.cartoshka.visitor.EvaluateVisitor.visit(com._2gis.cartoshka.tree.expression.BinaryOperation,com._2gis.cartoshka.Feature)	CtMethodImpl	public
com._2gis.cartoshka.visitor.ConstantFoldVisitor.visit(com._2gis.cartoshka.tree.expression.UnaryOperation,java.lang.Void)	CtMethodImpl	public
com._2gis.cartoshka.visitor.EvaluateVisitor.visit(com._2gis.cartoshka.tree.expression.literal.Boolean,com._2gis.cartoshka.Feature)	CtMethodImpl	public
com._2gis.cartoshka.tree.expression.BinaryOperation.type()	CtMethodImpl	public
com._2gis.cartoshka.visitor.PrintVisitor.visit(com._2gis.cartoshka.tree.expression.ExpandableText,java.lang.Void)	CtMethodImpl	public
com._2gis.cartoshka.tree.expression.literal.Numeric.operate(com._2gis.cartoshka.scanner.TokenType,com._2gis.cartoshka.tree.expression.Literal)	CtMethodImpl	public
com._2gis.cartoshka.tree.expression.UnaryOperation.getOperator()	CtMethodImpl	public
com._2gis.cartoshka.scanner.Scanner.scanDecimalDigits()	CtMethodImpl	private
com._2gis.cartoshka.tree.expression.literal.Color.getGreen()	CtMethodImpl	public
com._2gis.cartoshka.tree.expression.literal.Text.isURL()	CtMethodImpl	public
com._2gis.cartoshka.tree.Ruleset.accept(com._2gis.cartoshka.Visitor<P>,P)	CtMethodImpl	public
com._2gis.cartoshka.tree.Ruleset	CtClassImpl	public
com._2gis.cartoshka.tree.Selector.attachment	CtFieldReferenceImpl	private
com._2gis.cartoshka.visitor.EvaluateVisitor.visit(com._2gis.cartoshka.tree.expression.literal.Numeric,com._2gis.cartoshka.Feature)	CtMethodImpl	public
com._2gis.cartoshka.tree.expression.literal.Text	CtClassImpl	public
com._2gis.cartoshka.tree.expression.Call.type()	CtMethodImpl	public
com._2gis.cartoshka.SymbolTable.createNested()	CtMethodImpl	public
com._2gis.cartoshka.visitor.PrintVisitor.visit(com._2gis.cartoshka.tree.Element,java.lang.Void)	CtMethodImpl	public
com._2gis.cartoshka.tree.expression.literal.Color.saturation	CtFieldReferenceImpl	private
com._2gis.cartoshka.tree.expression.Variable.getName()	CtMethodImpl	public
com._2gis.cartoshka.tree.expression.literal.MultiLiteral.type()	CtMethodImpl	public
com._2gis.cartoshka.tree.Rule.value	CtFieldReferenceImpl	private
com._2gis.cartoshka.tree.expression.literal.MultiLiteral(com._2gis.cartoshka.Location,java.util.Collection<com._2gis.cartoshka.tree.expression.Literal>)	CtConstructorImpl	public
com._2gis.cartoshka.scanner.Token.getText()	CtMethodImpl	public
com._2gis.cartoshka.tree.expression.literal.Numeric(com._2gis.cartoshka.Location,double,boolean)	CtConstructorImpl	public
com._2gis.cartoshka.tree.expression.literal.Boolean.value	CtFieldReferenceImpl	private
com._2gis.cartoshka.CartoParser.parseFunctionCall()	CtMethodImpl	private
com._2gis.cartoshka.function.Functions.20	CtClassImpl	package-private
com._2gis.cartoshka.tree.expression.literal.Color.type()	CtMethodImpl	public
com._2gis.cartoshka.tree.expression.literal.Color.getAlpha()	CtMethodImpl	public
com._2gis.cartoshka.scanner.Scanner()	CtConstructorImpl	public
com._2gis.cartoshka.tree.expression.Value.expressions	CtFieldReferenceImpl	private
com._2gis.cartoshka.tree.Element.accept(com._2gis.cartoshka.Visitor<P>,P)	CtMethodImpl	public
com._2gis.cartoshka.tree.expression.Expression(com._2gis.cartoshka.Location)	CtConstructorImpl	public
com._2gis.cartoshka.visitor.VolatilityCheckVisitor.visit(com._2gis.cartoshka.tree.Zoom,java.lang.Void)	CtMethodImpl	public
com._2gis.cartoshka.tree.expression.literal.Text.value	CtFieldReferenceImpl	private
com._2gis.cartoshka.scanner.Scanner.addLiteralCharAdvance()	CtMethodImpl	private
com._2gis.cartoshka.tree.expression.literal.MultiLiteral.accept(com._2gis.cartoshka.GenericVisitor<R, P>,P)	CtMethodImpl	public
com._2gis.cartoshka.tree.Rule.type()	CtMethodImpl	public
com._2gis.cartoshka.visitor.ConstantFoldVisitor.visit(com._2gis.cartoshka.tree.expression.literal.Color,java.lang.Void)	CtMethodImpl	public
com._2gis.cartoshka.tree.expression.UnaryOperation.expression	CtFieldReferenceImpl	private
com._2gis.cartoshka.function.Functions.BUILTIN_FUNCTIONS	CtFieldReferenceImpl	public
com._2gis.cartoshka.tree.expression.literal.ImageFilter.toString()	CtMethodImpl	public
com._2gis.cartoshka.tree.expression.ExpandableText.expressions	CtFieldReferenceImpl	private
