method	type	visibility
net.adamcin.httpsig.testutil.KeyTestUtil.bytesToHex(byte[])	CtMethodImpl	public
net.adamcin.httpsig.api.DefaultVerifier.KeychainGuard	CtClassImpl	private
net.adamcin.httpsig.http.apache4.SignerCredentials.getUserPrincipal()	CtMethodImpl	public
net.adamcin.httpsig.ssh.jce.FingerprintGenerator()	CtConstructorImpl	public
net.adamcin.httpsig.ssh.jce.KeyFormat.getSignatureAlgorithms()	CtMethodImpl	public
net.adamcin.httpsig.api.Base64._STANDARD_ALPHABET	CtFieldReferenceImpl	private
net.adamcin.httpsig.api.DefaultKeychain	CtClassImpl	public
net.adamcin.httpsig.ssh.jce.SSHRSASignature.engineInitSign(java.security.PrivateKey)	CtMethodImpl	protected
net.adamcin.httpsig.http.servlet.ServletUtil.getRequestContent(javax.servlet.http.HttpServletRequest,java.util.Collection<java.lang.String>)	CtMethodImpl	public
net.adamcin.httpsig.testutil.KeyTestUtil.RSA_PE	CtFieldReferenceImpl	public
net.adamcin.httpsig.ssh.jsch.JschKey.getFingerprint()	CtMethodImpl	public
net.adamcin.httpsig.testutil.KeyTestUtil.getAuthorizedKeysStream()	CtMethodImpl	public
net.adamcin.httpsig.http.apache3.SignerCredentials.signer	CtFieldReferenceImpl	private
net.adamcin.httpsig.api.Base64.WHITE_SPACE_ENC	CtFieldReferenceImpl	private
net.adamcin.httpsig.api.Base64.getAlphabet(int)	CtMethodImpl	private
net.adamcin.httpsig.ssh.jce.KeyFormat(java.lang.String,java.lang.String,net.adamcin.httpsig.ssh.jce.FingerprintGenerator,net.adamcin.httpsig.api.Algorithm,java.util.List<net.adamcin.httpsig.api.Algorithm>)	CtConstructorImpl	private
net.adamcin.httpsig.api.Base64.fromBase64(byte[])	CtMethodImpl	public
net.adamcin.httpsig.ssh.jce.SSHRSASignature	CtClassImpl	public
net.adamcin.httpsig.api.Authorization	CtClassImpl	public
net.adamcin.httpsig.http.apache3.Http3SignatureAuthScheme.isComplete()	CtMethodImpl	public
net.adamcin.httpsig.ssh.jce.SSHKey.getAlgorithms()	CtMethodImpl	public
net.adamcin.httpsig.http.ning.AsyncSignatureCalculator.signer	CtFieldReferenceImpl	private
net.adamcin.httpsig.ssh.jce.AuthorizedKeys.AUTHORIZED_KEY_PATTERN	CtFieldReferenceImpl	private
net.adamcin.httpsig.ssh.jce.SSHRSASignature.engineSetParameter(java.lang.String,java.lang.Object)	CtMethodImpl	protected
net.adamcin.httpsig.api.Base64.decodeToFile(java.lang.String,java.lang.String)	CtMethodImpl	private
net.adamcin.httpsig.ssh.jce.Magic.getFingerprint(byte[])	CtMethodImpl	public
net.adamcin.httpsig.api.Algorithm.forName(java.lang.String)	CtMethodImpl	public
net.adamcin.httpsig.http.apache3.Http3SignatureAuthScheme.rotate	CtFieldReferenceImpl	private
net.adamcin.httpsig.http.servlet.ServletUtil	CtClassImpl	public
net.adamcin.httpsig.http.apache4.SignerCredentials(net.adamcin.httpsig.api.Signer)	CtConstructorImpl	public
net.adamcin.httpsig.hmac.HmacKey	CtClassImpl	public
net.adamcin.httpsig.http.apache3.Http3Util.enableAuth(org.apache.commons.httpclient.HttpClient,net.adamcin.httpsig.api.Keychain,net.adamcin.httpsig.api.KeyId)	CtMethodImpl	public
net.adamcin.httpsig.api.Constants.RFC2617_PARAM	CtFieldReferenceImpl	public
net.adamcin.httpsig.api.Base64.OutputStream.decodabet	CtFieldReferenceImpl	private
net.adamcin.httpsig.ssh.jce.SSHKey.EMPTY_BYTES	CtFieldReferenceImpl	private
net.adamcin.httpsig.api.DefaultKeychain.toArray(T[])	CtMethodImpl	public
net.adamcin.httpsig.testutil.KeyTestUtil.getPublicKeyAsFile(java.lang.String,java.lang.String)	CtMethodImpl	public
net.adamcin.httpsig.ssh.jce.AuthorizedKey.getFormat()	CtMethodImpl	public
net.adamcin.httpsig.api.RequestContent.requestLine	CtFieldReferenceImpl	private
net.adamcin.httpsig.http.apache3.SignerCredentialsProvider.getCredentials(org.apache.commons.httpclient.auth.AuthScheme,java.lang.String,int,boolean)	CtMethodImpl	public
net.adamcin.httpsig.api.Base64._URL_SAFE_ALPHABET	CtFieldReferenceImpl	private
net.adamcin.httpsig.http.apache3.SignerCredentialsProvider.delegatee	CtFieldReferenceImpl	private
net.adamcin.httpsig.api.Challenge.hashCode()	CtMethodImpl	public
net.adamcin.httpsig.api.Authorization.getSignatureBytes()	CtMethodImpl	public
net.adamcin.httpsig.api.RequestContent.Builder.headers	CtFieldReferenceImpl	private
net.adamcin.httpsig.ssh.jce.SSHKey.getId()	CtMethodImpl	public
net.adamcin.httpsig.testutil.KeyTestUtil.BOUNCY_CASTLE	CtFieldReferenceImpl	private
net.adamcin.httpsig.api.InputStream.read(byte[],int,int)	CtMethodImpl	public
net.adamcin.httpsig.http.ning.AsyncSignatureCalculator.calculateAndAddSignature(com.ning.http.client.Request,com.ning.http.client.RequestBuilderBase<?>)	CtMethodImpl	public
net.adamcin.httpsig.api.RequestContent.serialVersionUID	CtFieldReferenceImpl	private
net.adamcin.httpsig.api.CanVerifyId.getId(net.adamcin.httpsig.api.Key)	CtMethodImpl	public
net.adamcin.httpsig.http.apache4.Http4SignatureAuthScheme.rotate	CtFieldReferenceImpl	private
net.adamcin.httpsig.ssh.jce.KeyFormat.defaultSignature	CtFieldReferenceImpl	public
net.adamcin.httpsig.ssh.jce.UserKeysFingerprintKeyId.username	CtFieldReferenceImpl	private
net.adamcin.httpsig.api.DefaultKeychain.iterator()	CtMethodImpl	public
net.adamcin.httpsig.api.Signer	CtClassImpl	public
net.adamcin.httpsig.ssh.jce.FingerprintGenerator.2	CtClassImpl	package-private
net.adamcin.httpsig.ssh.jce.FingerprintGenerator.1	CtClassImpl	package-private
net.adamcin.httpsig.http.servlet.ServletUtil.sendChallenge(javax.servlet.http.HttpServletResponse,net.adamcin.httpsig.api.Challenge)	CtMethodImpl	public
net.adamcin.httpsig.api.Base64.encodeToFile(byte[],java.lang.String)	CtMethodImpl	private
net.adamcin.httpsig.ssh.jce.FingerprintGenerator.3	CtClassImpl	package-private
net.adamcin.httpsig.api.Base64._STANDARD_DECODABET	CtFieldReferenceImpl	private
net.adamcin.httpsig.api.Base64.encode3to4(byte[],byte[],int,int)	CtMethodImpl	private
net.adamcin.httpsig.ssh.jce.Magic.dssPadSignature(byte[])	CtMethodImpl	public
net.adamcin.httpsig.api.Base64.OutputStream	CtClassImpl	private
net.adamcin.httpsig.ssh.bc.PEMUtil()	CtConstructorImpl	public
net.adamcin.httpsig.api.Challenge.serialVersionUID	CtFieldReferenceImpl	private
net.adamcin.httpsig.http.apache3.Http3SignatureAuthScheme.getSchemeName()	CtMethodImpl	public
net.adamcin.httpsig.api.Authorization.parse(java.lang.String)	CtMethodImpl	public
net.adamcin.httpsig.ssh.jce.Magic.extractSignatureFromDER(byte[])	CtMethodImpl	public
net.adamcin.httpsig.testutil.KeyTestUtil.DSA_G	CtFieldReferenceImpl	public
net.adamcin.httpsig.ssh.jce.AuthorizedKeys.AuthorizedKey	CtClassImpl	package-private
net.adamcin.httpsig.ssh.jce.KeyFormat.getFingerprint(java.security.PublicKey)	CtMethodImpl	public
net.adamcin.httpsig.api.Base64$InputStream(java.io.InputStream,int)	CtConstructorImpl	private
net.adamcin.httpsig.api.Base64.NO_OPTIONS	CtFieldReferenceImpl	private
net.adamcin.httpsig.http.apache3.Http3SignatureAuthScheme()	CtConstructorImpl	public
net.adamcin.httpsig.hmac.HmacKey.secret	CtFieldReferenceImpl	private
net.adamcin.httpsig.http.ning.RotateAndReplayResponseFilter.filter(com.ning.http.client.filter.FilterContext)	CtMethodImpl	public
net.adamcin.httpsig.api.Constants.constructTokensString(java.util.List<java.lang.String>)	CtMethodImpl	public
net.adamcin.httpsig.ssh.jce.AuthorizedKeys.AuthorizedKey.format	CtFieldReferenceImpl	private
net.adamcin.httpsig.api.DefaultVerifier.DEFAULT_SKEW	CtFieldReferenceImpl	public
net.adamcin.httpsig.api.Base64.PREFERRED_ENCODING	CtFieldReferenceImpl	private
net.adamcin.httpsig.api.DefaultVerifier.keyId	CtFieldReferenceImpl	private
net.adamcin.httpsig.ssh.jce.SSHDSSSignature.engineGetParameter(java.lang.String)	CtMethodImpl	protected
net.adamcin.httpsig.ssh.jce.AuthorizedKeys.GROUP_COMMENT	CtFieldReferenceImpl	private
net.adamcin.httpsig.api.Challenge.getAlgorithms()	CtMethodImpl	public
net.adamcin.httpsig.ssh.jce.KeyFormat.keyAlgorithm	CtFieldReferenceImpl	public
net.adamcin.httpsig.http.servlet.ServletUtil()	CtConstructorImpl	private
net.adamcin.httpsig.ssh.jce.SSHDSSSignature()	CtConstructorImpl	public
net.adamcin.httpsig.api.OutputStream.close()	CtMethodImpl	public
net.adamcin.httpsig.api.Signer.sign(net.adamcin.httpsig.api.RequestContent,java.util.List<java.lang.String>)	CtMethodImpl	public
net.adamcin.httpsig.testutil.KeyTestUtil.RSA_U	CtFieldReferenceImpl	public
net.adamcin.httpsig.api.KeychainGuard.filterAlgorithms(java.util.Collection<net.adamcin.httpsig.api.Algorithm>)	CtMethodImpl	public
net.adamcin.httpsig.api.Challenge.equals(java.lang.Object)	CtMethodImpl	public
net.adamcin.httpsig.ssh.jce.AuthorizedKeys$AuthorizedKey(java.lang.String,java.lang.String,java.lang.String)	CtConstructorImpl	package-private
net.adamcin.httpsig.api.Base64.encodeFromFile(java.lang.String)	CtMethodImpl	private
net.adamcin.httpsig.api.Base64$OutputStream(java.io.OutputStream)	CtConstructorImpl	private
net.adamcin.httpsig.api.DefaultKeychain.discard()	CtMethodImpl	public
net.adamcin.httpsig.ssh.jce.Magic.dssUnpadSignature(byte[])	CtMethodImpl	public
net.adamcin.httpsig.api.Base64.decode(byte[])	CtMethodImpl	private
net.adamcin.httpsig.api.Challenge.getRealm()	CtMethodImpl	public
net.adamcin.httpsig.hmac.HmacKey.canVerify()	CtMethodImpl	public
net.adamcin.httpsig.testutil.KeyTestUtil.RSA_P	CtFieldReferenceImpl	public
net.adamcin.httpsig.testutil.KeyTestUtil.TEST_TEMP	CtFieldReferenceImpl	private
net.adamcin.httpsig.api.Base64.InputStream.numSigBytes	CtFieldReferenceImpl	private
net.adamcin.httpsig.api.Challenge.toString()	CtMethodImpl	public
net.adamcin.httpsig.ssh.jce.AuthorizedKeys.defaultKeychain()	CtMethodImpl	public
net.adamcin.httpsig.api.Base64.DONT_GUNZIP	CtFieldReferenceImpl	private
net.adamcin.httpsig.api.Challenge.getHeaderValue()	CtMethodImpl	public
net.adamcin.httpsig.api.DefaultVerifier.CanVerifyId	CtClassImpl	private
net.adamcin.httpsig.api.Authorization.signature	CtFieldReferenceImpl	private
net.adamcin.httpsig.api.DefaultVerifier.verifyWithResult(net.adamcin.httpsig.api.Challenge,net.adamcin.httpsig.api.RequestContent,net.adamcin.httpsig.api.Authorization)	CtMethodImpl	public
net.adamcin.httpsig.api.Authorization.getKeyId()	CtMethodImpl	public
net.adamcin.httpsig.ssh.jce.AuthorizedKeys.AuthorizedKey.comment	CtFieldReferenceImpl	private
net.adamcin.httpsig.ssh.jce.SSHDSSSignature.engineUpdate(byte)	CtMethodImpl	protected
net.adamcin.httpsig.api.RequestContent.DATE_FORMAT	CtFieldReferenceImpl	public
net.adamcin.httpsig.hmac.HmacKey.verify(net.adamcin.httpsig.api.Algorithm,byte[],byte[])	CtMethodImpl	public
net.adamcin.httpsig.api.RequestContent.getRequestLine()	CtMethodImpl	public
net.adamcin.httpsig.ssh.jce.KeyFormat	CtEnumImpl	public
net.adamcin.httpsig.api.DefaultKeychain.keys	CtFieldReferenceImpl	private
net.adamcin.httpsig.ssh.jsch.JschKey.LOGGER	CtFieldReferenceImpl	private
net.adamcin.httpsig.ssh.jce.SSHKey.keyFormat	CtFieldReferenceImpl	private
net.adamcin.httpsig.testutil.KeyTestUtil.dumpKeyBlob(java.security.PublicKey)	CtMethodImpl	public
net.adamcin.httpsig.hmac.HmacKey.sign(net.adamcin.httpsig.api.Algorithm,byte[])	CtMethodImpl	public
net.adamcin.httpsig.ssh.jce.UserFingerprintKeyId	CtClassImpl	public
net.adamcin.httpsig.api.Signer(net.adamcin.httpsig.api.Keychain,net.adamcin.httpsig.api.KeyId)	CtConstructorImpl	public
net.adamcin.httpsig.http.apache4.Http4Util	CtClassImpl	public
net.adamcin.httpsig.api.Base64.encode(java.nio.ByteBuffer,java.nio.CharBuffer)	CtMethodImpl	private
net.adamcin.httpsig.api.OutputStream.flushBase64()	CtMethodImpl	private
net.adamcin.httpsig.http.servlet.ServletUtil.getAuthorization(javax.servlet.http.HttpServletRequest)	CtMethodImpl	public
net.adamcin.httpsig.ssh.jce.FingerprintGenerator.DSA	CtFieldReferenceImpl	public
net.adamcin.httpsig.api.Challenge.getAlgorithmsString()	CtMethodImpl	public
net.adamcin.httpsig.http.ning.RotateAndReplayResponseFilter(net.adamcin.httpsig.api.Signer)	CtConstructorImpl	public
net.adamcin.httpsig.http.apache3.Http3SignatureAuthScheme.authenticate(org.apache.commons.httpclient.Credentials,java.lang.String,java.lang.String)	CtMethodImpl	public
net.adamcin.httpsig.ssh.jce.AuthorizedKeys()	CtConstructorImpl	public
net.adamcin.httpsig.api.Base64.encodeBytesToBytes(byte[])	CtMethodImpl	private
net.adamcin.httpsig.http.ning.AsyncUtil.1	CtClassImpl	package-private
net.adamcin.httpsig.ssh.jce.AuthorizedKeys.readPublicPair(byte[])	CtMethodImpl	package-private
net.adamcin.httpsig.api.Base64.InputStream.encode	CtFieldReferenceImpl	private
net.adamcin.httpsig.api.Signer.keyId	CtFieldReferenceImpl	private
net.adamcin.httpsig.api.Base64.OutputStream.lineLength	CtFieldReferenceImpl	private
net.adamcin.httpsig.http.apache3.Http3SignatureAuthScheme	CtClassImpl	public
net.adamcin.httpsig.ssh.jce.FingerprintGenerator.RSA	CtFieldReferenceImpl	public
net.adamcin.httpsig.ssh.jce.AuthorizedKeys.LOGGER	CtFieldReferenceImpl	private
net.adamcin.httpsig.api.Base64.fromBase64String(java.lang.String)	CtMethodImpl	public
net.adamcin.httpsig.ssh.jce.KeyFormat.fingerprintGenerator	CtFieldReferenceImpl	public
net.adamcin.httpsig.api.Signer.challenge	CtFieldReferenceImpl	private
org.apache.http.impl.auth.RFC2617Scheme.serialVersionUID	CtFieldReferenceImpl	private
net.adamcin.httpsig.api.Algorithm.name	CtFieldReferenceImpl	public
net.adamcin.httpsig.api.Base64()	CtConstructorImpl	private
net.adamcin.httpsig.ssh.jce.UserKeysFingerprintKeyId.getUsername()	CtMethodImpl	public
net.adamcin.httpsig.ssh.jce.SSHRSASignature.wrapped	CtFieldReferenceImpl	private
net.adamcin.httpsig.api.KeychainGuard.toMap(net.adamcin.httpsig.api.KeyId)	CtMethodImpl	public
net.adamcin.httpsig.ssh.jsch.JschKey.canVerify()	CtMethodImpl	public
net.adamcin.httpsig.api.Base64.URL_SAFE	CtFieldReferenceImpl	private
net.adamcin.httpsig.http.apache3.SignerCredentialsProvider(net.adamcin.httpsig.api.Signer,org.apache.commons.httpclient.auth.CredentialsProvider)	CtConstructorImpl	public
net.adamcin.httpsig.testutil.KeyTestUtil.RSA_N	CtFieldReferenceImpl	public
net.adamcin.httpsig.api.VerifyResult()	CtConstructorImpl	private
net.adamcin.httpsig.http.ning.AsyncUtil()	CtConstructorImpl	private
net.adamcin.httpsig.ssh.jce.KeyFormat.identifier	CtFieldReferenceImpl	public
net.adamcin.httpsig.ssh.jce.KeyFormat.getKeyAlgorithm()	CtMethodImpl	public
net.adamcin.httpsig.api.RequestContent.Builder.path	CtFieldReferenceImpl	private
net.adamcin.httpsig.api.Base64.encodeBytesToBytes(byte[],int,int,int)	CtMethodImpl	private
net.adamcin.httpsig.ssh.jsch.JschKey.verify(net.adamcin.httpsig.api.Algorithm,byte[],byte[])	CtMethodImpl	public
net.adamcin.httpsig.api.Base64.decode(java.lang.String)	CtMethodImpl	private
net.adamcin.httpsig.api.RequestContent.getRequestTarget()	CtMethodImpl	public
net.adamcin.httpsig.http.ning.AsyncUtil	CtClassImpl	public
net.adamcin.httpsig.ssh.jsch.JschKey.getSignature(byte[])	CtMethodImpl	private
net.adamcin.httpsig.api.Authorization.toString()	CtMethodImpl	public
net.adamcin.httpsig.api.Base64$OutputStream(java.io.OutputStream,int)	CtConstructorImpl	private
net.adamcin.httpsig.ssh.jce.SSHKey.sign(net.adamcin.httpsig.api.Algorithm,byte[])	CtMethodImpl	public
net.adamcin.httpsig.ssh.bc.PEMUtil.readKey(java.io.InputStream,char[])	CtMethodImpl	public
net.adamcin.httpsig.ssh.jce.SSHDSSSignature.engineInitVerify(java.security.PublicKey)	CtMethodImpl	protected
net.adamcin.httpsig.api.Challenge.headers	CtFieldReferenceImpl	private
net.adamcin.httpsig.api.DefaultKeychain.filterAlgorithms(java.util.Collection<net.adamcin.httpsig.api.Algorithm>)	CtMethodImpl	public
net.adamcin.httpsig.api.Constants.AUTHORIZATION	CtFieldReferenceImpl	public
net.adamcin.httpsig.ssh.jce.AuthorizedKeys.newKeychain(java.io.File)	CtMethodImpl	public
net.adamcin.httpsig.hmac.HmacKeyId()	CtConstructorImpl	public
net.adamcin.httpsig.api.Authorization.getAlgorithm()	CtMethodImpl	public
net.adamcin.httpsig.api.Base64.decode(byte[],int,int,int)	CtMethodImpl	private
net.adamcin.httpsig.api.Base64.ORDERED	CtFieldReferenceImpl	private
net.adamcin.httpsig.api.Base64.InputStream.buffer	CtFieldReferenceImpl	private
net.adamcin.httpsig.api.RequestContent.toString()	CtMethodImpl	public
net.adamcin.httpsig.api.KeychainGuard.iterator()	CtMethodImpl	public
net.adamcin.httpsig.api.RequestContent(java.lang.String,java.lang.String,java.lang.String,java.util.Map<java.lang.String, java.util.List<java.lang.String>>)	CtConstructorImpl	private
net.adamcin.httpsig.ssh.bc.PEMUtil.readKey(byte[],char[])	CtMethodImpl	public
net.adamcin.httpsig.http.apache4.Http4SignatureAuthScheme.isComplete()	CtMethodImpl	public
net.adamcin.httpsig.api.DefaultKeychain.contains(java.lang.Object)	CtMethodImpl	public
net.adamcin.httpsig.ssh.jce.SSHKey.hashCode()	CtMethodImpl	public
net.adamcin.httpsig.ssh.jce.SSHDSSSignature.engineSetParameter(java.lang.String,java.lang.Object)	CtMethodImpl	protected
net.adamcin.httpsig.ssh.jce.FingerprintGenerator.NOP	CtFieldReferenceImpl	public
net.adamcin.httpsig.api.KeychainGuard.getAlgorithms()	CtMethodImpl	public
net.adamcin.httpsig.ssh.jsch.JschKey.fingerprint	CtFieldReferenceImpl	private
net.adamcin.httpsig.api.RequestContent.getDateGMT()	CtMethodImpl	public
net.adamcin.httpsig.api.Constants.SCHEME	CtFieldReferenceImpl	public
net.adamcin.httpsig.api.Constants.constructRFC2617(java.util.Map<java.lang.String, java.lang.String>)	CtMethodImpl	public
net.adamcin.httpsig.api.KeychainGuard.discard()	CtMethodImpl	public
net.adamcin.httpsig.api.Constants.CHALLENGE	CtFieldReferenceImpl	public
net.adamcin.httpsig.api.Challenge.realm	CtFieldReferenceImpl	private
net.adamcin.httpsig.api.DefaultKeychain.clear()	CtMethodImpl	public
net.adamcin.httpsig.api.KeychainGuard.currentKey()	CtMethodImpl	public
net.adamcin.httpsig.http.apache3.SignerCredentials	CtClassImpl	public
net.adamcin.httpsig.api.Builder.addDateNow()	CtMethodImpl	public
net.adamcin.httpsig.ssh.jce.SSHRSASignature.engineUpdate(byte)	CtMethodImpl	protected
net.adamcin.httpsig.api.Base64._ORDERED_DECODABET	CtFieldReferenceImpl	private
net.adamcin.httpsig.api.Signer.sign(net.adamcin.httpsig.api.RequestContent)	CtMethodImpl	public
net.adamcin.httpsig.testutil.KeyTestUtil.getPrivateKeyAsFile(java.lang.String,java.lang.String)	CtMethodImpl	public
net.adamcin.httpsig.api.DefaultKeychain()	CtConstructorImpl	public
net.adamcin.httpsig.api.Builder.addDate(java.util.Calendar)	CtMethodImpl	public
net.adamcin.httpsig.ssh.jce.PublicPair.getFormat()	CtMethodImpl	public
net.adamcin.httpsig.ssh.jce.AuthorizedKeys	CtClassImpl	public
net.adamcin.httpsig.ssh.jce.KeyFormat.forIdentifier(java.lang.String)	CtMethodImpl	public
net.adamcin.httpsig.api.DefaultKeychain.retainAll(java.util.Collection<?>)	CtMethodImpl	public
net.adamcin.httpsig.api.Authorization.algorithm	CtFieldReferenceImpl	private
net.adamcin.httpsig.http.apache3.SignerCredentialsProvider	CtClassImpl	public
net.adamcin.httpsig.ssh.jce.KeyFormat.getSignatureInstanceInternal(net.adamcin.httpsig.api.Algorithm)	CtMethodImpl	private
net.adamcin.httpsig.testutil.KeyTestUtil.RSA_Q	CtFieldReferenceImpl	public
net.adamcin.httpsig.api.DefaultVerifier.getKeychain()	CtMethodImpl	public
net.adamcin.httpsig.http.apache3.SignerCredentials.getSigner()	CtMethodImpl	public
net.adamcin.httpsig.http.ning.AsyncSignatureCalculator(net.adamcin.httpsig.api.Signer,com.ning.http.client.SignatureCalculator)	CtConstructorImpl	public
net.adamcin.httpsig.testutil.KeyTestUtil.DSA_Y	CtFieldReferenceImpl	public
net.adamcin.httpsig.testutil.KeyTestUtil.hexArray	CtFieldReferenceImpl	protected
net.adamcin.httpsig.api.Authorization.headers	CtFieldReferenceImpl	private
net.adamcin.httpsig.api.DefaultVerifier$KeychainGuard(net.adamcin.httpsig.api.Keychain)	CtConstructorImpl	private
net.adamcin.httpsig.ssh.jce.SSHKey.keyPair	CtFieldReferenceImpl	private
net.adamcin.httpsig.http.apache4.Http4Util.1	CtClassImpl	package-private
net.adamcin.httpsig.ssh.jce.SSHRSASignature.engineGetParameter(java.lang.String)	CtMethodImpl	protected
net.adamcin.httpsig.api.DefaultKeychain.getAlgorithms()	CtMethodImpl	public
net.adamcin.httpsig.ssh.jce.SSHDSSSignature.engineInitSign(java.security.PrivateKey)	CtMethodImpl	protected
net.adamcin.httpsig.ssh.jce.SSHKey.fingerprint	CtFieldReferenceImpl	private
net.adamcin.httpsig.api.Constants.CHARSET	CtFieldReferenceImpl	public
net.adamcin.httpsig.api.Authorization.keyId	CtFieldReferenceImpl	private
net.adamcin.httpsig.ssh.jce.SSHKey.LOGGER	CtFieldReferenceImpl	private
net.adamcin.httpsig.api.Signer.getKeyId()	CtMethodImpl	public
net.adamcin.httpsig.api.Challenge.getHeaders()	CtMethodImpl	public
net.adamcin.httpsig.api.Signer(net.adamcin.httpsig.api.Key,net.adamcin.httpsig.api.KeyId)	CtConstructorImpl	public
net.adamcin.httpsig.ssh.jce.AuthorizedKeys.ASCII	CtFieldReferenceImpl	private
net.adamcin.httpsig.ssh.jce.AuthorizedKeys.parseAuthorizedKeys(java.io.Reader)	CtMethodImpl	package-private
net.adamcin.httpsig.http.apache4.SignerCredentials.signer	CtFieldReferenceImpl	private
net.adamcin.httpsig.api.Base64.EQUALS_SIGN	CtFieldReferenceImpl	private
net.adamcin.httpsig.api.Base64.toBase64String(byte[])	CtMethodImpl	public
net.adamcin.httpsig.api.RequestContent.getStringToSign(java.util.List<java.lang.String>)	CtMethodImpl	public
net.adamcin.httpsig.api.Signer.rotateKeys()	CtMethodImpl	public
net.adamcin.httpsig.api.Constants.DEFAULT_HEADERS	CtFieldReferenceImpl	public
net.adamcin.httpsig.api.VerifyResult	CtEnumImpl	public
net.adamcin.httpsig.api.RequestContent.Builder	CtClassImpl	public
net.adamcin.httpsig.ssh.jce.SSHDSSSignature.engineUpdate(byte[],int,int)	CtMethodImpl	protected
net.adamcin.httpsig.ssh.jce.UserFingerprintKeyId.username	CtFieldReferenceImpl	private
net.adamcin.httpsig.ssh.jce.SSHDSSSignature	CtClassImpl	public
net.adamcin.httpsig.http.apache4.SignerCredentials.getSigner()	CtMethodImpl	public
net.adamcin.httpsig.api.RequestContent.getGMT()	CtMethodImpl	private
net.adamcin.httpsig.api.DefaultKeychain.add(net.adamcin.httpsig.api.Key)	CtMethodImpl	public
net.adamcin.httpsig.api.Signer.rotateUntilCanSign()	CtMethodImpl	private
net.adamcin.httpsig.ssh.jce.UserFingerprintKeyId(java.lang.String)	CtConstructorImpl	public
net.adamcin.httpsig.api.Base64$InputStream(java.io.InputStream)	CtConstructorImpl	private
net.adamcin.httpsig.ssh.jce.SSHKey(net.adamcin.httpsig.ssh.jce.KeyFormat,java.security.KeyPair)	CtConstructorImpl	public
net.adamcin.httpsig.ssh.jce.SSHRSASignature.engineVerify(byte[])	CtMethodImpl	protected
net.adamcin.httpsig.api.RequestContent.SUPPORTED_DATE_FORMATS	CtFieldReferenceImpl	private
net.adamcin.httpsig.api.DefaultVerifier(net.adamcin.httpsig.api.Keychain,net.adamcin.httpsig.api.KeyId)	CtConstructorImpl	public
net.adamcin.httpsig.api.Challenge.parse(java.lang.String)	CtMethodImpl	public
net.adamcin.httpsig.api.InputStream.read()	CtMethodImpl	public
net.adamcin.httpsig.api.DefaultKeychain.containsAll(java.util.Collection<?>)	CtMethodImpl	public
net.adamcin.httpsig.ssh.jce.AuthorizedKey.toString()	CtMethodImpl	public
net.adamcin.httpsig.api.DefaultKeychain.currentKey()	CtMethodImpl	public
net.adamcin.httpsig.hmac.HmacKey.keyId	CtFieldReferenceImpl	private
net.adamcin.httpsig.ssh.jce.SSHKey	CtClassImpl	public
net.adamcin.httpsig.testutil.KeyTestUtil.TYPE_DSA	CtFieldReferenceImpl	public
net.adamcin.httpsig.testutil.KeyTestUtil.LOGGER	CtFieldReferenceImpl	private
net.adamcin.httpsig.http.ning.RotateAndReplayResponseFilter.signer	CtFieldReferenceImpl	private
net.adamcin.httpsig.ssh.jsch.JschKey.getIdentities(com.jcraft.jsch.JSch)	CtMethodImpl	public
net.adamcin.httpsig.ssh.jce.UserFingerprintKeyId.getUsername()	CtMethodImpl	public
net.adamcin.httpsig.api.Constants.SIGNATURE	CtFieldReferenceImpl	public
net.adamcin.httpsig.ssh.jsch.JschKey.identity	CtFieldReferenceImpl	private
net.adamcin.httpsig.http.apache4.Http4Util()	CtConstructorImpl	private
net.adamcin.httpsig.http.ning.AsyncSignatureCalculator.1	CtClassImpl	package-private
net.adamcin.httpsig.api.Constants.HEADER_REQUEST_LINE	CtFieldReferenceImpl	public
net.adamcin.httpsig.testutil.KeyTestUtil.RSA_D	CtFieldReferenceImpl	public
net.adamcin.httpsig.api.RequestContent.method	CtFieldReferenceImpl	private
net.adamcin.httpsig.api.DefaultVerifier.verify(net.adamcin.httpsig.api.Challenge,net.adamcin.httpsig.api.RequestContent,net.adamcin.httpsig.api.Authorization)	CtMethodImpl	public
net.adamcin.httpsig.http.apache4.Http4SignatureAuthScheme	CtClassImpl	public
net.adamcin.httpsig.hmac.HmacKey.mapAlgorithm(net.adamcin.httpsig.api.Algorithm)	CtMethodImpl	private
net.adamcin.httpsig.api.RequestContent.getHeaderValues(java.lang.String)	CtMethodImpl	public
net.adamcin.httpsig.api.Base64.DO_BREAK_LINES	CtFieldReferenceImpl	private
net.adamcin.httpsig.api.Constants.ALGORITHM	CtFieldReferenceImpl	public
net.adamcin.httpsig.ssh.jce.SSHKey.verify(net.adamcin.httpsig.api.Algorithm,byte[],byte[])	CtMethodImpl	public
net.adamcin.httpsig.ssh.jce.UserKeysFingerprintKeyId.getId(net.adamcin.httpsig.api.Key)	CtMethodImpl	public
net.adamcin.httpsig.testutil.KeyTestUtil.TYPE_RSA	CtFieldReferenceImpl	public
net.adamcin.httpsig.api.DefaultVerifier.KeychainGuard.keychain	CtFieldReferenceImpl	private
net.adamcin.httpsig.http.apache4.SignerCredentials	CtClassImpl	public
net.adamcin.httpsig.ssh.jce.SSHRSASignature.engineInitVerify(java.security.PublicKey)	CtMethodImpl	protected
net.adamcin.httpsig.http.ning.AsyncUtil.login(com.ning.http.client.AsyncHttpClient,net.adamcin.httpsig.api.Signer,com.ning.http.client.Request,com.ning.http.client.AsyncCompletionHandler<T>,com.ning.http.client.SignatureCalculator)	CtMethodImpl	public
net.adamcin.httpsig.http.ning.AsyncUtil.calculateSignature(net.adamcin.httpsig.api.Signer,com.ning.http.client.Request,com.ning.http.client.RequestBuilderBase<?>)	CtMethodImpl	public
net.adamcin.httpsig.api.Base64.encodeObject(java.io.Serializable)	CtMethodImpl	private
net.adamcin.httpsig.api.Constants.HEADER_REQUEST_TARGET	CtFieldReferenceImpl	public
net.adamcin.httpsig.api.DefaultKeychain.removeAll(java.util.Collection<?>)	CtMethodImpl	public
net.adamcin.httpsig.http.ning.RotateAndReplayResponseFilter	CtClassImpl	public
net.adamcin.httpsig.api.Algorithm	CtEnumImpl	public
net.adamcin.httpsig.http.apache3.Http3SignatureAuthScheme.authenticate(org.apache.commons.httpclient.Credentials,org.apache.commons.httpclient.HttpMethod)	CtMethodImpl	public
net.adamcin.httpsig.ssh.jce.AuthorizedKeys.AuthorizedKey.encodedKey	CtFieldReferenceImpl	private
org.apache.http.impl.auth.RFC2617Scheme.credentialsCharset	CtFieldReferenceImpl	private
net.adamcin.httpsig.http.apache4.SignerCredentials.getPassword()	CtMethodImpl	public
net.adamcin.httpsig.api.RequestContent.getContent(java.util.List<java.lang.String>,java.nio.charset.Charset)	CtMethodImpl	public
net.adamcin.httpsig.ssh.jce.AuthorizedKeys.DEFAULT_PATH	CtFieldReferenceImpl	private
net.adamcin.httpsig.api.Base64.decode4to3(byte[],int,byte[],int,int)	CtMethodImpl	private
net.adamcin.httpsig.api.Base64.encode(java.nio.ByteBuffer,java.nio.ByteBuffer)	CtMethodImpl	private
net.adamcin.httpsig.api.Challenge(java.lang.String,java.util.List<java.lang.String>,java.util.Collection<net.adamcin.httpsig.api.Algorithm>)	CtConstructorImpl	public
net.adamcin.httpsig.http.apache3.SignerCredentialsProvider.getDelegatee()	CtMethodImpl	public
net.adamcin.httpsig.ssh.bc.PEMUtil.LOGGER	CtFieldReferenceImpl	private
net.adamcin.httpsig.testutil.KeyTestUtil.DSA_X	CtFieldReferenceImpl	public
net.adamcin.httpsig.api.Challenge	CtClassImpl	public
net.adamcin.httpsig.api.Base64.GZIP	CtFieldReferenceImpl	private
net.adamcin.httpsig.api.Base64.decode(java.lang.String,int)	CtMethodImpl	private
net.adamcin.httpsig.testutil.KeyTestUtil.RSA_E	CtFieldReferenceImpl	public
net.adamcin.httpsig.api.Constants.IGNORE_HEADERS	CtFieldReferenceImpl	public
net.adamcin.httpsig.http.ning.AsyncSignatureCalculator	CtClassImpl	public
net.adamcin.httpsig.api.Base64.OutputStream.b4	CtFieldReferenceImpl	private
net.adamcin.httpsig.ssh.jce.AuthorizedKeys.PublicPair.spec	CtFieldReferenceImpl	private
net.adamcin.httpsig.ssh.jce.SSHDSSSignature.wrapped	CtFieldReferenceImpl	private
net.adamcin.httpsig.api.Base64.MAX_LINE_LENGTH	CtFieldReferenceImpl	private
net.adamcin.httpsig.http.ning.AsyncSignatureCalculator.calculateAndAddSignature(java.lang.String,com.ning.http.client.Request,com.ning.http.client.RequestBuilderBase<?>)	CtMethodImpl	public
net.adamcin.httpsig.ssh.jce.AuthorizedKeys.PublicPair	CtClassImpl	package-private
net.adamcin.httpsig.api.Challenge.parseAlgorithms(java.lang.String)	CtMethodImpl	public
net.adamcin.httpsig.http.apache4.Http4SignatureAuthScheme()	CtConstructorImpl	public
net.adamcin.httpsig.hmac.HmacKey.getId()	CtMethodImpl	public
net.adamcin.httpsig.testutil.KeyTestUtil	CtClassImpl	public
net.adamcin.httpsig.http.apache3.Http3SignatureAuthScheme.isConnectionBased()	CtMethodImpl	public
net.adamcin.httpsig.api.RequestContent.getDate()	CtMethodImpl	public
net.adamcin.httpsig.ssh.jce.AuthorizedKey.getComment()	CtMethodImpl	public
net.adamcin.httpsig.api.Constants.HEADER_DATE	CtFieldReferenceImpl	public
net.adamcin.httpsig.hmac.HmacKeyId.getId(net.adamcin.httpsig.api.Key)	CtMethodImpl	public
net.adamcin.httpsig.api.Constants.PREEMPTIVE_CHALLENGE	CtFieldReferenceImpl	public
net.adamcin.httpsig.ssh.jce.PublicPair.getSpec()	CtMethodImpl	public
net.adamcin.httpsig.api.Base64.OutputStream.position	CtFieldReferenceImpl	private
net.adamcin.httpsig.testutil.KeyTestUtil()	CtConstructorImpl	public
net.adamcin.httpsig.testutil.KeyTestUtil.DSA_Q	CtFieldReferenceImpl	public
net.adamcin.httpsig.testutil.KeyTestUtil.P_TYPE	CtFieldReferenceImpl	public
net.adamcin.httpsig.api.DefaultKeychain.toMap(net.adamcin.httpsig.api.KeyId)	CtMethodImpl	public
net.adamcin.httpsig.http.apache3.Http3Util	CtClassImpl	public
org.apache.http.impl.auth.RFC2617Scheme.params	CtFieldReferenceImpl	private
net.adamcin.httpsig.api.Signer.getKeychain()	CtMethodImpl	public
net.adamcin.httpsig.api.Base64.ENCODE	CtFieldReferenceImpl	private
net.adamcin.httpsig.api.Base64.encodeObject(java.io.Serializable,int)	CtMethodImpl	private
net.adamcin.httpsig.api.OutputStream.write(byte[],int,int)	CtMethodImpl	public
net.adamcin.httpsig.api.Authorization.getSignature()	CtMethodImpl	public
net.adamcin.httpsig.api.DefaultKeychain.addAll(java.util.Collection<? extends net.adamcin.httpsig.api.Key>)	CtMethodImpl	public
net.adamcin.httpsig.ssh.jsch.JschKey.getId()	CtMethodImpl	public
net.adamcin.httpsig.ssh.jsch.JschKey(com.jcraft.jsch.Identity)	CtConstructorImpl	public
net.adamcin.httpsig.api.Constants.REALM	CtFieldReferenceImpl	public
net.adamcin.httpsig.ssh.jce.AuthorizedKeys.createPublicIdentity(net.adamcin.httpsig.ssh.jce.AuthorizedKeys.PublicPair)	CtMethodImpl	package-private
net.adamcin.httpsig.api.Base64.decodeFromFile(java.lang.String)	CtMethodImpl	private
net.adamcin.httpsig.api.Base64.InputStream.decodabet	CtFieldReferenceImpl	private
net.adamcin.httpsig.api.Builder.build()	CtMethodImpl	public
net.adamcin.httpsig.testutil.KeyTestUtil.getKeyPairFromProperties(java.lang.String,java.lang.String)	CtMethodImpl	public
net.adamcin.httpsig.ssh.jce.SSHRSASignature.engineSign()	CtMethodImpl	protected
net.adamcin.httpsig.api.RequestContent.DATE_FORMAT_RFC1123	CtFieldReferenceImpl	public
net.adamcin.httpsig.api.Builder.setRequestTarget(java.lang.String,java.lang.String)	CtMethodImpl	public
net.adamcin.httpsig.api.RequestContent.getBytesToSign(java.util.List<java.lang.String>,java.nio.charset.Charset)	CtMethodImpl	public
net.adamcin.httpsig.api.RequestContent.getHeaderNames()	CtMethodImpl	public
net.adamcin.httpsig.api.Signer(net.adamcin.httpsig.api.Keychain)	CtConstructorImpl	public
net.adamcin.httpsig.hmac.HmacKey.EMPTY_BYTES	CtFieldReferenceImpl	private
net.adamcin.httpsig.http.apache3.SignerCredentialsProvider.signer	CtFieldReferenceImpl	private
net.adamcin.httpsig.ssh.jsch.JschKey.canSign()	CtMethodImpl	public
net.adamcin.httpsig.ssh.bc.PEMUtil.readKey(java.io.File,char[])	CtMethodImpl	public
net.adamcin.httpsig.api.OutputStream.write(int)	CtMethodImpl	public
net.adamcin.httpsig.http.apache3.Http3Util()	CtConstructorImpl	private
net.adamcin.httpsig.api.DefaultVerifier.skew	CtFieldReferenceImpl	private
net.adamcin.httpsig.api.KeychainGuard.isEmpty()	CtMethodImpl	public
net.adamcin.httpsig.ssh.jce.UserFingerprintKeyId.getId(net.adamcin.httpsig.api.Key)	CtMethodImpl	public
net.adamcin.httpsig.testutil.KeyTestUtil.getResourceAsFile(java.lang.String)	CtMethodImpl	private
net.adamcin.httpsig.http.ning.AsyncUtil.login(com.ning.http.client.AsyncHttpClient,net.adamcin.httpsig.api.Signer,com.ning.http.client.Request,com.ning.http.client.AsyncCompletionHandler<T>)	CtMethodImpl	public
net.adamcin.httpsig.ssh.jce.KeyFormat.getSignatureInstance(net.adamcin.httpsig.api.Algorithm)	CtMethodImpl	public
net.adamcin.httpsig.ssh.jsch.JschKey	CtClassImpl	public
net.adamcin.httpsig.ssh.jce.SSHKey(net.adamcin.httpsig.ssh.jce.KeyFormat,java.security.PublicKey,java.security.PrivateKey)	CtConstructorImpl	public
net.adamcin.httpsig.ssh.jce.SSHDSSSignature.engineSign()	CtMethodImpl	protected
net.adamcin.httpsig.ssh.jce.AuthorizedKeys$PublicPair(net.adamcin.httpsig.ssh.jce.KeyFormat,java.security.spec.KeySpec)	CtConstructorImpl	package-private
net.adamcin.httpsig.api.Signer.rotateKeys(net.adamcin.httpsig.api.Challenge,net.adamcin.httpsig.api.Authorization)	CtMethodImpl	public
net.adamcin.httpsig.api.RequestContent.path	CtFieldReferenceImpl	private
net.adamcin.httpsig.hmac.HmacKeyId	CtClassImpl	public
net.adamcin.httpsig.api.Base64.encodeBytes(byte[],int)	CtMethodImpl	private
net.adamcin.httpsig.http.apache4.Http4SignatureAuthScheme.isConnectionBased()	CtMethodImpl	public
net.adamcin.httpsig.api.Base64.InputStream.position	CtFieldReferenceImpl	private
net.adamcin.httpsig.ssh.jce.SSHKey.equals(java.lang.Object)	CtMethodImpl	public
net.adamcin.httpsig.ssh.jce.AuthorizedKeys.GROUP_KEY	CtFieldReferenceImpl	private
net.adamcin.httpsig.http.apache3.SignerCredentials(net.adamcin.httpsig.api.Signer)	CtConstructorImpl	public
net.adamcin.httpsig.ssh.jce.AuthorizedKeys.getAuthorizedKeyIdentity(net.adamcin.httpsig.ssh.jce.AuthorizedKeys.AuthorizedKey)	CtMethodImpl	package-private
net.adamcin.httpsig.ssh.jce.KeyFormat.LOGGER	CtFieldReferenceImpl	public
net.adamcin.httpsig.ssh.jce.AuthorizedKeys.PublicPair.format	CtFieldReferenceImpl	private
net.adamcin.httpsig.ssh.jce.Magic.fingerPrintChars	CtFieldReferenceImpl	private
net.adamcin.httpsig.ssh.jce.Magic()	CtConstructorImpl	public
net.adamcin.httpsig.api.Base64.InputStream.bufferLength	CtFieldReferenceImpl	private
net.adamcin.httpsig.api.Base64.encode3to4(byte[],int,int,byte[],int,int)	CtMethodImpl	private
net.adamcin.httpsig.api.DefaultVerifier(net.adamcin.httpsig.api.Keychain,boolean)	CtConstructorImpl	package-private
net.adamcin.httpsig.api.Authorization.getHeaderValue()	CtMethodImpl	public
net.adamcin.httpsig.api.Base64.encodeFileToFile(java.lang.String,java.lang.String)	CtMethodImpl	private
net.adamcin.httpsig.ssh.jce.SSHKey.getFingerprint()	CtMethodImpl	public
net.adamcin.httpsig.api.Constants.parseRFC2617(java.lang.String)	CtMethodImpl	public
net.adamcin.httpsig.api.RequestContent.getContentString(java.util.List<java.lang.String>)	CtMethodImpl	public
net.adamcin.httpsig.api.Base64.decodeFileToFile(java.lang.String,java.lang.String)	CtMethodImpl	private
net.adamcin.httpsig.api.DefaultVerifier.strictRequestTarget	CtFieldReferenceImpl	private
net.adamcin.httpsig.http.ning.AsyncUtil.enableAuth(com.ning.http.client.AsyncHttpClient,net.adamcin.httpsig.api.Signer)	CtMethodImpl	public
net.adamcin.httpsig.http.apache4.Http4Util.enableAuth(org.apache.http.impl.client.AbstractHttpClient,net.adamcin.httpsig.api.Keychain,net.adamcin.httpsig.api.KeyId)	CtMethodImpl	public
net.adamcin.httpsig.api.Constants	CtClassImpl	public
net.adamcin.httpsig.api.RequestContent	CtClassImpl	public
net.adamcin.httpsig.api.Base64.InputStream.options	CtFieldReferenceImpl	private
net.adamcin.httpsig.api.Signer.candidateKeys	CtFieldReferenceImpl	private
net.adamcin.httpsig.api.DefaultVerifier.keychain	CtFieldReferenceImpl	private
net.adamcin.httpsig.api.Builder.addHeader(java.lang.String,java.lang.String)	CtMethodImpl	public
net.adamcin.httpsig.api.DefaultKeychain(java.util.Collection<? extends net.adamcin.httpsig.api.Key>)	CtConstructorImpl	public
net.adamcin.httpsig.hmac.HmacKey.canSign()	CtMethodImpl	public
net.adamcin.httpsig.ssh.bc.PEMUtil	CtClassImpl	public
net.adamcin.httpsig.testutil.KeyTestUtil.RSA_QE	CtFieldReferenceImpl	public
net.adamcin.httpsig.api.Constants()	CtConstructorImpl	private
net.adamcin.httpsig.ssh.jce.KeyFormat.signatureAlgorithms	CtFieldReferenceImpl	public
net.adamcin.httpsig.hmac.HmacKey(java.lang.String,java.lang.String)	CtConstructorImpl	public
net.adamcin.httpsig.ssh.jce.AuthorizedKeys.GROUP_FORMAT	CtFieldReferenceImpl	private
net.adamcin.httpsig.api.Constants.1	CtClassImpl	package-private
net.adamcin.httpsig.api.DefaultVerifier.setSkew(long)	CtMethodImpl	public
net.adamcin.httpsig.api.Challenge.algorithms	CtFieldReferenceImpl	private
net.adamcin.httpsig.api.Constants.filterHeaders(java.util.List<java.lang.String>)	CtMethodImpl	public
net.adamcin.httpsig.api.Base64.1	CtClassImpl	package-private
org.apache.http.impl.auth.AuthSchemeBase.challengeState	CtFieldReferenceImpl	protected
net.adamcin.httpsig.ssh.jce.KeyFormat.getKeyFactory()	CtMethodImpl	public
net.adamcin.httpsig.api.DefaultKeychain.remove(java.lang.Object)	CtMethodImpl	public
net.adamcin.httpsig.ssh.jce.AuthorizedKeys.parseAuthorizedKeys(java.io.File)	CtMethodImpl	package-private
net.adamcin.httpsig.http.servlet.ServletUtil.getRequestContent(javax.servlet.http.HttpServletRequest)	CtMethodImpl	public
net.adamcin.httpsig.api.Authorization.getHeaders()	CtMethodImpl	public
net.adamcin.httpsig.ssh.jce.UserKeysFingerprintKeyId	CtClassImpl	public
net.adamcin.httpsig.api.DefaultVerifier$CanVerifyId(net.adamcin.httpsig.api.KeyId)	CtConstructorImpl	private
net.adamcin.httpsig.api.DefaultKeychain.toArray()	CtMethodImpl	public
net.adamcin.httpsig.ssh.jce.SSHRSASignature()	CtConstructorImpl	public
net.adamcin.httpsig.api.Base64.InputStream.breakLines	CtFieldReferenceImpl	private
net.adamcin.httpsig.hmac.HmacKey.LOGGER	CtFieldReferenceImpl	private
net.adamcin.httpsig.api.DefaultVerifier(net.adamcin.httpsig.api.Keychain,net.adamcin.httpsig.api.KeyId,long,boolean)	CtConstructorImpl	private
net.adamcin.httpsig.api.Base64.encodeBytes(byte[])	CtMethodImpl	private
net.adamcin.httpsig.http.apache4.Http4SignatureAuthScheme.parseChallenge(org.apache.http.util.CharArrayBuffer,int,int)	CtMethodImpl	protected
net.adamcin.httpsig.api.Base64.InputStream.lineLength	CtFieldReferenceImpl	private
net.adamcin.httpsig.api.Base64._URL_SAFE_DECODABET	CtFieldReferenceImpl	private
net.adamcin.httpsig.api.DefaultVerifier(net.adamcin.httpsig.api.Keychain,net.adamcin.httpsig.api.KeyId,long)	CtConstructorImpl	public
net.adamcin.httpsig.api.Algorithm(java.lang.String)	CtConstructorImpl	private
net.adamcin.httpsig.api.DefaultVerifier(net.adamcin.httpsig.api.Keychain)	CtConstructorImpl	public
net.adamcin.httpsig.api.Builder.setRequestLine(java.lang.String)	CtMethodImpl	public
net.adamcin.httpsig.api.DefaultVerifier	CtClassImpl	public
net.adamcin.httpsig.ssh.jce.FingerprintGenerator.LOGGER	CtFieldReferenceImpl	private
net.adamcin.httpsig.ssh.jce.KeyFormat.getIdentifier()	CtMethodImpl	public
net.adamcin.httpsig.api.Constants.HEADERS	CtFieldReferenceImpl	public
net.adamcin.httpsig.api.Signer.keychain	CtFieldReferenceImpl	private
net.adamcin.httpsig.api.DefaultKeychain.size()	CtMethodImpl	public
net.adamcin.httpsig.api.DefaultVerifier.getSkew()	CtMethodImpl	public
net.adamcin.httpsig.http.apache4.Http4SignatureAuthScheme.lastAuthz	CtFieldReferenceImpl	private
net.adamcin.httpsig.http.apache4.Http4SignatureAuthScheme.getSchemeName()	CtMethodImpl	public
net.adamcin.httpsig.api.Base64.EQUALS_SIGN_ENC	CtFieldReferenceImpl	private
net.adamcin.httpsig.api.OutputStream.resumeEncoding()	CtMethodImpl	private
net.adamcin.httpsig.api.Base64._ORDERED_ALPHABET	CtFieldReferenceImpl	private
net.adamcin.httpsig.http.apache3.Http3SignatureAuthScheme.lastAuthz	CtFieldReferenceImpl	private
net.adamcin.httpsig.api.Base64.OutputStream.breakLines	CtFieldReferenceImpl	private
net.adamcin.httpsig.api.Signer.rotateKeys(net.adamcin.httpsig.api.Challenge)	CtMethodImpl	public
net.adamcin.httpsig.ssh.jsch.JschKey.getAlgorithms()	CtMethodImpl	public
net.adamcin.httpsig.api.RequestContent.Builder.method	CtFieldReferenceImpl	private
net.adamcin.httpsig.api.OutputStream.suspendEncoding()	CtMethodImpl	private
net.adamcin.httpsig.ssh.jce.AuthorizedKeys.readPublicIdentity(byte[])	CtMethodImpl	package-private
net.adamcin.httpsig.api.Algorithm.getName()	CtMethodImpl	public
net.adamcin.httpsig.api.Base64.OutputStream.buffer	CtFieldReferenceImpl	private
net.adamcin.httpsig.testutil.KeyTestUtil.DSA_P	CtFieldReferenceImpl	public
net.adamcin.httpsig.ssh.jce.UserKeysFingerprintKeyId(java.lang.String)	CtConstructorImpl	public
net.adamcin.httpsig.api.Constants.DEFAULT_KEY_IDENTIFIER	CtFieldReferenceImpl	public
net.adamcin.httpsig.api.DefaultKeychain.isEmpty()	CtMethodImpl	public
net.adamcin.httpsig.api.Base64.decodeToObject(java.lang.String,int,java.lang.ClassLoader)	CtMethodImpl	private
net.adamcin.httpsig.api.DefaultVerifier.CanVerifyId.delegatee	CtFieldReferenceImpl	private
net.adamcin.httpsig.api.Base64.OutputStream.bufferLength	CtFieldReferenceImpl	private
net.adamcin.httpsig.http.ning.AsyncUtil.enableAuth(com.ning.http.client.AsyncHttpClient,net.adamcin.httpsig.api.Signer,com.ning.http.client.SignatureCalculator)	CtMethodImpl	public
net.adamcin.httpsig.api.Base64	CtClassImpl	public
net.adamcin.httpsig.api.Constants.ALGORITHMS	CtFieldReferenceImpl	public
net.adamcin.httpsig.ssh.jce.SSHRSASignature.engineUpdate(byte[],int,int)	CtMethodImpl	protected
net.adamcin.httpsig.api.Constants.KEY_ID	CtFieldReferenceImpl	public
net.adamcin.httpsig.ssh.jce.FingerprintGenerator	CtClassImpl	public
net.adamcin.httpsig.ssh.jce.SSHDSSSignature.engineVerify(byte[])	CtMethodImpl	protected
net.adamcin.httpsig.api.RequestContent.headers	CtFieldReferenceImpl	private
net.adamcin.httpsig.ssh.jce.AuthorizedKey.getEncodedKey()	CtMethodImpl	public
net.adamcin.httpsig.api.Signer.getCandidateKeys()	CtMethodImpl	public
net.adamcin.httpsig.http.ning.AsyncUtil.login(com.ning.http.client.AsyncHttpClient,net.adamcin.httpsig.api.Signer,com.ning.http.client.Request)	CtMethodImpl	public
net.adamcin.httpsig.api.RequestContent.convertDate(java.util.Calendar,java.util.TimeZone)	CtMethodImpl	private
net.adamcin.httpsig.api.Constants.ALL_SUPPORTED_ALGORITHMS	CtFieldReferenceImpl	public
net.adamcin.httpsig.http.ning.AsyncSignatureCalculator.DEFAULT_DELEGATEE	CtFieldReferenceImpl	private
net.adamcin.httpsig.api.Base64.encodeBytes(byte[],int,int,int)	CtMethodImpl	private
net.adamcin.httpsig.api.Base64.OutputStream.suspendEncoding	CtFieldReferenceImpl	private
net.adamcin.httpsig.api.Base64.InputStream	CtClassImpl	private
net.adamcin.httpsig.api.RequestContent.Builder.requestLine	CtFieldReferenceImpl	private
net.adamcin.httpsig.testutil.KeyTestUtil.getPrivateKeyAsKeyPair(java.lang.String,java.lang.String,java.lang.String)	CtMethodImpl	public
net.adamcin.httpsig.api.RequestContent.getStringToSign(java.util.List<java.lang.String>,boolean)	CtMethodImpl	private
net.adamcin.httpsig.http.ning.AsyncSignatureCalculator(net.adamcin.httpsig.api.Signer)	CtConstructorImpl	public
net.adamcin.httpsig.ssh.jce.SSHKey.canVerify()	CtMethodImpl	public
net.adamcin.httpsig.ssh.jce.Magic	CtClassImpl	public
net.adamcin.httpsig.api.RequestContent.tryParseDate(java.lang.String)	CtMethodImpl	protected
net.adamcin.httpsig.api.Base64.OutputStream.options	CtFieldReferenceImpl	private
net.adamcin.httpsig.ssh.jsch.JschKey.algorithm	CtFieldReferenceImpl	private
net.adamcin.httpsig.ssh.jce.AuthorizedKeys.parseAuthorizedKey(java.lang.String)	CtMethodImpl	package-private
net.adamcin.httpsig.http.apache3.Http3SignatureAuthScheme.processChallenge(java.lang.String)	CtMethodImpl	public
net.adamcin.httpsig.api.RequestContent$Builder()	CtConstructorImpl	public
net.adamcin.httpsig.ssh.jsch.JschKey.sign(net.adamcin.httpsig.api.Algorithm,byte[])	CtMethodImpl	public
net.adamcin.httpsig.api.Constants.parseTokens(java.lang.String)	CtMethodImpl	public
net.adamcin.httpsig.api.RequestContent.getDateTZ(java.util.TimeZone)	CtMethodImpl	public
net.adamcin.httpsig.http.apache4.Http4SignatureAuthScheme.authenticate(org.apache.http.auth.Credentials,org.apache.http.HttpRequest)	CtMethodImpl	public
net.adamcin.httpsig.hmac.HmacKey.getAlgorithms()	CtMethodImpl	public
net.adamcin.httpsig.api.Authorization.serialVersionUID	CtFieldReferenceImpl	private
net.adamcin.httpsig.api.Authorization(java.lang.String,java.lang.String,java.util.List<java.lang.String>,net.adamcin.httpsig.api.Algorithm)	CtConstructorImpl	public
net.adamcin.httpsig.api.Base64.NEW_LINE	CtFieldReferenceImpl	private
net.adamcin.httpsig.http.ning.AsyncSignatureCalculator.delegatee	CtFieldReferenceImpl	private
net.adamcin.httpsig.api.Base64.getDecodabet(int)	CtMethodImpl	private
net.adamcin.httpsig.api.Base64.decodeToObject(java.lang.String)	CtMethodImpl	private
net.adamcin.httpsig.testutil.KeyTestUtil.getAuthorizedKeysFile()	CtMethodImpl	public
net.adamcin.httpsig.api.Base64.OutputStream.encode	CtFieldReferenceImpl	private
net.adamcin.httpsig.api.DefaultVerifier.selectKey(net.adamcin.httpsig.api.Authorization)	CtMethodImpl	public
net.adamcin.httpsig.api.Base64.encodeBytes(byte[],int,int)	CtMethodImpl	private
net.adamcin.httpsig.api.DefaultKeychain._algorithms	CtFieldReferenceImpl	private
net.adamcin.httpsig.api.RequestContent.LOGGER	CtFieldReferenceImpl	private
net.adamcin.httpsig.http.ning.AsyncUtil.getRequestPath(com.ning.http.client.Request)	CtMethodImpl	protected
net.adamcin.httpsig.api.Base64.DECODE	CtFieldReferenceImpl	private
net.adamcin.httpsig.ssh.jce.SSHKey.canSign()	CtMethodImpl	public
net.adamcin.httpsig.api.Builder.addDate(java.util.Date)	CtMethodImpl	public
