method	type	visibility
org.jboss.aerogear.simplepush.SimplePushClient.addMessageListener(org.jboss.aerogear.simplepush.MessageListener)	CtMethodImpl	public
org.jboss.aerogear.simplepush.SimplePushClient(java.lang.String)	CtConstructorImpl	public
org.jboss.aerogear.unifiedpush.UnifiedPushClient.send(java.lang.String,java.lang.String,byte[],java.lang.String)	CtMethodImpl	package-private
org.jboss.aerogear.unifiedpush.PushConfig.categories	CtFieldReferenceImpl	private
org.jboss.aerogear.unifiedpush.PushConfig.setOsVersion(java.lang.String)	CtMethodImpl	public
org.jboss.aerogear.unifiedpush.PushConfig	CtClassImpl	public
org.jboss.aerogear.unifiedpush.PushConfig.alias	CtFieldReferenceImpl	private
org.jboss.aerogear.unifiedpush.PushConfig.operatingSystem	CtFieldReferenceImpl	private
org.jboss.aerogear.unifiedpush.UnifiedPushClient.unRegister(java.lang.String)	CtMethodImpl	public
org.jboss.aerogear.simplepush.SimplePushClient.websocketClient	CtFieldReferenceImpl	private
org.jboss.aerogear.simplepush.SimplePushClient.1	CtClassImpl	package-private
org.jboss.aerogear.simplepush.SimplePushClient.getChannelId(int)	CtMethodImpl	public
org.jboss.aerogear.simplepush.SimplePushClient.close()	CtMethodImpl	public
org.jboss.aerogear.unifiedpush.PushConfig.deviceType	CtFieldReferenceImpl	private
org.jboss.aerogear.unifiedpush.PushConfig.setCategories(java.util.List<java.lang.String>)	CtMethodImpl	public
org.jboss.aerogear.unifiedpush.PushConfig.getOperatingSystem()	CtMethodImpl	public
org.jboss.aerogear.unifiedpush.PushConfig.setDeviceToken(java.lang.String)	CtMethodImpl	public
org.jboss.aerogear.unifiedpush.UnifiedPushClient.variantSecret	CtFieldReferenceImpl	private
org.jboss.aerogear.simplepush.SimplePushClient.getWebsocketClient()	CtMethodImpl	public
org.jboss.aerogear.unifiedpush.PushConfig.setDeviceType(java.lang.String)	CtMethodImpl	public
org.jboss.aerogear.simplepush.SimplePushClient	CtClassImpl	public
org.jboss.aerogear.unifiedpush.UnifiedPushClient.variantId	CtFieldReferenceImpl	private
org.jboss.aerogear.unifiedpush.PushConfig.setOperatingSystem(java.lang.String)	CtMethodImpl	public
org.jboss.aerogear.simplepush.SimplePushClient.registeredChannels	CtFieldReferenceImpl	private
org.jboss.aerogear.unifiedpush.PushConfig()	CtConstructorImpl	public
org.jboss.aerogear.simplepush.SimplePushClient.unregister(java.lang.String)	CtMethodImpl	public
org.jboss.aerogear.unifiedpush.UnifiedPushClient.pushServerURL	CtFieldReferenceImpl	private
org.jboss.aerogear.unifiedpush.PushConfig.osVersion	CtFieldReferenceImpl	private
org.jboss.aerogear.unifiedpush.PushConfig.getAlias()	CtMethodImpl	public
org.jboss.aerogear.simplepush.SimplePushClient.listener	CtFieldReferenceImpl	private
org.jboss.aerogear.unifiedpush.UnifiedPushClient.getCredentials()	CtMethodImpl	private
org.jboss.aerogear.unifiedpush.PushConfig.getCategories()	CtMethodImpl	public
org.jboss.aerogear.simplepush.SimplePushClient.registrationListener	CtFieldReferenceImpl	private
org.jboss.aerogear.unifiedpush.PushConfig.deviceToken	CtFieldReferenceImpl	private
org.jboss.aerogear.unifiedpush.PushConfig.getDeviceToken()	CtMethodImpl	public
org.jboss.aerogear.unifiedpush.UnifiedPushClient.delete(java.lang.String,java.lang.String)	CtMethodImpl	private
org.jboss.aerogear.simplepush.SimplePushClient.register(org.jboss.aerogear.simplepush.RegistrationListener)	CtMethodImpl	public
org.jboss.aerogear.unifiedpush.UnifiedPushClient	CtClassImpl	public
org.jboss.aerogear.unifiedpush.PushConfig.setAlias(java.lang.String)	CtMethodImpl	public
org.jboss.aerogear.unifiedpush.UnifiedPushClient.UTF_8	CtFieldReferenceImpl	private
org.jboss.aerogear.unifiedpush.UnifiedPushClient.post(java.lang.String,byte[])	CtMethodImpl	private
org.jboss.aerogear.simplepush.SimplePushClient.connect()	CtMethodImpl	public
org.jboss.aerogear.unifiedpush.PushConfig.getOsVersion()	CtMethodImpl	public
org.jboss.aerogear.unifiedpush.UnifiedPushClient.register(org.jboss.aerogear.unifiedpush.PushConfig)	CtMethodImpl	public
org.jboss.aerogear.unifiedpush.PushConfig.getDeviceType()	CtMethodImpl	public
org.jboss.aerogear.unifiedpush.UnifiedPushClient(java.lang.String,java.lang.String,java.lang.String)	CtConstructorImpl	public
