method	type	visibility
net.avh4.util.lisp.ConstructorObjectFactory.clazz	CtFieldReferenceImpl	private
net.avh4.util.lisp.Symbol.toString()	CtMethodImpl	public
net.avh4.util.lisp.LispParser.getWord(java.io.PushbackReader)	CtMethodImpl	private
net.avh4.util.lisp.LispParser(net.avh4.util.lisp.LispContext)	CtConstructorImpl	public
net.avh4.util.lisp.LispParser.readString(java.io.PushbackReader)	CtMethodImpl	private
net.avh4.util.lisp.Symbol.hashCode()	CtMethodImpl	public
net.avh4.util.lisp.ConstructorObjectFactory.getUsage(java.lang.reflect.Constructor<?>)	CtMethodImpl	private
net.avh4.util.lisp.LispParser.parse(java.lang.String)	CtMethodImpl	public
net.avh4.util.lisp.LispParser.readNumber(java.io.PushbackReader)	CtMethodImpl	private
net.avh4.util.lisp.ConstructorObjectFactory	CtClassImpl	public
net.avh4.util.lisp.LispParser.readSymbol(java.io.PushbackReader)	CtMethodImpl	private
net.avh4.util.lisp.Symbol.name	CtFieldReferenceImpl	private
net.avh4.util.lisp.Symbol(java.lang.String)	CtConstructorImpl	private
net.avh4.util.lisp.ConstructorObjectFactory(java.lang.Class<?>)	CtConstructorImpl	public
net.avh4.util.lisp.LispParser.readListOrObject(java.io.PushbackReader)	CtMethodImpl	private
net.avh4.util.lisp.Symbol.s(java.lang.String)	CtMethodImpl	public
net.avh4.util.lisp.Symbol.equals(java.lang.Object)	CtMethodImpl	public
net.avh4.util.lisp.LispParser.context	CtFieldReferenceImpl	private
net.avh4.util.lisp.Symbol	CtClassImpl	public
net.avh4.util.lisp.ConstructorObjectFactory.create(java.lang.Object[])	CtMethodImpl	public
net.avh4.util.lisp.LispParser	CtClassImpl	public
net.avh4.util.lisp.LispParser.parse(java.io.PushbackReader)	CtMethodImpl	private
