method	type	visibility
com.amazonaws.services.dynamodb.sessionmanager.ExpiredSessionReaper	CtClassImpl	public
com.amazonaws.services.dynamodb.sessionmanager.ExpiredSessionReaper.isExpired(org.apache.catalina.Session)	CtMethodImpl	public
org.apache.catalina.session.ManagerBase.TIMING_STATS_CACHE_SIZE	CtFieldReferenceImpl	protected
com.amazonaws.services.dynamodb.sessionmanager.DynamoSessionStorage.SessionConverterIterator	CtClassImpl	private
org.apache.catalina.util.LifecycleMBeanBase.sm	CtFieldReferenceImpl	private
com.amazonaws.services.dynamodb.sessionmanager.DynamoDBSessionManager.proxyHost	CtFieldReferenceImpl	private
com.amazonaws.services.dynamodb.sessionmanager.ExpiredSessionReaper.getInactiveCutoffTime(org.apache.catalina.Session)	CtMethodImpl	private
org.apache.catalina.session.ManagerBase.sessionIdLength	CtFieldReferenceImpl	protected
com.amazonaws.services.dynamodb.sessionmanager.DynamoDBSessionManager.info	CtFieldReferenceImpl	private
com.amazonaws.services.dynamodb.sessionmanager.ExpiredSessionReaperThreadFactory.newThread(java.lang.Runnable)	CtMethodImpl	public
com.amazonaws.services.dynamodb.sessionmanager.ExpiredSessionReaperExecutor.MAX_JITTER_HOURS	CtFieldReferenceImpl	private
com.amazonaws.services.dynamodb.sessionmanager.DynamoDBSessionManager.setRegionId(java.lang.String)	CtMethodImpl	public
com.amazonaws.services.dynamodb.sessionmanager.DynamoDBSessionManager.setWriteCapacityUnits(int)	CtMethodImpl	public
com.amazonaws.services.dynamodb.sessionmanager.ExpiredSessionReaperExecutor.ExpiredSessionReaperThreadFactory	CtClassImpl	private
com.amazonaws.services.dynamodb.sessionmanager.DynamoDBSessionManager.accessKey	CtFieldReferenceImpl	private
com.amazonaws.services.dynamodb.sessionmanager.DynamoSessionStorage(com.amazonaws.services.dynamodbv2.datamodeling.DynamoDBMapper,com.amazonaws.services.dynamodb.sessionmanager.converters.SessionConverter)	CtConstructorImpl	public
org.apache.catalina.session.ManagerBase.maxActiveSessions	CtFieldReferenceImpl	protected
org.apache.catalina.session.ManagerBase.maxActiveUpdateLock	CtFieldReferenceImpl	private
com.amazonaws.services.dynamodb.sessionmanager.DynamoDBSessionStore.getSize()	CtMethodImpl	public
org.apache.catalina.session.ManagerBase.rejectedSessions	CtFieldReferenceImpl	protected
com.amazonaws.services.dynamodb.sessionmanager.DynamoDBSessionManager	CtClassImpl	public
org.apache.catalina.session.ManagerBase.context	CtFieldReferenceImpl	private
com.amazonaws.services.dynamodb.sessionmanager.DynamoDBSessionManager.setReadCapacityUnits(int)	CtMethodImpl	public
org.apache.catalina.Lifecycle.AFTER_STOP_EVENT	CtFieldReferenceImpl	package-private
org.apache.catalina.session.StoreBase.support	CtFieldReferenceImpl	protected
org.apache.catalina.session.StoreBase.manager	CtFieldReferenceImpl	protected
com.amazonaws.services.dynamodb.sessionmanager.converters.SessionConverter.fromDynamo	CtFieldReferenceImpl	private
com.amazonaws.services.dynamodb.sessionmanager.DynamoDBSessionStore.getStoreName()	CtMethodImpl	public
com.amazonaws.services.dynamodb.sessionmanager.SessionConverterIterator.next()	CtMethodImpl	public
com.amazonaws.services.dynamodb.sessionmanager.DynamoDBSessionManager.regionId	CtFieldReferenceImpl	private
org.apache.catalina.session.PersistentManagerBase.maxIdleSwap	CtFieldReferenceImpl	protected
com.amazonaws.services.dynamodb.sessionmanager.DynamoDBSessionManager.setEndpoint(java.lang.String)	CtMethodImpl	public
com.amazonaws.services.dynamodb.sessionmanager.ExpiredSessionReaperExecutor.THREAD_NAME	CtFieldReferenceImpl	private
com.amazonaws.services.dynamodb.sessionmanager.converters.DefaultTomcatSessionConverter	CtClassImpl	public
org.apache.catalina.session.PersistentManagerBase.log	CtFieldReferenceImpl	private
org.apache.catalina.session.ManagerBase.sessionIdGenerator	CtFieldReferenceImpl	protected
com.amazonaws.services.dynamodb.sessionmanager.DynamoDBSessionStore.sessionStorage	CtFieldReferenceImpl	private
org.apache.catalina.session.ManagerBase.secureRandomAlgorithm	CtFieldReferenceImpl	protected
com.amazonaws.services.dynamodb.sessionmanager.DynamoDBSessionStore.tryLoadSession(java.lang.String)	CtMethodImpl	private
com.amazonaws.services.dynamodb.sessionmanager.DynamoSessionItem.setSessionId(java.lang.String)	CtMethodImpl	public
org.apache.catalina.Lifecycle.AFTER_INIT_EVENT	CtFieldReferenceImpl	package-private
org.apache.catalina.Lifecycle.PERIODIC_EVENT	CtFieldReferenceImpl	package-private
com.amazonaws.services.dynamodb.sessionmanager.util.DynamoUtils	CtClassImpl	public
com.amazonaws.services.dynamodb.sessionmanager.DynamoDBSessionManager.setProxyHost(java.lang.String)	CtMethodImpl	public
com.amazonaws.services.dynamodb.sessionmanager.SessionConverterIterable.iterator()	CtMethodImpl	public
com.amazonaws.services.dynamodb.sessionmanager.SessionConverterIterator.hasNext()	CtMethodImpl	public
com.amazonaws.services.dynamodb.sessionmanager.DynamoDBSessionManager.setAwsAccessKey(java.lang.String)	CtMethodImpl	public
com.amazonaws.services.dynamodb.sessionmanager.DynamoDBSessionManager.initCredentials()	CtMethodImpl	private
org.apache.catalina.session.PersistentManagerBase.sessionSwapInLocks	CtFieldReferenceImpl	private
com.amazonaws.services.dynamodb.sessionmanager.converters.DefaultDynamoSessionItemConverter	CtClassImpl	public
com.amazonaws.services.dynamodb.sessionmanager.converters.SessionConverter(com.amazonaws.services.dynamodb.sessionmanager.converters.TomcatSessionConverter,com.amazonaws.services.dynamodb.sessionmanager.converters.DynamoSessionItemConverter)	CtConstructorImpl	public
org.apache.catalina.util.LifecycleMBeanBase.log	CtFieldReferenceImpl	private
com.amazonaws.services.dynamodb.sessionmanager.converters.DefaultTomcatSessionConverter(org.apache.catalina.Manager,java.lang.ClassLoader)	CtConstructorImpl	public
com.amazonaws.services.dynamodb.sessionmanager.DynamoDBSessionStore.remove(java.lang.String)	CtMethodImpl	public
com.amazonaws.services.dynamodb.sessionmanager.DynamoSessionItem.sessionId	CtFieldReferenceImpl	private
com.amazonaws.services.dynamodb.sessionmanager.DynamoDBSessionManager.getInfo()	CtMethodImpl	public
org.apache.catalina.util.LifecycleBase.state	CtFieldReferenceImpl	private
com.amazonaws.services.dynamodb.sessionmanager.ExpiredSessionReaperExecutor(java.lang.Runnable)	CtConstructorImpl	public
org.apache.catalina.session.ManagerBase.secureRandomProvider	CtFieldReferenceImpl	protected
org.apache.catalina.Lifecycle.BEFORE_START_EVENT	CtFieldReferenceImpl	package-private
org.apache.catalina.session.ManagerBase.duplicates	CtFieldReferenceImpl	protected
org.apache.catalina.session.StoreBase.storeName	CtFieldReferenceImpl	protected
com.amazonaws.services.dynamodb.sessionmanager.converters.DefaultDynamoSessionItemConverter()	CtConstructorImpl	public
org.apache.catalina.session.ManagerBase.sessionMaxAliveTimeUpdateLock	CtFieldReferenceImpl	private
com.amazonaws.services.dynamodb.sessionmanager.DynamoSessionStorage.SessionConverterIterable.sessionIterable	CtFieldReferenceImpl	private
com.amazonaws.services.dynamodb.sessionmanager.converters.SessionConversionException(java.lang.String,java.lang.Throwable)	CtConstructorImpl	public
com.amazonaws.services.dynamodb.sessionmanager.ExpiredSessionReaperExecutor	CtClassImpl	public
org.apache.catalina.session.ManagerBase.secureRandomClass	CtFieldReferenceImpl	protected
com.amazonaws.services.dynamodb.sessionmanager.DynamoSessionItem	CtClassImpl	public
com.amazonaws.services.dynamodb.sessionmanager.converters.SessionConversionException.serialVersionUID	CtFieldReferenceImpl	private
com.amazonaws.services.dynamodb.sessionmanager.DynamoSessionItem.getSessionId()	CtMethodImpl	public
com.amazonaws.services.dynamodb.sessionmanager.DynamoSessionStorage.count()	CtMethodImpl	public
org.apache.catalina.session.ManagerBase.name	CtFieldReferenceImpl	private
org.apache.catalina.util.LifecycleBase.log	CtFieldReferenceImpl	private
org.apache.catalina.util.LifecycleBase.sm	CtFieldReferenceImpl	private
com.amazonaws.services.dynamodb.sessionmanager.DynamoDBSessionManager.createIfNotExist	CtFieldReferenceImpl	private
com.amazonaws.services.dynamodb.sessionmanager.util.DynamoUtils.createSessionTable(com.amazonaws.services.dynamodbv2.AmazonDynamoDBClient,java.lang.String,long,long)	CtMethodImpl	public
com.amazonaws.services.dynamodb.sessionmanager.DynamoDBSessionManager.initInternal()	CtMethodImpl	protected
org.apache.catalina.Lifecycle.AFTER_DESTROY_EVENT	CtFieldReferenceImpl	package-private
com.amazonaws.services.dynamodb.sessionmanager.DynamoSessionStorage$SessionConverterIterable(java.lang.Iterable<com.amazonaws.services.dynamodb.sessionmanager.DynamoSessionItem>)	CtConstructorImpl	private
com.amazonaws.services.dynamodb.sessionmanager.util.ValidatorUtils()	CtConstructorImpl	public
org.apache.catalina.session.ManagerBase.support	CtFieldReferenceImpl	protected
com.amazonaws.services.dynamodb.sessionmanager.DynamoSessionStorage.deleteSession(java.lang.String)	CtMethodImpl	public
com.amazonaws.services.dynamodb.sessionmanager.DynamoDBSessionStore.1	CtClassImpl	package-private
org.apache.catalina.session.ManagerBase.sessionExpirationTiming	CtFieldReferenceImpl	protected
com.amazonaws.services.dynamodb.sessionmanager.DynamoSessionItem.getSessionData()	CtMethodImpl	public
org.apache.catalina.util.LifecycleMBeanBase.domain	CtFieldReferenceImpl	private
org.apache.catalina.Lifecycle.BEFORE_INIT_EVENT	CtFieldReferenceImpl	package-private
org.apache.catalina.session.ManagerBase.sessionCounter	CtFieldReferenceImpl	protected
com.amazonaws.services.dynamodb.sessionmanager.util.DynamoUtils.createDynamoMapper(com.amazonaws.services.dynamodbv2.AmazonDynamoDBClient,java.lang.String)	CtMethodImpl	public
org.apache.catalina.session.ManagerBase.sessionMaxAliveTime	CtFieldReferenceImpl	protected
com.amazonaws.services.dynamodb.sessionmanager.DynamoDBSessionManager.credentialsInContextConfigAreValid()	CtMethodImpl	private
org.apache.catalina.Lifecycle.START_EVENT	CtFieldReferenceImpl	package-private
org.apache.catalina.Lifecycle.BEFORE_DESTROY_EVENT	CtFieldReferenceImpl	package-private
com.amazonaws.services.dynamodb.sessionmanager.converters.SessionConverter.toSession(com.amazonaws.services.dynamodb.sessionmanager.DynamoSessionItem)	CtMethodImpl	public
com.amazonaws.services.dynamodb.sessionmanager.util.DynamoUtils()	CtConstructorImpl	public
org.apache.catalina.Lifecycle.CONFIGURE_START_EVENT	CtFieldReferenceImpl	package-private
com.amazonaws.services.dynamodb.sessionmanager.DynamoDBSessionStore(com.amazonaws.services.dynamodb.sessionmanager.DynamoSessionStorage,boolean)	CtConstructorImpl	public
com.amazonaws.services.dynamodb.sessionmanager.DynamoSessionStorage.sessionConverter	CtFieldReferenceImpl	private
com.amazonaws.services.dynamodb.sessionmanager.converters.SessionConversionException(java.lang.String)	CtConstructorImpl	public
com.amazonaws.services.dynamodb.sessionmanager.DynamoDBSessionManager.setTable(java.lang.String)	CtMethodImpl	public
com.amazonaws.services.dynamodb.sessionmanager.DynamoSessionItem(java.lang.String)	CtConstructorImpl	public
com.amazonaws.services.dynamodb.sessionmanager.DynamoDBSessionStore.name	CtFieldReferenceImpl	private
org.apache.catalina.session.ManagerBase.processExpiresFrequency	CtFieldReferenceImpl	protected
com.amazonaws.services.dynamodb.sessionmanager.converters.SessionConversionException	CtClassImpl	public
org.apache.catalina.session.PersistentManagerBase.minIdleSwap	CtFieldReferenceImpl	protected
com.amazonaws.services.dynamodb.sessionmanager.DynamoDBSessionManager.secretKey	CtFieldReferenceImpl	private
com.amazonaws.services.dynamodb.sessionmanager.DynamoDBSessionStore.getInfo()	CtMethodImpl	public
com.amazonaws.services.dynamodb.sessionmanager.DynamoDBSessionManager.setAwsCredentialsFile(java.lang.String)	CtMethodImpl	public
org.apache.catalina.session.PersistentManagerBase.saveOnRestart	CtFieldReferenceImpl	protected
com.amazonaws.services.dynamodb.sessionmanager.DynamoDBSessionManager.setAwsSecretKey(java.lang.String)	CtMethodImpl	public
com.amazonaws.services.dynamodb.sessionmanager.DynamoDBSessionManager.readCapacityUnits	CtFieldReferenceImpl	private
com.amazonaws.services.dynamodb.sessionmanager.DynamoSessionItem.SESSION_ID_ATTRIBUTE_NAME	CtFieldReferenceImpl	public
com.amazonaws.services.dynamodb.sessionmanager.DynamoDBSessionStore	CtClassImpl	public
com.amazonaws.services.dynamodb.sessionmanager.DynamoDBSessionStore.deleteCorruptSession(java.lang.String,com.amazonaws.services.dynamodb.sessionmanager.converters.SessionConversionException)	CtMethodImpl	private
com.amazonaws.services.dynamodb.sessionmanager.DynamoSessionItem.SESSION_DATA_ATTRIBUTE_NAME	CtFieldReferenceImpl	public
com.amazonaws.services.dynamodb.sessionmanager.ExpiredSessionReaper(com.amazonaws.services.dynamodb.sessionmanager.DynamoSessionStorage)	CtConstructorImpl	public
com.amazonaws.services.dynamodb.sessionmanager.ExpiredSessionReaper.sessionStorage	CtFieldReferenceImpl	private
com.amazonaws.services.dynamodb.sessionmanager.DynamoSessionStorage.loadSession(java.lang.String)	CtMethodImpl	public
org.apache.catalina.session.StoreBase.sm	CtFieldReferenceImpl	protected
com.amazonaws.services.dynamodb.sessionmanager.converters.DefaultTomcatSessionConverter.toSession(com.amazonaws.services.dynamodb.sessionmanager.DynamoSessionItem)	CtMethodImpl	public
com.amazonaws.services.dynamodb.sessionmanager.DynamoDBSessionManager.writeCapacityUnits	CtFieldReferenceImpl	private
org.apache.catalina.session.PersistentManagerBase.store	CtFieldReferenceImpl	protected
com.amazonaws.services.dynamodb.sessionmanager.DynamoSessionStorage.saveSession(org.apache.catalina.Session)	CtMethodImpl	public
com.amazonaws.services.dynamodb.sessionmanager.converters.DefaultTomcatSessionConverter.manager	CtFieldReferenceImpl	private
com.amazonaws.services.dynamodb.sessionmanager.DynamoDBSessionManager.deleteCorruptSessions	CtFieldReferenceImpl	private
com.amazonaws.services.dynamodb.sessionmanager.DynamoSessionItem.sessionData	CtFieldReferenceImpl	private
com.amazonaws.services.dynamodb.sessionmanager.DynamoSessionStorage	CtClassImpl	public
com.amazonaws.services.dynamodb.sessionmanager.DynamoDBSessionManager.createSessionStorage(com.amazonaws.services.dynamodbv2.AmazonDynamoDBClient)	CtMethodImpl	private
com.amazonaws.services.dynamodb.sessionmanager.ExpiredSessionReaperExecutor.shutdown()	CtMethodImpl	public
com.amazonaws.services.dynamodb.sessionmanager.converters.SessionConverter.createDefaultSessionConverter(org.apache.catalina.Manager,java.lang.ClassLoader)	CtMethodImpl	public
com.amazonaws.services.dynamodb.sessionmanager.DynamoDBSessionManager.name	CtFieldReferenceImpl	private
com.amazonaws.services.dynamodb.sessionmanager.util.ValidatorUtils.nonNull(java.lang.Object,java.lang.String)	CtMethodImpl	public
com.amazonaws.services.dynamodb.sessionmanager.ExpiredSessionReaper.canSessionExpire(org.apache.catalina.Session)	CtMethodImpl	private
org.apache.catalina.session.PersistentManagerBase.maxIdleBackup	CtFieldReferenceImpl	protected
org.apache.catalina.Lifecycle.AFTER_START_EVENT	CtFieldReferenceImpl	package-private
com.amazonaws.services.dynamodb.sessionmanager.DynamoDBSessionManager.endpoint	CtFieldReferenceImpl	private
com.amazonaws.services.dynamodb.sessionmanager.converters.DefaultTomcatSessionConverter.classLoader	CtFieldReferenceImpl	private
com.amazonaws.services.dynamodb.sessionmanager.DynamoDBSessionManager.getName()	CtMethodImpl	public
org.apache.catalina.session.PersistentManagerBase.name	CtFieldReferenceImpl	private
com.amazonaws.services.dynamodb.sessionmanager.DynamoDBSessionStore.logger	CtFieldReferenceImpl	private
com.amazonaws.services.dynamodb.sessionmanager.DynamoDBSessionStore.deleteCorruptSessions	CtFieldReferenceImpl	private
org.apache.catalina.Lifecycle.BEFORE_STOP_EVENT	CtFieldReferenceImpl	package-private
com.amazonaws.services.dynamodb.sessionmanager.DynamoSessionStorage.mapper	CtFieldReferenceImpl	private
com.amazonaws.services.dynamodb.sessionmanager.DynamoDBSessionManager.logger	CtFieldReferenceImpl	private
com.amazonaws.services.dynamodb.sessionmanager.DynamoDBSessionManager.setCreateIfNotExist(boolean)	CtMethodImpl	public
com.amazonaws.services.dynamodb.sessionmanager.SessionConverterIterable.getIteratorSafe(java.lang.Iterable<T>)	CtMethodImpl	private
com.amazonaws.services.dynamodb.sessionmanager.DynamoDBSessionManager.tableName	CtFieldReferenceImpl	private
com.amazonaws.services.dynamodb.sessionmanager.converters.SessionConverter.toSessionItem(org.apache.catalina.Session)	CtMethodImpl	public
org.apache.catalina.session.ManagerBase.expiredSessions	CtFieldReferenceImpl	protected
org.apache.catalina.Lifecycle.STOP_EVENT	CtFieldReferenceImpl	package-private
com.amazonaws.services.dynamodb.sessionmanager.DynamoDBSessionStore.keys()	CtMethodImpl	public
com.amazonaws.services.dynamodb.sessionmanager.ExpiredSessionReaperExecutor.executor	CtFieldReferenceImpl	private
com.amazonaws.services.dynamodb.sessionmanager.DynamoDBSessionManager.credentialsFile	CtFieldReferenceImpl	private
com.amazonaws.services.dynamodb.sessionmanager.DynamoSessionItem.setSessionData(java.nio.ByteBuffer)	CtMethodImpl	public
com.amazonaws.services.dynamodb.sessionmanager.DynamoSessionStorage.listSessions()	CtMethodImpl	public
com.amazonaws.services.dynamodb.sessionmanager.DynamoDBSessionManager.DEFAULT_TABLE_NAME	CtFieldReferenceImpl	public
com.amazonaws.services.dynamodb.sessionmanager.ExpiredSessionReaper.run()	CtMethodImpl	public
com.amazonaws.services.dynamodb.sessionmanager.DynamoDBSessionManager.credentialsExistInContextConfig()	CtMethodImpl	private
org.apache.catalina.session.ManagerBase.processingTime	CtFieldReferenceImpl	protected
com.amazonaws.services.dynamodb.sessionmanager.converters.DefaultDynamoSessionItemConverter.toSessionItem(org.apache.catalina.Session)	CtMethodImpl	public
org.apache.catalina.session.ManagerBase.sessionCreationTiming	CtFieldReferenceImpl	protected
com.amazonaws.services.dynamodb.sessionmanager.DynamoDBSessionManager.proxyPort	CtFieldReferenceImpl	private
org.apache.catalina.util.LifecycleMBeanBase.oname	CtFieldReferenceImpl	private
com.amazonaws.services.dynamodb.sessionmanager.DynamoDBSessionManager.getSessionConverter()	CtMethodImpl	private
com.amazonaws.services.dynamodb.sessionmanager.util.ValidatorUtils	CtClassImpl	public
com.amazonaws.services.dynamodb.sessionmanager.converters.SessionConverter.toDynamo	CtFieldReferenceImpl	private
org.apache.catalina.util.LifecycleMBeanBase.mserver	CtFieldReferenceImpl	protected
com.amazonaws.services.dynamodb.sessionmanager.DynamoDBSessionManager.createDynamoClient()	CtMethodImpl	private
com.amazonaws.services.dynamodb.sessionmanager.DynamoDBSessionManager()	CtConstructorImpl	public
com.amazonaws.services.dynamodb.sessionmanager.DynamoDBSessionManager.setProxyPort(java.lang.Integer)	CtMethodImpl	public
com.amazonaws.services.dynamodb.sessionmanager.DynamoDBSessionStore.save(org.apache.catalina.Session)	CtMethodImpl	public
com.amazonaws.services.dynamodb.sessionmanager.DynamoDBSessionManager.setDeleteCorruptSessions(boolean)	CtMethodImpl	public
com.amazonaws.services.dynamodb.sessionmanager.DynamoDBSessionStore.info	CtFieldReferenceImpl	private
org.apache.catalina.Lifecycle.CONFIGURE_STOP_EVENT	CtFieldReferenceImpl	package-private
com.amazonaws.services.dynamodb.sessionmanager.DynamoSessionStorage.SessionConverterIterable	CtClassImpl	private
com.amazonaws.services.dynamodb.sessionmanager.DynamoDBSessionManager.initClientConfiguration()	CtMethodImpl	private
org.apache.catalina.util.LifecycleBase.lifecycle	CtFieldReferenceImpl	private
org.apache.catalina.session.ManagerBase.distributable	CtFieldReferenceImpl	protected
com.amazonaws.services.dynamodb.sessionmanager.DynamoDBSessionManager.initDynamoTable(com.amazonaws.services.dynamodbv2.AmazonDynamoDBClient)	CtMethodImpl	private
com.amazonaws.services.dynamodb.sessionmanager.DynamoSessionStorage$SessionConverterIterator(java.util.Iterator<com.amazonaws.services.dynamodb.sessionmanager.DynamoSessionItem>)	CtConstructorImpl	private
com.amazonaws.services.dynamodb.sessionmanager.ExpiredSessionReaperExecutor$ExpiredSessionReaperThreadFactory()	CtConstructorImpl	private
com.amazonaws.services.dynamodb.sessionmanager.DynamoSessionItem()	CtConstructorImpl	public
com.amazonaws.services.dynamodb.sessionmanager.DynamoDBSessionStore.sessionIds	CtFieldReferenceImpl	private
org.apache.catalina.session.ManagerBase.sessions	CtFieldReferenceImpl	protected
org.apache.catalina.session.ManagerBase.maxInactiveInterval	CtFieldReferenceImpl	protected
com.amazonaws.services.dynamodb.sessionmanager.DynamoDBSessionStore.clear()	CtMethodImpl	public
com.amazonaws.services.dynamodb.sessionmanager.DynamoDBSessionStore.load(java.lang.String)	CtMethodImpl	public
com.amazonaws.services.dynamodb.sessionmanager.DynamoDBSessionManager.USER_AGENT	CtFieldReferenceImpl	private
com.amazonaws.services.dynamodb.sessionmanager.ExpiredSessionReaperExecutor.REAP_FREQUENCY_HOURS	CtFieldReferenceImpl	private
org.apache.catalina.session.ManagerBase.maxActive	CtFieldReferenceImpl	protected
org.apache.catalina.session.ManagerBase.sm	CtFieldReferenceImpl	protected
com.amazonaws.services.dynamodb.sessionmanager.converters.SessionConverter	CtClassImpl	public
org.apache.catalina.session.ManagerBase.count	CtFieldReferenceImpl	private
org.apache.catalina.session.ManagerBase.log	CtFieldReferenceImpl	private
com.amazonaws.services.dynamodb.sessionmanager.SessionConverterIterator.remove()	CtMethodImpl	public
com.amazonaws.services.dynamodb.sessionmanager.DynamoSessionStorage.SessionConverterIterator.sessionItemterator	CtFieldReferenceImpl	private
