method	type	visibility
com.nfbsoftware.ab.model.AbData.m_adopt_year	CtFieldReferenceImpl	private
com.nfbsoftware.ab.AcademicBenchmarksClient.getSearchStandards(java.lang.String,java.lang.String,int,int)	CtMethodImpl	public
com.nfbsoftware.ab.model.AbResource.setData(com.nfbsoftware.ab.model.AbData)	CtMethodImpl	public
com.nfbsoftware.ab.model.AbData.m_number	CtFieldReferenceImpl	private
com.nfbsoftware.ab.model.Standard.getAdopt_year()	CtMethodImpl	public
com.nfbsoftware.util.WebPost()	CtConstructorImpl	public
com.nfbsoftware.ab.model.Course.getGuid()	CtMethodImpl	public
com.nfbsoftware.ab.model.Standard.getStatus()	CtMethodImpl	public
com.nfbsoftware.util.StringUtil.emptyIfNull(java.lang.String)	CtMethodImpl	public
com.nfbsoftware.util.WebPost.2	CtClassImpl	package-private
com.nfbsoftware.ab.model.Grade()	CtConstructorImpl	public
com.nfbsoftware.ab.model.AbData.setLabel(java.lang.String)	CtMethodImpl	public
com.nfbsoftware.ab.model.Parent.m_placeholder	CtFieldReferenceImpl	private
com.nfbsoftware.ab.model.Standard.m_subjectDocDescr	CtFieldReferenceImpl	private
com.nfbsoftware.ab.model.Parent.setLabel(java.lang.String)	CtMethodImpl	public
com.nfbsoftware.ab.model.AbResponse.m_resources	CtFieldReferenceImpl	private
com.nfbsoftware.ab.model.SubjectDocument.setDescr(java.lang.String)	CtMethodImpl	public
com.nfbsoftware.ab.AcademicBenchmarksClient.HASH_ALGORITHM	CtFieldReferenceImpl	private
com.nfbsoftware.ab.model.Standard.setStatus(java.lang.String)	CtMethodImpl	public
com.nfbsoftware.ab.model.AbResource()	CtConstructorImpl	public
com.nfbsoftware.ab.model.AbData.setDate_modified(java.lang.String)	CtMethodImpl	public
com.nfbsoftware.ab.model.AbData.getSeq()	CtMethodImpl	public
com.nfbsoftware.ab.model.AbData.m_subject_doc	CtFieldReferenceImpl	private
com.nfbsoftware.util.WebPost.addRequestParameters(java.lang.String)	CtMethodImpl	private
com.nfbsoftware.util.StringUtil.stripHTML(java.lang.String)	CtMethodImpl	public
com.nfbsoftware.util.NfbUUID.generateUniqueNumber(int)	CtMethodImpl	public
com.nfbsoftware.util.StringUtil.hexChar	CtFieldReferenceImpl	public
com.nfbsoftware.ab.model.AbResponse.m_took	CtFieldReferenceImpl	private
com.nfbsoftware.ab.model.Standard.setSubjectDocGuid(java.lang.String)	CtMethodImpl	public
com.nfbsoftware.ab.model.Standard.getSeq()	CtMethodImpl	public
com.nfbsoftware.util.WebPost.secureReceive()	CtMethodImpl	public
com.nfbsoftware.ab.model.Parent.setDeepest(java.lang.String)	CtMethodImpl	public
com.nfbsoftware.ab.model.AbData.setAdopt_year(java.lang.String)	CtMethodImpl	public
com.nfbsoftware.util.NfbUUID.generateGUID()	CtMethodImpl	public
com.nfbsoftware.util.WebPost.m_inputStream	CtFieldReferenceImpl	private
com.nfbsoftware.ab.model.Standard.setSubjectDescr(java.lang.String)	CtMethodImpl	public
com.nfbsoftware.ab.AcademicBenchmarksClient.logger	CtFieldReferenceImpl	private
com.nfbsoftware.util.StringUtil.toHexString(byte[])	CtMethodImpl	public
com.nfbsoftware.ab.model.Parent.getVersion()	CtMethodImpl	public
com.nfbsoftware.ab.AcademicBenchmarksClient.m_signatureLifespanMinutes	CtFieldReferenceImpl	private
com.nfbsoftware.ab.AcademicBenchmarksClient.getCoursesByAuthorityDocumentSubjectDoc(java.lang.String,java.lang.String,java.lang.String,int,int)	CtMethodImpl	public
com.nfbsoftware.ab.AcademicBenchmarksClient.m_partnerId	CtFieldReferenceImpl	private
com.nfbsoftware.ab.model.Standard.getGuid()	CtMethodImpl	public
com.nfbsoftware.ab.model.Status.getCategory()	CtMethodImpl	public
com.nfbsoftware.ab.model.Parent.m_status	CtFieldReferenceImpl	private
com.nfbsoftware.ab.AcademicBenchmarksClient.getSignatureHash(java.lang.String)	CtMethodImpl	private
com.nfbsoftware.ab.model.AbResponse.setStatus(com.nfbsoftware.ab.model.Status)	CtMethodImpl	public
com.nfbsoftware.ab.model.AbData.setVersion(java.lang.String)	CtMethodImpl	public
com.nfbsoftware.ab.model.AbData.getGuid()	CtMethodImpl	public
com.nfbsoftware.ab.model.Grade.getHi()	CtMethodImpl	public
com.nfbsoftware.ab.model.Standard()	CtConstructorImpl	public
com.nfbsoftware.ab.model.Standard.m_seq	CtFieldReferenceImpl	private
com.nfbsoftware.ab.model.SubjectDocument.getDescr()	CtMethodImpl	public
com.nfbsoftware.util.StringUtil.EMPTY_STRING	CtFieldReferenceImpl	public
com.nfbsoftware.ab.model.AbResponse	CtClassImpl	public
com.nfbsoftware.ab.AcademicBenchmarksClient(java.lang.String,java.lang.String,java.lang.String)	CtConstructorImpl	public
com.nfbsoftware.ab.model.AbResponse.setFirst(java.lang.String)	CtMethodImpl	public
com.nfbsoftware.ab.AcademicBenchmarksClient.getSearchStandardsCount(java.lang.String,java.lang.String)	CtMethodImpl	public
com.nfbsoftware.ab.model.Standard.getSelf()	CtMethodImpl	public
com.nfbsoftware.ab.model.Grade.serialVersionUID	CtFieldReferenceImpl	private
com.nfbsoftware.ab.model.Standard.getStem()	CtMethodImpl	public
com.nfbsoftware.ab.model.AbData.m_course	CtFieldReferenceImpl	private
com.nfbsoftware.ab.model.AbResponse.setResources(java.util.List<com.nfbsoftware.ab.model.AbResource>)	CtMethodImpl	public
com.nfbsoftware.ab.model.AbData.setDeepest(java.lang.String)	CtMethodImpl	public
com.nfbsoftware.ab.model.Status.setEmsg(java.lang.String)	CtMethodImpl	public
com.nfbsoftware.util.StringUtil.stringPreview(java.lang.String)	CtMethodImpl	public
com.nfbsoftware.ab.model.AbResponse.getPrevious()	CtMethodImpl	public
com.nfbsoftware.ab.model.Standard.m_authorityCode	CtFieldReferenceImpl	private
com.nfbsoftware.ab.model.Standard.m_self	CtFieldReferenceImpl	private
com.nfbsoftware.ab.model.Course()	CtConstructorImpl	public
com.nfbsoftware.ab.model.Standard.m_courseDescr	CtFieldReferenceImpl	private
com.nfbsoftware.ab.model.Parent.getPlaceholder()	CtMethodImpl	public
com.nfbsoftware.ab.model.Standard.m_label	CtFieldReferenceImpl	private
com.nfbsoftware.ab.model.Grade.getLo()	CtMethodImpl	public
com.nfbsoftware.ab.model.AbData.getDocument()	CtMethodImpl	public
com.nfbsoftware.ab.model.Parent.m_date_modified	CtFieldReferenceImpl	private
com.nfbsoftware.ab.model.AbResponse.getFirst()	CtMethodImpl	public
com.nfbsoftware.util.WebPost.m_outputStream	CtFieldReferenceImpl	private
com.nfbsoftware.ab.model.Course.setDescr(java.lang.String)	CtMethodImpl	public
com.nfbsoftware.ab.model.Standard.getExtended_descr()	CtMethodImpl	public
com.nfbsoftware.ab.model.Standard.getPlaceholder()	CtMethodImpl	public
com.nfbsoftware.ab.model.Status.m_emsg	CtFieldReferenceImpl	private
com.nfbsoftware.ab.model.AbData.getSubject_doc()	CtMethodImpl	public
com.nfbsoftware.ab.model.SubjectDocument.setGuid(java.lang.String)	CtMethodImpl	public
com.nfbsoftware.ab.model.AbData.getId()	CtMethodImpl	public
com.nfbsoftware.ab.model.AbData.setParent(com.nfbsoftware.ab.model.Parent)	CtMethodImpl	public
com.nfbsoftware.ab.model.Parent.m_extended_descr	CtFieldReferenceImpl	private
com.nfbsoftware.ab.model.Parent.m_level	CtFieldReferenceImpl	private
com.nfbsoftware.util.WebPost.disconnect()	CtMethodImpl	public
com.nfbsoftware.ab.AcademicBenchmarksClient.getCoursesByAuthorityAndSubject(java.lang.String,java.lang.String,int,int)	CtMethodImpl	public
com.nfbsoftware.ab.model.AbData.setSubject(com.nfbsoftware.ab.model.Subject)	CtMethodImpl	public
com.nfbsoftware.ab.model.Authority.m_code	CtFieldReferenceImpl	private
com.nfbsoftware.ab.model.AbResponse.getOffset()	CtMethodImpl	public
com.nfbsoftware.ab.model.AbData.m_deepest	CtFieldReferenceImpl	private
com.nfbsoftware.ab.model.Status.setCategory(java.lang.String)	CtMethodImpl	public
com.nfbsoftware.ab.model.Parent.m_version	CtFieldReferenceImpl	private
com.nfbsoftware.util.WebPost.1	CtClassImpl	package-private
com.nfbsoftware.ab.model.AbResponse.getTook()	CtMethodImpl	public
com.nfbsoftware.ab.model.Standard.m_number	CtFieldReferenceImpl	private
com.nfbsoftware.ab.model.Parent.setStem(java.lang.String)	CtMethodImpl	public
com.nfbsoftware.ab.model.SubjectDocument.getGuid()	CtMethodImpl	public
com.nfbsoftware.ab.model.AbData.setPlaceholder(java.lang.String)	CtMethodImpl	public
com.nfbsoftware.util.WebPost.connect(java.lang.String,java.lang.String,java.lang.String,java.lang.String)	CtMethodImpl	public
com.nfbsoftware.ab.model.Authority.m_guid	CtFieldReferenceImpl	private
com.nfbsoftware.ab.model.Standard.getVersion()	CtMethodImpl	public
com.nfbsoftware.ab.model.AbData.getNumber()	CtMethodImpl	public
com.nfbsoftware.ab.model.Standard.getSubjectCode()	CtMethodImpl	public
com.nfbsoftware.util.WebPost.m_httpUrlConnection	CtFieldReferenceImpl	private
com.nfbsoftware.ab.model.Standard.m_descr	CtFieldReferenceImpl	private
com.nfbsoftware.ab.AcademicBenchmarksClient.createNewSignature()	CtMethodImpl	private
com.nfbsoftware.ab.model.AbData.getCourse()	CtMethodImpl	public
com.nfbsoftware.ab.model.Parent.setNumber(java.lang.String)	CtMethodImpl	public
com.nfbsoftware.ab.AcademicBenchmarksClient.getDocuments(int,int)	CtMethodImpl	public
com.nfbsoftware.ab.model.AbResponse.m_type	CtFieldReferenceImpl	private
com.nfbsoftware.ab.model.AbResponse.getResources()	CtMethodImpl	public
com.nfbsoftware.ab.model.AbResponse.m_next	CtFieldReferenceImpl	private
com.nfbsoftware.ab.model.Document	CtClassImpl	public
com.nfbsoftware.ab.AcademicBenchmarksClient.getGradesByAuthority(java.lang.String,int,int)	CtMethodImpl	public
com.nfbsoftware.ab.model.AbResponse.getStatus()	CtMethodImpl	public
com.nfbsoftware.util.WebPost.getHeaderPropertyList(java.lang.String)	CtMethodImpl	public
com.nfbsoftware.ab.model.Grade.getDescr()	CtMethodImpl	public
com.nfbsoftware.ab.model.AbData.m_level	CtFieldReferenceImpl	private
com.nfbsoftware.ab.model.Status.setImsg(java.lang.String)	CtMethodImpl	public
com.nfbsoftware.ab.AcademicBenchmarksClient(java.lang.String,java.lang.String,java.lang.String,int)	CtConstructorImpl	public
com.nfbsoftware.ab.model.AbData.m_version	CtFieldReferenceImpl	private
com.nfbsoftware.ab.model.Document()	CtConstructorImpl	public
com.nfbsoftware.ab.model.Standard.setAuthorityGuid(java.lang.String)	CtMethodImpl	public
com.nfbsoftware.ab.model.Standard.setDocumentGuid(java.lang.String)	CtMethodImpl	public
com.nfbsoftware.ab.model.Parent.serialVersionUID	CtFieldReferenceImpl	private
com.nfbsoftware.ab.model.AbResponse.setLimit(int)	CtMethodImpl	public
com.nfbsoftware.ab.model.Parent.setVersion(java.lang.String)	CtMethodImpl	public
com.nfbsoftware.util.NfbUUID	CtClassImpl	public
com.nfbsoftware.ab.model.AbResource.serialVersionUID	CtFieldReferenceImpl	private
com.nfbsoftware.ab.AcademicBenchmarksClient.getGrades(int,int)	CtMethodImpl	public
com.nfbsoftware.ab.model.AbData.m_authority	CtFieldReferenceImpl	private
com.nfbsoftware.ab.model.Parent.getNumber()	CtMethodImpl	public
com.nfbsoftware.ab.model.AbData.m_status	CtFieldReferenceImpl	private
com.nfbsoftware.ab.model.Standard.setStem(java.lang.String)	CtMethodImpl	public
com.nfbsoftware.ab.model.AbData.setDescr(java.lang.String)	CtMethodImpl	public
com.nfbsoftware.ab.model.AbData.m_seq	CtFieldReferenceImpl	private
com.nfbsoftware.ab.model.Standard.m_standardLevel	CtFieldReferenceImpl	private
com.nfbsoftware.ab.model.SubjectDocument.serialVersionUID	CtFieldReferenceImpl	private
com.nfbsoftware.ab.model.Authority.setGuid(java.lang.String)	CtMethodImpl	public
com.nfbsoftware.ab.model.Status.setCode(int)	CtMethodImpl	public
com.nfbsoftware.util.StringUtil.isNullOrEmpty(java.lang.String)	CtMethodImpl	public
com.nfbsoftware.ab.AcademicBenchmarksClient.getSubjectsByAuthorityAndDocument(java.lang.String,java.lang.String,int,int)	CtMethodImpl	public
com.nfbsoftware.util.WebPost.m_url	CtFieldReferenceImpl	private
com.nfbsoftware.util.WebPost.m_headerPropertiesMap	CtFieldReferenceImpl	private
com.nfbsoftware.ab.model.Subject.setCode(java.lang.String)	CtMethodImpl	public
com.nfbsoftware.ab.model.Course	CtClassImpl	public
com.nfbsoftware.ab.model.Course.getDescr()	CtMethodImpl	public
com.nfbsoftware.ab.model.AbData.getStem()	CtMethodImpl	public
com.nfbsoftware.ab.model.AbResponse.getCount()	CtMethodImpl	public
com.nfbsoftware.ab.model.Parent	CtClassImpl	public
com.nfbsoftware.ab.model.Parent.m_descr	CtFieldReferenceImpl	private
com.nfbsoftware.ab.AcademicBenchmarksClient.getGradesByAuthorityAndSubject(java.lang.String,java.lang.String,int,int)	CtMethodImpl	public
com.nfbsoftware.ab.model.Parent.setStatus(java.lang.String)	CtMethodImpl	public
com.nfbsoftware.ab.model.Status.m_category	CtFieldReferenceImpl	private
com.nfbsoftware.ab.AcademicBenchmarksClient.getStandardDocument(com.nfbsoftware.ab.model.Standard)	CtMethodImpl	public
com.nfbsoftware.ab.model.Standard.getLabel()	CtMethodImpl	public
com.nfbsoftware.ab.model.Status.m_imsg	CtFieldReferenceImpl	private
com.nfbsoftware.ab.model.Parent.setDate_modified(java.lang.String)	CtMethodImpl	public
com.nfbsoftware.ab.model.AbData.getAuthority()	CtMethodImpl	public
com.nfbsoftware.ab.model.Standard.m_documentGuid	CtFieldReferenceImpl	private
com.nfbsoftware.util.WebPost.securePost(java.lang.String)	CtMethodImpl	public
com.nfbsoftware.ab.model.AbData.setSelf(java.lang.String)	CtMethodImpl	public
com.nfbsoftware.ab.model.Standard.setExtended_descr(java.lang.String)	CtMethodImpl	public
com.nfbsoftware.ab.AcademicBenchmarksClient.getTopLevelStandardByChild(com.nfbsoftware.ab.model.Standard)	CtMethodImpl	public
com.nfbsoftware.ab.model.AbData.setNumber(java.lang.String)	CtMethodImpl	public
com.nfbsoftware.ab.AcademicBenchmarksClient.getStandard(java.lang.String)	CtMethodImpl	public
com.nfbsoftware.ab.model.Course.m_descr	CtFieldReferenceImpl	private
com.nfbsoftware.ab.model.Document.getGuid()	CtMethodImpl	public
com.nfbsoftware.ab.model.Standard.m_placeholder	CtFieldReferenceImpl	private
com.nfbsoftware.ab.model.Standard.setNumber(java.lang.String)	CtMethodImpl	public
com.nfbsoftware.ab.model.Standard.getStandards()	CtMethodImpl	public
com.nfbsoftware.ab.model.Standard.setSeq(java.lang.String)	CtMethodImpl	public
com.nfbsoftware.util.StringUtil.parseString(java.lang.String,java.lang.String)	CtMethodImpl	public
com.nfbsoftware.ab.model.Grade.setDescr(java.lang.String)	CtMethodImpl	public
com.nfbsoftware.ab.model.AbResponse.m_limit	CtFieldReferenceImpl	private
com.nfbsoftware.ab.model.Parent.setSeq(java.lang.String)	CtMethodImpl	public
com.nfbsoftware.ab.model.AbData.m_id	CtFieldReferenceImpl	private
com.nfbsoftware.ab.model.AbData.getLevel()	CtMethodImpl	public
com.nfbsoftware.ab.model.Status.m_code	CtFieldReferenceImpl	private
com.nfbsoftware.ab.model.Standard.getCourseDescr()	CtMethodImpl	public
com.nfbsoftware.ab.model.Standard.getAuthorityDescr()	CtMethodImpl	public
com.nfbsoftware.util.StringUtil.replaceSubstr(java.lang.String,java.lang.String,java.lang.String)	CtMethodImpl	public
com.nfbsoftware.ab.model.AbData.m_subject	CtFieldReferenceImpl	private
com.nfbsoftware.ab.model.AbData.getSubject()	CtMethodImpl	public
com.nfbsoftware.ab.model.Parent.setDescr(java.lang.String)	CtMethodImpl	public
com.nfbsoftware.ab.AcademicBenchmarksClient.getTopParent(com.nfbsoftware.ab.model.Standard)	CtMethodImpl	private
com.nfbsoftware.ab.model.Standard.setStandards(java.util.List<com.nfbsoftware.ab.model.Standard>)	CtMethodImpl	public
com.nfbsoftware.ab.model.Parent.setPlaceholder(java.lang.String)	CtMethodImpl	public
com.nfbsoftware.ab.model.Standard.setLabel(java.lang.String)	CtMethodImpl	public
com.nfbsoftware.util.StringUtil.stringPaddingAfter(java.lang.String,java.lang.String,int)	CtMethodImpl	public
com.nfbsoftware.ab.model.AbResponse.getType()	CtMethodImpl	public
com.nfbsoftware.ab.AcademicBenchmarksClient.getAuthority(java.lang.String)	CtMethodImpl	public
com.nfbsoftware.ab.model.Parent.setGuid(java.lang.String)	CtMethodImpl	public
com.nfbsoftware.util.StringUtil.replaceIfNull(java.lang.String,java.lang.String)	CtMethodImpl	public
com.nfbsoftware.ab.model.Standard.m_id	CtFieldReferenceImpl	private
com.nfbsoftware.util.WebPost.connect(java.lang.String,java.lang.String,java.lang.String,java.lang.String,java.lang.String)	CtMethodImpl	public
com.nfbsoftware.ab.model.Standard.setDocumentTitle(java.lang.String)	CtMethodImpl	public
com.nfbsoftware.ab.model.Document.m_guid	CtFieldReferenceImpl	private
com.nfbsoftware.ab.AcademicBenchmarksClient.getCourses(int,int)	CtMethodImpl	public
com.nfbsoftware.util.StringUtil.OnEmptyUseOther(java.lang.String,java.lang.String)	CtMethodImpl	public
com.nfbsoftware.ab.model.Standard.m_date_modified	CtFieldReferenceImpl	private
com.nfbsoftware.ab.model.SubjectDocument.m_guid	CtFieldReferenceImpl	private
com.nfbsoftware.util.WebPost.setRequestProperty(java.lang.String,java.lang.String)	CtMethodImpl	public
com.nfbsoftware.ab.model.Standard.m_courseGuid	CtFieldReferenceImpl	private
com.nfbsoftware.ab.AcademicBenchmarksClient.getSubjects(int,int)	CtMethodImpl	public
com.nfbsoftware.ab.model.AbResponse.m_last	CtFieldReferenceImpl	private
com.nfbsoftware.ab.model.Document.setTitle(java.lang.String)	CtMethodImpl	public
com.nfbsoftware.util.WebPost.secureConnect(java.lang.String,java.lang.String,java.lang.String)	CtMethodImpl	public
com.nfbsoftware.ab.model.Standard.setDescr(java.lang.String)	CtMethodImpl	public
com.nfbsoftware.ab.model.SubjectDocument	CtClassImpl	public
com.nfbsoftware.util.WebPost.connect(java.lang.String,java.lang.String,java.lang.String)	CtMethodImpl	public
com.nfbsoftware.ab.model.Standard.setStandardLevel(int)	CtMethodImpl	public
com.nfbsoftware.ab.model.Standard.m_version	CtFieldReferenceImpl	private
com.nfbsoftware.util.WebPost	CtClassImpl	public
com.nfbsoftware.util.WebPost.getHeaderProperty(java.lang.String)	CtMethodImpl	public
com.nfbsoftware.ab.model.AbData.setSeq(java.lang.String)	CtMethodImpl	public
com.nfbsoftware.ab.model.Standard.getAuthorityCode()	CtMethodImpl	public
com.nfbsoftware.ab.model.Standard.m_parentId	CtFieldReferenceImpl	private
com.nfbsoftware.ab.AcademicBenchmarksClient.m_userId	CtFieldReferenceImpl	private
com.nfbsoftware.ab.model.AbData.getAdopt_year()	CtMethodImpl	public
com.nfbsoftware.ab.model.AbResponse.m_status	CtFieldReferenceImpl	private
com.nfbsoftware.ab.model.Parent.m_guid	CtFieldReferenceImpl	private
com.nfbsoftware.ab.model.Parent.setLevel(int)	CtMethodImpl	public
com.nfbsoftware.util.WebPost.secureDisconnect()	CtMethodImpl	public
com.nfbsoftware.ab.model.Parent.getLevel()	CtMethodImpl	public
com.nfbsoftware.ab.model.Authority.getCode()	CtMethodImpl	public
com.nfbsoftware.ab.model.Document.m_title	CtFieldReferenceImpl	private
com.nfbsoftware.ab.model.AbData.setStatus(java.lang.String)	CtMethodImpl	public
com.nfbsoftware.util.StringUtil	CtClassImpl	public
com.nfbsoftware.ab.AcademicBenchmarksClient.AB_API_URL_V3	CtFieldReferenceImpl	private
com.nfbsoftware.ab.model.Standard.setDate_modified(java.lang.String)	CtMethodImpl	public
com.nfbsoftware.ab.model.AbData.m_placeholder	CtFieldReferenceImpl	private
com.nfbsoftware.ab.model.Standard.getCourseGuid()	CtMethodImpl	public
com.nfbsoftware.ab.model.Standard.m_guid	CtFieldReferenceImpl	private
com.nfbsoftware.ab.AcademicBenchmarksClient.getDocumentsByAuthorityAndSubject(java.lang.String,java.lang.String,int,int)	CtMethodImpl	public
com.nfbsoftware.ab.model.AbResponse.setLast(java.lang.String)	CtMethodImpl	public
com.nfbsoftware.ab.model.Standard.setAdopt_year(java.lang.String)	CtMethodImpl	public
com.nfbsoftware.ab.model.AbData.setSubject_doc(com.nfbsoftware.ab.model.SubjectDocument)	CtMethodImpl	public
com.nfbsoftware.ab.model.Authority.setDescr(java.lang.String)	CtMethodImpl	public
com.nfbsoftware.ab.model.AbData.getParent()	CtMethodImpl	public
com.nfbsoftware.ab.model.Standard.getNumber()	CtMethodImpl	public
com.nfbsoftware.ab.model.AbData.getExtended_descr()	CtMethodImpl	public
com.nfbsoftware.ab.model.Document.setGuid(java.lang.String)	CtMethodImpl	public
com.nfbsoftware.ab.model.Standard.m_subjectDescr	CtFieldReferenceImpl	private
com.nfbsoftware.ab.model.AbResponse.serialVersionUID	CtFieldReferenceImpl	private
com.nfbsoftware.ab.model.Authority.setCode(java.lang.String)	CtMethodImpl	public
com.nfbsoftware.ab.model.Standard.m_extended_descr	CtFieldReferenceImpl	private
com.nfbsoftware.ab.model.AbData.getLabel()	CtMethodImpl	public
com.nfbsoftware.ab.model.AbResponse.getLast()	CtMethodImpl	public
com.nfbsoftware.ab.model.Grade.getCode()	CtMethodImpl	public
com.nfbsoftware.ab.model.Standard.getAuthorityGuid()	CtMethodImpl	public
com.nfbsoftware.ab.model.Standard.setPlaceholder(java.lang.String)	CtMethodImpl	public
com.nfbsoftware.util.StringUtil.split(java.lang.String,java.lang.String)	CtMethodImpl	public
com.nfbsoftware.ab.model.Parent.getDescr()	CtMethodImpl	public
com.nfbsoftware.ab.model.Authority	CtClassImpl	public
com.nfbsoftware.ab.model.AbResponse.setOffset(int)	CtMethodImpl	public
com.nfbsoftware.ab.model.Authority.getDescr()	CtMethodImpl	public
com.nfbsoftware.ab.model.Parent.getLabel()	CtMethodImpl	public
com.nfbsoftware.ab.AcademicBenchmarksClient.getAuthorities(int,int)	CtMethodImpl	public
com.nfbsoftware.ab.AcademicBenchmarksClient.getTopLevelStandards(java.lang.String,java.lang.String,java.lang.String,java.lang.String,int,int)	CtMethodImpl	public
com.nfbsoftware.ab.AcademicBenchmarksClient.getApiResponse(java.lang.String,java.lang.String,java.lang.String,java.lang.String,int,int)	CtMethodImpl	private
com.nfbsoftware.ab.model.Parent.getSeq()	CtMethodImpl	public
com.nfbsoftware.ab.model.AbResponse.m_first	CtFieldReferenceImpl	private
com.nfbsoftware.ab.model.Standard.getDescr()	CtMethodImpl	public
com.nfbsoftware.ab.model.SubjectDocument.m_descr	CtFieldReferenceImpl	private
com.nfbsoftware.ab.model.Status.getImsg()	CtMethodImpl	public
com.nfbsoftware.ab.model.AbResponse.getLimit()	CtMethodImpl	public
com.nfbsoftware.util.StringUtil.removeHTMLBlock(java.lang.String,java.lang.String)	CtMethodImpl	public
com.nfbsoftware.util.NfbUUID()	CtConstructorImpl	public
com.nfbsoftware.ab.model.Standard.m_deepest	CtFieldReferenceImpl	private
com.nfbsoftware.ab.model.AbData.getVersion()	CtMethodImpl	public
com.nfbsoftware.ab.model.AbResponse.m_previous	CtFieldReferenceImpl	private
com.nfbsoftware.ab.model.Status()	CtConstructorImpl	public
com.nfbsoftware.util.WebPost.setHeaderProperty(java.lang.String,java.lang.String)	CtMethodImpl	public
com.nfbsoftware.ab.model.Parent.m_stem	CtFieldReferenceImpl	private
com.nfbsoftware.ab.model.Parent.getGuid()	CtMethodImpl	public
com.nfbsoftware.ab.model.AbData.m_self	CtFieldReferenceImpl	private
com.nfbsoftware.ab.model.Standard.getDeepest()	CtMethodImpl	public
com.nfbsoftware.util.StringUtil.nullIfEmptyTrim(java.lang.String)	CtMethodImpl	public
com.nfbsoftware.util.WebPost.m_isConnected	CtFieldReferenceImpl	private
com.nfbsoftware.ab.AcademicBenchmarksClient.getDocumentsByAuthority(java.lang.String,int,int)	CtMethodImpl	public
com.nfbsoftware.ab.AcademicBenchmarksClient.getApiResponse(java.lang.String,java.lang.String,int,int)	CtMethodImpl	private
com.nfbsoftware.ab.model.AbResponse.setTook(int)	CtMethodImpl	public
com.nfbsoftware.ab.model.Authority()	CtConstructorImpl	public
com.nfbsoftware.ab.model.Standard.getDate_modified()	CtMethodImpl	public
com.nfbsoftware.ab.model.Standard.m_subjectCode	CtFieldReferenceImpl	private
com.nfbsoftware.ab.model.AbData.getDisplayName()	CtMethodImpl	public
com.nfbsoftware.ab.model.Standard.setParentId(java.lang.String)	CtMethodImpl	public
com.nfbsoftware.ab.model.Subject.serialVersionUID	CtFieldReferenceImpl	private
com.nfbsoftware.ab.model.AbData.m_parent	CtFieldReferenceImpl	private
com.nfbsoftware.ab.model.AbData.setExtended_descr(java.lang.String)	CtMethodImpl	public
com.nfbsoftware.ab.model.Standard.getId()	CtMethodImpl	public
com.nfbsoftware.ab.model.Grade	CtClassImpl	public
com.nfbsoftware.ab.model.Standard.getSubjectDocGuid()	CtMethodImpl	public
com.nfbsoftware.ab.AcademicBenchmarksClient.getSubjectDocumentsByAuthorityAndDocument(java.lang.String,java.lang.String,int,int)	CtMethodImpl	public
com.nfbsoftware.ab.model.AbData.getDescr()	CtMethodImpl	public
com.nfbsoftware.ab.model.Status.serialVersionUID	CtFieldReferenceImpl	private
com.nfbsoftware.ab.model.Document.serialVersionUID	CtFieldReferenceImpl	private
com.nfbsoftware.ab.model.AbData.m_label	CtFieldReferenceImpl	private
com.nfbsoftware.ab.model.AbData.getGrade()	CtMethodImpl	public
com.nfbsoftware.util.WebPost.getHeaderProperties()	CtMethodImpl	public
com.nfbsoftware.ab.model.AbData.serialVersionUID	CtFieldReferenceImpl	private
com.nfbsoftware.ab.model.AbData.m_date_modified	CtFieldReferenceImpl	private
com.nfbsoftware.util.WebPost.finalize()	CtMethodImpl	protected
com.nfbsoftware.ab.model.Standard.getStandardLevel()	CtMethodImpl	public
com.nfbsoftware.util.StringUtil.replaceIfNullOrError(java.lang.String,java.lang.String)	CtMethodImpl	public
com.nfbsoftware.ab.model.Standard.m_standards	CtFieldReferenceImpl	private
com.nfbsoftware.ab.model.Parent()	CtConstructorImpl	public
com.nfbsoftware.ab.model.Standard.serialVersionUID	CtFieldReferenceImpl	private
com.nfbsoftware.ab.model.Grade.setCode(java.lang.String)	CtMethodImpl	public
com.nfbsoftware.ab.model.Status.getEmsg()	CtMethodImpl	public
com.nfbsoftware.util.NfbUUID.generateGUIDOfLength(int)	CtMethodImpl	public
com.nfbsoftware.ab.model.Course.serialVersionUID	CtFieldReferenceImpl	private
com.nfbsoftware.util.StringUtil.isNullOrEmptyTrim(java.lang.String)	CtMethodImpl	public
com.nfbsoftware.ab.model.Standard.m_authorityGuid	CtFieldReferenceImpl	private
com.nfbsoftware.ab.AcademicBenchmarksClient.getDomains(java.lang.String,java.lang.String,java.lang.String,java.lang.String,int,int)	CtMethodImpl	public
com.nfbsoftware.util.StringUtil.nullIfEmpty(java.lang.String)	CtMethodImpl	public
com.nfbsoftware.ab.model.AbResponse.m_offset	CtFieldReferenceImpl	private
com.nfbsoftware.ab.model.Parent.m_number	CtFieldReferenceImpl	private
com.nfbsoftware.ab.AcademicBenchmarksClient.getStandardChildredData(java.lang.String,int,int)	CtMethodImpl	public
com.nfbsoftware.ab.model.AbData.m_descr	CtFieldReferenceImpl	private
com.nfbsoftware.util.WebPost.trustAllCerts	CtFieldReferenceImpl	package-private
com.nfbsoftware.ab.model.Parent.getDeepest()	CtMethodImpl	public
com.nfbsoftware.ab.model.Subject.setDescr(java.lang.String)	CtMethodImpl	public
com.nfbsoftware.ab.AcademicBenchmarksClient	CtClassImpl	public
com.nfbsoftware.ab.model.AbResponse()	CtConstructorImpl	public
com.nfbsoftware.ab.AcademicBenchmarksClient.getStandardChildred(java.lang.String,int,int)	CtMethodImpl	public
com.nfbsoftware.ab.model.AbData.setAuthority(com.nfbsoftware.ab.model.Authority)	CtMethodImpl	public
com.nfbsoftware.ab.model.AbData.setStem(java.lang.String)	CtMethodImpl	public
com.nfbsoftware.ab.model.Standard.setCourseDescr(java.lang.String)	CtMethodImpl	public
com.nfbsoftware.ab.model.AbData.m_stem	CtFieldReferenceImpl	private
com.nfbsoftware.ab.model.AbResponse.m_count	CtFieldReferenceImpl	private
com.nfbsoftware.ab.model.Standard.setGuid(java.lang.String)	CtMethodImpl	public
com.nfbsoftware.ab.model.Authority.m_descr	CtFieldReferenceImpl	private
com.nfbsoftware.ab.model.Status.getCode()	CtMethodImpl	public
com.nfbsoftware.ab.model.Standard.setSubjectDocDescr(java.lang.String)	CtMethodImpl	public
com.nfbsoftware.ab.model.Parent.m_label	CtFieldReferenceImpl	private
com.nfbsoftware.ab.model.AbResponse.setType(java.lang.String)	CtMethodImpl	public
com.nfbsoftware.ab.model.Grade.m_lo	CtFieldReferenceImpl	private
com.nfbsoftware.util.WebPost.m_httpsUrlConnection	CtFieldReferenceImpl	private
com.nfbsoftware.ab.model.AbData()	CtConstructorImpl	public
com.nfbsoftware.ab.model.AbData.setGuid(java.lang.String)	CtMethodImpl	public
com.nfbsoftware.ab.model.AbResource.m_data	CtFieldReferenceImpl	private
com.nfbsoftware.ab.model.Parent.getStatus()	CtMethodImpl	public
com.nfbsoftware.ab.model.AbData	CtClassImpl	public
com.nfbsoftware.ab.model.Subject	CtClassImpl	public
com.nfbsoftware.ab.model.Grade.m_code	CtFieldReferenceImpl	private
com.nfbsoftware.ab.model.Standard.setCourseGuid(java.lang.String)	CtMethodImpl	public
com.nfbsoftware.util.StringUtil.stringPaddingBefore(java.lang.String,java.lang.String,int)	CtMethodImpl	public
com.nfbsoftware.ab.AcademicBenchmarksClient.m_partnerKey	CtFieldReferenceImpl	private
com.nfbsoftware.ab.model.AbResource.getData()	CtMethodImpl	public
com.nfbsoftware.ab.model.Parent.getExtended_descr()	CtMethodImpl	public
com.nfbsoftware.ab.AcademicBenchmarksClient.getSubjectsByAuthority(java.lang.String,int,int)	CtMethodImpl	public
com.nfbsoftware.ab.model.Parent.m_seq	CtFieldReferenceImpl	private
com.nfbsoftware.ab.model.AbData.m_extended_descr	CtFieldReferenceImpl	private
com.nfbsoftware.ab.model.Standard.m_adopt_year	CtFieldReferenceImpl	private
com.nfbsoftware.ab.model.Parent.getDate_modified()	CtMethodImpl	public
com.nfbsoftware.ab.model.Standard.m_subjectDocGuid	CtFieldReferenceImpl	private
com.nfbsoftware.ab.model.Standard.setAuthorityCode(java.lang.String)	CtMethodImpl	public
com.nfbsoftware.ab.model.AbResponse.setPrevious(java.lang.String)	CtMethodImpl	public
com.nfbsoftware.ab.model.SubjectDocument()	CtConstructorImpl	public
com.nfbsoftware.ab.model.AbData.getDeepest()	CtMethodImpl	public
com.nfbsoftware.ab.model.Status	CtClassImpl	public
com.nfbsoftware.ab.model.Parent.m_deepest	CtFieldReferenceImpl	private
com.nfbsoftware.ab.model.AbResponse.getNext()	CtMethodImpl	public
com.nfbsoftware.ab.model.Subject.m_code	CtFieldReferenceImpl	private
com.nfbsoftware.util.WebPost.post(java.lang.String)	CtMethodImpl	public
com.nfbsoftware.ab.model.AbData.getSelf()	CtMethodImpl	public
com.nfbsoftware.ab.model.Subject.getCode()	CtMethodImpl	public
com.nfbsoftware.ab.model.AbData.m_document	CtFieldReferenceImpl	private
com.nfbsoftware.ab.model.AbData.m_grade	CtFieldReferenceImpl	private
com.nfbsoftware.util.WebPost.connect(java.lang.String)	CtMethodImpl	public
com.nfbsoftware.ab.AcademicBenchmarksClient.getStandardByNumber(java.lang.String,java.lang.String)	CtMethodImpl	public
com.nfbsoftware.ab.model.Parent.getStem()	CtMethodImpl	public
com.nfbsoftware.ab.model.Standard.m_status	CtFieldReferenceImpl	private
com.nfbsoftware.ab.model.Standard.getSubjectDocDescr()	CtMethodImpl	public
com.nfbsoftware.ab.model.Grade.m_descr	CtFieldReferenceImpl	private
com.nfbsoftware.util.NfbUUID.generateUniqueNumber()	CtMethodImpl	public
com.nfbsoftware.ab.model.AbData.getPlaceholder()	CtMethodImpl	public
com.nfbsoftware.ab.model.AbData.setLevel(int)	CtMethodImpl	public
com.nfbsoftware.ab.model.Grade.setHi(java.lang.String)	CtMethodImpl	public
com.nfbsoftware.ab.model.AbData.getStatus()	CtMethodImpl	public
com.nfbsoftware.ab.model.Course.setGuid(java.lang.String)	CtMethodImpl	public
com.nfbsoftware.ab.model.Standard.getDocumentTitle()	CtMethodImpl	public
com.nfbsoftware.ab.model.AbData.m_guid	CtFieldReferenceImpl	private
com.nfbsoftware.ab.model.Standard.m_documentTitle	CtFieldReferenceImpl	private
com.nfbsoftware.ab.model.Standard.m_stem	CtFieldReferenceImpl	private
com.nfbsoftware.ab.model.Standard.getSubjectDescr()	CtMethodImpl	public
com.nfbsoftware.ab.model.Standard.getDocumentGuid()	CtMethodImpl	public
com.nfbsoftware.ab.model.Standard.setDeepest(java.lang.String)	CtMethodImpl	public
com.nfbsoftware.ab.model.AbData.setDocument(com.nfbsoftware.ab.model.Document)	CtMethodImpl	public
com.nfbsoftware.ab.AcademicBenchmarksClient.getCoursesByAuthority(java.lang.String,int,int)	CtMethodImpl	public
com.nfbsoftware.ab.model.Subject.getDescr()	CtMethodImpl	public
com.nfbsoftware.ab.model.AbResponse.setNext(java.lang.String)	CtMethodImpl	public
com.nfbsoftware.ab.model.Document.getTitle()	CtMethodImpl	public
com.nfbsoftware.ab.model.Standard.setSelf(java.lang.String)	CtMethodImpl	public
com.nfbsoftware.util.StringUtil.replaceJavaLiteral(java.lang.String)	CtMethodImpl	public
com.nfbsoftware.ab.model.Standard	CtClassImpl	public
com.nfbsoftware.ab.model.AbData.setCourse(com.nfbsoftware.ab.model.Course)	CtMethodImpl	public
com.nfbsoftware.ab.model.Standard.setSubjectCode(java.lang.String)	CtMethodImpl	public
com.nfbsoftware.ab.model.Standard.m_authorityDescr	CtFieldReferenceImpl	private
com.nfbsoftware.util.StringUtil()	CtConstructorImpl	public
com.nfbsoftware.ab.model.Subject()	CtConstructorImpl	public
com.nfbsoftware.ab.model.Standard.setAuthorityDescr(java.lang.String)	CtMethodImpl	public
com.nfbsoftware.ab.model.Authority.getGuid()	CtMethodImpl	public
com.nfbsoftware.ab.model.AbResource	CtClassImpl	public
com.nfbsoftware.ab.model.Standard.setVersion(java.lang.String)	CtMethodImpl	public
com.nfbsoftware.ab.model.Parent.setExtended_descr(java.lang.String)	CtMethodImpl	public
com.nfbsoftware.ab.model.Authority.serialVersionUID	CtFieldReferenceImpl	private
com.nfbsoftware.ab.model.AbData.getDate_modified()	CtMethodImpl	public
com.nfbsoftware.ab.model.Grade.setLo(java.lang.String)	CtMethodImpl	public
com.nfbsoftware.ab.model.AbData.setGrade(com.nfbsoftware.ab.model.Grade)	CtMethodImpl	public
com.nfbsoftware.ab.model.Grade.m_hi	CtFieldReferenceImpl	private
com.nfbsoftware.util.WebPost.receive()	CtMethodImpl	public
com.nfbsoftware.ab.model.Course.m_guid	CtFieldReferenceImpl	private
com.nfbsoftware.ab.model.Subject.m_descr	CtFieldReferenceImpl	private
com.nfbsoftware.ab.model.AbResponse.setCount(int)	CtMethodImpl	public
com.nfbsoftware.ab.model.Standard.getParentId()	CtMethodImpl	public
