method	type	visibility
com.belerweb.youkuapi.constant.APIConstant.API_PTKEYWORDS	CtFieldReferenceImpl	public
com.belerweb.youkuapi.bean.VideoObject.getVideoid()	CtMethodImpl	public
com.belerweb.youkuapi.bean.VideoObject.snapshot	CtFieldReferenceImpl	private
com.belerweb.youkuapi.YoukuAPI.buikdSearchVideoByTag(java.lang.String[],int,java.lang.Integer,java.lang.Integer,java.lang.Integer,java.lang.Integer[],java.lang.Integer)	CtMethodImpl	protected
com.belerweb.youkuapi.YoukuJSONAPI.searchVideoByKeyword(java.lang.String[],java.lang.Integer,java.lang.Integer,java.lang.Integer,java.lang.Integer[],java.lang.Integer,java.lang.String,java.lang.Integer,java.lang.Boolean,java.lang.Integer)	CtMethodImpl	public
com.belerweb.youkuapi.bean.ImageObject.url	CtFieldReferenceImpl	private
com.belerweb.youkuapi.bean.VideoObject.swfurl	CtFieldReferenceImpl	private
com.belerweb.youkuapi.bean.ImageObject.getLink()	CtMethodImpl	public
com.belerweb.youkuapi.bean.VideoSearchResult.generator	CtFieldReferenceImpl	private
com.belerweb.youkuapi.bean.VideoObject.link	CtFieldReferenceImpl	private
com.belerweb.youkuapi.RandomProxy(int)	CtConstructorImpl	public
com.belerweb.youkuapi.bean.VideoObject.setSnapshot(java.lang.String)	CtMethodImpl	public
com.belerweb.youkuapi.PlayProxy(com.belerweb.youkuapi.bean.VideoObject)	CtConstructorImpl	public
com.belerweb.youkuapi.PlayProxy.getPlayListDate()	CtMethodImpl	private
com.belerweb.youkuapi.constant.Constant.ORDER_BY_IS_COLLECTED	CtFieldReferenceImpl	public
com.belerweb.youkuapi.constant.APIConstant.API_UPLOAD	CtFieldReferenceImpl	public
com.belerweb.youkuapi.constant.Constant.FILETYPES	CtFieldReferenceImpl	public
com.belerweb.youkuapi.bean.VideoObject.setAuthor(java.lang.String)	CtMethodImpl	public
com.belerweb.youkuapi.bean.VideoObject.comments	CtFieldReferenceImpl	private
com.belerweb.youkuapi.bean.VideoObject.setState(int)	CtMethodImpl	public
com.belerweb.youkuapi.constant.Constant.FILETYPE_3GP	CtFieldReferenceImpl	public
com.belerweb.youkuapi.bean.VideoObject.getLink()	CtMethodImpl	public
com.belerweb.youkuapi.bean.VideoObject.setUptimes(int)	CtMethodImpl	public
com.belerweb.youkuapi.constant.APIConstant.API_PTVIDEO_ST_8	CtFieldReferenceImpl	public
com.belerweb.youkuapi.PlayProxy	CtClassImpl	public
com.belerweb.youkuapi.constant.ParameterConstant()	CtConstructorImpl	public
com.belerweb.youkuapi.bean.VideoObject.setSwfurl(java.lang.String)	CtMethodImpl	public
com.belerweb.youkuapi.bean.VideoObject.setOwneruserlink(java.lang.String)	CtMethodImpl	public
com.belerweb.youkuapi.bean.VideoObject.favtimes	CtFieldReferenceImpl	private
com.belerweb.youkuapi.bean.ImageObject()	CtConstructorImpl	public
com.belerweb.youkuapi.bean.VideoObject.pubtime	CtFieldReferenceImpl	private
com.belerweb.youkuapi.bean.VideoSearchResult.setDescription(java.lang.String)	CtMethodImpl	public
com.belerweb.youkuapi.bean.ImageObject.link	CtFieldReferenceImpl	private
com.belerweb.youkuapi.constant.Constant.FILETYPE_HD2	CtFieldReferenceImpl	public
com.belerweb.youkuapi.constant.Constant.ORDER_BY_UPLOAD_TIME	CtFieldReferenceImpl	public
com.belerweb.youkuapi.bean.ImageObject.getDescription()	CtMethodImpl	public
com.belerweb.youkuapi.constant.APIConstant.API_PTVIDEO_ST_11	CtFieldReferenceImpl	public
com.belerweb.youkuapi.RandomProxy.cgStr	CtFieldReferenceImpl	public
com.belerweb.youkuapi.bean.VideoObject.getDescription()	CtMethodImpl	public
com.belerweb.youkuapi.bean.VideoObject.setPlayurl(java.lang.String)	CtMethodImpl	public
com.belerweb.youkuapi.bean.VideoObject()	CtConstructorImpl	public
com.belerweb.youkuapi.constant.Constant.FILETYPE_FLVHD	CtFieldReferenceImpl	public
com.belerweb.youkuapi.PID.pid	CtFieldReferenceImpl	private
com.belerweb.youkuapi.bean.VideoSearchResult.pageSize	CtFieldReferenceImpl	private
com.belerweb.youkuapi.bean.VideoSearchResult.getTotal()	CtMethodImpl	public
com.belerweb.youkuapi.bean.VideoObject.setUpurl(java.lang.String)	CtMethodImpl	public
com.belerweb.youkuapi.PID.getPid()	CtMethodImpl	public
com.belerweb.youkuapi.bean.VideoObject.pubDate	CtFieldReferenceImpl	private
com.belerweb.youkuapi.bean.VideoSearchResult.setWebsite(java.lang.String)	CtMethodImpl	public
com.belerweb.youkuapi.bean.VideoObject.getPlaytimes()	CtMethodImpl	public
com.belerweb.youkuapi.bean.VideoObject.setPlaytimes(int)	CtMethodImpl	public
com.belerweb.youkuapi.bean.VideoSearchResult.setLink(java.lang.String)	CtMethodImpl	public
com.belerweb.youkuapi.YoukuJSONAPI	CtClassImpl	public
com.belerweb.youkuapi.constant.APIConstant.API_PTVIDEOINFO	CtFieldReferenceImpl	public
com.belerweb.youkuapi.bean.VideoSearchResult.webmaster	CtFieldReferenceImpl	private
com.belerweb.youkuapi.bean.VideoObject.getDuration()	CtMethodImpl	public
com.belerweb.youkuapi.constant.Constant()	CtConstructorImpl	public
com.belerweb.youkuapi.bean.VideoObject.guid	CtFieldReferenceImpl	private
com.belerweb.youkuapi.bean.VideoObject.getGuidn()	CtMethodImpl	public
com.belerweb.youkuapi.bean.VideoSearchResult.getPageNo()	CtMethodImpl	public
com.belerweb.youkuapi.bean.VideoObject.uptimes	CtFieldReferenceImpl	private
com.belerweb.youkuapi.constant.Constant	CtClassImpl	public
com.belerweb.youkuapi.bean.ImageObject.setTitle(java.lang.String)	CtMethodImpl	public
com.belerweb.youkuapi.PID	CtClassImpl	public
com.belerweb.youkuapi.PlayProxy.BASE_VIDEO_URL	CtFieldReferenceImpl	private
com.belerweb.youkuapi.bean.VideoObject.setComments(java.lang.String)	CtMethodImpl	public
com.belerweb.youkuapi.bean.VideoSearchResult.getTotalSize()	CtMethodImpl	public
com.belerweb.youkuapi.bean.VideoObject.setGuid(java.lang.String)	CtMethodImpl	public
com.belerweb.youkuapi.constant.APIConstant.API_PTVIDEO_ST_3_STYPE_RELATED	CtFieldReferenceImpl	public
com.belerweb.youkuapi.bean.VideoSearchResult.setLastBuildDate(java.lang.String)	CtMethodImpl	public
com.belerweb.youkuapi.bean.ImageObject.description	CtFieldReferenceImpl	private
com.belerweb.youkuapi.bean.VideoSearchResult.getImage()	CtMethodImpl	public
com.belerweb.youkuapi.bean.VideoSearchResult.setWebmaster(java.lang.String)	CtMethodImpl	public
com.belerweb.youkuapi.bean.VideoObject.getComments()	CtMethodImpl	public
com.belerweb.youkuapi.RandomProxy	CtClassImpl	public
com.belerweb.youkuapi.bean.VideoObject.keywords	CtFieldReferenceImpl	private
com.belerweb.youkuapi.bean.VideoSearchResult.link	CtFieldReferenceImpl	private
com.belerweb.youkuapi.constant.APIConstant.API_PTCATEGORY	CtFieldReferenceImpl	public
com.belerweb.youkuapi.constant.ParameterConstant.SEARCH_SCOPE	CtFieldReferenceImpl	public
com.belerweb.youkuapi.bean.ImageObject	CtClassImpl	public
com.belerweb.youkuapi.bean.ImageObject.getUrl()	CtMethodImpl	public
com.belerweb.youkuapi.constant.ParameterConstant.FILE_TYPE	CtFieldReferenceImpl	public
com.belerweb.youkuapi.bean.VideoSearchResult.setItem(java.util.List<com.belerweb.youkuapi.bean.VideoObject>)	CtMethodImpl	public
com.belerweb.youkuapi.bean.VideoObject.getSwfurl()	CtMethodImpl	public
com.belerweb.youkuapi.bean.VideoSearchResult.getTitle()	CtMethodImpl	public
com.belerweb.youkuapi.bean.VideoObject.getPubtime()	CtMethodImpl	public
com.belerweb.youkuapi.bean.VideoSearchResult.getWebsite()	CtMethodImpl	public
com.belerweb.youkuapi.constant.ParameterConstant.CATEGORIES	CtFieldReferenceImpl	public
com.belerweb.youkuapi.bean.VideoObject.title	CtFieldReferenceImpl	private
com.belerweb.youkuapi.constant.Constant.ORDER_BY_RELEVANCE	CtFieldReferenceImpl	public
com.belerweb.youkuapi.bean.VideoSearchResult.setImage(com.belerweb.youkuapi.bean.ImageObject)	CtMethodImpl	public
com.belerweb.youkuapi.bean.VideoObject.getCategory()	CtMethodImpl	public
com.belerweb.youkuapi.constant.ParameterConstant.LIMIT_DATE	CtFieldReferenceImpl	public
com.belerweb.youkuapi.constant.ParameterConstant.RETURN_TYPE	CtFieldReferenceImpl	public
com.belerweb.youkuapi.bean.VideoObject.setTitle(java.lang.String)	CtMethodImpl	public
com.belerweb.youkuapi.RandomProxy.randomSeed	CtFieldReferenceImpl	private
com.belerweb.youkuapi.PlayProxy.PLAY_LIST_URL	CtFieldReferenceImpl	private
com.belerweb.youkuapi.bean.VideoObject.description	CtFieldReferenceImpl	private
com.belerweb.youkuapi.constant.APIConstant.API_PTPLAYLIST	CtFieldReferenceImpl	public
com.belerweb.youkuapi.bean.VideoObject.ownerusername	CtFieldReferenceImpl	private
com.belerweb.youkuapi.constant.APIConstant.API_GETINDEXRECVIDEOS	CtFieldReferenceImpl	public
com.belerweb.youkuapi.bean.VideoObject.setPubDate(java.lang.String)	CtMethodImpl	public
com.belerweb.youkuapi.constant.APIConstant.API_GETTOPICDSDATALIST	CtFieldReferenceImpl	public
com.belerweb.youkuapi.bean.VideoObject.downtimes	CtFieldReferenceImpl	private
com.belerweb.youkuapi.bean.VideoSearchResult.item	CtFieldReferenceImpl	private
com.belerweb.youkuapi.bean.VideoObject.setDuration(java.lang.String)	CtMethodImpl	public
com.belerweb.youkuapi.bean.ImageObject.setDescription(java.lang.String)	CtMethodImpl	public
com.belerweb.youkuapi.bean.VideoObject.setCommenttimes(int)	CtMethodImpl	public
com.belerweb.youkuapi.bean.VideoSearchResult	CtClassImpl	public
com.belerweb.youkuapi.bean.VideoObject.setVideoid(java.lang.String)	CtMethodImpl	public
com.belerweb.youkuapi.bean.VideoSearchResult.website	CtFieldReferenceImpl	private
com.belerweb.youkuapi.YoukuAPI()	CtConstructorImpl	public
com.belerweb.youkuapi.bean.VideoSearchResult.getCurrSize()	CtMethodImpl	public
com.belerweb.youkuapi.bean.VideoObject.getKeywords()	CtMethodImpl	public
com.belerweb.youkuapi.bean.VideoObject.setPubtime(java.lang.String)	CtMethodImpl	public
com.belerweb.youkuapi.bean.ImageObject.title	CtFieldReferenceImpl	private
com.belerweb.youkuapi.PlayProxy.getVideoURL()	CtMethodImpl	public
com.belerweb.youkuapi.constant.APIConstant.API_PARTNERVIDEO	CtFieldReferenceImpl	public
com.belerweb.youkuapi.bean.VideoSearchResult.setTotal(int)	CtMethodImpl	public
com.belerweb.youkuapi.bean.VideoObject.publicType	CtFieldReferenceImpl	private
com.belerweb.youkuapi.bean.VideoSearchResult.getGenerator()	CtMethodImpl	public
com.belerweb.youkuapi.bean.VideoObject.getGuid()	CtMethodImpl	public
com.belerweb.youkuapi.bean.VideoObject.getPlayurl()	CtMethodImpl	public
com.belerweb.youkuapi.bean.VideoSearchResult.getWebmaster()	CtMethodImpl	public
com.belerweb.youkuapi.bean.VideoSearchResult.title	CtFieldReferenceImpl	private
com.belerweb.youkuapi.bean.VideoObject.category	CtFieldReferenceImpl	private
com.belerweb.youkuapi.constant.ParameterConstant.RELATED_WORDS_NUM	CtFieldReferenceImpl	public
com.belerweb.youkuapi.constant.Constant.ORDER_BY_PLAY_TIME	CtFieldReferenceImpl	public
com.belerweb.youkuapi.YoukuAPI.buikdSearchVideoByKeyword(java.lang.String[],int,java.lang.Integer,java.lang.Integer,java.lang.Integer,java.lang.Integer[],java.lang.Integer,java.lang.String,java.lang.Integer,java.lang.Boolean,java.lang.Integer)	CtMethodImpl	protected
com.belerweb.youkuapi.bean.VideoObject.pv	CtFieldReferenceImpl	private
com.belerweb.youkuapi.bean.VideoObject	CtClassImpl	public
com.belerweb.youkuapi.bean.VideoSearchResult.getLink()	CtMethodImpl	public
com.belerweb.youkuapi.constant.Constant.FILETYPE_HD	CtFieldReferenceImpl	public
com.belerweb.youkuapi.bean.VideoObject.getState()	CtMethodImpl	public
com.belerweb.youkuapi.bean.VideoObject.author	CtFieldReferenceImpl	private
com.belerweb.youkuapi.bean.ImageObject.getTitle()	CtMethodImpl	public
com.belerweb.youkuapi.constant.APIConstant()	CtConstructorImpl	public
com.belerweb.youkuapi.bean.ImageObject.setLink(java.lang.String)	CtMethodImpl	public
com.belerweb.youkuapi.bean.VideoObject.setDownurl(java.lang.String)	CtMethodImpl	public
com.belerweb.youkuapi.bean.VideoSearchResult.total	CtFieldReferenceImpl	private
com.belerweb.youkuapi.constant.Constant.FILETYPE_3GPHD	CtFieldReferenceImpl	public
com.belerweb.youkuapi.bean.VideoSearchResult.description	CtFieldReferenceImpl	private
com.belerweb.youkuapi.constant.APIConstant.API_PTVIDEO_ST_1	CtFieldReferenceImpl	public
com.belerweb.youkuapi.YoukuJSONAPI.searchVideoByTag(java.lang.String[],java.lang.Integer,java.lang.Integer,java.lang.Integer,java.lang.Integer[],java.lang.Integer)	CtMethodImpl	public
com.belerweb.youkuapi.bean.VideoObject.guidn	CtFieldReferenceImpl	private
com.belerweb.youkuapi.bean.VideoObject.getPv()	CtMethodImpl	public
com.belerweb.youkuapi.constant.ParameterConstant	CtClassImpl	public
com.belerweb.youkuapi.YoukuBeanAPI.searchVideoByTag(java.lang.String[],java.lang.Integer,java.lang.Integer,java.lang.Integer,java.lang.Integer[],java.lang.Integer)	CtMethodImpl	public
com.belerweb.youkuapi.bean.VideoSearchResult.getDescription()	CtMethodImpl	public
com.belerweb.youkuapi.bean.VideoSearchResult.getLastBuildDate()	CtMethodImpl	public
com.belerweb.youkuapi.constant.APIConstant.API_PTVIDEO_ST_2	CtFieldReferenceImpl	public
com.belerweb.youkuapi.bean.VideoObject.getFavtimes()	CtMethodImpl	public
com.belerweb.youkuapi.constant.ParameterConstant.ORDER_BY	CtFieldReferenceImpl	public
com.belerweb.youkuapi.YoukuBeanAPI	CtClassImpl	public
com.belerweb.youkuapi.bean.VideoSearchResult.setTitle(java.lang.String)	CtMethodImpl	public
com.belerweb.youkuapi.constant.APIConstant	CtClassImpl	public
com.belerweb.youkuapi.constant.APIConstant.API_GETTOPICDSDATALIST_DS	CtFieldReferenceImpl	public
com.belerweb.youkuapi.YoukuBeanAPI()	CtConstructorImpl	public
com.belerweb.youkuapi.bean.VideoObject.commenttimes	CtFieldReferenceImpl	private
com.belerweb.youkuapi.constant.APIConstant.API_PTVIDEO_ST_3	CtFieldReferenceImpl	public
com.belerweb.youkuapi.bean.VideoObject.setGuidn(int)	CtMethodImpl	public
com.belerweb.youkuapi.constant.ParameterConstant.ADVANCE	CtFieldReferenceImpl	public
com.belerweb.youkuapi.bean.VideoObject.videoid	CtFieldReferenceImpl	private
com.belerweb.youkuapi.bean.VideoObject.playurl	CtFieldReferenceImpl	private
com.belerweb.youkuapi.bean.VideoObject.getUpurl()	CtMethodImpl	public
com.belerweb.youkuapi.bean.VideoObject.setOwnerusername(java.lang.String)	CtMethodImpl	public
com.belerweb.youkuapi.bean.VideoObject.setPublicType(int)	CtMethodImpl	public
com.belerweb.youkuapi.bean.VideoObject.upurl	CtFieldReferenceImpl	private
com.belerweb.youkuapi.constant.APIConstant.API_PTUSER_ACTION_BIND2	CtFieldReferenceImpl	public
com.belerweb.youkuapi.constant.Constant.RESULT_TYPE_XML	CtFieldReferenceImpl	public
com.belerweb.youkuapi.YoukuBeanAPI.searchVideoByKeyword(java.lang.String[],java.lang.Integer,java.lang.Integer,java.lang.Integer,java.lang.Integer[],java.lang.Integer,java.lang.String,java.lang.Integer,java.lang.Boolean,java.lang.Integer)	CtMethodImpl	public
com.belerweb.youkuapi.constant.APIConstant.API_PTVIDEO_ST_5	CtFieldReferenceImpl	public
com.belerweb.youkuapi.bean.VideoObject.getTitle()	CtMethodImpl	public
com.belerweb.youkuapi.constant.Constant.FILETYPE_FLV	CtFieldReferenceImpl	public
com.belerweb.youkuapi.constant.ParameterConstant.SEARCH_VALUE	CtFieldReferenceImpl	public
com.belerweb.youkuapi.bean.ImageObject.setUrl(java.lang.String)	CtMethodImpl	public
com.belerweb.youkuapi.bean.VideoObject.setKeywords(java.lang.String)	CtMethodImpl	public
com.belerweb.youkuapi.bean.VideoSearchResult.pageNo	CtFieldReferenceImpl	private
com.belerweb.youkuapi.constant.Constant.RESULT_TYPE_JSON	CtFieldReferenceImpl	public
com.belerweb.youkuapi.bean.VideoObject.getQuality()	CtMethodImpl	public
com.belerweb.youkuapi.bean.VideoSearchResult()	CtConstructorImpl	public
com.belerweb.youkuapi.bean.VideoSearchResult.setPageSize(int)	CtMethodImpl	public
com.belerweb.youkuapi.bean.VideoObject.quality	CtFieldReferenceImpl	private
com.belerweb.youkuapi.bean.VideoObject.getAuthor()	CtMethodImpl	public
com.belerweb.youkuapi.bean.VideoSearchResult.getItem()	CtMethodImpl	public
com.belerweb.youkuapi.bean.VideoSearchResult.totalSize	CtFieldReferenceImpl	private
com.belerweb.youkuapi.bean.VideoObject.getUptimes()	CtMethodImpl	public
com.belerweb.youkuapi.bean.VideoSearchResult.setCurrSize(int)	CtMethodImpl	public
com.belerweb.youkuapi.bean.VideoSearchResult.setGenerator(java.lang.String)	CtMethodImpl	public
com.belerweb.youkuapi.constant.ParameterConstant.PAGE	CtFieldReferenceImpl	public
com.belerweb.youkuapi.bean.VideoObject.state	CtFieldReferenceImpl	private
com.belerweb.youkuapi.bean.VideoSearchResult.getPageSize()	CtMethodImpl	public
com.belerweb.youkuapi.constant.ParameterConstant.PID	CtFieldReferenceImpl	public
com.belerweb.youkuapi.bean.VideoObject.getDowntimes()	CtMethodImpl	public
com.belerweb.youkuapi.bean.VideoSearchResult.setTotalSize(int)	CtMethodImpl	public
com.belerweb.youkuapi.RandomProxy.cgHun()	CtMethodImpl	private
com.belerweb.youkuapi.bean.VideoObject.owneruserlink	CtFieldReferenceImpl	private
com.belerweb.youkuapi.constant.ParameterConstant.CATEGORIE	CtFieldReferenceImpl	public
com.belerweb.youkuapi.constant.APIConstant.API_GETHOTVIDEOS	CtFieldReferenceImpl	public
com.belerweb.youkuapi.bean.VideoObject.setFavtimes(int)	CtMethodImpl	public
com.belerweb.youkuapi.bean.VideoSearchResult.image	CtFieldReferenceImpl	private
com.belerweb.youkuapi.YoukuAPI	CtClassImpl	public
com.belerweb.youkuapi.bean.VideoObject.playtimes	CtFieldReferenceImpl	private
com.belerweb.youkuapi.constant.APIConstant.API_PTVIDEO_ST_10	CtFieldReferenceImpl	public
com.belerweb.youkuapi.bean.VideoObject.setPv(int)	CtMethodImpl	public
com.belerweb.youkuapi.bean.VideoObject.setQuality(java.lang.String)	CtMethodImpl	public
com.belerweb.youkuapi.bean.VideoObject.getOwnerusername()	CtMethodImpl	public
com.belerweb.youkuapi.bean.VideoSearchResult.lastBuildDate	CtFieldReferenceImpl	private
com.belerweb.youkuapi.RandomProxy.cgHun(java.lang.String)	CtMethodImpl	public
com.belerweb.youkuapi.bean.VideoObject.getDownurl()	CtMethodImpl	public
com.belerweb.youkuapi.bean.VideoObject.setLink(java.lang.String)	CtMethodImpl	public
com.belerweb.youkuapi.bean.VideoObject.getPublicType()	CtMethodImpl	public
com.belerweb.youkuapi.bean.VideoObject.setDescription(java.lang.String)	CtMethodImpl	public
com.belerweb.youkuapi.PlayProxy.video	CtFieldReferenceImpl	private
com.belerweb.youkuapi.bean.VideoObject.getPubDate()	CtMethodImpl	public
com.belerweb.youkuapi.bean.VideoSearchResult.setPageNo(int)	CtMethodImpl	public
com.belerweb.youkuapi.constant.ParameterConstant.PAGE_SIZE	CtFieldReferenceImpl	public
com.belerweb.youkuapi.bean.VideoSearchResult.currSize	CtFieldReferenceImpl	private
com.belerweb.youkuapi.bean.VideoObject.setCategory(int)	CtMethodImpl	public
com.belerweb.youkuapi.bean.VideoObject.getOwneruserlink()	CtMethodImpl	public
com.belerweb.youkuapi.YoukuJSONAPI()	CtConstructorImpl	public
com.belerweb.youkuapi.constant.APIConstant.API_PTPLAYLISTINFO	CtFieldReferenceImpl	public
com.belerweb.youkuapi.bean.VideoObject.setDowntimes(int)	CtMethodImpl	public
com.belerweb.youkuapi.constant.APIConstant.API_PTUSER_ACTION_LOGIN2	CtFieldReferenceImpl	public
com.belerweb.youkuapi.RandomProxy.ran()	CtMethodImpl	private
com.belerweb.youkuapi.bean.VideoObject.getCommenttimes()	CtMethodImpl	public
com.belerweb.youkuapi.constant.Constant.ORDER_BY_COMMENT_NUMBER	CtFieldReferenceImpl	public
com.belerweb.youkuapi.YoukuBeanAPI.OBJECT_MAPPER	CtFieldReferenceImpl	private
com.belerweb.youkuapi.bean.VideoObject.duration	CtFieldReferenceImpl	private
com.belerweb.youkuapi.bean.VideoObject.getSnapshot()	CtMethodImpl	public
com.belerweb.youkuapi.bean.VideoObject.downurl	CtFieldReferenceImpl	private
com.belerweb.youkuapi.PID()	CtConstructorImpl	public
