method	type	visibility
com.bitplan.rest.freemarker.TemplateClass()	CtConstructorImpl	public
com.bitplan.rest.freemarker.TemplateClass.clazz	CtFieldReferenceImpl	package-private
com.bitplan.rest.freemarker.FreeMarkerConfiguration()	CtConstructorImpl	public
com.bitplan.rest.freemarker.FreeMarkerConfiguration.addTemplateClass(java.lang.Class,java.lang.String)	CtMethodImpl	public
com.bitplan.rest.freemarker.FreeMarkerConfiguration	CtClassImpl	public
com.bitplan.rest.freemarker.FreeMarkerConfiguration.getFreemarkerConfiguration()	CtMethodImpl	public
com.bitplan.rest.freemarker.TemplateClass.path	CtFieldReferenceImpl	package-private
com.bitplan.rest.freemarker.FreeMarkerConfiguration.main(java.lang.String[])	CtMethodImpl	public
com.bitplan.rest.freemarker.FreeMarkerConfiguration.templatePaths	CtFieldReferenceImpl	protected
com.bitplan.rest.freemarker.TemplateClass	CtClassImpl	public
com.bitplan.rest.freemarker.FreeMarkerConfiguration.getTemplate(java.lang.String)	CtMethodImpl	public
com.bitplan.rest.freemarker.FreeMarkerConfiguration.doProcessTemplate(java.lang.String,java.util.Map<java.lang.String, java.lang.Object>)	CtMethodImpl	public
com.bitplan.rest.freemarker.FreeMarkerConfiguration.cfg	CtFieldReferenceImpl	protected
com.bitplan.rest.freemarker.FreeMarkerConfiguration.addTemplatePath(java.lang.String)	CtMethodImpl	public
com.bitplan.rest.freemarker.FreeMarkerConfiguration.templateClasses	CtFieldReferenceImpl	protected
