method	type	visibility
org.datayoo.tripod.operand.DecratorOperand(java.util.List<org.datayoo.tripod.Operand>,org.datayoo.tripod.metadata.ExpressionMetadata,org.datayoo.tripod.TripodContext)	CtConstructorImpl	public
org.datayoo.tripod.antlr.TripodLexer.MUST	CtFieldReferenceImpl	public
org.datayoo.tripod.engine.Tripod.name	CtFieldReferenceImpl	protected
org.datayoo.tripod.antlr.TripodParser.ParenExpressionContext.parenMetadata	CtFieldReferenceImpl	public
org.datayoo.tripod.antlr.TripodParser.OrExpressionContext.expressionMetadata	CtFieldReferenceImpl	public
org.datayoo.tripod.parser.TripodExpressionParser.extractSegmentFields(org.datayoo.tripod.metadata.BinaryMetadata,java.util.Set<java.lang.String>)	CtMethodImpl	protected
org.datayoo.tripod.antlr.TripodLexer.VOCABULARY	CtFieldReferenceImpl	public
org.datayoo.tripod.antlr.TripodParser.QMARK	CtFieldReferenceImpl	public
org.datayoo.tripod.antlr.TermContext.TERM()	CtMethodImpl	public
org.datayoo.tripod.exception.TripodRuntimeException(java.lang.Throwable)	CtConstructorImpl	public
org.datayoo.tripod.TermEntityImpl.getIndex()	CtMethodImpl	public
org.datayoo.tripod.antlr.TripodParser.PrimaryContext.rangeCtx	CtFieldReferenceImpl	public
org.datayoo.tripod.antlr.PhraseContext.enterRule(org.antlr.v4.runtime.tree.ParseTreeListener)	CtMethodImpl	public
org.antlr.v4.runtime.Parser._precedenceStack	CtFieldReferenceImpl	protected
org.datayoo.tripod.engine.TripodContextImpl.getAllFields()	CtMethodImpl	public
org.datayoo.tripod.antlr.TripodParser$AndExpressionContext(org.antlr.v4.runtime.ParserRuleContext,int)	CtConstructorImpl	public
org.datayoo.tripod.factory.OperandFactory.createBoolOperand(java.lang.String,org.datayoo.tripod.metadata.BoolMetadata,org.datayoo.tripod.TripodContext)	CtMethodImpl	protected
org.datayoo.tripod.antlr.TripodParserBaseListener.enterRangeTerm(org.datayoo.tripod.antlr.TripodParser.RangeTermContext)	CtMethodImpl	public
org.datayoo.tripod.metadata.FieldMetadata.expr	CtFieldReferenceImpl	protected
org.datayoo.tripod.metadata.WildcardMetadata(java.lang.String)	CtConstructorImpl	public
org.datayoo.tripod.factory.OperandFactory.createParenOperand(java.lang.String,org.datayoo.tripod.metadata.UnaryMetadata,org.datayoo.tripod.TripodContext)	CtMethodImpl	protected
org.datayoo.tripod.bool.MustOperand(java.util.List<org.datayoo.tripod.Operand>,org.datayoo.tripod.metadata.ExpressionMetadata,org.datayoo.tripod.TripodContext)	CtConstructorImpl	public
org.datayoo.tripod.logic.AndOperand(java.util.List<org.datayoo.tripod.Operand>,org.datayoo.tripod.metadata.ExpressionMetadata,org.datayoo.tripod.TripodContext)	CtConstructorImpl	public
org.antlr.v4.runtime.Recognizer.EOF	CtFieldReferenceImpl	public
org.datayoo.tripod.engine.TripodEvaluator()	CtConstructorImpl	public
org.datayoo.tripod.metadata.TermMetadata.getTerm()	CtMethodImpl	public
org.datayoo.tripod.comp.RangeOperand	CtClassImpl	public
org.antlr.v4.runtime.Parser.bypassAltsAtnCache	CtFieldReferenceImpl	private
org.datayoo.tripod.antlr.TripodParserBaseListener.exitProximityExpression(org.datayoo.tripod.antlr.TripodParser.ProximityExpressionContext)	CtMethodImpl	public
org.datayoo.tripod.engine.TripodContextImpl.calcIdf(java.util.Set<java.lang.String>)	CtMethodImpl	public
org.datayoo.tripod.antlr.TripodParser.getGrammarFileName()	CtMethodImpl	public
org.datayoo.tripod.antlr.TripodLexer.WS	CtFieldReferenceImpl	public
org.datayoo.tripod.engine.TripodEvaluator.shouldCoefficent	CtFieldReferenceImpl	protected
org.datayoo.tripod.engine.TripodEvaluator.notCoefficent	CtFieldReferenceImpl	protected
org.datayoo.tripod.antlr.TripodParser$PrimaryContext(org.antlr.v4.runtime.ParserRuleContext,int)	CtConstructorImpl	public
org.datayoo.tripod.metadata.WildcardMetadata.ANY_CH	CtFieldReferenceImpl	public
org.datayoo.tripod.metadata.AbstractExpressionMetadata	CtClassImpl	public
org.datayoo.tripod.engine.TripodEvaluator.complexity(org.datayoo.tripod.metadata.TermMetadata)	CtMethodImpl	protected
org.datayoo.tripod.comp.TermMatchOperand.term	CtFieldReferenceImpl	protected
org.datayoo.tripod.engine.TripodContextImpl.getIdfCounter()	CtMethodImpl	public
org.datayoo.tripod.parser.TripodExpressionParser()	CtConstructorImpl	public
org.datayoo.tripod.antlr.PrimaryContext.getRuleIndex()	CtMethodImpl	public
org.datayoo.tripod.seg.ansj.AnsjSegmenter	CtClassImpl	public
org.antlr.v4.runtime.Recognizer._interp	CtFieldReferenceImpl	protected
org.datayoo.tripod.antlr.TripodLexer.IDENTIFIER	CtFieldReferenceImpl	public
org.datayoo.tripod.metadata.SuffixMetadata.getNumber()	CtMethodImpl	public
org.datayoo.tripod.antlr.TripodParserBaseListener.exitNotExpression(org.datayoo.tripod.antlr.TripodParser.NotExpressionContext)	CtMethodImpl	public
org.datayoo.tripod.antlr.TripodParser._serializedATN	CtFieldReferenceImpl	public
org.datayoo.tripod.DocumentEntityImpl	CtClassImpl	public
org.datayoo.tripod.engine.TripodEngine	CtClassImpl	public
org.antlr.v4.runtime.RuleContext.parent	CtFieldReferenceImpl	public
org.datayoo.tripod.comp.TermWildcardOperand	CtClassImpl	public
org.datayoo.tripod.metadata.BoolMetadata()	CtConstructorImpl	public
org.datayoo.tripod.antlr.TripodParserBaseListener.exitTripodExpression(org.datayoo.tripod.antlr.TripodParser.TripodExpressionContext)	CtMethodImpl	public
org.datayoo.tripod.metadata.RangeMetadata(boolean,org.datayoo.tripod.metadata.ExpressionMetadata,org.datayoo.tripod.metadata.ExpressionMetadata,boolean)	CtConstructorImpl	public
org.datayoo.tripod.antlr.TripodParser.InTermContext.expr	CtFieldReferenceImpl	public
org.datayoo.tripod.antlr.TripodLexer.ruleNames	CtFieldReferenceImpl	public
org.datayoo.tripod.antlr.TripodLexer.getModeNames()	CtMethodImpl	public
org.datayoo.tripod.HitToken.getToken()	CtMethodImpl	public
org.datayoo.tripod.engine.SegmentableTripodEngine.removeTripodRule(java.lang.String)	CtMethodImpl	public
org.datayoo.tripod.antlr.TripodParser.NotExpressionContext.expressionMetadata	CtFieldReferenceImpl	public
org.datayoo.tripod.antlr.TripodParser$ProximityExpressionContext(org.antlr.v4.runtime.ParserRuleContext,int)	CtConstructorImpl	public
org.datayoo.tripod.antlr.TripodParser.ProximityExpressionContext.t	CtFieldReferenceImpl	public
org.datayoo.tripod.antlr.TripodParser.ProximityExpressionContext	CtClassImpl	public
org.datayoo.tripod.antlr.TripodParser.AndExpressionContext	CtClassImpl	public
org.datayoo.tripod.antlr.TripodParserBaseListener.enterTripodExpression(org.datayoo.tripod.antlr.TripodParser.TripodExpressionContext)	CtMethodImpl	public
org.datayoo.tripod.antlr.TripodParserBaseListener.enterNotExpression(org.datayoo.tripod.antlr.TripodParser.NotExpressionContext)	CtMethodImpl	public
org.datayoo.tripod.antlr.NotExpressionContext.basicExpression()	CtMethodImpl	public
org.datayoo.tripod.antlr.TripodParser.RBRACK	CtFieldReferenceImpl	public
org.datayoo.tripod.metadata.PhraseMetadata	CtClassImpl	public
org.datayoo.tripod.metadata.SuffixMetadata.number	CtFieldReferenceImpl	protected
org.datayoo.tripod.metadata.SuffixMetadata	CtClassImpl	public
org.datayoo.tripod.operand.AtomOperand	CtClassImpl	public
org.datayoo.tripod.FieldMetadata(java.lang.String,int)	CtConstructorImpl	public
org.datayoo.tripod.metadata.RangeMetadata.getrExpr()	CtMethodImpl	public
org.datayoo.tripod.DocumentEntityImpl.getTermEntities(java.lang.String)	CtMethodImpl	public
org.datayoo.tripod.operand.AtomOperand(org.datayoo.tripod.metadata.ExpressionMetadata,org.datayoo.tripod.TripodContext)	CtConstructorImpl	public
org.datayoo.tripod.engine.Tripod(java.lang.String,org.datayoo.tripod.TripodContext,java.lang.String)	CtConstructorImpl	public
org.datayoo.tripod.metadata.WildcardMetadata.wildcard	CtFieldReferenceImpl	protected
org.datayoo.tripod.utils.DoubleFormater.format(double,int)	CtMethodImpl	public
org.datayoo.tripod.engine.TripodEngine.ruleMap	CtFieldReferenceImpl	protected
org.datayoo.tripod.metadata.RangeMetadata.getlExpr()	CtMethodImpl	public
org.datayoo.tripod.antlr.ParenExpressionContext.exitRule(org.antlr.v4.runtime.tree.ParseTreeListener)	CtMethodImpl	public
org.datayoo.tripod.Paren.ParenOperand(java.util.List<org.datayoo.tripod.Operand>,org.datayoo.tripod.metadata.ExpressionMetadata,org.datayoo.tripod.TripodContext)	CtConstructorImpl	public
org.datayoo.tripod.antlr.FuzzyExpressionContext.getRuleIndex()	CtMethodImpl	public
org.datayoo.tripod.IdfCounterImpl()	CtConstructorImpl	public
org.datayoo.tripod.engine.TripodContextImpl.scoring	CtFieldReferenceImpl	protected
org.datayoo.tripod.IdfCounterImpl.count(java.util.Set<java.lang.String>)	CtMethodImpl	public
org.datayoo.tripod.utils.WildcardMatcher.escapeChars	CtFieldReferenceImpl	public
org.datayoo.tripod.comp.TermMatchOperand.operate(org.datayoo.tripod.DocumentEntity,boolean,java.util.Map<java.lang.String, java.util.List<org.datayoo.tripod.HitToken>>)	CtMethodImpl	public
org.datayoo.tripod.antlr.TripodLexer.MINUS	CtFieldReferenceImpl	public
org.datayoo.tripod.antlr.PrimaryContext.phrase()	CtMethodImpl	public
org.datayoo.tripod.engine.TripodEngine.removeTripodRule(java.lang.String)	CtMethodImpl	public
org.datayoo.tripod.comp.PhraseOperand.calcCharDistance(int[])	CtMethodImpl	protected
org.datayoo.tripod.engine.TripodEvaluator.complexity(org.datayoo.tripod.metadata.ExpressionMetadata)	CtMethodImpl	protected
org.datayoo.tripod.metadata.RangeMetadata.rInclude	CtFieldReferenceImpl	protected
org.datayoo.tripod.antlr.TripodParser.NotExpressionContext	CtClassImpl	public
org.datayoo.tripod.engine.TripodEngine.match(java.util.Map<java.lang.String, org.datayoo.tripod.TermEntity[]>,boolean,boolean)	CtMethodImpl	public
org.datayoo.tripod.engine.TripodEvaluator.mustCoefficent	CtFieldReferenceImpl	protected
org.datayoo.tripod.metadata.ExpressionType()	CtConstructorImpl	private
org.datayoo.tripod.antlr.TripodExpressionContext.enterRule(org.antlr.v4.runtime.tree.ParseTreeListener)	CtMethodImpl	public
org.datayoo.tripod.antlr.TermContext.NUMBER()	CtMethodImpl	public
org.datayoo.tripod.logic.AndOperand.rOperand	CtFieldReferenceImpl	protected
org.datayoo.tripod.antlr.TripodLexer.RBRACE	CtFieldReferenceImpl	public
org.datayoo.tripod.utils.WildcardMatcher(java.lang.String)	CtConstructorImpl	public
org.datayoo.tripod.operand.AbstractOperand.boost	CtFieldReferenceImpl	protected
org.datayoo.tripod.utils.WildcardMatcher.isMatch(java.lang.String)	CtMethodImpl	public
org.datayoo.tripod.antlr.TripodParser.RULE_fuzzyExpression	CtFieldReferenceImpl	public
org.datayoo.tripod.antlr.TripodParser.TripodExpressionContext.lExpr	CtFieldReferenceImpl	public
org.datayoo.tripod.TermEntityImpl.index	CtFieldReferenceImpl	protected
org.datayoo.tripod.engine.TripodEvaluator.setMustCoefficent(double)	CtMethodImpl	public
org.datayoo.tripod.antlr.ParenExpressionContext.LPAREN()	CtMethodImpl	public
org.datayoo.tripod.antlr.OrExpressionContext.getRuleIndex()	CtMethodImpl	public
org.datayoo.tripod.antlr.TripodParserBaseListener.exitBasicExpression(org.datayoo.tripod.antlr.TripodParser.BasicExpressionContext)	CtMethodImpl	public
org.datayoo.tripod.antlr.TripodParserBaseListener.enterAndExpression(org.datayoo.tripod.antlr.TripodParser.AndExpressionContext)	CtMethodImpl	public
org.datayoo.tripod.engine.TripodEngine(java.util.List<org.datayoo.tripod.FieldMetadata>,org.datayoo.tripod.FieldMetadata,org.datayoo.tripod.IdfCounter)	CtConstructorImpl	public
org.datayoo.tripod.antlr.TripodParser.RULE_term	CtFieldReferenceImpl	public
org.datayoo.tripod.factory.OperandFactory.createOperand(java.lang.String,org.datayoo.tripod.metadata.ExpressionMetadata,org.datayoo.tripod.TripodContext)	CtMethodImpl	protected
org.datayoo.tripod.antlr.TripodParser.RULE_proximityExpression	CtFieldReferenceImpl	public
org.datayoo.tripod.antlr.TripodParser.PrimaryContext.proximityCtx	CtFieldReferenceImpl	public
org.datayoo.tripod.metadata.FieldMetadata(java.lang.String,org.datayoo.tripod.metadata.ExpressionMetadata)	CtConstructorImpl	public
org.datayoo.tripod.engine.TripodEvaluator.complexity(org.datayoo.tripod.metadata.WildcardMetadata)	CtMethodImpl	protected
org.datayoo.tripod.metadata.InMetadata.toString()	CtMethodImpl	public
org.datayoo.tripod.antlr.TripodParser.TripodExpressionContext	CtClassImpl	public
org.antlr.v4.runtime.Recognizer.tokenTypeMapCache	CtFieldReferenceImpl	private
org.datayoo.tripod.parser.TripodExpressionParser.parseFromReader(java.io.Reader)	CtMethodImpl	public
org.datayoo.tripod.OperateException	CtClassImpl	public
org.datayoo.tripod.metadata.InMetadata.getExpressions()	CtMethodImpl	public
org.datayoo.tripod.antlr.TripodParser.tokenNames	CtFieldReferenceImpl	public
org.datayoo.tripod.engine.TripodEvaluator.complexity(java.lang.String)	CtMethodImpl	public
org.datayoo.tripod.utils.LevDistance.min(int,int)	CtMethodImpl	protected
org.datayoo.tripod.bool.MustNotOperand.operate(org.datayoo.tripod.DocumentEntity,boolean,java.util.Map<java.lang.String, java.util.List<org.datayoo.tripod.HitToken>>)	CtMethodImpl	public
org.datayoo.tripod.antlr.TripodParser.MUST	CtFieldReferenceImpl	public
org.datayoo.tripod.antlr.NotExpressionContext.NOT()	CtMethodImpl	public
org.datayoo.tripod.antlr.TripodLexer.getVocabulary()	CtMethodImpl	public
org.datayoo.tripod.antlr.TripodParser.RangeValueContext.expressionMetadata	CtFieldReferenceImpl	public
org.datayoo.tripod.bool.BoolOperand.shouldOperands	CtFieldReferenceImpl	protected
org.datayoo.tripod.comp.PhraseOperand.extractPhrase(int,int,org.datayoo.tripod.TermEntity[])	CtMethodImpl	protected
org.datayoo.tripod.metadata.RangeMetadata.isrInclude()	CtMethodImpl	public
org.datayoo.tripod.antlr.RangeTermContext.rangeValue()	CtMethodImpl	public
org.datayoo.tripod.metadata.AbstractExpressionMetadata.getExpressionType()	CtMethodImpl	public
org.datayoo.tripod.antlr.TripodParserBaseListener	CtClassImpl	public
org.datayoo.tripod.engine.TripodEngine.setScoring(boolean)	CtMethodImpl	public
org.datayoo.tripod.antlr.TripodParser.RBRACE	CtFieldReferenceImpl	public
org.datayoo.tripod.IdfCounterImpl.getTermDocs()	CtMethodImpl	public
org.datayoo.tripod.antlr.BasicExpressionContext.exitRule(org.antlr.v4.runtime.tree.ParseTreeListener)	CtMethodImpl	public
org.datayoo.tripod.antlr.ParenExpressionContext.tripodExpression()	CtMethodImpl	public
org.datayoo.tripod.antlr.TripodParserBaseListener.exitEveryRule(org.antlr.v4.runtime.ParserRuleContext)	CtMethodImpl	public
org.datayoo.tripod.antlr.TripodLexer._sharedContextCache	CtFieldReferenceImpl	protected
org.datayoo.tripod.IdfCounterImpl.totalDocs	CtFieldReferenceImpl	protected
org.datayoo.tripod.DocumentEntityImpl.getTerms(java.lang.String)	CtMethodImpl	public
org.datayoo.tripod.antlr.TripodParser.OrExpressionContext.rExpr	CtFieldReferenceImpl	public
org.datayoo.tripod.antlr.PrimaryContext.enterRule(org.antlr.v4.runtime.tree.ParseTreeListener)	CtMethodImpl	public
org.datayoo.tripod.comp.RangeOperand.rInclude	CtFieldReferenceImpl	protected
org.datayoo.tripod.antlr.TripodLexer.DQ_PHRASE	CtFieldReferenceImpl	public
org.datayoo.tripod.TermEntityImpl.offset	CtFieldReferenceImpl	protected
org.datayoo.tripod.antlr.OrExpressionContext.enterRule(org.antlr.v4.runtime.tree.ParseTreeListener)	CtMethodImpl	public
org.datayoo.tripod.engine.TripodEvaluator.complexityOfNot(org.datayoo.tripod.metadata.UnaryMetadata)	CtMethodImpl	protected
org.datayoo.tripod.bool.MustNotOperand.mustNotOperand	CtFieldReferenceImpl	protected
org.datayoo.tripod.comp.RangeOperand.lStr	CtFieldReferenceImpl	protected
org.datayoo.tripod.antlr.TripodParser.ParenExpressionContext.exprCtx	CtFieldReferenceImpl	public
org.datayoo.tripod.metadata.SuffixMetadata.expr	CtFieldReferenceImpl	protected
org.datayoo.tripod.antlr.BasicExpressionContext.COLON()	CtMethodImpl	public
org.datayoo.tripod.antlr.TermContext.exitRule(org.antlr.v4.runtime.tree.ParseTreeListener)	CtMethodImpl	public
org.datayoo.tripod.antlr.TripodLexer.RBRACK	CtFieldReferenceImpl	public
org.datayoo.tripod.antlr.TripodLexer._LITERAL_NAMES	CtFieldReferenceImpl	private
org.datayoo.tripod.antlr.TripodParser.COLON	CtFieldReferenceImpl	public
org.datayoo.tripod.engine.TripodEngine.match(java.util.Map<java.lang.String, org.datayoo.tripod.TermEntity[]>)	CtMethodImpl	public
org.antlr.v4.runtime.Lexer._hitEOF	CtFieldReferenceImpl	public
org.datayoo.tripod.antlr.TripodParser.AND	CtFieldReferenceImpl	public
org.datayoo.tripod.utils.WildcardMatcher.ESCAPE_CH	CtFieldReferenceImpl	public
org.datayoo.tripod.TermEntityImpl.getTerm()	CtMethodImpl	public
org.datayoo.tripod.antlr.NotExpressionContext.getRuleIndex()	CtMethodImpl	public
org.datayoo.tripod.antlr.TripodParser.COMMENT	CtFieldReferenceImpl	public
org.datayoo.tripod.antlr.TripodParser(org.antlr.v4.runtime.TokenStream)	CtConstructorImpl	public
org.datayoo.tripod.antlr.RangeTermContext.rangeValue(int)	CtMethodImpl	public
org.datayoo.tripod.operand.AbstractOperand.operate(org.datayoo.tripod.DocumentEntity,boolean)	CtMethodImpl	public
org.datayoo.tripod.antlr.TripodLexer.RPAREN	CtFieldReferenceImpl	public
org.datayoo.tripod.antlr.TripodParserBaseListener.enterTerm(org.datayoo.tripod.antlr.TripodParser.TermContext)	CtMethodImpl	public
org.datayoo.tripod.bool.MustOperand.mustOperand	CtFieldReferenceImpl	protected
org.datayoo.tripod.metadata.WildcardMetadata.getWildcard()	CtMethodImpl	public
org.datayoo.tripod.operand.AbstractOperand	CtClassImpl	public
org.datayoo.tripod.TermEntityImpl	CtClassImpl	public
org.datayoo.tripod.antlr.ParenExpressionContext.RPAREN()	CtMethodImpl	public
org.datayoo.tripod.IdfCounterImpl(long,java.util.Map<java.lang.String, java.lang.Integer>)	CtConstructorImpl	public
org.datayoo.tripod.metadata.FieldMetadata.toString()	CtMethodImpl	public
org.datayoo.tripod.operand.DecratorOperand.operands	CtFieldReferenceImpl	protected
org.datayoo.tripod.HitToken(int,int)	CtConstructorImpl	public
org.datayoo.tripod.metadata.RangeMetadata.toString()	CtMethodImpl	public
org.datayoo.tripod.antlr.TripodParser.RPAREN	CtFieldReferenceImpl	public
org.datayoo.tripod.engine.TripodEvaluator.complexityOfOr(org.datayoo.tripod.metadata.BinaryMetadata)	CtMethodImpl	protected
org.datayoo.tripod.antlr.BasicExpressionContext.NUMBER()	CtMethodImpl	public
org.datayoo.tripod.FieldMetadata.hashCode()	CtMethodImpl	public
org.datayoo.tripod.metadata.FieldMetadata.getField()	CtMethodImpl	public
org.datayoo.tripod.FieldMetadata.getField()	CtMethodImpl	public
org.datayoo.tripod.antlr.PhraseContext.exitRule(org.antlr.v4.runtime.tree.ParseTreeListener)	CtMethodImpl	public
org.datayoo.tripod.antlr.TripodLexer	CtClassImpl	public
org.datayoo.tripod.antlr.TripodParser.BasicExpressionContext	CtClassImpl	public
org.datayoo.tripod.engine.TripodEvaluator.complexity(org.datayoo.tripod.metadata.SuffixMetadata)	CtMethodImpl	protected
org.datayoo.tripod.antlr.TripodLexer(org.antlr.v4.runtime.CharStream)	CtConstructorImpl	public
org.datayoo.tripod.antlr.TripodParser.LINE_COMMENT	CtFieldReferenceImpl	public
org.datayoo.tripod.antlr.ProximityExpressionContext.exitRule(org.antlr.v4.runtime.tree.ParseTreeListener)	CtMethodImpl	public
org.datayoo.tripod.antlr.TripodParser.getTokenNames()	CtMethodImpl	public
org.datayoo.tripod.engine.TripodContextImpl.getDefaultField()	CtMethodImpl	public
org.datayoo.tripod.utils.LevDistance	CtClassImpl	public
org.datayoo.tripod.antlr.TripodParser.AndExpressionContext.lExpr	CtFieldReferenceImpl	public
org.datayoo.tripod.factory.OperandFactory.createTermFuzzyOperand(java.lang.String,org.datayoo.tripod.metadata.SuffixMetadata,org.datayoo.tripod.TripodContext)	CtMethodImpl	protected
org.datayoo.tripod.antlr.BasicExpressionContext.MUST()	CtMethodImpl	public
org.datayoo.tripod.antlr.ProximityExpressionContext.getRuleIndex()	CtMethodImpl	public
org.datayoo.tripod.antlr.TripodParserBaseListener.exitAndExpression(org.datayoo.tripod.antlr.TripodParser.AndExpressionContext)	CtMethodImpl	public
org.datayoo.tripod.antlr.RangeTermContext.enterRule(org.antlr.v4.runtime.tree.ParseTreeListener)	CtMethodImpl	public
org.datayoo.tripod.comp.PhraseOperand.terms	CtFieldReferenceImpl	protected
org.datayoo.tripod.DocumentEntityImpl.fillTfs()	CtMethodImpl	protected
org.datayoo.tripod.antlr.TripodLexer.LPAREN	CtFieldReferenceImpl	public
org.datayoo.tripod.metadata.FieldMetadata.getExpr()	CtMethodImpl	public
org.datayoo.tripod.antlr.TripodParser.primary()	CtMethodImpl	public
org.datayoo.tripod.engine.SegmentableTripodEngine.segmentFields(java.util.Map<java.lang.String, java.lang.Object>)	CtMethodImpl	protected
org.datayoo.tripod.factory.OperandFactory.createPhraseOperand(java.lang.String,org.datayoo.tripod.metadata.ExpressionMetadata,org.datayoo.tripod.TripodContext)	CtMethodImpl	protected
org.antlr.v4.runtime.Lexer._text	CtFieldReferenceImpl	public
org.datayoo.tripod.comp.PhraseOperand.init(java.lang.String,int)	CtMethodImpl	protected
org.datayoo.tripod.antlr.TripodLexer.getChannelNames()	CtMethodImpl	public
org.datayoo.tripod.factory.OperandFactory.createNotOperand(java.lang.String,org.datayoo.tripod.metadata.UnaryMetadata,org.datayoo.tripod.TripodContext)	CtMethodImpl	protected
org.datayoo.tripod.HitToken.end	CtFieldReferenceImpl	protected
org.datayoo.tripod.comp.TermWildcardOperand(java.lang.String,org.datayoo.tripod.metadata.WildcardMetadata,org.datayoo.tripod.TripodContext)	CtConstructorImpl	public
org.datayoo.tripod.antlr.TripodParser.PhraseContext.phraseMetadata	CtFieldReferenceImpl	public
org.datayoo.tripod.antlr.TripodParserBaseListener.enterPhrase(org.datayoo.tripod.antlr.TripodParser.PhraseContext)	CtMethodImpl	public
org.datayoo.tripod.DocumentEntityImpl.entityMap	CtFieldReferenceImpl	protected
org.datayoo.tripod.engine.TripodEvaluator.orCoefficent	CtFieldReferenceImpl	protected
org.datayoo.tripod.antlr.TermContext.enterRule(org.antlr.v4.runtime.tree.ParseTreeListener)	CtMethodImpl	public
org.datayoo.tripod.comp.PhraseOperand.calcDistance(int[][],int,int[],org.datayoo.tripod.DocumentEntity,boolean,java.util.List<org.datayoo.tripod.HitToken>)	CtMethodImpl	protected
org.antlr.v4.runtime.Lexer._input	CtFieldReferenceImpl	public
org.datayoo.tripod.antlr.TripodParser.NotExpressionContext.exprCtx	CtFieldReferenceImpl	public
org.datayoo.tripod.antlr.TripodLexer.getRuleNames()	CtMethodImpl	public
org.antlr.v4.runtime.Parser._ctx	CtFieldReferenceImpl	protected
org.datayoo.tripod.bool.BoolOperand	CtClassImpl	public
org.datayoo.tripod.antlr.TripodParser.inTerm()	CtMethodImpl	public
org.antlr.v4.runtime.ParserRuleContext.stop	CtFieldReferenceImpl	public
org.datayoo.tripod.antlr.TripodParser.FuzzyExpressionContext	CtClassImpl	public
org.datayoo.tripod.DocumentEntityImpl.getTermFrequency(java.lang.String)	CtMethodImpl	public
org.datayoo.tripod.TermEntityImpl.partOfSpeech	CtFieldReferenceImpl	protected
org.datayoo.tripod.antlr.TripodParser.CARET	CtFieldReferenceImpl	public
org.datayoo.tripod.metadata.WildcardMetadata.ESCAPE_CH	CtFieldReferenceImpl	public
org.datayoo.tripod.antlr.TripodParser.VOCABULARY	CtFieldReferenceImpl	public
org.datayoo.tripod.bool.MustNotOperand(java.util.List<org.datayoo.tripod.Operand>,org.datayoo.tripod.metadata.ExpressionMetadata,org.datayoo.tripod.TripodContext)	CtConstructorImpl	public
org.datayoo.tripod.metadata.BinaryMetadata	CtClassImpl	public
org.datayoo.tripod.metadata.PhraseMetadata.getOriginalPhrase()	CtMethodImpl	public
org.datayoo.tripod.engine.TripodEngine.addTripodRule(java.lang.String,java.lang.String,org.datayoo.tripod.engine.TripodListener)	CtMethodImpl	public
org.datayoo.tripod.Paren.ParenOperand.innerOperand	CtFieldReferenceImpl	protected
org.antlr.v4.runtime.Parser._errHandler	CtFieldReferenceImpl	protected
org.datayoo.tripod.engine.Tripod.match(java.util.Map<java.lang.String, org.datayoo.tripod.TermEntity[]>,boolean,java.util.Map<java.lang.String, java.util.List<org.datayoo.tripod.HitToken>>)	CtMethodImpl	public
org.datayoo.tripod.antlr.TripodLexer.channelNames	CtFieldReferenceImpl	public
org.antlr.v4.runtime.Lexer.DEFAULT_MODE	CtFieldReferenceImpl	public
org.datayoo.tripod.utils.DoubleFormater	CtClassImpl	public
org.datayoo.tripod.antlr.TripodLexer.LBRACE	CtFieldReferenceImpl	public
org.datayoo.tripod.antlr.TripodParser.WS	CtFieldReferenceImpl	public
org.datayoo.tripod.comp.PhraseOperand(java.lang.String,org.datayoo.tripod.metadata.ExpressionMetadata,org.datayoo.tripod.TripodContext)	CtConstructorImpl	public
org.datayoo.tripod.antlr.TripodLexer.modeNames	CtFieldReferenceImpl	public
org.datayoo.tripod.antlr.OrExpressionContext.andExpression(int)	CtMethodImpl	public
org.datayoo.tripod.seg.ansj.AnsjSegmenter(org.datayoo.tripod.seg.ansj.AnsjSegmentMode)	CtConstructorImpl	public
org.datayoo.tripod.factory.OperandFactory.createTermMatchOperand(java.lang.String,org.datayoo.tripod.metadata.TermMetadata,org.datayoo.tripod.TripodContext)	CtMethodImpl	protected
org.datayoo.tripod.antlr.AndExpressionContext.enterRule(org.antlr.v4.runtime.tree.ParseTreeListener)	CtMethodImpl	public
org.datayoo.tripod.antlr.TripodParser.COMMA	CtFieldReferenceImpl	public
org.datayoo.tripod.engine.TripodEngine.logger	CtFieldReferenceImpl	protected
org.datayoo.tripod.comp.TermFuzzyOperand.similarity	CtFieldReferenceImpl	protected
org.datayoo.tripod.utils.WildcardMatcher	CtClassImpl	public
org.datayoo.tripod.antlr.TripodParser.PrimaryContext	CtClassImpl	public
org.datayoo.tripod.antlr.TripodParser.NOT	CtFieldReferenceImpl	public
org.datayoo.tripod.OperateException.setExceptionCode(long)	CtMethodImpl	public
org.datayoo.tripod.comp.TermWildcardOperand.operate(org.datayoo.tripod.DocumentEntity,boolean,java.util.Map<java.lang.String, java.util.List<org.datayoo.tripod.HitToken>>)	CtMethodImpl	public
org.datayoo.tripod.antlr.PrimaryContext.inTerm()	CtMethodImpl	public
org.datayoo.tripod.comp.TermMatchOperand(java.lang.String,org.datayoo.tripod.metadata.TermMetadata,org.datayoo.tripod.TripodContext)	CtConstructorImpl	public
org.datayoo.tripod.exception.TripodRuntimeException	CtClassImpl	public
org.datayoo.tripod.antlr.TripodParser.orExpression()	CtMethodImpl	public
org.datayoo.tripod.comp.RangeOperand.rStr	CtFieldReferenceImpl	protected
org.datayoo.tripod.logic.OrOperand(java.util.List<org.datayoo.tripod.Operand>,org.datayoo.tripod.metadata.ExpressionMetadata,org.datayoo.tripod.TripodContext)	CtConstructorImpl	public
org.datayoo.tripod.antlr.TripodParser.RULE_primary	CtFieldReferenceImpl	public
org.datayoo.tripod.bool.BoolOperand.coord(int)	CtMethodImpl	protected
org.antlr.v4.runtime.Recognizer._listeners	CtFieldReferenceImpl	private
org.datayoo.tripod.antlr.TripodExpressionContext.exitRule(org.antlr.v4.runtime.tree.ParseTreeListener)	CtMethodImpl	public
org.datayoo.tripod.engine.TripodEvaluator.createRangeOperand(org.datayoo.tripod.metadata.RangeMetadata)	CtMethodImpl	protected
org.datayoo.tripod.antlr.TripodParser.RangeTermContext.rExpr	CtFieldReferenceImpl	public
org.datayoo.tripod.FieldMetadata.getBoost()	CtMethodImpl	public
org.datayoo.tripod.engine.TripodEngine.TripodRule	CtClassImpl	protected
org.datayoo.tripod.parser.TripodExpressionParser.parseFromFile(java.lang.String)	CtMethodImpl	public
org.datayoo.tripod.metadata.RangeMetadata.islInclude()	CtMethodImpl	public
org.datayoo.tripod.antlr.TripodParserBaseListener.enterProximityExpression(org.datayoo.tripod.antlr.TripodParser.ProximityExpressionContext)	CtMethodImpl	public
org.datayoo.tripod.bool.MustOperand.operate(org.datayoo.tripod.DocumentEntity,boolean,java.util.Map<java.lang.String, java.util.List<org.datayoo.tripod.HitToken>>)	CtMethodImpl	public
org.datayoo.tripod.DocumentEntityImpl.getTermsCount()	CtMethodImpl	public
org.datayoo.tripod.antlr.PrimaryContext.fuzzyExpression()	CtMethodImpl	public
org.datayoo.tripod.antlr.TripodParser._SYMBOLIC_NAMES	CtFieldReferenceImpl	private
org.datayoo.tripod.antlr.AndExpressionContext.getRuleIndex()	CtMethodImpl	public
org.datayoo.tripod.bool.MustOperand	CtClassImpl	public
org.datayoo.tripod.engine.TripodContextImpl.idfCounter	CtFieldReferenceImpl	protected
org.datayoo.tripod.parser.TripodExpressionParser.extractSegmentFields(org.datayoo.tripod.metadata.ExpressionMetadata,java.util.Set<java.lang.String>)	CtMethodImpl	protected
org.datayoo.tripod.antlr.TripodParser.IDENTIFIER	CtFieldReferenceImpl	public
org.datayoo.tripod.engine.TripodEvaluator.complexity(org.datayoo.tripod.metadata.BoolMetadata)	CtMethodImpl	public
org.datayoo.tripod.antlr.AndExpressionContext.AND(int)	CtMethodImpl	public
org.datayoo.tripod.utils.WildcardMatcher.ANY_CH	CtFieldReferenceImpl	public
org.datayoo.tripod.antlr.TripodParser$RangeTermContext(org.antlr.v4.runtime.ParserRuleContext,int)	CtConstructorImpl	public
org.datayoo.tripod.antlr.TripodParser.RangeTermContext.lExpr	CtFieldReferenceImpl	public
org.datayoo.tripod.metadata.WildcardMetadata	CtClassImpl	public
org.datayoo.tripod.metadata.PhraseMetadata.enclosure	CtFieldReferenceImpl	protected
org.antlr.v4.runtime.Parser._parseListeners	CtFieldReferenceImpl	protected
org.datayoo.tripod.antlr.TripodParserBaseListener.enterInTerm(org.datayoo.tripod.antlr.TripodParser.InTermContext)	CtMethodImpl	public
org.datayoo.tripod.metadata.AbstractExpressionMetadata.boost	CtFieldReferenceImpl	protected
org.datayoo.tripod.antlr.TripodParser$TermContext(org.antlr.v4.runtime.ParserRuleContext,int)	CtConstructorImpl	public
org.datayoo.tripod.comp.PhraseOperand	CtClassImpl	public
org.datayoo.tripod.antlr.TripodParser._sharedContextCache	CtFieldReferenceImpl	protected
org.datayoo.tripod.metadata.WildcardMetadata.toString()	CtMethodImpl	public
org.datayoo.tripod.antlr.TripodParser.fuzzyExpression()	CtMethodImpl	public
org.datayoo.tripod.parser.TripodExpressionParser.extractSegmentFields(org.datayoo.tripod.metadata.BoolMetadata,java.util.Set<java.lang.String>)	CtMethodImpl	protected
org.datayoo.tripod.antlr.TripodParser.RULE_tripodExpression	CtFieldReferenceImpl	public
org.datayoo.tripod.engine.Tripod.privateContext	CtFieldReferenceImpl	protected
org.datayoo.tripod.engine.SegmentableTripodEngine	CtClassImpl	public
org.datayoo.tripod.metadata.BinaryMetadata.getlExpr()	CtMethodImpl	public
org.datayoo.tripod.antlr.TripodParser.LBRACK	CtFieldReferenceImpl	public
org.datayoo.tripod.metadata.ExpressionType	CtEnumImpl	public
org.datayoo.tripod.antlr.TripodParser.term()	CtMethodImpl	public
org.datayoo.tripod.engine.TripodEngine.tripodContext	CtFieldReferenceImpl	protected
org.datayoo.tripod.antlr.TripodParser.basicExpression()	CtMethodImpl	public
org.datayoo.tripod.parser.TripodExpressionParser.extractSegmentFields(java.lang.String)	CtMethodImpl	public
org.datayoo.tripod.metadata.TermMetadata.term	CtFieldReferenceImpl	protected
org.datayoo.tripod.metadata.PhraseMetadata.toString()	CtMethodImpl	public
org.datayoo.tripod.antlr.RangeTermContext.RBRACK()	CtMethodImpl	public
org.antlr.v4.runtime.Lexer.MAX_CHAR_VALUE	CtFieldReferenceImpl	public
org.datayoo.tripod.antlr.TripodParser$NotExpressionContext(org.antlr.v4.runtime.ParserRuleContext,int)	CtConstructorImpl	public
org.datayoo.tripod.antlr.TermContext.getRuleIndex()	CtMethodImpl	public
org.datayoo.tripod.antlr.TripodParser.InTermContext	CtClassImpl	public
org.datayoo.tripod.antlr.TripodParserBaseListener()	CtConstructorImpl	public
org.datayoo.tripod.comp.InOperand(java.util.List<org.datayoo.tripod.Operand>,org.datayoo.tripod.metadata.InMetadata,org.datayoo.tripod.TripodContext)	CtConstructorImpl	public
org.datayoo.tripod.antlr.TripodLexer._decisionToDFA	CtFieldReferenceImpl	protected
org.datayoo.tripod.metadata.SuffixMetadata.toString()	CtMethodImpl	public
org.datayoo.tripod.utils.WildcardMatcher.pattern	CtFieldReferenceImpl	protected
org.datayoo.tripod.antlr.TripodParser.RULE_rangeValue	CtFieldReferenceImpl	public
org.datayoo.tripod.antlr.TripodParser.Q_PHRASE	CtFieldReferenceImpl	public
org.datayoo.tripod.antlr.BasicExpressionContext.IDENTIFIER()	CtMethodImpl	public
org.datayoo.tripod.parser.TripodExpressionParser.extractSegmentFields(org.datayoo.tripod.metadata.UnaryMetadata,java.util.Set<java.lang.String>)	CtMethodImpl	protected
org.datayoo.tripod.antlr.InTermContext.getRuleIndex()	CtMethodImpl	public
org.datayoo.tripod.antlr.TripodParser.andExpression()	CtMethodImpl	public
org.datayoo.tripod.metadata.AbstractExpressionMetadata.getBoost()	CtMethodImpl	public
org.datayoo.tripod.logic.OrOperand.rOperand	CtFieldReferenceImpl	protected
org.datayoo.tripod.antlr.TripodParserBaseListener.exitPhrase(org.datayoo.tripod.antlr.TripodParser.PhraseContext)	CtMethodImpl	public
org.datayoo.tripod.antlr.TripodParser.OrExpressionContext.lExpr	CtFieldReferenceImpl	public
org.antlr.v4.runtime.Lexer.MIN_CHAR_VALUE	CtFieldReferenceImpl	public
org.datayoo.tripod.engine.TripodContextImpl.isScoring()	CtMethodImpl	public
org.datayoo.tripod.metadata.FieldMetadata.field	CtFieldReferenceImpl	protected
org.datayoo.tripod.IdfCounterImpl	CtClassImpl	public
org.datayoo.tripod.antlr.ProximityExpressionContext.SWANGDASH()	CtMethodImpl	public
org.datayoo.tripod.antlr.TripodLexer.AND	CtFieldReferenceImpl	public
org.datayoo.tripod.engine.TripodEngine.TripodRule.boolOperand	CtFieldReferenceImpl	protected
org.datayoo.tripod.metadata.PhraseMetadata(java.lang.String)	CtConstructorImpl	public
org.datayoo.tripod.antlr.TripodParser.TermContext.expressionMetadata	CtFieldReferenceImpl	public
org.datayoo.tripod.engine.Tripod.logger	CtFieldReferenceImpl	protected
org.datayoo.tripod.HitToken.token	CtFieldReferenceImpl	protected
org.datayoo.tripod.antlr.TripodParser.RangeValueContext	CtClassImpl	public
org.datayoo.tripod.comp.PhraseOperand.calcTermDistance(int[])	CtMethodImpl	protected
org.datayoo.tripod.antlr.PhraseContext.Q_PHRASE()	CtMethodImpl	public
org.datayoo.tripod.metadata.BoolMetadata.boolExprs	CtFieldReferenceImpl	protected
org.datayoo.tripod.comp.PhraseOperand.operate(org.datayoo.tripod.DocumentEntity,boolean,java.util.Map<java.lang.String, java.util.List<org.datayoo.tripod.HitToken>>)	CtMethodImpl	public
org.datayoo.tripod.comp.RangeOperand(java.lang.String,org.datayoo.tripod.metadata.RangeMetadata,org.datayoo.tripod.TripodContext)	CtConstructorImpl	public
org.datayoo.tripod.metadata.UnaryMetadata.toString()	CtMethodImpl	public
org.datayoo.tripod.DocumentEntityImpl.initEntityTermMap()	CtMethodImpl	protected
org.datayoo.tripod.antlr.TripodParser.TERM	CtFieldReferenceImpl	public
org.datayoo.tripod.engine.SegmentableTripodEngine.tripodSegment	CtFieldReferenceImpl	protected
org.datayoo.tripod.antlr.TripodParser.BasicExpressionContext.primaryCtx	CtFieldReferenceImpl	public
org.datayoo.tripod.antlr.TripodParser.AndExpressionContext.rExpr	CtFieldReferenceImpl	public
org.datayoo.tripod.engine.TripodContextImpl	CtClassImpl	public
org.datayoo.tripod.antlr.TripodParser.tripodExpression()	CtMethodImpl	public
org.datayoo.tripod.TermEntityImpl.getPartOfSpeech()	CtMethodImpl	public
org.datayoo.tripod.operand.AbstractOperand(org.datayoo.tripod.metadata.ExpressionMetadata,org.datayoo.tripod.TripodContext)	CtConstructorImpl	public
org.datayoo.tripod.comp.RangeOperand.operate(org.datayoo.tripod.DocumentEntity,boolean,java.util.Map<java.lang.String, java.util.List<org.datayoo.tripod.HitToken>>)	CtMethodImpl	public
org.datayoo.tripod.engine.SegmentableTripodEngine.tripodEngine	CtFieldReferenceImpl	protected
org.antlr.v4.runtime.Lexer.DEFAULT_TOKEN_CHANNEL	CtFieldReferenceImpl	public
org.datayoo.tripod.antlr.TripodParser.TripodExpressionContext.boolMetadata	CtFieldReferenceImpl	public
org.antlr.v4.runtime.Lexer.HIDDEN	CtFieldReferenceImpl	public
org.datayoo.tripod.antlr.InTermContext.RBRACK()	CtMethodImpl	public
org.datayoo.tripod.comp.InOperand.operands	CtFieldReferenceImpl	protected
org.datayoo.tripod.IdfCounterImpl.idf(java.lang.String)	CtMethodImpl	public
org.datayoo.tripod.antlr.FuzzyExpressionContext.exitRule(org.antlr.v4.runtime.tree.ParseTreeListener)	CtMethodImpl	public
org.datayoo.tripod.comp.PhraseOperand.DoubleRef	CtClassImpl	protected
org.datayoo.tripod.antlr.OrExpressionContext.OR()	CtMethodImpl	public
org.datayoo.tripod.antlr.ParenExpressionContext.getRuleIndex()	CtMethodImpl	public
org.datayoo.tripod.comp.InOperand	CtClassImpl	public
org.datayoo.tripod.TermEntityImpl(java.lang.String,int)	CtConstructorImpl	public
org.datayoo.tripod.antlr.TripodParser.FuzzyExpressionContext.t	CtFieldReferenceImpl	public
org.datayoo.tripod.antlr.PhraseContext.getRuleIndex()	CtMethodImpl	public
org.datayoo.tripod.utils.WildcardMatcher.MULTI_ANY_CH	CtFieldReferenceImpl	public
org.datayoo.tripod.seg.ansj.AnsjSegmenter()	CtConstructorImpl	public
org.antlr.v4.runtime.RuleContext.EMPTY	CtFieldReferenceImpl	public
org.datayoo.tripod.DocumentEntityImpl.initTermMap(java.util.Map<java.lang.String, java.util.List<org.datayoo.tripod.TermEntity>>,org.datayoo.tripod.TermEntity[])	CtMethodImpl	protected
org.datayoo.tripod.DocumentEntityImpl.getAllTerms()	CtMethodImpl	public
org.datayoo.tripod.utils.WildcardMatcher.trans2RegExp(java.lang.String)	CtMethodImpl	protected
org.datayoo.tripod.factory.OperandFactory.createAndOperand(java.lang.String,org.datayoo.tripod.metadata.BinaryMetadata,org.datayoo.tripod.TripodContext)	CtMethodImpl	protected
org.datayoo.tripod.engine.TripodContextImpl.getBoost(java.lang.String)	CtMethodImpl	public
org.datayoo.tripod.antlr.BasicExpressionContext.getRuleIndex()	CtMethodImpl	public
org.datayoo.tripod.TermEntityImpl.setPartOfSpeech(java.lang.String)	CtMethodImpl	public
org.datayoo.tripod.utils.LevDistance.lev(char[],char[])	CtMethodImpl	public
org.antlr.v4.runtime.ParserRuleContext.start	CtFieldReferenceImpl	public
org.datayoo.tripod.IdfCounterImpl.load(java.lang.String)	CtMethodImpl	public
org.datayoo.tripod.logic.OrOperand	CtClassImpl	public
org.datayoo.tripod.engine.TripodEvaluator.setAndCoefficent(double)	CtMethodImpl	public
org.datayoo.tripod.factory.OperandFactory.createMustNotOperand(java.lang.String,org.datayoo.tripod.metadata.UnaryMetadata,org.datayoo.tripod.TripodContext)	CtMethodImpl	protected
org.datayoo.tripod.antlr.TripodParser.proximityExpression()	CtMethodImpl	public
org.datayoo.tripod.metadata.AbstractExpressionMetadata.setBoost(int)	CtMethodImpl	public
org.datayoo.tripod.antlr.TripodParser$OrExpressionContext(org.antlr.v4.runtime.ParserRuleContext,int)	CtConstructorImpl	public
org.datayoo.tripod.logic.NotOperand	CtClassImpl	public
org.datayoo.tripod.antlr.TripodLexer._SYMBOLIC_NAMES	CtFieldReferenceImpl	private
org.datayoo.tripod.engine.Tripod	CtClassImpl	public
org.datayoo.tripod.operand.AtomOperand.getMetadata()	CtMethodImpl	public
org.datayoo.tripod.antlr.TripodParser$RangeValueContext(org.antlr.v4.runtime.ParserRuleContext,int)	CtConstructorImpl	public
org.datayoo.tripod.engine.Tripod.match(java.util.Map<java.lang.String, org.datayoo.tripod.TermEntity[]>)	CtMethodImpl	public
org.datayoo.tripod.logic.NotOperand(java.util.List<org.datayoo.tripod.Operand>,org.datayoo.tripod.metadata.ExpressionMetadata,org.datayoo.tripod.TripodContext)	CtConstructorImpl	public
org.datayoo.tripod.engine.Tripod(java.lang.String,java.util.List<org.datayoo.tripod.FieldMetadata>,org.datayoo.tripod.FieldMetadata,org.datayoo.tripod.IdfCounter,java.lang.String)	CtConstructorImpl	public
org.datayoo.tripod.engine.SegmentableTripodEngine.setScoring(boolean)	CtMethodImpl	public
org.datayoo.tripod.parser.TripodExpressionParser	CtClassImpl	public
org.datayoo.tripod.antlr.TripodLexer._ATN	CtFieldReferenceImpl	public
org.datayoo.tripod.antlr.TripodParser.RangeTermContext	CtClassImpl	public
org.datayoo.tripod.antlr.TripodParser.PrimaryContext.parenCtx	CtFieldReferenceImpl	public
org.datayoo.tripod.metadata.PhraseMetadata.getPhrase()	CtMethodImpl	public
org.datayoo.tripod.parser.TripodExpressionParser.extractSegmentFields(org.datayoo.tripod.metadata.RangeMetadata,java.util.Set<java.lang.String>)	CtMethodImpl	protected
org.datayoo.tripod.antlr.TripodLexer.CARET	CtFieldReferenceImpl	public
org.datayoo.tripod.antlr.FuzzyExpressionContext.SWANGDASH()	CtMethodImpl	public
org.datayoo.tripod.antlr.TripodParser.PhraseContext	CtClassImpl	public
org.datayoo.tripod.antlr.TripodLexer.COLON	CtFieldReferenceImpl	public
org.datayoo.tripod.antlr.TripodLexer.COMMENT	CtFieldReferenceImpl	public
org.datayoo.tripod.engine.TripodEvaluator.fuzzyCoefficent	CtFieldReferenceImpl	protected
org.datayoo.tripod.antlr.PhraseContext.DQ_PHRASE()	CtMethodImpl	public
org.datayoo.tripod.engine.TripodEvaluator.andCoefficent	CtFieldReferenceImpl	protected
org.datayoo.tripod.operand.DecratorOperand	CtClassImpl	public
org.datayoo.tripod.engine.TripodEvaluator.complexityOfParen(org.datayoo.tripod.metadata.UnaryMetadata)	CtMethodImpl	protected
org.datayoo.tripod.antlr.RangeTermContext.LBRACE()	CtMethodImpl	public
org.antlr.v4.runtime.Parser._tracer	CtFieldReferenceImpl	private
org.datayoo.tripod.factory.OperandFactory.createInOperand(java.lang.String,org.datayoo.tripod.metadata.InMetadata,org.datayoo.tripod.TripodContext)	CtMethodImpl	protected
org.datayoo.tripod.antlr.BasicExpressionContext.primary()	CtMethodImpl	public
org.datayoo.tripod.antlr.NotExpressionContext.MINUS()	CtMethodImpl	public
org.datayoo.tripod.antlr.TripodLexer.TERM	CtFieldReferenceImpl	public
org.datayoo.tripod.antlr.TripodParser.ruleNames	CtFieldReferenceImpl	public
org.datayoo.tripod.parser.TripodExpressionParser.parseFromStream(java.io.InputStream)	CtMethodImpl	public
org.datayoo.tripod.logic.OrOperand.lOperand	CtFieldReferenceImpl	protected
org.datayoo.tripod.antlr.RangeTermContext.exitRule(org.antlr.v4.runtime.tree.ParseTreeListener)	CtMethodImpl	public
org.datayoo.tripod.comp.PhraseOperand.findPos(org.datayoo.tripod.DocumentEntity,boolean,org.datayoo.tripod.comp.PhraseOperand.DoubleRef)	CtMethodImpl	protected
org.datayoo.tripod.parser.TripodExpressionParser.extractSegmentFields(org.datayoo.tripod.metadata.InMetadata,java.util.Set<java.lang.String>)	CtMethodImpl	protected
org.datayoo.tripod.engine.TripodEvaluator.setUnit(double)	CtMethodImpl	public
org.antlr.v4.runtime.Parser.matchedEOF	CtFieldReferenceImpl	protected
org.antlr.v4.runtime.Lexer._tokenFactorySourcePair	CtFieldReferenceImpl	protected
org.datayoo.tripod.antlr.TripodLexer.tokenNames	CtFieldReferenceImpl	public
org.datayoo.tripod.antlr.TripodParserBaseListener.enterOrExpression(org.datayoo.tripod.antlr.TripodParser.OrExpressionContext)	CtMethodImpl	public
org.datayoo.tripod.metadata.InMetadata.expressions	CtFieldReferenceImpl	protected
org.datayoo.tripod.metadata.FieldMetadata	CtClassImpl	public
org.datayoo.tripod.antlr.TripodLexer.COMMA	CtFieldReferenceImpl	public
org.datayoo.tripod.antlr.TripodParser.ProximityExpressionContext.proximityMetadata	CtFieldReferenceImpl	public
org.datayoo.tripod.comp.RangeOperand.inRange(java.lang.String)	CtMethodImpl	protected
org.datayoo.tripod.TermEntityImpl.equals(java.lang.Object)	CtMethodImpl	public
org.datayoo.tripod.engine.Tripod.getRule()	CtMethodImpl	public
org.datayoo.tripod.metadata.BoolMetadata.getBoolExprs()	CtMethodImpl	public
org.datayoo.tripod.antlr.TripodParser.mismatch(org.antlr.v4.runtime.IntStream,int,java.util.BitSet)	CtMethodImpl	protected
org.datayoo.tripod.antlr.TripodParser.NUMBER	CtFieldReferenceImpl	public
org.datayoo.tripod.antlr.TripodParser.PhraseContext.t	CtFieldReferenceImpl	public
org.datayoo.tripod.antlr.TripodParserBaseListener.exitPrimary(org.datayoo.tripod.antlr.TripodParser.PrimaryContext)	CtMethodImpl	public
org.datayoo.tripod.antlr.TripodParser$PhraseContext(org.antlr.v4.runtime.ParserRuleContext,int)	CtConstructorImpl	public
org.datayoo.tripod.metadata.InMetadata	CtClassImpl	public
org.datayoo.tripod.metadata.BinaryMetadata(org.datayoo.tripod.metadata.ExpressionType,org.datayoo.tripod.metadata.ExpressionMetadata,org.datayoo.tripod.metadata.ExpressionMetadata)	CtConstructorImpl	public
org.datayoo.tripod.antlr.TripodParserBaseListener.exitFuzzyExpression(org.datayoo.tripod.antlr.TripodParser.FuzzyExpressionContext)	CtMethodImpl	public
org.antlr.v4.runtime.Lexer.SKIP	CtFieldReferenceImpl	public
org.datayoo.tripod.logic.OrOperand.operate(org.datayoo.tripod.DocumentEntity,boolean,java.util.Map<java.lang.String, java.util.List<org.datayoo.tripod.HitToken>>)	CtMethodImpl	public
org.datayoo.tripod.antlr.TripodLexer.OR	CtFieldReferenceImpl	public
org.datayoo.tripod.antlr.NotExpressionContext.exitRule(org.antlr.v4.runtime.tree.ParseTreeListener)	CtMethodImpl	public
org.datayoo.tripod.antlr.TripodParserBaseListener.enterRangeValue(org.datayoo.tripod.antlr.TripodParser.RangeValueContext)	CtMethodImpl	public
org.datayoo.tripod.antlr.TripodParser.PrimaryContext.expressionMetadata	CtFieldReferenceImpl	public
org.datayoo.tripod.engine.TripodEngine$TripodRule(java.lang.String,java.lang.String)	CtConstructorImpl	public
org.datayoo.tripod.utils.LevDistance()	CtConstructorImpl	public
org.datayoo.tripod.TermEntityImpl.toString()	CtMethodImpl	public
org.datayoo.tripod.OperateException(java.lang.Throwable)	CtConstructorImpl	public
org.datayoo.tripod.engine.TripodEvaluator.complexityOfMust(org.datayoo.tripod.metadata.UnaryMetadata)	CtMethodImpl	protected
org.datayoo.tripod.engine.TripodEvaluator.setOrCoefficent(double)	CtMethodImpl	public
org.datayoo.tripod.factory.OperandFactory.createOperand(org.datayoo.tripod.metadata.BoolMetadata,org.datayoo.tripod.TripodContext)	CtMethodImpl	public
org.datayoo.tripod.metadata.AbstractExpressionMetadata(org.datayoo.tripod.metadata.ExpressionType)	CtConstructorImpl	public
org.datayoo.tripod.comp.TermFuzzyOperand.operate(org.datayoo.tripod.DocumentEntity,boolean,java.util.Map<java.lang.String, java.util.List<org.datayoo.tripod.HitToken>>)	CtMethodImpl	public
org.antlr.v4.runtime.Lexer._factory	CtFieldReferenceImpl	protected
org.datayoo.tripod.engine.TripodContextImpl.setScoring(boolean)	CtMethodImpl	public
org.datayoo.tripod.antlr.InTermContext.enterRule(org.antlr.v4.runtime.tree.ParseTreeListener)	CtMethodImpl	public
org.datayoo.tripod.engine.TripodEvaluator.wildcardCoefficent	CtFieldReferenceImpl	protected
org.datayoo.tripod.engine.TripodEngine.rwLock	CtFieldReferenceImpl	protected
org.datayoo.tripod.factory.OperandFactory.createOrOperand(java.lang.String,org.datayoo.tripod.metadata.BinaryMetadata,org.datayoo.tripod.TripodContext)	CtMethodImpl	protected
org.datayoo.tripod.antlr.TripodParser.MINUS	CtFieldReferenceImpl	public
org.datayoo.tripod.comp.TermMatchOperand	CtClassImpl	public
org.datayoo.tripod.antlr.TripodParser.rangeTerm()	CtMethodImpl	public
org.datayoo.tripod.antlr.ProximityExpressionContext.enterRule(org.antlr.v4.runtime.tree.ParseTreeListener)	CtMethodImpl	public
org.datayoo.tripod.parser.TripodExpressionParser.parseFromString(java.lang.String)	CtMethodImpl	public
org.datayoo.tripod.FieldMetadata	CtClassImpl	public
org.datayoo.tripod.operand.AbstractOperand.expressionMetadata	CtFieldReferenceImpl	protected
org.datayoo.tripod.seg.ansj.AnsjSegmenter(org.datayoo.tripod.seg.ansj.AnsjSegmentMode,java.lang.String[])	CtConstructorImpl	public
org.datayoo.tripod.antlr.TripodLexer.getGrammarFileName()	CtMethodImpl	public
org.datayoo.tripod.metadata.WildcardMetadata.MULTI_ANY_CH	CtFieldReferenceImpl	public
org.datayoo.tripod.antlr.TripodParser.RULE_inTerm	CtFieldReferenceImpl	public
org.datayoo.tripod.bool.MustNotOperand	CtClassImpl	public
org.datayoo.tripod.antlr.TripodLexer.LBRACK	CtFieldReferenceImpl	public
org.datayoo.tripod.TermEntityImpl.hashCode()	CtMethodImpl	public
org.datayoo.tripod.antlr.TripodLexer.STAR	CtFieldReferenceImpl	public
org.datayoo.tripod.bool.BoolOperand.mustOperands	CtFieldReferenceImpl	protected
org.datayoo.tripod.FieldMetadata.field	CtFieldReferenceImpl	protected
org.datayoo.tripod.antlr.TripodParser.BasicExpressionContext.expressionMetadata	CtFieldReferenceImpl	public
org.datayoo.tripod.antlr.TripodParser.RULE_orExpression	CtFieldReferenceImpl	public
org.datayoo.tripod.antlr.TripodParser.TermContext	CtClassImpl	public
org.datayoo.tripod.operand.AbstractOperand.getMetadata()	CtMethodImpl	public
org.antlr.v4.runtime.Lexer._tokenStartCharIndex	CtFieldReferenceImpl	public
org.datayoo.tripod.DocumentEntityImpl(java.util.Map<java.lang.String, org.datayoo.tripod.TermEntity[]>,boolean)	CtConstructorImpl	public
org.datayoo.tripod.engine.TripodContextImpl(java.util.List<org.datayoo.tripod.FieldMetadata>,org.datayoo.tripod.FieldMetadata,org.datayoo.tripod.IdfCounter)	CtConstructorImpl	public
org.datayoo.tripod.metadata.TermMetadata(java.lang.String)	CtConstructorImpl	public
org.datayoo.tripod.antlr.TripodParser.TermContext.t	CtFieldReferenceImpl	public
org.datayoo.tripod.HitToken	CtClassImpl	public
org.datayoo.tripod.engine.TripodEvaluator.complexityOfPhrase(org.datayoo.tripod.metadata.ExpressionMetadata)	CtMethodImpl	protected
org.datayoo.tripod.antlr.TripodParser.rangeValue()	CtMethodImpl	public
org.datayoo.tripod.antlr.RangeValueContext.term()	CtMethodImpl	public
org.datayoo.tripod.engine.TripodEngine.checkDataMap(java.util.Map<java.lang.String, org.datayoo.tripod.TermEntity[]>)	CtMethodImpl	protected
org.datayoo.tripod.antlr.TripodLexer.getTokenNames()	CtMethodImpl	public
org.datayoo.tripod.metadata.SuffixMetadata(org.datayoo.tripod.metadata.ExpressionType,java.lang.Number)	CtConstructorImpl	public
org.datayoo.tripod.antlr.RangeValueContext.phrase()	CtMethodImpl	public
org.datayoo.tripod.comp.InOperand.operate(org.datayoo.tripod.DocumentEntity,boolean,java.util.Map<java.lang.String, java.util.List<org.datayoo.tripod.HitToken>>)	CtMethodImpl	public
org.datayoo.tripod.engine.TripodEngine.TripodRule.name	CtFieldReferenceImpl	protected
org.datayoo.tripod.antlr.TripodParser.DQ_PHRASE	CtFieldReferenceImpl	public
org.datayoo.tripod.antlr.TripodParser.FuzzyExpressionContext.fuzzyMetadata	CtFieldReferenceImpl	public
org.datayoo.tripod.parser.TripodExpressionParser.extractSegmentFields(org.datayoo.tripod.metadata.FieldMetadata,java.util.Set<java.lang.String>)	CtMethodImpl	protected
org.datayoo.tripod.antlr.TripodParserBaseListener.exitInTerm(org.datayoo.tripod.antlr.TripodParser.InTermContext)	CtMethodImpl	public
org.datayoo.tripod.engine.Tripod.getContext()	CtMethodImpl	public
org.datayoo.tripod.metadata.BinaryMetadata.toString()	CtMethodImpl	public
org.datayoo.tripod.antlr.TripodParser.RULE_basicExpression	CtFieldReferenceImpl	public
org.datayoo.tripod.comp.TermFuzzyOperand(java.lang.String,org.datayoo.tripod.metadata.SuffixMetadata,org.datayoo.tripod.TripodContext)	CtConstructorImpl	public
org.datayoo.tripod.antlr.TripodParser.PrimaryContext.phraseCtx	CtFieldReferenceImpl	public
org.datayoo.tripod.antlr.TripodParser.ParenExpressionContext	CtClassImpl	public
org.datayoo.tripod.antlr.InTermContext.exitRule(org.antlr.v4.runtime.tree.ParseTreeListener)	CtMethodImpl	public
org.datayoo.tripod.metadata.BinaryMetadata.rExpr	CtFieldReferenceImpl	protected
org.datayoo.tripod.antlr.RangeValueContext.enterRule(org.antlr.v4.runtime.tree.ParseTreeListener)	CtMethodImpl	public
org.datayoo.tripod.IdfCounterImpl.termDocs	CtFieldReferenceImpl	protected
org.antlr.v4.runtime.RuleContext.invokingState	CtFieldReferenceImpl	public
org.datayoo.tripod.metadata.SuffixMetadata.setExpr(org.datayoo.tripod.metadata.ExpressionMetadata)	CtMethodImpl	public
org.datayoo.tripod.operand.AtomOperand.lengthNorm(org.datayoo.tripod.DocumentEntity)	CtMethodImpl	protected
org.datayoo.tripod.engine.TripodContextImpl.defaultFieldMetadata	CtFieldReferenceImpl	protected
org.datayoo.tripod.antlr.TripodParser.phrase()	CtMethodImpl	public
org.datayoo.tripod.operand.AtomOperand(java.lang.String,org.datayoo.tripod.metadata.ExpressionMetadata,org.datayoo.tripod.TripodContext)	CtConstructorImpl	public
org.datayoo.tripod.FieldMetadata.equals(java.lang.Object)	CtMethodImpl	public
org.datayoo.tripod.antlr.TripodParser._LITERAL_NAMES	CtFieldReferenceImpl	private
org.datayoo.tripod.factory.OperandFactory	CtClassImpl	public
org.datayoo.tripod.operand.AbstractOperand.context	CtFieldReferenceImpl	protected
org.datayoo.tripod.metadata.RangeMetadata	CtClassImpl	public
org.datayoo.tripod.engine.TripodEngine.match(java.util.Map<java.lang.String, org.datayoo.tripod.TermEntity[]>,boolean)	CtMethodImpl	public
org.datayoo.tripod.metadata.PhraseMetadata.getEnclosure()	CtMethodImpl	public
org.datayoo.tripod.exception.TripodRuntimeException(java.lang.String)	CtConstructorImpl	public
org.datayoo.tripod.metadata.InMetadata(java.util.List<org.datayoo.tripod.metadata.ExpressionMetadata>)	CtConstructorImpl	public
org.datayoo.tripod.antlr.TripodParser.RULE_andExpression	CtFieldReferenceImpl	public
org.datayoo.tripod.antlr.TripodParser	CtClassImpl	public
org.datayoo.tripod.engine.TripodEvaluator.phraseCoefficent	CtFieldReferenceImpl	protected
org.datayoo.tripod.antlr.TripodParserBaseListener.enterParenExpression(org.datayoo.tripod.antlr.TripodParser.ParenExpressionContext)	CtMethodImpl	public
org.datayoo.tripod.operand.AtomOperand.getTf(org.datayoo.tripod.DocumentEntity,org.datayoo.tripod.TermEntity)	CtMethodImpl	protected
org.datayoo.tripod.antlr.TripodLexer.Q_PHRASE	CtFieldReferenceImpl	public
org.datayoo.tripod.metadata.UnaryMetadata.getExpr()	CtMethodImpl	public
org.antlr.v4.runtime.Lexer._tokenStartLine	CtFieldReferenceImpl	public
org.datayoo.tripod.antlr.TripodParserBaseListener.exitRangeValue(org.datayoo.tripod.antlr.TripodParser.RangeValueContext)	CtMethodImpl	public
org.datayoo.tripod.factory.OperandFactory.createRangeOperand(java.lang.String,org.datayoo.tripod.metadata.RangeMetadata,org.datayoo.tripod.TripodContext)	CtMethodImpl	protected
org.datayoo.tripod.antlr.BasicExpressionContext.enterRule(org.antlr.v4.runtime.tree.ParseTreeListener)	CtMethodImpl	public
org.datayoo.tripod.comp.PhraseOperand.DoubleRef.d	CtFieldReferenceImpl	package-private
org.datayoo.tripod.antlr.AndExpressionContext.AND()	CtMethodImpl	public
org.datayoo.tripod.seg.ansj.AnsjSegmentMode	CtEnumImpl	public
org.datayoo.tripod.bool.BoolOperand.operate(org.datayoo.tripod.DocumentEntity,boolean,java.util.Map<java.lang.String, java.util.List<org.datayoo.tripod.HitToken>>)	CtMethodImpl	public
org.datayoo.tripod.antlr.AndExpressionContext.notExpression(int)	CtMethodImpl	public
org.datayoo.tripod.engine.TripodEvaluator.complexityOfAnd(org.datayoo.tripod.metadata.BinaryMetadata)	CtMethodImpl	protected
org.datayoo.tripod.metadata.RangeMetadata.rExpr	CtFieldReferenceImpl	protected
org.datayoo.tripod.antlr.TripodParser._ATN	CtFieldReferenceImpl	public
org.antlr.v4.runtime.ParserRuleContext.exception	CtFieldReferenceImpl	public
org.datayoo.tripod.factory.OperandFactory.createMustOperand(java.lang.String,org.datayoo.tripod.metadata.UnaryMetadata,org.datayoo.tripod.TripodContext)	CtMethodImpl	protected
org.datayoo.tripod.antlr.TripodParser.getVocabulary()	CtMethodImpl	public
org.datayoo.tripod.antlr.PrimaryContext.parenExpression()	CtMethodImpl	public
org.datayoo.tripod.operand.DecratorOperand(org.datayoo.tripod.metadata.ExpressionMetadata,org.datayoo.tripod.TripodContext)	CtConstructorImpl	public
org.datayoo.tripod.engine.SegmentableTripodEngine.addTripodRule(java.lang.String,java.lang.String,org.datayoo.tripod.engine.TripodListener)	CtMethodImpl	public
org.datayoo.tripod.logic.AndOperand.operate(org.datayoo.tripod.DocumentEntity,boolean,java.util.Map<java.lang.String, java.util.List<org.datayoo.tripod.HitToken>>)	CtMethodImpl	public
org.datayoo.tripod.antlr.TripodLexer.getSerializedATN()	CtMethodImpl	public
org.datayoo.tripod.antlr.ProximityExpressionContext.NUMBER()	CtMethodImpl	public
org.datayoo.tripod.bool.BoolOperand.mustOperate(org.datayoo.tripod.DocumentEntity,boolean,java.util.Map<java.lang.String, java.util.List<org.datayoo.tripod.HitToken>>)	CtMethodImpl	protected
org.datayoo.tripod.antlr.TripodParser$BasicExpressionContext(org.antlr.v4.runtime.ParserRuleContext,int)	CtConstructorImpl	public
org.datayoo.tripod.bool.BoolOperand(java.util.List<org.datayoo.tripod.Operand>,org.datayoo.tripod.metadata.ExpressionMetadata,org.datayoo.tripod.TripodContext)	CtConstructorImpl	public
org.datayoo.tripod.Paren.ParenOperand	CtClassImpl	public
org.datayoo.tripod.seg.ansj.AnsjSegmenter.forests	CtFieldReferenceImpl	protected
org.datayoo.tripod.antlr.TripodParser$InTermContext(org.antlr.v4.runtime.ParserRuleContext,int)	CtConstructorImpl	public
org.datayoo.tripod.antlr.RangeValueContext.getRuleIndex()	CtMethodImpl	public
org.antlr.v4.runtime.Parser._buildParseTrees	CtFieldReferenceImpl	protected
org.datayoo.tripod.operand.AtomOperand.field	CtFieldReferenceImpl	protected
org.datayoo.tripod.engine.TripodEvaluator.setShouldCoefficent(double)	CtMethodImpl	public
org.antlr.v4.runtime.Lexer.MORE	CtFieldReferenceImpl	public
org.datayoo.tripod.antlr.TripodParser.LBRACE	CtFieldReferenceImpl	public
org.datayoo.tripod.antlr.TripodParser.RangeValueContext.phraseCtx	CtFieldReferenceImpl	public
org.datayoo.tripod.antlr.TripodParserBaseListener.enterFuzzyExpression(org.datayoo.tripod.antlr.TripodParser.FuzzyExpressionContext)	CtMethodImpl	public
org.datayoo.tripod.IdfCounterImpl.getTotalDocs()	CtMethodImpl	public
org.antlr.v4.runtime.Lexer._channel	CtFieldReferenceImpl	public
org.datayoo.tripod.logic.AndOperand	CtClassImpl	public
org.datayoo.tripod.antlr.TripodLexer.LINE_COMMENT	CtFieldReferenceImpl	public
org.datayoo.tripod.comp.TermFuzzyOperand	CtClassImpl	public
org.datayoo.tripod.antlr.TripodParser.STAR	CtFieldReferenceImpl	public
org.antlr.v4.runtime.ParserRuleContext.children	CtFieldReferenceImpl	public
org.datayoo.tripod.antlr.TripodParser.getRuleNames()	CtMethodImpl	public
org.datayoo.tripod.engine.SegmentableTripodEngine.match(java.util.Map<java.lang.String, java.lang.Object>)	CtMethodImpl	public
org.datayoo.tripod.engine.Tripod.boolOperand	CtFieldReferenceImpl	protected
org.datayoo.tripod.DocumentEntityImpl.findTerm(java.lang.String,java.lang.String)	CtMethodImpl	public
org.datayoo.tripod.antlr.TripodParser.SWANGDASH	CtFieldReferenceImpl	public
org.datayoo.tripod.logic.NotOperand.operate(org.datayoo.tripod.DocumentEntity,boolean,java.util.Map<java.lang.String, java.util.List<org.datayoo.tripod.HitToken>>)	CtMethodImpl	public
org.datayoo.tripod.antlr.TripodLexer._serializedATN	CtFieldReferenceImpl	public
org.datayoo.tripod.engine.TripodEvaluator.setRangeCoefficent(double)	CtMethodImpl	public
org.datayoo.tripod.antlr.RangeValueContext.exitRule(org.antlr.v4.runtime.tree.ParseTreeListener)	CtMethodImpl	public
org.datayoo.tripod.OperateException.exceptionCode	CtFieldReferenceImpl	private
org.datayoo.tripod.utils.DoubleFormater()	CtConstructorImpl	public
org.datayoo.tripod.engine.SegmentableTripodEngine.match(java.util.Map<java.lang.String, java.lang.Object>,boolean)	CtMethodImpl	public
org.datayoo.tripod.antlr.TripodParser.parenExpression()	CtMethodImpl	public
org.datayoo.tripod.antlr.TripodLexer.getATN()	CtMethodImpl	public
org.antlr.v4.runtime.Parser._input	CtFieldReferenceImpl	protected
org.datayoo.tripod.antlr.InTermContext.rangeValue(int)	CtMethodImpl	public
org.datayoo.tripod.antlr.TripodParser$ParenExpressionContext(org.antlr.v4.runtime.ParserRuleContext,int)	CtConstructorImpl	public
org.datayoo.tripod.operand.AbstractOperand.operate(org.datayoo.tripod.DocumentEntity)	CtMethodImpl	public
org.datayoo.tripod.antlr.TripodParser.notExpression()	CtMethodImpl	public
org.datayoo.tripod.metadata.TermMetadata.toString()	CtMethodImpl	public
org.datayoo.tripod.engine.TripodEvaluator.setPhraseCoefficent(double)	CtMethodImpl	public
org.datayoo.tripod.metadata.SuffixMetadata.getExpr()	CtMethodImpl	public
org.datayoo.tripod.antlr.TripodParser.RULE_parenExpression	CtFieldReferenceImpl	public
org.datayoo.tripod.engine.TripodContextImpl.getIdf(java.lang.String)	CtMethodImpl	public
org.datayoo.tripod.antlr.TripodParser.LPAREN	CtFieldReferenceImpl	public
org.datayoo.tripod.engine.Tripod.getName()	CtMethodImpl	public
org.datayoo.tripod.DocumentEntityImpl.entityTermMap	CtFieldReferenceImpl	protected
org.datayoo.tripod.comp.PhraseOperand$DoubleRef()	CtConstructorImpl	protected
org.datayoo.tripod.comp.TermFuzzyOperand.termChars	CtFieldReferenceImpl	protected
org.datayoo.tripod.antlr.TripodParser.RULE_notExpression	CtFieldReferenceImpl	public
org.datayoo.tripod.comp.PhraseOperand.stuff(java.lang.StringBuilder,int)	CtMethodImpl	protected
org.datayoo.tripod.engine.Tripod.rule	CtFieldReferenceImpl	protected
org.datayoo.tripod.antlr.TripodParserBaseListener.exitOrExpression(org.datayoo.tripod.antlr.TripodParser.OrExpressionContext)	CtMethodImpl	public
org.datayoo.tripod.metadata.UnaryMetadata	CtClassImpl	public
org.datayoo.tripod.antlr.TripodParser.PrimaryContext.fuzzyCtx	CtFieldReferenceImpl	public
org.datayoo.tripod.HitToken.getBegin()	CtMethodImpl	public
org.datayoo.tripod.antlr.TripodLexer.SWANGDASH	CtFieldReferenceImpl	public
org.datayoo.tripod.engine.SegmentableTripodEngine.match(java.util.Map<java.lang.String, java.lang.Object>,boolean,boolean)	CtMethodImpl	public
org.datayoo.tripod.engine.TripodEvaluator.setWildcardCoefficent(double)	CtMethodImpl	public
org.datayoo.tripod.antlr.TripodExpressionContext.orExpression(int)	CtMethodImpl	public
org.datayoo.tripod.antlr.TripodExpressionContext.orExpression()	CtMethodImpl	public
org.datayoo.tripod.antlr.TripodParser.AndExpressionContext.expressionMetadata	CtFieldReferenceImpl	public
org.datayoo.tripod.metadata.BoolMetadata.toString()	CtMethodImpl	public
org.datayoo.tripod.HitToken.begin	CtFieldReferenceImpl	protected
org.datayoo.tripod.antlr.RangeTermContext.LBRACK()	CtMethodImpl	public
org.antlr.v4.runtime.Lexer._modeStack	CtFieldReferenceImpl	public
org.datayoo.tripod.seg.ansj.AnsjSegmenter.segment(java.lang.String)	CtMethodImpl	public
org.datayoo.tripod.engine.SegmentableTripodEngine.segmentFields	CtFieldReferenceImpl	protected
org.datayoo.tripod.antlr.FuzzyExpressionContext.enterRule(org.antlr.v4.runtime.tree.ParseTreeListener)	CtMethodImpl	public
org.datayoo.tripod.comp.PhraseOperand.fillHits(int[],org.datayoo.tripod.DocumentEntity,boolean,java.util.List<org.datayoo.tripod.HitToken>)	CtMethodImpl	protected
org.datayoo.tripod.antlr.TripodLexer.QMARK	CtFieldReferenceImpl	public
org.datayoo.tripod.engine.TripodEvaluator.setParenCoefficent(double)	CtMethodImpl	public
org.datayoo.tripod.antlr.AndExpressionContext.exitRule(org.antlr.v4.runtime.tree.ParseTreeListener)	CtMethodImpl	public
org.datayoo.tripod.utils.WildcardMatcher.isEscapeChar(char)	CtMethodImpl	protected
org.datayoo.tripod.antlr.ParenExpressionContext.enterRule(org.antlr.v4.runtime.tree.ParseTreeListener)	CtMethodImpl	public
org.datayoo.tripod.seg.ansj.AnsjSegmenter.segmentMode	CtFieldReferenceImpl	protected
org.datayoo.tripod.antlr.TripodParserBaseListener.visitErrorNode(org.antlr.v4.runtime.tree.ErrorNode)	CtMethodImpl	public
org.datayoo.tripod.HitToken.getEnd()	CtMethodImpl	public
org.datayoo.tripod.engine.Tripod.match(org.datayoo.tripod.DocumentEntity,boolean,java.util.Map<java.lang.String, java.util.List<org.datayoo.tripod.HitToken>>)	CtMethodImpl	public
org.datayoo.tripod.metadata.UnaryMetadata.expr	CtFieldReferenceImpl	protected
org.datayoo.tripod.antlr.TripodParser.recoverFromMismatchedSet(org.antlr.v4.runtime.IntStream,org.antlr.v4.runtime.RecognitionException,java.util.BitSet)	CtMethodImpl	public
org.datayoo.tripod.comp.RangeOperand.getStr(org.datayoo.tripod.metadata.ExpressionMetadata)	CtMethodImpl	protected
org.datayoo.tripod.antlr.TripodParser.BasicExpressionContext.t	CtFieldReferenceImpl	public
org.datayoo.tripod.operand.AtomOperand.getHits(java.util.Map<java.lang.String, java.util.List<org.datayoo.tripod.HitToken>>,java.lang.String)	CtMethodImpl	protected
org.datayoo.tripod.antlr.PrimaryContext.exitRule(org.antlr.v4.runtime.tree.ParseTreeListener)	CtMethodImpl	public
org.datayoo.tripod.metadata.UnaryMetadata(org.datayoo.tripod.metadata.ExpressionType,org.datayoo.tripod.metadata.ExpressionMetadata)	CtConstructorImpl	public
org.antlr.v4.runtime.Lexer._mode	CtFieldReferenceImpl	public
org.datayoo.tripod.antlr.PrimaryContext.term()	CtMethodImpl	public
org.datayoo.tripod.antlr.TripodParser.RULE_phrase	CtFieldReferenceImpl	public
org.datayoo.tripod.exception.TripodRuntimeException(java.lang.String,java.lang.Throwable)	CtConstructorImpl	public
org.datayoo.tripod.antlr.TripodParserBaseListener.visitTerminal(org.antlr.v4.runtime.tree.TerminalNode)	CtMethodImpl	public
org.datayoo.tripod.metadata.TermMetadata	CtClassImpl	public
org.datayoo.tripod.engine.TripodEvaluator.setNotCoefficent(double)	CtMethodImpl	public
org.datayoo.tripod.antlr.TripodParserBaseListener.enterEveryRule(org.antlr.v4.runtime.ParserRuleContext)	CtMethodImpl	public
org.datayoo.tripod.comp.PhraseOperand.distance	CtFieldReferenceImpl	protected
org.datayoo.tripod.antlr.TripodParser.getATN()	CtMethodImpl	public
org.datayoo.tripod.factory.OperandFactory()	CtConstructorImpl	public
org.datayoo.tripod.engine.TripodEngine.TripodRule.tripodListener	CtFieldReferenceImpl	protected
org.datayoo.tripod.antlr.TripodParser._decisionToDFA	CtFieldReferenceImpl	protected
org.datayoo.tripod.antlr.BasicExpressionContext.CARET()	CtMethodImpl	public
org.datayoo.tripod.engine.TripodEngine.TripodRule.rule	CtFieldReferenceImpl	protected
org.datayoo.tripod.engine.TripodEvaluator.unit	CtFieldReferenceImpl	protected
org.datayoo.tripod.Paren.ParenOperand.operate(org.datayoo.tripod.DocumentEntity,boolean,java.util.Map<java.lang.String, java.util.List<org.datayoo.tripod.HitToken>>)	CtMethodImpl	public
org.datayoo.tripod.antlr.TripodParser$TripodExpressionContext(org.antlr.v4.runtime.ParserRuleContext,int)	CtConstructorImpl	public
org.datayoo.tripod.antlr.TripodParser.RangeTermContext.rangeMetadata	CtFieldReferenceImpl	public
org.datayoo.tripod.antlr.TripodParser.getSerializedATN()	CtMethodImpl	public
org.datayoo.tripod.antlr.TripodParser.PrimaryContext.termCtx	CtFieldReferenceImpl	public
org.datayoo.tripod.factory.OperandFactory.createTermWildcardOperand(java.lang.String,org.datayoo.tripod.metadata.WildcardMetadata,org.datayoo.tripod.TripodContext)	CtMethodImpl	protected
org.datayoo.tripod.DocumentEntityImpl.caculateTfs()	CtMethodImpl	protected
org.antlr.v4.runtime.Lexer._token	CtFieldReferenceImpl	public
org.datayoo.tripod.antlr.TripodParserBaseListener.exitTerm(org.datayoo.tripod.antlr.TripodParser.TermContext)	CtMethodImpl	public
org.datayoo.tripod.antlr.PrimaryContext.rangeTerm()	CtMethodImpl	public
org.datayoo.tripod.antlr.OrExpressionContext.exitRule(org.antlr.v4.runtime.tree.ParseTreeListener)	CtMethodImpl	public
org.datayoo.tripod.OperateException.getExceptionCode()	CtMethodImpl	public
org.datayoo.tripod.antlr.TripodParser.RangeValueContext.termCtx	CtFieldReferenceImpl	public
org.datayoo.tripod.antlr.RangeTermContext.COMMA()	CtMethodImpl	public
org.datayoo.tripod.antlr.InTermContext.LBRACK()	CtMethodImpl	public
org.datayoo.tripod.antlr.RangeTermContext.RBRACE()	CtMethodImpl	public
org.datayoo.tripod.antlr.TripodParserBaseListener.enterPrimary(org.datayoo.tripod.antlr.TripodParser.PrimaryContext)	CtMethodImpl	public
org.datayoo.tripod.antlr.TripodParser.InTermContext.inMetadata	CtFieldReferenceImpl	public
org.datayoo.tripod.metadata.BinaryMetadata.lExpr	CtFieldReferenceImpl	protected
org.datayoo.tripod.IdfCounterImpl.save(java.lang.String)	CtMethodImpl	public
org.datayoo.tripod.comp.TermWildcardOperand.wildcardMatcher	CtFieldReferenceImpl	protected
org.datayoo.tripod.antlr.TripodParserBaseListener.exitRangeTerm(org.datayoo.tripod.antlr.TripodParser.RangeTermContext)	CtMethodImpl	public
org.antlr.v4.runtime.Parser._syntaxErrors	CtFieldReferenceImpl	protected
org.datayoo.tripod.antlr.FuzzyExpressionContext.NUMBER()	CtMethodImpl	public
org.datayoo.tripod.antlr.TripodExpressionContext.getRuleIndex()	CtMethodImpl	public
org.antlr.v4.runtime.Lexer._type	CtFieldReferenceImpl	public
org.datayoo.tripod.metadata.BinaryMetadata.getrExpr()	CtMethodImpl	public
org.datayoo.tripod.seg.ansj.AnsjSegmenter.toTermEntities(org.ansj.domain.Result)	CtMethodImpl	protected
org.datayoo.tripod.engine.TripodEvaluator.rangeCoefficent	CtFieldReferenceImpl	protected
org.datayoo.tripod.engine.Tripod.context	CtFieldReferenceImpl	protected
org.datayoo.tripod.metadata.WildcardMetadata.isWildcard(java.lang.String)	CtMethodImpl	public
org.datayoo.tripod.engine.TripodEvaluator	CtClassImpl	public
org.datayoo.tripod.OperateException(java.lang.String)	CtConstructorImpl	public
org.datayoo.tripod.engine.TripodEvaluator.parenCoefficent	CtFieldReferenceImpl	protected
org.antlr.v4.runtime.Recognizer.ruleIndexMapCache	CtFieldReferenceImpl	private
org.datayoo.tripod.antlr.TripodParserBaseListener.exitParenExpression(org.datayoo.tripod.antlr.TripodParser.ParenExpressionContext)	CtMethodImpl	public
org.datayoo.tripod.engine.SegmentableTripodEngine(java.util.List<org.datayoo.tripod.FieldMetadata>,org.datayoo.tripod.FieldMetadata,org.datayoo.tripod.IdfCounter,org.datayoo.tripod.seg.TripodSegment)	CtConstructorImpl	public
org.datayoo.tripod.antlr.NotExpressionContext.enterRule(org.antlr.v4.runtime.tree.ParseTreeListener)	CtMethodImpl	public
org.datayoo.tripod.operand.AtomOperand.score(org.datayoo.tripod.DocumentEntity,org.datayoo.tripod.TermEntity)	CtMethodImpl	protected
org.datayoo.tripod.DocumentEntityImpl.tfs	CtFieldReferenceImpl	protected
org.datayoo.tripod.TermEntityImpl.getOffset()	CtMethodImpl	public
org.datayoo.tripod.antlr.OrExpressionContext.OR(int)	CtMethodImpl	public
org.datayoo.tripod.engine.TripodEvaluator.setFuzzyCoefficent(double)	CtMethodImpl	public
org.antlr.v4.runtime.Recognizer._stateNumber	CtFieldReferenceImpl	private
org.datayoo.tripod.antlr.TripodLexer.NUMBER	CtFieldReferenceImpl	public
org.datayoo.tripod.logic.NotOperand.notOperand	CtFieldReferenceImpl	protected
org.datayoo.tripod.antlr.TripodParser.OR	CtFieldReferenceImpl	public
org.datayoo.tripod.antlr.TripodParser.TripodExpressionContext.rExpr	CtFieldReferenceImpl	public
org.datayoo.tripod.metadata.AbstractExpressionMetadata.expressionType	CtFieldReferenceImpl	protected
org.datayoo.tripod.engine.Tripod.match(java.util.Map<java.lang.String, org.datayoo.tripod.TermEntity[]>,boolean)	CtMethodImpl	public
org.datayoo.tripod.comp.RangeOperand.lInclude	CtFieldReferenceImpl	protected
org.datayoo.tripod.antlr.TripodParser.RULE_rangeTerm	CtFieldReferenceImpl	public
org.datayoo.tripod.engine.TripodContextImpl.allFields	CtFieldReferenceImpl	protected
org.datayoo.tripod.TermEntityImpl.term	CtFieldReferenceImpl	protected
org.datayoo.tripod.antlr.TripodParser.PrimaryContext.inCtx	CtFieldReferenceImpl	public
org.datayoo.tripod.antlr.TripodParserBaseListener.enterBasicExpression(org.datayoo.tripod.antlr.TripodParser.BasicExpressionContext)	CtMethodImpl	public
org.datayoo.tripod.antlr.OrExpressionContext.andExpression()	CtMethodImpl	public
org.datayoo.tripod.utils.LevDistance.lev(byte[],byte[])	CtMethodImpl	public
org.datayoo.tripod.antlr.PrimaryContext.proximityExpression()	CtMethodImpl	public
org.datayoo.tripod.antlr.TripodParser.OrExpressionContext	CtClassImpl	public
org.datayoo.tripod.HitToken.setToken(java.lang.String)	CtMethodImpl	public
org.datayoo.tripod.OperateException(java.lang.String,java.lang.Throwable)	CtConstructorImpl	public
org.datayoo.tripod.FieldMetadata.boost	CtFieldReferenceImpl	protected
org.datayoo.tripod.antlr.TripodLexer.NOT	CtFieldReferenceImpl	public
org.datayoo.tripod.antlr.AndExpressionContext.notExpression()	CtMethodImpl	public
org.datayoo.tripod.TermEntityImpl(int,java.lang.String,int)	CtConstructorImpl	public
org.datayoo.tripod.metadata.BoolMetadata	CtClassImpl	public
org.datayoo.tripod.antlr.RangeTermContext.getRuleIndex()	CtMethodImpl	public
org.datayoo.tripod.metadata.RangeMetadata.lExpr	CtFieldReferenceImpl	protected
org.datayoo.tripod.metadata.RangeMetadata.lInclude	CtFieldReferenceImpl	protected
org.datayoo.tripod.antlr.BasicExpressionContext.TERM()	CtMethodImpl	public
org.datayoo.tripod.antlr.InTermContext.rangeValue()	CtMethodImpl	public
org.datayoo.tripod.antlr.TripodParser$FuzzyExpressionContext(org.antlr.v4.runtime.ParserRuleContext,int)	CtConstructorImpl	public
org.antlr.v4.runtime.Lexer._tokenStartCharPositionInLine	CtFieldReferenceImpl	public
org.datayoo.tripod.logic.AndOperand.lOperand	CtFieldReferenceImpl	protected
org.datayoo.tripod.seg.ansj.AnsjSegmentMode()	CtConstructorImpl	private
org.datayoo.tripod.metadata.PhraseMetadata.phrase	CtFieldReferenceImpl	protected
