method	type	visibility
com.connect_group.thymeleaf.testing.hamcrest.ThymeleafMatchers.hasClasses(java.lang.String)	CtMethodImpl	public
com.connect_group.thymeleaf.testing.hamcrest.HasComment	CtClassImpl	public
com.connect_group.thymeleaf.testing.hamcrest.HasClass.expectedClassNames	CtFieldReferenceImpl	private
com.connect_group.thymeleaf.testing.hamcrest.HasTextInOrder	CtClassImpl	public
com.connect_group.thymeleaf.testing.config.TestMessageSource.givenMessageWithKey(java.lang.String,java.lang.String)	CtMethodImpl	public
com.connect_group.thymeleaf.testing.hamcrest.HasAttribute.expectedAttributeName	CtFieldReferenceImpl	private
com.connect_group.thymeleaf.testing.hamcrest.ThymeleafMatchers.hasClass(java.lang.String)	CtMethodImpl	public
com.connect_group.thymeleaf.testing.hamcrest.HasOnlyText.matchesSafely(com.connect_group.thymesheet.query.HtmlElement)	CtMethodImpl	public
com.connect_group.thymeleaf.testing.hamcrest.ThymeleafMatchers.hasAttribute(java.lang.String)	CtMethodImpl	public
org.hamcrest.TypeSafeMatcher.expectedType	CtFieldReferenceImpl	private
org.springframework.context.support.MessageSourceSupport.INVALID_MESSAGE_FORMAT	CtFieldReferenceImpl	private
org.springframework.context.support.AbstractMessageSource.parentMessageSource	CtFieldReferenceImpl	private
com.connect_group.thymeleaf.testing.hamcrest.HasComment(java.lang.String)	CtConstructorImpl	public
com.connect_group.thymeleaf.testing.ThymeleafTestEngine.getHttpServletRequest()	CtMethodImpl	public
com.connect_group.thymeleaf.testing.hamcrest.HasTextInOrder.describeTo(org.hamcrest.Description)	CtMethodImpl	public
com.connect_group.thymeleaf.testing.config.TestMessageSource.reset()	CtMethodImpl	public
com.connect_group.thymeleaf.testing.hamcrest.HasTextInOrder.values	CtFieldReferenceImpl	private
com.connect_group.thymeleaf.testing.hamcrest.HasTextAfterElement.describeTo(org.hamcrest.Description)	CtMethodImpl	public
com.connect_group.thymeleaf.testing.hamcrest.HasTextAfterElement.matchesSafely(com.connect_group.thymesheet.query.HtmlElement)	CtMethodImpl	public
org.springframework.context.support.MessageSourceSupport.logger	CtFieldReferenceImpl	protected
org.thymeleaf.TemplateEngine.logger	CtFieldReferenceImpl	private
com.connect_group.thymeleaf.testing.hamcrest.OccursOnce	CtClassImpl	public
org.springframework.context.support.MessageSourceSupport.messageFormatsPerMessage	CtFieldReferenceImpl	private
org.springframework.context.support.AbstractMessageSource.useCodeAsDefaultMessage	CtFieldReferenceImpl	private
com.connect_group.thymeleaf.testing.config.ThymesheetConfig.templateCacheEnabled	CtFieldReferenceImpl	protected
com.connect_group.thymeleaf.testing.config.ThymesheetConfig.servletContextTemplateResolver()	CtMethodImpl	private
com.connect_group.thymeleaf.testing.hamcrest.HasChildren.describeTo(org.hamcrest.Description)	CtMethodImpl	public
com.connect_group.thymeleaf.testing.hamcrest.ThymeleafMatchers.occursOnce()	CtMethodImpl	public
com.connect_group.thymeleaf.testing.config.ThymesheetConfig.applicationContext	CtFieldReferenceImpl	package-private
com.connect_group.thymeleaf.testing.hamcrest.HasOnlyText.value	CtFieldReferenceImpl	private
com.connect_group.thymeleaf.testing.hamcrest.ThymeleafMatchers	CtClassImpl	public
com.connect_group.thymeleaf.testing.ThymeleafTestEngine.parser	CtFieldReferenceImpl	private
com.connect_group.thymeleaf.testing.hamcrest.HasClass.toSet(java.lang.String)	CtMethodImpl	private
com.connect_group.thymeleaf.testing.ThymeleafTestEngine.process(java.lang.String,org.springframework.mock.web.MockHttpServletRequest)	CtMethodImpl	public
com.connect_group.thymeleaf.testing.config.ThymesheetConfig.thymeleafCacheManager()	CtMethodImpl	public
com.connect_group.thymeleaf.testing.hamcrest.HasTextAfterElement	CtClassImpl	public
com.connect_group.thymeleaf.testing.hamcrest.IsSingleElementThat.matchesSafely(com.connect_group.thymesheet.query.HtmlElements)	CtMethodImpl	public
com.connect_group.thymeleaf.testing.hamcrest.HasTextAfterElement.value	CtFieldReferenceImpl	private
com.connect_group.thymeleaf.testing.config.ThymesheetTestSpringContext	CtClassImpl	public
com.connect_group.thymeleaf.testing.hamcrest.Exists.matches(java.lang.Object)	CtMethodImpl	public
com.connect_group.thymeleaf.testing.ThymeleafTestEngine.process(java.lang.String)	CtMethodImpl	public
com.connect_group.thymeleaf.testing.config.ThymesheetConfig()	CtConstructorImpl	public
com.connect_group.thymeleaf.testing.config.TestMessageSource.messageOverrides	CtFieldReferenceImpl	package-private
com.connect_group.thymeleaf.testing.config.ExtendableTestSpringContext.servletContext()	CtMethodImpl	public
com.connect_group.thymeleaf.testing.hamcrest.Exists()	CtConstructorImpl	public
com.connect_group.thymeleaf.testing.ThymeleafTestEngine.isFragment(java.lang.String)	CtMethodImpl	private
com.connect_group.thymeleaf.testing.hamcrest.HasOnlyText(java.lang.String)	CtConstructorImpl	public
com.connect_group.thymeleaf.testing.config.TestMessageSource.resolveCode(java.lang.String,java.util.Locale)	CtMethodImpl	protected
com.connect_group.thymeleaf.testing.config.ThymesheetTestSpringContext()	CtConstructorImpl	public
com.connect_group.thymeleaf.testing.hamcrest.HasTextBeforeElement(java.lang.String)	CtConstructorImpl	public
com.connect_group.thymeleaf.testing.hamcrest.OccursOnce.describeTo(org.hamcrest.Description)	CtMethodImpl	public
com.connect_group.thymeleaf.testing.config.ExtendableTestSpringContext	CtClassImpl	public
com.connect_group.thymeleaf.testing.hamcrest.ThymeleafMatchers.hasComment()	CtMethodImpl	public
com.connect_group.thymeleaf.testing.hamcrest.HasChildren()	CtConstructorImpl	public
com.connect_group.thymeleaf.testing.hamcrest.HasAttribute.expectedAttributeValue	CtFieldReferenceImpl	private
com.connect_group.thymeleaf.testing.ThymeleafTestEngine.toString(java.lang.String,java.util.Map<java.lang.String, java.lang.Object>)	CtMethodImpl	public
org.springframework.context.support.AbstractMessageSource.commonMessages	CtFieldReferenceImpl	private
com.connect_group.thymeleaf.testing.hamcrest.HasChildren	CtClassImpl	public
com.connect_group.thymeleaf.testing.hamcrest.HasTextInOrder.describeMismatchSafely(com.connect_group.thymesheet.query.HtmlElements,org.hamcrest.Description)	CtMethodImpl	public
com.connect_group.thymeleaf.testing.hamcrest.OccursOnce.matchesSafely(java.util.Collection<?>)	CtMethodImpl	public
com.connect_group.thymeleaf.testing.ThymeleafTestEngine()	CtConstructorImpl	public
com.connect_group.thymeleaf.testing.config.ThymesheetConfig.templateModeHandlers()	CtMethodImpl	public
com.connect_group.thymeleaf.testing.ThymeleafTestEngine.toString(java.lang.String,org.springframework.mock.web.MockHttpServletRequest)	CtMethodImpl	public
com.connect_group.thymeleaf.testing.ThymeleafTestEngine.toString(java.lang.String)	CtMethodImpl	public
com.connect_group.thymeleaf.testing.hamcrest.HasTextBeforeElement	CtClassImpl	public
com.connect_group.thymesheet.spring4.SpringThymesheetTemplateEngine.urlFactory	CtFieldReferenceImpl	private
com.connect_group.thymeleaf.testing.hamcrest.HasAttribute(java.lang.String)	CtConstructorImpl	public
com.connect_group.thymeleaf.testing.config.ExtendableTestSpringContext.propertyConfigurer()	CtMethodImpl	public
com.connect_group.thymeleaf.testing.hamcrest.HasChildren.matchesSafely(com.connect_group.thymesheet.query.HtmlElement)	CtMethodImpl	public
com.connect_group.thymeleaf.testing.hamcrest.HasClass.matchesSafely(com.connect_group.thymesheet.query.HtmlElement)	CtMethodImpl	public
com.connect_group.thymeleaf.testing.hamcrest.ThymeleafMatchers.hasOnlyText(java.lang.String)	CtMethodImpl	public
com.connect_group.thymeleaf.testing.config.ExtendableTestSpringContext()	CtConstructorImpl	public
com.connect_group.thymeleaf.testing.ThymeleafTestEngine.servletContext	CtFieldReferenceImpl	private
com.connect_group.thymeleaf.testing.ThymeleafTestEngine.convertResultIntoDom(java.lang.String,java.lang.String)	CtMethodImpl	private
com.connect_group.thymeleaf.testing.hamcrest.IsSingleElementThat.describeMismatchSafely(com.connect_group.thymesheet.query.HtmlElements,org.hamcrest.Description)	CtMethodImpl	protected
org.thymeleaf.TemplateEngine.TIMER_LOGGER_NAME	CtFieldReferenceImpl	public
com.connect_group.thymeleaf.testing.hamcrest.HasAttribute.testAnyNonNullValue	CtFieldReferenceImpl	private
org.thymeleaf.TemplateEngine.initialized	CtFieldReferenceImpl	private
com.connect_group.thymeleaf.testing.config.ExtendableTestSpringContext.getTestResourcesHtmlPath(java.lang.String)	CtMethodImpl	public
com.connect_group.thymeleaf.testing.hamcrest.IsSingleElementThat	CtClassImpl	public
com.connect_group.thymeleaf.testing.hamcrest.Exists.describeTo(org.hamcrest.Description)	CtMethodImpl	public
com.connect_group.thymeleaf.testing.ThymeleafTestEngine	CtClassImpl	public
com.connect_group.thymeleaf.testing.hamcrest.ThymeleafMatchers.hasAttribute(java.lang.String,java.lang.String)	CtMethodImpl	public
com.connect_group.thymeleaf.testing.hamcrest.ThymeleafMatchers.hasCommentWithText(java.lang.String)	CtMethodImpl	public
com.connect_group.thymeleaf.testing.config.ExtendableTestSpringContext.environment	CtFieldReferenceImpl	package-private
com.connect_group.thymeleaf.testing.hamcrest.HasClass	CtClassImpl	public
com.connect_group.thymeleaf.testing.hamcrest.HasAttribute.testAttributeValue	CtFieldReferenceImpl	private
com.connect_group.thymeleaf.testing.config.ExtendableTestSpringContext.messageSource()	CtMethodImpl	public
com.connect_group.thymeleaf.testing.hamcrest.ThymeleafMatchers.hasChildren()	CtMethodImpl	public
org.thymeleaf.spring4.SpringTemplateEngine.SPRINGSTANDARD_DIALECT	CtFieldReferenceImpl	private
com.connect_group.thymeleaf.testing.config.ThymesheetConfig.fileTemplateResolver()	CtMethodImpl	private
com.connect_group.thymeleaf.testing.hamcrest.HasOnlyText	CtClassImpl	public
com.connect_group.thymeleaf.testing.hamcrest.HasTextBeforeElement.value	CtFieldReferenceImpl	private
com.connect_group.thymeleaf.testing.hamcrest.ThymeleafMatchers.hasTextAfterElement(java.lang.String)	CtMethodImpl	public
com.connect_group.thymeleaf.testing.config.ThymesheetConfig.characterEncoding	CtFieldReferenceImpl	protected
com.connect_group.thymeleaf.testing.config.TestMessageSource()	CtConstructorImpl	public
org.hamcrest.TypeSafeMatcher.TYPE_FINDER	CtFieldReferenceImpl	private
com.connect_group.thymeleaf.testing.config.ThymesheetConfig.servletContext	CtFieldReferenceImpl	package-private
com.connect_group.thymeleaf.testing.hamcrest.HasComment.matchesSafely(com.connect_group.thymesheet.query.HtmlElement)	CtMethodImpl	protected
org.thymeleaf.TemplateEngine.NANOS_IN_SECOND	CtFieldReferenceImpl	private
com.connect_group.thymeleaf.testing.ThymeleafTestEngine.process(java.lang.String,java.util.Map<java.lang.String, java.lang.Object>)	CtMethodImpl	public
com.connect_group.thymeleaf.testing.config.TestMessageSource.resolveCodeWithoutArguments(java.lang.String,java.util.Locale)	CtMethodImpl	protected
com.connect_group.thymeleaf.testing.hamcrest.IsSingleElementThat(org.hamcrest.Matcher<com.connect_group.thymesheet.query.HtmlElement>)	CtConstructorImpl	public
org.thymeleaf.TemplateEngine.configuration	CtFieldReferenceImpl	private
org.thymeleaf.TemplateEngine.templateRepository	CtFieldReferenceImpl	private
com.connect_group.thymeleaf.testing.config.ThymesheetConfig	CtClassImpl	public
com.connect_group.thymeleaf.testing.hamcrest.HasClass.describeTo(org.hamcrest.Description)	CtMethodImpl	public
org.thymeleaf.spring4.SpringTemplateEngine.templateEngineMessageSource	CtFieldReferenceImpl	private
com.connect_group.thymeleaf.testing.config.ThymesheetConfig.additionalDialects()	CtMethodImpl	protected
com.connect_group.thymeleaf.testing.hamcrest.IsSingleElementThat.describeTo(org.hamcrest.Description)	CtMethodImpl	public
com.connect_group.thymeleaf.testing.hamcrest.ThymeleafMatchers()	CtConstructorImpl	public
com.connect_group.thymeleaf.testing.ThymeleafTestEngine.setServletContext(javax.servlet.ServletContext)	CtMethodImpl	public
com.connect_group.thymeleaf.testing.hamcrest.HasAttribute	CtClassImpl	public
com.connect_group.thymeleaf.testing.hamcrest.HasComment()	CtConstructorImpl	public
com.connect_group.thymeleaf.testing.hamcrest.Exists	CtClassImpl	public
com.connect_group.thymeleaf.testing.hamcrest.HasAttribute(java.lang.String,java.lang.String)	CtConstructorImpl	public
com.connect_group.thymeleaf.testing.hamcrest.HasComment.expectedText	CtFieldReferenceImpl	private
com.connect_group.thymeleaf.testing.hamcrest.HasTextAfterElement(java.lang.String)	CtConstructorImpl	public
com.connect_group.thymeleaf.testing.hamcrest.ThymeleafMatchers.hasTextBeforeElement(java.lang.String)	CtMethodImpl	public
com.connect_group.thymeleaf.testing.hamcrest.ThymeleafMatchers.isSingleElementThat(org.hamcrest.Matcher<com.connect_group.thymesheet.query.HtmlElement>)	CtMethodImpl	public
com.connect_group.thymeleaf.testing.ThymeleafTestEngine.applicationContext	CtFieldReferenceImpl	private
com.connect_group.thymeleaf.testing.hamcrest.HasTextBeforeElement.matchesSafely(com.connect_group.thymesheet.query.HtmlElement)	CtMethodImpl	public
com.connect_group.thymeleaf.testing.config.TestMessageSource	CtClassImpl	public
com.connect_group.thymeleaf.testing.hamcrest.HasClass(java.lang.String)	CtConstructorImpl	public
com.connect_group.thymeleaf.testing.config.ExtendableTestSpringContext.webappPath	CtFieldReferenceImpl	protected
com.connect_group.thymeleaf.testing.config.ThymesheetConfig.urlBasedViewResolver()	CtMethodImpl	public
com.connect_group.thymeleaf.testing.hamcrest.ThymeleafMatchers.hasAttributeWithAnyNonNullValue(java.lang.String)	CtMethodImpl	public
com.connect_group.thymeleaf.testing.hamcrest.OccursOnce()	CtConstructorImpl	public
org.thymeleaf.TemplateEngine.timerLogger	CtFieldReferenceImpl	private
com.connect_group.thymeleaf.testing.config.ThymesheetConfig.thymeleafViewResolver()	CtMethodImpl	public
com.connect_group.thymeleaf.testing.hamcrest.HasAttribute.matchesSafely(com.connect_group.thymesheet.query.HtmlElement)	CtMethodImpl	public
com.connect_group.thymeleaf.testing.hamcrest.HasComment.describeTo(org.hamcrest.Description)	CtMethodImpl	public
com.connect_group.thymeleaf.testing.hamcrest.HasAttribute.describeTo(org.hamcrest.Description)	CtMethodImpl	public
com.connect_group.thymeleaf.testing.hamcrest.HasOnlyText.describeTo(org.hamcrest.Description)	CtMethodImpl	public
com.connect_group.thymeleaf.testing.hamcrest.ThymeleafMatchers.exists()	CtMethodImpl	public
com.connect_group.thymeleaf.testing.hamcrest.HasAttribute(java.lang.String,boolean)	CtConstructorImpl	public
com.connect_group.thymeleaf.testing.config.ThymesheetConfig.templateMode	CtFieldReferenceImpl	protected
com.connect_group.thymeleaf.testing.config.ThymesheetConfig.testEngine()	CtMethodImpl	public
com.connect_group.thymeleaf.testing.hamcrest.HasTextBeforeElement.describeTo(org.hamcrest.Description)	CtMethodImpl	public
com.connect_group.thymeleaf.testing.ThymeleafTestEngine.setApplicationContext(org.springframework.context.ApplicationContext)	CtMethodImpl	public
com.connect_group.thymeleaf.testing.ThymeleafTestEngine.getSpringWebContext(javax.servlet.http.HttpServletRequest,javax.servlet.http.HttpServletResponse,java.util.Locale,java.util.Map<java.lang.String, ?>)	CtMethodImpl	private
com.connect_group.thymeleaf.testing.hamcrest.ThymeleafMatchers.hasOnlyText(java.lang.String[])	CtMethodImpl	public
org.thymeleaf.spring4.SpringTemplateEngine.messageSource	CtFieldReferenceImpl	private
com.connect_group.thymeleaf.testing.hamcrest.IsSingleElementThat.individualMatcher	CtFieldReferenceImpl	private
com.connect_group.thymeleaf.testing.hamcrest.HasTextInOrder(java.lang.String[])	CtConstructorImpl	public
org.springframework.context.support.MessageSourceSupport.alwaysUseMessageFormat	CtFieldReferenceImpl	private
com.connect_group.thymeleaf.testing.hamcrest.HasTextInOrder.matchesSafely(com.connect_group.thymesheet.query.HtmlElements)	CtMethodImpl	protected
com.connect_group.thymeleaf.testing.config.ThymesheetConfig.getHandler()	CtMethodImpl	protected
