method	type	visibility
com.wealoha.thrift.ThriftClientPool.protocolFactory	CtFieldReferenceImpl	private
com.wealoha.thrift.ServiceInfo	CtClassImpl	public
com.wealoha.thrift.ThriftClientPool.getTransport(com.wealoha.thrift.ServiceInfo)	CtMethodImpl	private
org.apache.commons.pool2.impl.GenericObjectPoolConfig.DEFAULT_MAX_TOTAL	CtFieldReferenceImpl	public
com.wealoha.thrift.ThriftMultiplexedBinaryProtocolFactory.makeProtocol(org.apache.thrift.transport.TTransport)	CtMethodImpl	public
org.apache.commons.pool2.impl.BaseObjectPoolConfig.DEFAULT_EVICTION_POLICY_CLASS_NAME	CtFieldReferenceImpl	public
com.wealoha.thrift.exception.ConnectionFailException	CtClassImpl	public
org.apache.commons.pool2.impl.BaseObjectPoolConfig.blockWhenExhausted	CtFieldReferenceImpl	private
com.wealoha.thrift.ServiceInfo.host	CtFieldReferenceImpl	private
org.apache.commons.pool2.impl.BaseObjectPoolConfig.DEFAULT_JMX_ENABLE	CtFieldReferenceImpl	public
com.wealoha.thrift.ThriftClientPool.poolConfig	CtFieldReferenceImpl	private
org.apache.commons.pool2.impl.BaseObjectPoolConfig.DEFAULT_TEST_WHILE_IDLE	CtFieldReferenceImpl	public
org.apache.commons.pool2.impl.BaseObjectPoolConfig.lifo	CtFieldReferenceImpl	private
com.wealoha.thrift.ThriftClientPool(java.util.List<com.wealoha.thrift.ServiceInfo>,com.wealoha.thrift.ThriftClientFactory<T>,com.wealoha.thrift.PoolConfig)	CtConstructorImpl	public
org.apache.commons.pool2.impl.GenericObjectPoolConfig.maxIdle	CtFieldReferenceImpl	private
com.wealoha.thrift.ThriftClient.pool	CtFieldReferenceImpl	private
com.wealoha.thrift.ThriftUtil	CtClassImpl	public
com.wealoha.thrift.PoolConfig.timeout	CtFieldReferenceImpl	private
com.wealoha.thrift.ThriftClient.close()	CtMethodImpl	public
org.apache.commons.pool2.impl.GenericObjectPoolConfig.DEFAULT_MIN_IDLE	CtFieldReferenceImpl	public
com.wealoha.thrift.PoolConfig.setTimeout(int)	CtMethodImpl	public
com.wealoha.thrift.ThriftClientPool(java.util.List<com.wealoha.thrift.ServiceInfo>,com.wealoha.thrift.ThriftClientFactory<T>,com.wealoha.thrift.PoolConfig,com.wealoha.thrift.ThriftProtocolFactory)	CtConstructorImpl	public
org.apache.commons.pool2.impl.BaseObjectPoolConfig.DEFAULT_BLOCK_WHEN_EXHAUSTED	CtFieldReferenceImpl	public
com.wealoha.thrift.ThriftClient.finish	CtFieldReferenceImpl	private
com.wealoha.thrift.exception.NoBackendServiceException	CtClassImpl	public
org.apache.commons.pool2.impl.BaseObjectPoolConfig.jmxNamePrefix	CtFieldReferenceImpl	private
com.wealoha.thrift.ThriftClient.setFinish(boolean)	CtMethodImpl	package-private
com.wealoha.thrift.ThriftClientPool(java.util.List<com.wealoha.thrift.ServiceInfo>,com.wealoha.thrift.ThriftClientFactory<T>)	CtConstructorImpl	public
com.wealoha.thrift.ThriftClientPool.1	CtClassImpl	package-private
org.apache.commons.pool2.impl.BaseObjectPoolConfig.fairness	CtFieldReferenceImpl	private
com.wealoha.thrift.PoolConfig()	CtConstructorImpl	public
com.wealoha.thrift.ThriftClient.getServiceInfo()	CtMethodImpl	public
org.apache.commons.pool2.impl.BaseObjectPoolConfig.DEFAULT_FAIRNESS	CtFieldReferenceImpl	public
com.wealoha.thrift.ThriftClient.iFace()	CtMethodImpl	public
com.wealoha.thrift.ThriftClient(T,org.apache.commons.pool2.ObjectPool<com.wealoha.thrift.ThriftClient<T>>,com.wealoha.thrift.ServiceInfo)	CtConstructorImpl	public
org.apache.commons.pool2.impl.BaseObjectPoolConfig.testOnCreate	CtFieldReferenceImpl	private
com.wealoha.thrift.ThriftClient.client	CtFieldReferenceImpl	private
com.wealoha.thrift.ThriftClient.serviceInfo	CtFieldReferenceImpl	private
com.wealoha.thrift.ThriftClientPool	CtClassImpl	public
org.apache.commons.pool2.impl.BaseObjectPoolConfig.testOnBorrow	CtFieldReferenceImpl	private
com.wealoha.thrift.ThriftClient.closeClient()	CtMethodImpl	package-private
com.wealoha.thrift.ThriftMultiplexedBinaryProtocolFactory.serviceName	CtFieldReferenceImpl	private
com.wealoha.thrift.ThriftClientPool.iface()	CtMethodImpl	public
com.wealoha.thrift.ServiceInfo()	CtConstructorImpl	public
org.apache.commons.pool2.impl.BaseObjectPoolConfig.DEFAULT_JMX_NAME_BASE	CtFieldReferenceImpl	public
com.wealoha.thrift.ThriftClientPool.services	CtFieldReferenceImpl	private
com.wealoha.thrift.PoolConfig.getTimeout()	CtMethodImpl	public
com.wealoha.thrift.PoolConfig.setFailover(boolean)	CtMethodImpl	public
com.wealoha.thrift.exception.ThriftException()	CtConstructorImpl	public
com.wealoha.thrift.exception.NoBackendServiceException.serialVersionUID	CtFieldReferenceImpl	private
org.apache.commons.pool2.impl.BaseObjectPoolConfig.softMinEvictableIdleTimeMillis	CtFieldReferenceImpl	private
com.wealoha.thrift.exception.ConnectionFailException()	CtConstructorImpl	public
com.wealoha.thrift.PoolConfig.failover	CtFieldReferenceImpl	private
com.wealoha.thrift.exception.ThriftException(java.lang.String,java.lang.Throwable)	CtConstructorImpl	public
com.wealoha.thrift.exception.ThriftException	CtClassImpl	public
com.wealoha.thrift.PoolConfig	CtClassImpl	public
org.apache.commons.pool2.impl.BaseObjectPoolConfig.minEvictableIdleTimeMillis	CtFieldReferenceImpl	private
com.wealoha.thrift.ThriftClientPool.serviceReset	CtFieldReferenceImpl	private
com.wealoha.thrift.ThriftClientPool.getRandomService(java.util.List<com.wealoha.thrift.ServiceInfo>)	CtMethodImpl	private
org.apache.commons.pool2.impl.BaseObjectPoolConfig.DEFAULT_TEST_ON_BORROW	CtFieldReferenceImpl	public
com.wealoha.thrift.ThriftBinaryProtocolFactory.makeProtocol(org.apache.thrift.transport.TTransport)	CtMethodImpl	public
org.apache.commons.pool2.impl.GenericObjectPoolConfig.minIdle	CtFieldReferenceImpl	private
org.apache.commons.pool2.impl.BaseObjectPoolConfig.DEFAULT_NUM_TESTS_PER_EVICTION_RUN	CtFieldReferenceImpl	public
com.wealoha.thrift.ThriftClientPool.pool	CtFieldReferenceImpl	private
org.apache.commons.pool2.impl.BaseObjectPoolConfig.DEFAULT_MIN_EVICTABLE_IDLE_TIME_MILLIS	CtFieldReferenceImpl	public
com.wealoha.thrift.ThriftClientPool.removeFailService(java.util.List<com.wealoha.thrift.ServiceInfo>,com.wealoha.thrift.ServiceInfo)	CtMethodImpl	private
com.wealoha.thrift.ThriftUtil.closeClient(org.apache.thrift.TServiceClient)	CtMethodImpl	public
com.wealoha.thrift.ThriftClientPool.getClient()	CtMethodImpl	public
org.apache.commons.pool2.impl.BaseObjectPoolConfig.testWhileIdle	CtFieldReferenceImpl	private
org.apache.commons.pool2.impl.BaseObjectPoolConfig.evictionPolicyClassName	CtFieldReferenceImpl	private
org.apache.commons.pool2.impl.BaseObjectPoolConfig.DEFAULT_TIME_BETWEEN_EVICTION_RUNS_MILLIS	CtFieldReferenceImpl	public
com.wealoha.thrift.ThriftMultiplexedBinaryProtocolFactory(java.lang.String)	CtConstructorImpl	public
org.apache.commons.pool2.impl.BaseObjectPoolConfig.DEFAULT_LIFO	CtFieldReferenceImpl	public
com.wealoha.thrift.ThriftUtil()	CtConstructorImpl	public
org.apache.commons.pool2.impl.BaseObjectPoolConfig.DEFAULT_TEST_ON_CREATE	CtFieldReferenceImpl	public
com.wealoha.thrift.exception.ConnectionFailException.serialVersionUID	CtFieldReferenceImpl	private
com.wealoha.thrift.exception.ThriftException.serialVersionUID	CtFieldReferenceImpl	private
com.wealoha.thrift.ServiceInfo.port	CtFieldReferenceImpl	private
org.apache.commons.pool2.impl.BaseObjectPoolConfig.timeBetweenEvictionRunsMillis	CtFieldReferenceImpl	private
com.wealoha.thrift.exception.ThriftException(java.lang.String)	CtConstructorImpl	public
com.wealoha.thrift.ThriftClientPool.setServices(java.util.List<com.wealoha.thrift.ServiceInfo>)	CtMethodImpl	public
org.apache.commons.pool2.impl.BaseObjectPoolConfig.numTestsPerEvictionRun	CtFieldReferenceImpl	private
com.wealoha.thrift.exception.ConnectionFailException(java.lang.String,java.lang.Throwable)	CtConstructorImpl	public
com.wealoha.thrift.exception.NoBackendServiceException()	CtConstructorImpl	public
org.apache.commons.pool2.impl.BaseObjectPoolConfig.DEFAULT_MAX_WAIT_MILLIS	CtFieldReferenceImpl	public
com.wealoha.thrift.ThriftClientPool.clientFactory	CtFieldReferenceImpl	private
com.wealoha.thrift.ThriftClient.finish()	CtMethodImpl	public
org.apache.commons.pool2.impl.GenericObjectPoolConfig.maxTotal	CtFieldReferenceImpl	private
com.wealoha.thrift.ThriftClient	CtClassImpl	public
org.apache.commons.pool2.impl.BaseObjectPoolConfig.DEFAULT_TEST_ON_RETURN	CtFieldReferenceImpl	public
org.apache.commons.pool2.impl.BaseObjectPoolConfig.DEFAULT_SOFT_MIN_EVICTABLE_IDLE_TIME_MILLIS	CtFieldReferenceImpl	public
org.apache.commons.pool2.impl.BaseObjectPoolConfig.maxWaitMillis	CtFieldReferenceImpl	private
org.apache.commons.pool2.impl.BaseObjectPoolConfig.jmxEnabled	CtFieldReferenceImpl	private
com.wealoha.thrift.ThriftBinaryProtocolFactory()	CtConstructorImpl	public
com.wealoha.thrift.ThriftClient.finalize()	CtMethodImpl	protected
org.apache.commons.pool2.impl.BaseObjectPoolConfig.jmxNameBase	CtFieldReferenceImpl	private
org.apache.commons.pool2.impl.BaseObjectPoolConfig.testOnReturn	CtFieldReferenceImpl	private
com.wealoha.thrift.ThriftBinaryProtocolFactory	CtClassImpl	public
org.apache.commons.pool2.impl.GenericObjectPoolConfig.DEFAULT_MAX_IDLE	CtFieldReferenceImpl	public
org.apache.commons.pool2.impl.BaseObjectPoolConfig.DEFAULT_JMX_NAME_PREFIX	CtFieldReferenceImpl	public
com.wealoha.thrift.PoolConfig.isFailover()	CtMethodImpl	public
com.wealoha.thrift.ThriftMultiplexedBinaryProtocolFactory	CtClassImpl	public
