method	type	visibility
com.didiglobal.thriftmock.test.source.HelloService$sayHello_args$_Fields(short,java.lang.String)	CtConstructorImpl	private
com.didiglobal.thriftmock.test.source.sayBye_args.validate()	CtMethodImpl	public
com.didiglobal.thriftmock.server.AsyncThriftMockServer.setExpectReturn(java.lang.String,org.apache.thrift.TBase,java.util.function.Function<org.apache.thrift.TBase, org.apache.thrift.TBase>)	CtMethodImpl	public
com.didiglobal.thriftmock.server.ServerConfig.setMaxWorkerThread(int)	CtMethodImpl	public
com.didiglobal.thriftmock.test.source.sayBye_result.setFieldValue(com.didiglobal.thriftmock.test.source.ByeService.sayBye_result._Fields,java.lang.Object)	CtMethodImpl	public
com.didiglobal.thriftmock.test.source.sayBye_args.fieldForId(int)	CtMethodImpl	public
com.didiglobal.thriftmock.test.source.sayBye_args.writeObject(java.io.ObjectOutputStream)	CtMethodImpl	private
com.didiglobal.thriftmock.test.source._Fields.getThriftFieldId()	CtMethodImpl	public
com.didiglobal.thriftmock.test.source.HelloService.AsyncClient.sayHello_call.request	CtFieldReferenceImpl	private
com.didiglobal.thriftmock.test.source.ByeService.sayBye_args.request	CtFieldReferenceImpl	public
com.didiglobal.thriftmock.server.ProcessFunctionMock.methodName	CtFieldReferenceImpl	private
com.didiglobal.thriftmock.test.source.sayBye_call.write_args(org.apache.thrift.protocol.TProtocol)	CtMethodImpl	public
org.apache.thrift.TBaseProcessor.processMap	CtFieldReferenceImpl	private
com.didiglobal.thriftmock.test.source.ByeService.Client.Factory	CtClassImpl	public
com.didiglobal.thriftmock.test.source.ByeService.AsyncClient.Factory	CtClassImpl	public
com.didiglobal.thriftmock.server.MockResult$MockResultStandardSchemeFactory(org.apache.thrift.protocol.TStruct)	CtConstructorImpl	public
com.didiglobal.thriftmock.test.source.sayBye_argsTupleSchemeFactory.getScheme()	CtMethodImpl	public
com.didiglobal.thriftmock.test.source.ByeService.sayBye_args._Fields.byName	CtFieldImpl	private
com.didiglobal.thriftmock.test.source.sayHello.start(I,com.didiglobal.thriftmock.test.source.HelloService.sayHello_args,org.apache.thrift.async.AsyncMethodCallback<com.didiglobal.thriftmock.test.source.Response>)	CtMethodImpl	public
com.didiglobal.thriftmock.test.source.sayHello_resultStandardScheme.read(org.apache.thrift.protocol.TProtocol,com.didiglobal.thriftmock.test.source.HelloService.sayHello_result)	CtMethodImpl	public
com.didiglobal.thriftmock.test.source.HelloService$AsyncClient(org.apache.thrift.protocol.TProtocolFactory,org.apache.thrift.async.TAsyncClientManager,org.apache.thrift.transport.TNonblockingTransport)	CtConstructorImpl	public
com.didiglobal.thriftmock.server.MockResult.equals(java.lang.Object)	CtMethodImpl	public
com.didiglobal.thriftmock.test.source.sayBye_args.equals(com.didiglobal.thriftmock.test.source.ByeService.sayBye_args)	CtMethodImpl	public
com.didiglobal.thriftmock.server.MockResult.deepCopy()	CtMethodImpl	public
com.didiglobal.thriftmock.test.source.Response.equals(java.lang.Object)	CtMethodImpl	public
com.didiglobal.thriftmock.test.source.sayHello_call.write_args(org.apache.thrift.protocol.TProtocol)	CtMethodImpl	public
com.didiglobal.thriftmock.test.source.ByeService.sayBye_result.metaDataMap	CtFieldReferenceImpl	public
com.didiglobal.thriftmock.server.ServerConfig	CtClassImpl	public
com.didiglobal.thriftmock.test.source.Request.STRUCT_DESC	CtFieldReferenceImpl	private
com.didiglobal.thriftmock.test.source.HelloService$Client$Factory()	CtConstructorImpl	public
com.didiglobal.thriftmock.test.source.HelloService.sayHello_args.sayHello_argsTupleScheme	CtClassImpl	private
com.didiglobal.thriftmock.test.source.Request.setMsg(java.lang.String)	CtMethodImpl	public
com.didiglobal.thriftmock.test.source.Request.optionals	CtFieldReferenceImpl	private
com.didiglobal.thriftmock.test.source.ByeService.AsyncProcessor.LOGGER	CtFieldImpl	private
com.didiglobal.thriftmock.test.source._Fields.findByName(java.lang.String)	CtMethodImpl	public
com.didiglobal.thriftmock.server.ServerConfig.setMinWorkerThread(int)	CtMethodImpl	public
com.didiglobal.thriftmock.test.source.sayHello_result.equals(java.lang.Object)	CtMethodImpl	public
com.didiglobal.thriftmock.test.source.Request.RequestStandardSchemeFactory	CtClassImpl	private
com.didiglobal.thriftmock.test.source.Request(com.didiglobal.thriftmock.test.source.Request)	CtConstructorImpl	public
com.didiglobal.thriftmock.test.source.sayBye_resultStandardSchemeFactory.getScheme()	CtMethodImpl	public
com.didiglobal.thriftmock.server.MockResult(java.lang.String,org.apache.thrift.TBase)	CtConstructorImpl	public
com.didiglobal.thriftmock.test.source.Request.isSet(com.didiglobal.thriftmock.test.source.Request._Fields)	CtMethodImpl	public
com.didiglobal.thriftmock.test.source.Response.setCodeIsSet(boolean)	CtMethodImpl	public
com.didiglobal.thriftmock.test.source.sayBye_result.clear()	CtMethodImpl	public
com.didiglobal.thriftmock.server.AsyncServerConfig.port	CtFieldReferenceImpl	private
com.didiglobal.thriftmock.test.source.HelloService.sayHello_result._Fields	CtEnumImpl	public
com.didiglobal.thriftmock.test.source.ByeService$AsyncProcessor$sayBye()	CtConstructorImpl	public
com.didiglobal.thriftmock.test.source.sayHello_args.write(org.apache.thrift.protocol.TProtocol)	CtMethodImpl	public
com.didiglobal.thriftmock.test.source.sayBye_resultTupleScheme.read(org.apache.thrift.protocol.TProtocol,com.didiglobal.thriftmock.test.source.ByeService.sayBye_result)	CtMethodImpl	public
com.didiglobal.thriftmock.test.source.Request.msg	CtFieldReferenceImpl	public
com.didiglobal.thriftmock.test.source.HelloService.sayHello_result.SUCCESS_FIELD_DESC	CtFieldReferenceImpl	private
com.didiglobal.thriftmock.test.source._Fields.findByThriftId(int)	CtMethodImpl	public
com.didiglobal.thriftmock.test.source.sayHello_args.clear()	CtMethodImpl	public
com.didiglobal.thriftmock.test.source.ByeService.sayBye_args.STRUCT_DESC	CtFieldImpl	private
com.didiglobal.thriftmock.test.source.RequestStandardSchemeFactory.getScheme()	CtMethodImpl	public
com.didiglobal.thriftmock.server.AsyncProcessFunctionMock.getResultHandler(org.apache.thrift.server.AbstractNonblockingServer.AsyncFrameBuffer,int)	CtMethodImpl	public
com.didiglobal.thriftmock.server.AsyncProcessFunctionMock.methodName	CtFieldReferenceImpl	private
com.didiglobal.thriftmock.server.AsyncTMockProcessor.1	CtClassImpl	package-private
com.didiglobal.thriftmock.test.source.Client.sayBye(com.didiglobal.thriftmock.test.source.Request)	CtMethodImpl	public
com.didiglobal.thriftmock.server.MockResultStandardScheme.write(org.apache.thrift.protocol.TProtocol,com.didiglobal.thriftmock.server.MockResult)	CtMethodImpl	public
com.didiglobal.thriftmock.test.source.Request	CtClassImpl	public
com.didiglobal.thriftmock.server.MockResult.equals(com.didiglobal.thriftmock.server.MockResult)	CtMethodImpl	public
com.didiglobal.thriftmock.server.MockResult.SUCCESS_NAME	CtFieldReferenceImpl	private
com.didiglobal.thriftmock.server.MockResult.getFieldValue(com.didiglobal.thriftmock.server.MockResult._Fields)	CtMethodImpl	public
com.didiglobal.thriftmock.test.source.sayBye_result.fieldForId(int)	CtMethodImpl	public
com.didiglobal.thriftmock.test.source.sayHello_result.read(org.apache.thrift.protocol.TProtocol)	CtMethodImpl	public
com.didiglobal.thriftmock.test.source.HelloService$sayHello_result$sayHello_resultStandardSchemeFactory()	CtConstructorImpl	private
com.didiglobal.thriftmock.test.source.ByeService$AsyncClient(org.apache.thrift.protocol.TProtocolFactory,org.apache.thrift.async.TAsyncClientManager,org.apache.thrift.transport.TNonblockingTransport)	CtConstructorImpl	public
com.didiglobal.thriftmock.test.source.sayBye_argsStandardSchemeFactory.getScheme()	CtMethodImpl	public
com.didiglobal.thriftmock.test.source.HelloService$sayHello_result$sayHello_resultTupleSchemeFactory()	CtConstructorImpl	private
com.didiglobal.thriftmock.test.source.AsyncClient.sayBye(com.didiglobal.thriftmock.test.source.Request,org.apache.thrift.async.AsyncMethodCallback)	CtMethodImpl	public
com.didiglobal.thriftmock.server.ServerConfig.getPort()	CtMethodImpl	public
com.didiglobal.thriftmock.server.ServerConfig.getMinWorkerThread()	CtMethodImpl	public
com.didiglobal.thriftmock.server.MockResult.writeObject(java.io.ObjectOutputStream)	CtMethodImpl	private
com.didiglobal.thriftmock.test.source.ByeService.sayBye_result.sayBye_resultTupleSchemeFactory	CtClassImpl	private
com.didiglobal.thriftmock.server.ServerConfig.minWorkerThread	CtFieldReferenceImpl	private
com.didiglobal.thriftmock.server.ServerConfig.tProtocolFactory	CtFieldReferenceImpl	private
com.didiglobal.thriftmock.test.source.HelloService.AsyncClient	CtClassImpl	public
com.didiglobal.thriftmock.server.TMockProcessor(java.util.Map<java.lang.String, org.apache.thrift.ProcessFunction>)	CtConstructorImpl	public
com.didiglobal.thriftmock.server.AsyncServerConfig.getProcessMap()	CtMethodImpl	public
org.apache.thrift.async.TAsyncMethodCall.frameBuffer	CtFieldReferenceImpl	private
com.didiglobal.thriftmock.test.source.Response._Fields.CODE	CtEnumValueImpl	public
com.didiglobal.thriftmock.server.ThriftMockServer.setExpectReturn(com.didiglobal.thriftmock.server.ProcessFunctionMock)	CtMethodImpl	public
com.didiglobal.thriftmock.test.source.sayBye_result.equals(java.lang.Object)	CtMethodImpl	public
com.didiglobal.thriftmock.test.source.HelloService	CtClassImpl	public
com.didiglobal.thriftmock.test.source.ByeService.sayBye_result.STRUCT_DESC	CtFieldImpl	private
com.didiglobal.thriftmock.test.source.RequestTupleSchemeFactory.getScheme()	CtMethodImpl	public
com.didiglobal.thriftmock.test.source.Request.RequestTupleSchemeFactory	CtClassImpl	private
com.didiglobal.thriftmock.test.source.HelloService$sayHello_args(com.didiglobal.thriftmock.test.source.Request)	CtConstructorImpl	public
org.apache.thrift.TBaseAsyncProcessor.iface	CtFieldReferenceImpl	package-private
com.didiglobal.thriftmock.server.MockResult._Fields.thriftId	CtFieldReferenceImpl	private
com.didiglobal.thriftmock.test.source.HelloService$Processor(I)	CtConstructorImpl	public
com.didiglobal.thriftmock.test.source.ByeService$sayBye_args$sayBye_argsTupleSchemeFactory()	CtConstructorImpl	private
com.didiglobal.thriftmock.test.source.Response._Fields._thriftId	CtFieldReferenceImpl	private
com.didiglobal.thriftmock.server.MockResult._Fields	CtEnumImpl	public
com.didiglobal.thriftmock.test.source.sayHello_args.read(org.apache.thrift.protocol.TProtocol)	CtMethodImpl	public
com.didiglobal.thriftmock.test.source.HelloService$Processor(I,java.util.Map<java.lang.String, org.apache.thrift.ProcessFunction<I, ? extends org.apache.thrift.TBase>>)	CtConstructorImpl	protected
com.didiglobal.thriftmock.test.source.Factory.getAsyncClient(org.apache.thrift.transport.TNonblockingTransport)	CtMethodImpl	public
com.didiglobal.thriftmock.test.source.Request._Fields	CtEnumImpl	public
com.didiglobal.thriftmock.test.source.HelloService$sayHello_result$sayHello_resultTupleScheme()	CtConstructorImpl	private
com.didiglobal.thriftmock.server.ServerConfig(int)	CtConstructorImpl	public
com.didiglobal.thriftmock.test.source.Response.getFieldValue(com.didiglobal.thriftmock.test.source.Response._Fields)	CtMethodImpl	public
com.didiglobal.thriftmock.test.source.ResponseStandardSchemeFactory.getScheme()	CtMethodImpl	public
com.didiglobal.thriftmock.server.junit.ThriftMockServer(com.didiglobal.thriftmock.server.ServerConfig)	CtConstructorImpl	public
com.didiglobal.thriftmock.server._Fields.findByThriftId(int)	CtMethodImpl	public
com.didiglobal.thriftmock.test.source.Response.unsetCode()	CtMethodImpl	public
com.didiglobal.thriftmock.server.junit.ThriftMockServer(int)	CtConstructorImpl	public
com.didiglobal.thriftmock.test.source.ByeService.sayBye_args.schemes	CtFieldImpl	private
com.didiglobal.thriftmock.test.source.sayBye.isOneway()	CtMethodImpl	protected
com.didiglobal.thriftmock.test.source.HelloService.Processor.LOGGER	CtFieldImpl	private
com.didiglobal.thriftmock.test.source.HelloService.sayHello_result	CtClassImpl	public
com.didiglobal.thriftmock.server.junit.AsyncThriftMockServer(int)	CtConstructorImpl	public
com.didiglobal.thriftmock.test.source.ByeService$Processor(I)	CtConstructorImpl	public
com.didiglobal.thriftmock.test.source.sayHello_result.write(org.apache.thrift.protocol.TProtocol)	CtMethodImpl	public
com.didiglobal.thriftmock.test.source.Response.hashCode()	CtMethodImpl	public
com.didiglobal.thriftmock.test.source.ByeService$sayBye_args$sayBye_argsStandardSchemeFactory()	CtConstructorImpl	private
com.didiglobal.thriftmock.test.source.RequestStandardScheme.read(org.apache.thrift.protocol.TProtocol,com.didiglobal.thriftmock.test.source.Request)	CtMethodImpl	public
com.didiglobal.thriftmock.test.source.Request.getFieldValue(com.didiglobal.thriftmock.test.source.Request._Fields)	CtMethodImpl	public
com.didiglobal.thriftmock.test.source.sayBye_args.compareTo(com.didiglobal.thriftmock.test.source.ByeService.sayBye_args)	CtMethodImpl	public
com.didiglobal.thriftmock.test.source.Request.RequestStandardScheme	CtClassImpl	private
com.didiglobal.thriftmock.server.MockResult.setSuccess(org.apache.thrift.TBase)	CtMethodImpl	public
com.didiglobal.thriftmock.test.source.ByeService.sayBye_result._Fields._thriftId	CtFieldReferenceImpl	private
com.didiglobal.thriftmock.test.source.sayHello.getResultHandler(org.apache.thrift.server.AbstractNonblockingServer.AsyncFrameBuffer,int)	CtMethodImpl	public
com.didiglobal.thriftmock.test.source.Request$RequestTupleScheme()	CtConstructorImpl	private
com.didiglobal.thriftmock.server.AsyncThriftMockServer.LOG	CtFieldReferenceImpl	private
com.didiglobal.thriftmock.test.source.Request.validate()	CtMethodImpl	public
com.didiglobal.thriftmock.server.ProcessFunctionMock.args	CtFieldReferenceImpl	private
com.didiglobal.thriftmock.test.source.ByeService$Client$Factory()	CtConstructorImpl	public
com.didiglobal.thriftmock.test.source.sayBye_argsStandardScheme.write(org.apache.thrift.protocol.TProtocol,com.didiglobal.thriftmock.test.source.ByeService.sayBye_args)	CtMethodImpl	public
com.didiglobal.thriftmock.server.AsyncProcessFunctionMock(java.lang.String,org.apache.thrift.TBase)	CtConstructorImpl	public
com.didiglobal.thriftmock.test.source.ByeService.sayBye_result._Fields.byName	CtFieldImpl	private
com.didiglobal.thriftmock.test.source.Request.writeObject(java.io.ObjectOutputStream)	CtMethodImpl	private
com.didiglobal.thriftmock.test.source.HelloService$sayHello_args$sayHello_argsTupleScheme()	CtConstructorImpl	private
com.didiglobal.thriftmock.test.source.HelloService.Processor.LOGGER	CtFieldReferenceImpl	private
com.didiglobal.thriftmock.test.source.Response.setResponseMsgIsSet(boolean)	CtMethodImpl	public
com.didiglobal.thriftmock.test.source.HelloService.AsyncClient.Factory	CtClassImpl	public
com.didiglobal.thriftmock.server.junit.AsyncThriftMockServer.start()	CtMethodImpl	public
com.didiglobal.thriftmock.test.source.ByeService.sayBye_args.sayBye_argsTupleScheme	CtClassImpl	private
com.didiglobal.thriftmock.test.source.Client.sayHello(com.didiglobal.thriftmock.test.source.Request)	CtMethodImpl	public
org.apache.thrift.async.TAsyncMethodCall.timeout	CtFieldReferenceImpl	private
com.didiglobal.thriftmock.test.source.sayHello_argsStandardScheme.write(org.apache.thrift.protocol.TProtocol,com.didiglobal.thriftmock.test.source.HelloService.sayHello_args)	CtMethodImpl	public
com.didiglobal.thriftmock.test.source.ByeService.sayBye_args.schemes	CtFieldReferenceImpl	private
com.didiglobal.thriftmock.test.source.sayBye_resultStandardScheme.read(org.apache.thrift.protocol.TProtocol,com.didiglobal.thriftmock.test.source.ByeService.sayBye_result)	CtMethodImpl	public
com.didiglobal.thriftmock.server.MockResult.write(org.apache.thrift.protocol.TProtocol)	CtMethodImpl	public
com.didiglobal.thriftmock.server.AsyncProcessFunctionMock.start(java.lang.Object,org.apache.thrift.TBase,org.apache.thrift.async.AsyncMethodCallback)	CtMethodImpl	public
com.didiglobal.thriftmock.server.TMockProcessor	CtClassImpl	public
com.didiglobal.thriftmock.test.source.ByeService.sayBye_args.REQUEST_FIELD_DESC	CtFieldReferenceImpl	private
com.didiglobal.thriftmock.test.source.sayBye_result.read(org.apache.thrift.protocol.TProtocol)	CtMethodImpl	public
com.didiglobal.thriftmock.server.AsyncProcessFunctionMock.1	CtClassImpl	package-private
com.didiglobal.thriftmock.test.source.ByeService$sayBye_result$_Fields(short,java.lang.String)	CtConstructorImpl	private
com.didiglobal.thriftmock.server.ThriftMockServer	CtClassImpl	public
org.apache.thrift.async.TAsyncClient.___currentMethod	CtFieldReferenceImpl	protected
com.didiglobal.thriftmock.test.source.sayBye_result.write(org.apache.thrift.protocol.TProtocol)	CtMethodImpl	public
com.didiglobal.thriftmock.test.source.Request._Fields._thriftId	CtFieldReferenceImpl	private
com.didiglobal.thriftmock.server.AsyncProcessFunctionMock.isOneway()	CtMethodImpl	protected
com.didiglobal.thriftmock.server.junit.ThriftMockServer.mockServer	CtFieldReferenceImpl	private
com.didiglobal.thriftmock.test.source.ResponseTupleSchemeFactory.getScheme()	CtMethodImpl	public
com.didiglobal.thriftmock.test.source.sayBye_args.setRequestIsSet(boolean)	CtMethodImpl	public
com.didiglobal.thriftmock.test.source.sayBye_args.getRequest()	CtMethodImpl	public
com.didiglobal.thriftmock.test.source.sayHello_resultStandardScheme.write(org.apache.thrift.protocol.TProtocol,com.didiglobal.thriftmock.test.source.HelloService.sayHello_result)	CtMethodImpl	public
com.didiglobal.thriftmock.test.source.Response.getCode()	CtMethodImpl	public
com.didiglobal.thriftmock.server.junit.AsyncThriftMockServer.after()	CtMethodImpl	protected
com.didiglobal.thriftmock.server.ProcessFunctionMock.mockResultFunction	CtFieldReferenceImpl	private
org.apache.thrift.async.TAsyncMethodCall.state	CtFieldReferenceImpl	private
com.didiglobal.thriftmock.test.source.HelloService.AsyncClient.Factory.protocolFactory	CtFieldReferenceImpl	private
com.didiglobal.thriftmock.server.MockResult.fieldForId(int)	CtMethodImpl	public
com.didiglobal.thriftmock.server.MockResultStandardScheme.readSuccessStruct(org.apache.thrift.protocol.TField,org.apache.thrift.protocol.TProtocol,com.didiglobal.thriftmock.server.MockResult)	CtMethodImpl	private
com.didiglobal.thriftmock.test.source.sayBye_args.readObject(java.io.ObjectInputStream)	CtMethodImpl	private
com.didiglobal.thriftmock.server.AsyncThriftMockServer.setExpectReturn(java.lang.String,org.apache.thrift.AsyncProcessFunction)	CtMethodImpl	public
com.didiglobal.thriftmock.test.source.ResponseTupleScheme.read(org.apache.thrift.protocol.TProtocol,com.didiglobal.thriftmock.test.source.Response)	CtMethodImpl	public
com.didiglobal.thriftmock.test.source.Client.recv_sayHello()	CtMethodImpl	public
com.didiglobal.thriftmock.test.source.Request.equals(com.didiglobal.thriftmock.test.source.Request)	CtMethodImpl	public
com.didiglobal.thriftmock.test.source.ByeService$sayBye_result$sayBye_resultTupleScheme()	CtConstructorImpl	private
com.didiglobal.thriftmock.test.source.Response.setFieldValue(com.didiglobal.thriftmock.test.source.Response._Fields,java.lang.Object)	CtMethodImpl	public
com.didiglobal.thriftmock.test.source.HelloService.sayHello_args._Fields.byName	CtFieldReferenceImpl	private
com.didiglobal.thriftmock.test.source.sayBye_args.isSetRequest()	CtMethodImpl	public
com.didiglobal.thriftmock.test.source.HelloService.sayHello_result._Fields.byName	CtFieldImpl	private
com.didiglobal.thriftmock.server.MockResult.compareTo(com.didiglobal.thriftmock.server.MockResult)	CtMethodImpl	public
com.didiglobal.thriftmock.test.source.ByeService.sayBye_result.schemes	CtFieldReferenceImpl	private
com.didiglobal.thriftmock.server.MockResult.readObject(java.io.ObjectInputStream)	CtMethodImpl	private
com.didiglobal.thriftmock.test.source.sayBye_args.isSet(com.didiglobal.thriftmock.test.source.ByeService.sayBye_args._Fields)	CtMethodImpl	public
com.didiglobal.thriftmock.test.source.sayHello_args.hashCode()	CtMethodImpl	public
com.didiglobal.thriftmock.test.source.sayHello_result.setSuccessIsSet(boolean)	CtMethodImpl	public
com.didiglobal.thriftmock.test.source.sayHello_resultStandardSchemeFactory.getScheme()	CtMethodImpl	public
com.didiglobal.thriftmock.test.source.HelloService$sayHello_result$sayHello_resultStandardScheme()	CtConstructorImpl	private
com.didiglobal.thriftmock.test.source.HelloService.sayHello_result.SUCCESS_FIELD_DESC	CtFieldImpl	private
com.didiglobal.thriftmock.test.source.HelloService.AsyncProcessor.LOGGER	CtFieldImpl	private
com.didiglobal.thriftmock.test.source.ByeService$sayBye_args(com.didiglobal.thriftmock.test.source.Request)	CtConstructorImpl	public
com.didiglobal.thriftmock.test.source.ByeService.sayBye_result.sayBye_resultTupleScheme	CtClassImpl	private
com.didiglobal.thriftmock.test.source.HelloService.sayHello_result._Fields.byName	CtFieldReferenceImpl	private
com.didiglobal.thriftmock.test.source.Response$ResponseTupleSchemeFactory()	CtConstructorImpl	private
com.didiglobal.thriftmock.server.AsyncProcessFunctionMock.getEmptyArgsInstance()	CtMethodImpl	public
com.didiglobal.thriftmock.test.source.Response.ResponseStandardSchemeFactory	CtClassImpl	private
com.didiglobal.thriftmock.test.source.sayHello_args.equals(com.didiglobal.thriftmock.test.source.HelloService.sayHello_args)	CtMethodImpl	public
com.didiglobal.thriftmock.test.source.sayHello_args.validate()	CtMethodImpl	public
com.didiglobal.thriftmock.test.source.sayHello_resultTupleScheme.write(org.apache.thrift.protocol.TProtocol,com.didiglobal.thriftmock.test.source.HelloService.sayHello_result)	CtMethodImpl	public
com.didiglobal.thriftmock.test.source.HelloService.AsyncProcessor	CtClassImpl	public
com.didiglobal.thriftmock.test.source.ByeService$Client(org.apache.thrift.protocol.TProtocol,org.apache.thrift.protocol.TProtocol)	CtConstructorImpl	public
com.didiglobal.thriftmock.server.AsyncTMockProcessor(java.util.Map<java.lang.String, org.apache.thrift.AsyncProcessFunction>)	CtConstructorImpl	public
com.didiglobal.thriftmock.test.source.ByeService$sayBye_result$sayBye_resultStandardSchemeFactory()	CtConstructorImpl	private
com.didiglobal.thriftmock.test.source.sayBye_args.setFieldValue(com.didiglobal.thriftmock.test.source.ByeService.sayBye_args._Fields,java.lang.Object)	CtMethodImpl	public
com.didiglobal.thriftmock.test.source.sayHello_args.readObject(java.io.ObjectInputStream)	CtMethodImpl	private
com.didiglobal.thriftmock.test.source.HelloService$sayHello_args$sayHello_argsTupleSchemeFactory()	CtConstructorImpl	private
com.didiglobal.thriftmock.test.source.Factory.getClient(org.apache.thrift.protocol.TProtocol,org.apache.thrift.protocol.TProtocol)	CtMethodImpl	public
com.didiglobal.thriftmock.test.source.HelloService.sayHello_args.sayHello_argsStandardScheme	CtClassImpl	private
com.didiglobal.thriftmock.test.source.sayHello_result.setFieldValue(com.didiglobal.thriftmock.test.source.HelloService.sayHello_result._Fields,java.lang.Object)	CtMethodImpl	public
com.didiglobal.thriftmock.test.source.ByeService.sayBye_result.success	CtFieldReferenceImpl	public
org.apache.thrift.async.TAsyncMethodCall.sequenceIdCounter	CtFieldReferenceImpl	private
com.didiglobal.thriftmock.test.source.Response.responseMsg	CtFieldReferenceImpl	public
com.didiglobal.thriftmock.test.source.ByeService.Processor.sayBye	CtClassImpl	public
com.didiglobal.thriftmock.server.AsyncServerConfig(int)	CtConstructorImpl	public
com.didiglobal.thriftmock.test.source.Factory.getClient(org.apache.thrift.protocol.TProtocol)	CtMethodImpl	public
com.didiglobal.thriftmock.server.ProcessFunctionMock(java.lang.String,org.apache.thrift.TBase,java.util.function.Function<org.apache.thrift.TBase, org.apache.thrift.TBase>)	CtConstructorImpl	public
com.didiglobal.thriftmock.test.source.Response.__CODE_ISSET_ID	CtFieldReferenceImpl	private
com.didiglobal.thriftmock.test.source.sayHello.getResult(I,com.didiglobal.thriftmock.test.source.HelloService.sayHello_args)	CtMethodImpl	public
com.didiglobal.thriftmock.server.ServerConfig.processMap	CtFieldReferenceImpl	private
com.didiglobal.thriftmock.test.source.Request.RequestTupleScheme	CtClassImpl	private
com.didiglobal.thriftmock.test.source.sayBye_args.clear()	CtMethodImpl	public
com.didiglobal.thriftmock.test.source.Response.write(org.apache.thrift.protocol.TProtocol)	CtMethodImpl	public
com.didiglobal.thriftmock.server.ThriftMockServer.setExpectReturn(java.lang.String,org.apache.thrift.TBase)	CtMethodImpl	public
com.didiglobal.thriftmock.test.source.TProtocolUtil()	CtConstructorImpl	private
com.didiglobal.thriftmock.test.source.ByeService.sayBye_result._Fields	CtEnumImpl	public
com.didiglobal.thriftmock.test.source.sayBye_result.compareTo(com.didiglobal.thriftmock.test.source.ByeService.sayBye_result)	CtMethodImpl	public
com.didiglobal.thriftmock.server.MockResult.schemes	CtFieldReferenceImpl	public
com.didiglobal.thriftmock.test.source.Response()	CtConstructorImpl	public
com.didiglobal.thriftmock.test.source.Response.__isset_bitfield	CtFieldReferenceImpl	private
com.didiglobal.thriftmock.server.MockResult._Fields.byName	CtFieldImpl	private
com.didiglobal.thriftmock.test.source.ByeService.sayBye_result._Fields._fieldName	CtFieldReferenceImpl	private
com.didiglobal.thriftmock.test.source.ByeService	CtClassImpl	public
com.didiglobal.thriftmock.test.source.RequestTupleScheme.write(org.apache.thrift.protocol.TProtocol,com.didiglobal.thriftmock.test.source.Request)	CtMethodImpl	public
com.didiglobal.thriftmock.server.ThriftMockServer.setExpectReturn(java.lang.String,org.apache.thrift.TBase,int)	CtMethodImpl	public
com.didiglobal.thriftmock.server.MockResult$MockResultTupleScheme()	CtConstructorImpl	private
com.didiglobal.thriftmock.test.source.sayBye_args.getFieldValue(com.didiglobal.thriftmock.test.source.ByeService.sayBye_args._Fields)	CtMethodImpl	public
com.didiglobal.thriftmock.server.MockResult.unsetSuccess()	CtMethodImpl	public
com.didiglobal.thriftmock.server.MockResultTupleSchemeFactory.getScheme()	CtMethodImpl	public
com.didiglobal.thriftmock.test.source.TProtocolUtil	CtClassImpl	public
com.didiglobal.thriftmock.test.source.Request.unsetMsg()	CtMethodImpl	public
com.didiglobal.thriftmock.test.source.Response._Fields.byName	CtFieldReferenceImpl	private
com.didiglobal.thriftmock.server.junit.AsyncThriftMockServer.setExpectReturn(java.lang.String,org.apache.thrift.TBase,java.util.function.Function<org.apache.thrift.TBase, org.apache.thrift.TBase>)	CtMethodImpl	public
com.didiglobal.thriftmock.test.source.ByeService.AsyncClient.Factory.clientManager	CtFieldReferenceImpl	private
com.didiglobal.thriftmock.test.source.HelloService.Processor	CtClassImpl	public
com.didiglobal.thriftmock.test.source.AsyncClient.sayHello(com.didiglobal.thriftmock.test.source.Request,org.apache.thrift.async.AsyncMethodCallback)	CtMethodImpl	public
com.didiglobal.thriftmock.test.source.sayBye.getResult(I,com.didiglobal.thriftmock.test.source.ByeService.sayBye_args)	CtMethodImpl	public
com.didiglobal.thriftmock.test.source.HelloService$Client(org.apache.thrift.protocol.TProtocol)	CtConstructorImpl	public
com.didiglobal.thriftmock.test.source.HelloService.Processor.sayHello	CtClassImpl	public
com.didiglobal.thriftmock.test.source.HelloService$sayHello_args$sayHello_argsStandardScheme()	CtConstructorImpl	private
com.didiglobal.thriftmock.test.source.ByeService$AsyncClient$Factory(org.apache.thrift.async.TAsyncClientManager,org.apache.thrift.protocol.TProtocolFactory)	CtConstructorImpl	public
com.didiglobal.thriftmock.test.source.HelloService$sayHello_result()	CtConstructorImpl	public
com.didiglobal.thriftmock.server.ServerConfig.getMaxWorkerThread()	CtMethodImpl	public
com.didiglobal.thriftmock.test.source.ByeService$sayBye_result(com.didiglobal.thriftmock.test.source.ByeService.sayBye_result)	CtConstructorImpl	public
com.didiglobal.thriftmock.test.source.sayBye_result.setSuccessIsSet(boolean)	CtMethodImpl	public
com.didiglobal.thriftmock.test.source.HelloService.sayHello_args._Fields.REQUEST	CtEnumValueImpl	public
com.didiglobal.thriftmock.test.source.sayHello_result.getFieldValue(com.didiglobal.thriftmock.test.source.HelloService.sayHello_result._Fields)	CtMethodImpl	public
com.didiglobal.thriftmock.test.source.Request.compareTo(com.didiglobal.thriftmock.test.source.Request)	CtMethodImpl	public
com.didiglobal.thriftmock.server.MockResult.MockResultStandardScheme	CtClassImpl	private
com.didiglobal.thriftmock.test.source.sayHello_args.isSetRequest()	CtMethodImpl	public
com.didiglobal.thriftmock.test.source.Response$ResponseStandardSchemeFactory()	CtConstructorImpl	private
com.didiglobal.thriftmock.server.AsyncServerConfig.processMap	CtFieldReferenceImpl	private
com.didiglobal.thriftmock.test.source.HelloService.sayHello_result._Fields._thriftId	CtFieldReferenceImpl	private
com.didiglobal.thriftmock.test.source.ByeService.sayBye_args.metaDataMap	CtFieldImpl	public
com.didiglobal.thriftmock.test.source.Response.STRUCT_DESC	CtFieldReferenceImpl	private
com.didiglobal.thriftmock.server._Fields.getFieldName()	CtMethodImpl	public
com.didiglobal.thriftmock.server.MockResult.methodName	CtFieldReferenceImpl	public
com.didiglobal.thriftmock.test.source.sayBye_result.unsetSuccess()	CtMethodImpl	public
com.didiglobal.thriftmock.test.source.HelloService.sayHello_result.sayHello_resultTupleScheme	CtClassImpl	private
com.didiglobal.thriftmock.test.source.HelloService.sayHello_args.metaDataMap	CtFieldImpl	public
com.didiglobal.thriftmock.test.source.Request.hashCode()	CtMethodImpl	public
com.didiglobal.thriftmock.server.MockResult.toString()	CtMethodImpl	public
com.didiglobal.thriftmock.test.source.ByeService.sayBye_result.SUCCESS_FIELD_DESC	CtFieldImpl	private
com.didiglobal.thriftmock.server.AsyncProcessFunctionMock(java.lang.String,org.apache.thrift.TBase,java.util.function.Function<org.apache.thrift.TBase, org.apache.thrift.TBase>,int)	CtConstructorImpl	public
com.didiglobal.thriftmock.server.MockResult$MockResultStandardScheme(org.apache.thrift.protocol.TStruct)	CtConstructorImpl	public
com.didiglobal.thriftmock.test.source.sayHello_args.equals(java.lang.Object)	CtMethodImpl	public
com.didiglobal.thriftmock.test.source.sayHello_result.hashCode()	CtMethodImpl	public
com.didiglobal.thriftmock.server.MockResultStandardScheme.processSchemeField(org.apache.thrift.protocol.TField,org.apache.thrift.protocol.TProtocol,com.didiglobal.thriftmock.server.MockResult)	CtMethodImpl	private
com.didiglobal.thriftmock.test.source.Request.readObject(java.io.ObjectInputStream)	CtMethodImpl	private
com.didiglobal.thriftmock.server.MockResult.MockResultStandardSchemeFactory	CtClassImpl	private
com.didiglobal.thriftmock.server.ServerConfig.getTProtocolFactory()	CtMethodImpl	public
com.didiglobal.thriftmock.test.source.HelloService.sayHello_args._Fields.byName	CtFieldImpl	private
com.didiglobal.thriftmock.test.source.ByeService$sayBye_args()	CtConstructorImpl	public
com.didiglobal.thriftmock.test.source.ByeService.sayBye_args._Fields._thriftId	CtFieldReferenceImpl	private
com.didiglobal.thriftmock.server.ServerConfig.setPort(int)	CtMethodImpl	public
com.didiglobal.thriftmock.test.source.sayHello_result.fieldForId(int)	CtMethodImpl	public
com.didiglobal.thriftmock.test.source.Request.toString()	CtMethodImpl	public
org.apache.thrift.TServiceClient.seqid_	CtFieldReferenceImpl	protected
com.didiglobal.thriftmock.test.source.Response.clear()	CtMethodImpl	public
com.didiglobal.thriftmock.server.ThriftMockServer.setExpectReturn(java.lang.String,org.apache.thrift.TBase,java.util.function.Function<org.apache.thrift.TBase, org.apache.thrift.TBase>)	CtMethodImpl	public
com.didiglobal.thriftmock.server.AsyncServerConfig.getPort()	CtMethodImpl	public
com.didiglobal.thriftmock.server.ThriftMockServer.start()	CtMethodImpl	public
com.didiglobal.thriftmock.test.source.HelloService.sayHello_args.REQUEST_FIELD_DESC	CtFieldImpl	private
com.didiglobal.thriftmock.server.AsyncProcessFunctionMock.args	CtFieldReferenceImpl	private
com.didiglobal.thriftmock.server.MockResult	CtClassImpl	public
com.didiglobal.thriftmock.test.source.ByeService.sayBye_args.metaDataMap	CtFieldReferenceImpl	public
com.didiglobal.thriftmock.test.source.sayHello_result.setSuccess(com.didiglobal.thriftmock.test.source.Response)	CtMethodImpl	public
com.didiglobal.thriftmock.server.ProcessFunctionMock(java.lang.String,org.apache.thrift.TBase,int)	CtConstructorImpl	public
com.didiglobal.thriftmock.server.MockResultTupleScheme.read(org.apache.thrift.protocol.TProtocol,com.didiglobal.thriftmock.server.MockResult)	CtMethodImpl	public
com.didiglobal.thriftmock.test.source.HelloService$sayHello_args()	CtConstructorImpl	public
com.didiglobal.thriftmock.test.source.HelloService.sayHello_result.metaDataMap	CtFieldReferenceImpl	public
com.didiglobal.thriftmock.test.source.Response$_Fields(short,java.lang.String)	CtConstructorImpl	private
com.didiglobal.thriftmock.test.source.Request._Fields._fieldName	CtFieldReferenceImpl	private
com.didiglobal.thriftmock.server.MockResult.hashCode()	CtMethodImpl	public
com.didiglobal.thriftmock.test.source.Response._Fields.RESPONSE_MSG	CtEnumValueImpl	public
org.apache.thrift.async.TAsyncMethodCall.INITIAL_MEMORY_BUFFER_SIZE	CtFieldReferenceImpl	private
com.didiglobal.thriftmock.server.junit.AsyncThriftMockServer.stop()	CtMethodImpl	public
org.apache.thrift.TServiceClient.oprot_	CtFieldReferenceImpl	protected
com.didiglobal.thriftmock.server.junit.ThriftMockServer.start()	CtMethodImpl	public
com.didiglobal.thriftmock.test.source.ByeService$sayBye_args(com.didiglobal.thriftmock.test.source.ByeService.sayBye_args)	CtConstructorImpl	public
com.didiglobal.thriftmock.test.source.HelloService$sayHello_result(com.didiglobal.thriftmock.test.source.HelloService.sayHello_result)	CtConstructorImpl	public
com.didiglobal.thriftmock.test.source.sayHello_result.compareTo(com.didiglobal.thriftmock.test.source.HelloService.sayHello_result)	CtMethodImpl	public
com.didiglobal.thriftmock.server.AsyncThriftMockServer.tServer	CtFieldReferenceImpl	private
com.didiglobal.thriftmock.test.source.Response.toString()	CtMethodImpl	public
com.didiglobal.thriftmock.test.source.TProtocolUtil.initTProtocol(java.lang.String,int,java.lang.Integer)	CtMethodImpl	public
com.didiglobal.thriftmock.test.source.Request.getMsg()	CtMethodImpl	public
com.didiglobal.thriftmock.test.source.Response._Fields	CtEnumImpl	public
org.apache.thrift.async.TAsyncMethodCall.protocolFactory	CtFieldReferenceImpl	private
com.didiglobal.thriftmock.server.MockResultStandardSchemeFactory.getScheme()	CtMethodImpl	public
com.didiglobal.thriftmock.test.source.HelloService.sayHello_args.schemes	CtFieldImpl	private
com.didiglobal.thriftmock.test.source.Response.isSetCode()	CtMethodImpl	public
com.didiglobal.thriftmock.server.AsyncThriftMockServer.setExpectReturn(java.lang.String,org.apache.thrift.TBase,int)	CtMethodImpl	public
com.didiglobal.thriftmock.test.source.ByeService.sayBye_result._Fields.SUCCESS	CtEnumValueImpl	public
com.didiglobal.thriftmock.test.source.sayHello_result.isSetSuccess()	CtMethodImpl	public
com.didiglobal.thriftmock.test.source.Response$ResponseStandardScheme()	CtConstructorImpl	private
com.didiglobal.thriftmock.test.source.sayBye_args.hashCode()	CtMethodImpl	public
com.didiglobal.thriftmock.test.source.HelloService.AsyncProcessor.LOGGER	CtFieldReferenceImpl	private
com.didiglobal.thriftmock.test.source.HelloService.AsyncClient.sayHello_call	CtClassImpl	public
com.didiglobal.thriftmock.test.source.HelloService()	CtConstructorImpl	public
com.didiglobal.thriftmock.test.source.sayBye_result.deepCopy()	CtMethodImpl	public
com.didiglobal.thriftmock.test.source.AsyncProcessor.getProcessMap(java.util.Map<java.lang.String, org.apache.thrift.AsyncProcessFunction<I, ? extends org.apache.thrift.TBase, ?>>)	CtMethodImpl	private
com.didiglobal.thriftmock.server.ServerConfig.port	CtFieldReferenceImpl	private
org.apache.thrift.async.TAsyncClient.___manager	CtFieldReferenceImpl	protected
com.didiglobal.thriftmock.test.source.ByeService.AsyncProcessor.sayBye.1	CtClassImpl	package-private
com.didiglobal.thriftmock.server.ServerConfig.maxWorkerThread	CtFieldReferenceImpl	private
com.didiglobal.thriftmock.test.source.HelloService.sayHello_result.sayHello_resultTupleSchemeFactory	CtClassImpl	private
com.didiglobal.thriftmock.test.source.ByeService$sayBye_result$sayBye_resultStandardScheme()	CtConstructorImpl	private
com.didiglobal.thriftmock.test.source.ByeService$sayBye_args$_Fields(short,java.lang.String)	CtConstructorImpl	private
com.didiglobal.thriftmock.test.source.ByeService.sayBye_args._Fields._fieldName	CtFieldReferenceImpl	private
com.didiglobal.thriftmock.test.source.HelloService$AsyncProcessor(I)	CtConstructorImpl	public
com.didiglobal.thriftmock.server.junit.AsyncThriftMockServer.mockServer	CtFieldReferenceImpl	private
org.apache.thrift.async.TAsyncMethodCall.sizeBuffer	CtFieldReferenceImpl	private
com.didiglobal.thriftmock.server.MockResult.MockResultTupleScheme	CtClassImpl	private
com.didiglobal.thriftmock.test.source.HelloService.Client.Factory	CtClassImpl	public
com.didiglobal.thriftmock.test.source.Request$_Fields(short,java.lang.String)	CtConstructorImpl	private
com.didiglobal.thriftmock.test.source.HelloService.sayHello_args._Fields	CtEnumImpl	public
com.didiglobal.thriftmock.test.source.sayHello_result.toString()	CtMethodImpl	public
com.didiglobal.thriftmock.server.ProcessFunctionMock	CtClassImpl	public
com.didiglobal.thriftmock.test.source.sayHello_result.equals(com.didiglobal.thriftmock.test.source.HelloService.sayHello_result)	CtMethodImpl	public
com.didiglobal.thriftmock.server.junit.ThriftMockServer.setExpectReturn(java.lang.String,org.apache.thrift.TBase,int)	CtMethodImpl	public
com.didiglobal.thriftmock.test.source.sayHello_args.toString()	CtMethodImpl	public
com.didiglobal.thriftmock.server.AsyncProcessFunctionMock	CtClassImpl	public
com.didiglobal.thriftmock.test.source.Request.read(org.apache.thrift.protocol.TProtocol)	CtMethodImpl	public
com.didiglobal.thriftmock.test.source.HelloService.sayHello_args.request	CtFieldReferenceImpl	public
com.didiglobal.thriftmock.server.MockResult.read(org.apache.thrift.protocol.TProtocol)	CtMethodImpl	public
com.didiglobal.thriftmock.test.source.Response.equals(com.didiglobal.thriftmock.test.source.Response)	CtMethodImpl	public
com.didiglobal.thriftmock.server.AsyncThriftMockServer	CtClassImpl	public
com.didiglobal.thriftmock.test.source.sayBye.getEmptyArgsInstance()	CtMethodImpl	public
com.didiglobal.thriftmock.test.source.Response$ResponseTupleScheme()	CtConstructorImpl	private
com.didiglobal.thriftmock.test.source.sayHello_argsTupleScheme.read(org.apache.thrift.protocol.TProtocol,com.didiglobal.thriftmock.test.source.HelloService.sayHello_args)	CtMethodImpl	public
com.didiglobal.thriftmock.test.source.ByeService.AsyncClient.sayBye_call.request	CtFieldReferenceImpl	private
com.didiglobal.thriftmock.test.source.sayBye_resultTupleSchemeFactory.getScheme()	CtMethodImpl	public
org.apache.thrift.TServiceClient.iprot_	CtFieldReferenceImpl	protected
com.didiglobal.thriftmock.test.source.sayBye_result.hashCode()	CtMethodImpl	public
com.didiglobal.thriftmock.test.source.ByeService$sayBye_args$sayBye_argsTupleScheme()	CtConstructorImpl	private
com.didiglobal.thriftmock.server.MockResultStandardScheme.read(org.apache.thrift.protocol.TProtocol,com.didiglobal.thriftmock.server.MockResult)	CtMethodImpl	public
com.didiglobal.thriftmock.test.source.ByeService.sayBye_result	CtClassImpl	public
com.didiglobal.thriftmock.test.source.sayHello.isOneway()	CtMethodImpl	protected
com.didiglobal.thriftmock.test.source.sayHello_args.getFieldValue(com.didiglobal.thriftmock.test.source.HelloService.sayHello_args._Fields)	CtMethodImpl	public
com.didiglobal.thriftmock.test.source.Request.schemes	CtFieldReferenceImpl	private
com.didiglobal.thriftmock.test.source.HelloService.sayHello_args	CtClassImpl	public
com.didiglobal.thriftmock.server.MockResult$_Fields(short,java.lang.String)	CtConstructorImpl	private
com.didiglobal.thriftmock.test.source.sayHello_args.setFieldValue(com.didiglobal.thriftmock.test.source.HelloService.sayHello_args._Fields,java.lang.Object)	CtMethodImpl	public
com.didiglobal.thriftmock.test.source.HelloService$sayHello_result$_Fields(short,java.lang.String)	CtConstructorImpl	private
com.didiglobal.thriftmock.test.source.ByeService.sayBye_args.sayBye_argsStandardSchemeFactory	CtClassImpl	private
com.didiglobal.thriftmock.test.source.Client.send_sayHello(com.didiglobal.thriftmock.test.source.Request)	CtMethodImpl	public
com.didiglobal.thriftmock.test.source.sayBye_argsTupleScheme.write(org.apache.thrift.protocol.TProtocol,com.didiglobal.thriftmock.test.source.ByeService.sayBye_args)	CtMethodImpl	public
com.didiglobal.thriftmock.server.MockResult.structDesc	CtFieldReferenceImpl	public
com.didiglobal.thriftmock.test.source.sayBye_args.deepCopy()	CtMethodImpl	public
com.didiglobal.thriftmock.test.source.sayHello_args.getRequest()	CtMethodImpl	public
com.didiglobal.thriftmock.test.source.TProtocolUtil.initTProtocol(java.lang.String,int)	CtMethodImpl	public
com.didiglobal.thriftmock.server.MockResult.getSuccess()	CtMethodImpl	public
com.didiglobal.thriftmock.test.source.sayHello_resultTupleScheme.read(org.apache.thrift.protocol.TProtocol,com.didiglobal.thriftmock.test.source.HelloService.sayHello_result)	CtMethodImpl	public
com.didiglobal.thriftmock.test.source.HelloService.sayHello_result.STRUCT_DESC	CtFieldImpl	private
com.didiglobal.thriftmock.test.source.sayHello_args.fieldForId(int)	CtMethodImpl	public
com.didiglobal.thriftmock.server.AsyncThriftMockServer(int)	CtConstructorImpl	public
com.didiglobal.thriftmock.server.AsyncProcessFunctionMock.mockResultFunction	CtFieldReferenceImpl	private
com.didiglobal.thriftmock.test.source.sayHello_args.deepCopy()	CtMethodImpl	public
com.didiglobal.thriftmock.server.junit.AsyncThriftMockServer.setExpectReturn(java.lang.String,org.apache.thrift.TBase)	CtMethodImpl	public
com.didiglobal.thriftmock.test.source.Response.ResponseStandardScheme	CtClassImpl	private
com.didiglobal.thriftmock.test.source.sayHello_result.isSet(com.didiglobal.thriftmock.test.source.HelloService.sayHello_result._Fields)	CtMethodImpl	public
com.didiglobal.thriftmock.test.source.HelloService.sayHello_result.success	CtFieldReferenceImpl	public
com.didiglobal.thriftmock.test.source.ResponseTupleScheme.write(org.apache.thrift.protocol.TProtocol,com.didiglobal.thriftmock.test.source.Response)	CtMethodImpl	public
com.didiglobal.thriftmock.test.source.sayHello_args.writeObject(java.io.ObjectOutputStream)	CtMethodImpl	private
com.didiglobal.thriftmock.test.source.Response.ResponseTupleScheme	CtClassImpl	private
com.didiglobal.thriftmock.test.source.Request.setMsgIsSet(boolean)	CtMethodImpl	public
com.didiglobal.thriftmock.server.junit.ThriftMockServer.setExpectReturn(java.lang.String,org.apache.thrift.TBase,java.util.function.Function<org.apache.thrift.TBase, org.apache.thrift.TBase>)	CtMethodImpl	public
com.didiglobal.thriftmock.test.source.Response.compareTo(com.didiglobal.thriftmock.test.source.Response)	CtMethodImpl	public
com.didiglobal.thriftmock.server.MockResult$MockResultTupleSchemeFactory()	CtConstructorImpl	private
com.didiglobal.thriftmock.server.MockResult._Fields.fieldName	CtFieldReferenceImpl	private
com.didiglobal.thriftmock.server.MockResult.validate()	CtMethodImpl	public
com.didiglobal.thriftmock.test.source.ByeService.sayBye_result.SUCCESS_FIELD_DESC	CtFieldReferenceImpl	private
com.didiglobal.thriftmock.test.source.Response._Fields.byName	CtFieldImpl	private
com.didiglobal.thriftmock.test.source.HelloService$AsyncClient$sayHello_call(com.didiglobal.thriftmock.test.source.Request,org.apache.thrift.async.AsyncMethodCallback,org.apache.thrift.async.TAsyncClient,org.apache.thrift.protocol.TProtocolFactory,org.apache.thrift.transport.TNonblockingTransport)	CtConstructorImpl	public
org.apache.thrift.TBaseAsyncProcessor.LOGGER	CtFieldReferenceImpl	protected
com.didiglobal.thriftmock.test.source.sayHello_call.getResult()	CtMethodImpl	public
com.didiglobal.thriftmock.server.AsyncServerConfig(int,org.apache.thrift.protocol.TProtocolFactory)	CtConstructorImpl	public
com.didiglobal.thriftmock.server.ProcessFunctionMock.getResult(java.lang.Object,org.apache.thrift.TBase)	CtMethodImpl	public
org.apache.thrift.TBaseProcessor.iface	CtFieldReferenceImpl	private
com.didiglobal.thriftmock.test.source.Response(com.didiglobal.thriftmock.test.source.Response)	CtConstructorImpl	public
com.didiglobal.thriftmock.server.junit.AsyncThriftMockServer.setExpectReturn(java.lang.String,org.apache.thrift.TBase,int)	CtMethodImpl	public
com.didiglobal.thriftmock.server.AsyncProcessFunctionMock.delay	CtFieldReferenceImpl	private
com.didiglobal.thriftmock.test.source.ByeService.AsyncClient	CtClassImpl	public
com.didiglobal.thriftmock.test.source.HelloService.sayHello_result._Fields._fieldName	CtFieldReferenceImpl	private
com.didiglobal.thriftmock.test.source.Response.deepCopy()	CtMethodImpl	public
org.apache.thrift.async.TAsyncClient.___protocolFactory	CtFieldReferenceImpl	protected
com.didiglobal.thriftmock.test.source.sayHello_result.readObject(java.io.ObjectInputStream)	CtMethodImpl	private
com.didiglobal.thriftmock.server.MockResult.MockResultStandardSchemeFactory.desc	CtFieldReferenceImpl	private
com.didiglobal.thriftmock.test.source.HelloService.sayHello_args.sayHello_argsStandardSchemeFactory	CtClassImpl	private
com.didiglobal.thriftmock.test.source.HelloService.sayHello_args.metaDataMap	CtFieldReferenceImpl	public
com.didiglobal.thriftmock.server.junit.AsyncThriftMockServer.before()	CtMethodImpl	protected
com.didiglobal.thriftmock.test.source.Request.setFieldValue(com.didiglobal.thriftmock.test.source.Request._Fields,java.lang.Object)	CtMethodImpl	public
com.didiglobal.thriftmock.test.source.Response._Fields._fieldName	CtFieldReferenceImpl	private
com.didiglobal.thriftmock.server.ThriftMockServer.LOG	CtFieldReferenceImpl	private
com.didiglobal.thriftmock.test.source.sayHello_result.writeObject(java.io.ObjectOutputStream)	CtMethodImpl	private
com.didiglobal.thriftmock.test.source.Processor.getProcessMap(java.util.Map<java.lang.String, org.apache.thrift.ProcessFunction<I, ? extends org.apache.thrift.TBase>>)	CtMethodImpl	private
com.didiglobal.thriftmock.server.ThriftMockServer.serverConfig	CtFieldReferenceImpl	private
com.didiglobal.thriftmock.test.source.ByeService$Processor$sayBye()	CtConstructorImpl	public
com.didiglobal.thriftmock.test.source.Request()	CtConstructorImpl	public
com.didiglobal.thriftmock.server.MockResult.success	CtFieldReferenceImpl	private
com.didiglobal.thriftmock.test.source.sayBye_result.toString()	CtMethodImpl	public
com.didiglobal.thriftmock.test.source.HelloService.sayHello_args.sayHello_argsTupleSchemeFactory	CtClassImpl	private
com.didiglobal.thriftmock.server.AsyncThriftMockServer.start()	CtMethodImpl	public
com.didiglobal.thriftmock.test.source.ByeService$Processor(I,java.util.Map<java.lang.String, org.apache.thrift.ProcessFunction<I, ? extends org.apache.thrift.TBase>>)	CtConstructorImpl	protected
com.didiglobal.thriftmock.test.source.HelloService$Client(org.apache.thrift.protocol.TProtocol,org.apache.thrift.protocol.TProtocol)	CtConstructorImpl	public
com.didiglobal.thriftmock.server.ThriftMockServer(int)	CtConstructorImpl	public
com.didiglobal.thriftmock.test.source.Response.isSetResponseMsg()	CtMethodImpl	public
com.didiglobal.thriftmock.server.ProcessFunctionMock.isOneway()	CtMethodImpl	protected
com.didiglobal.thriftmock.test.source.ByeService.Processor.LOGGER	CtFieldReferenceImpl	private
com.didiglobal.thriftmock.test.source.HelloService$sayHello_args$sayHello_argsStandardSchemeFactory()	CtConstructorImpl	private
com.didiglobal.thriftmock.server.AsyncServerConfig.setPort(int)	CtMethodImpl	public
com.didiglobal.thriftmock.test.source.Client.recv_sayBye()	CtMethodImpl	public
com.didiglobal.thriftmock.test.source.HelloService.sayHello_args.STRUCT_DESC	CtFieldReferenceImpl	private
com.didiglobal.thriftmock.server.MockResult.setFieldValue(com.didiglobal.thriftmock.server.MockResult._Fields,java.lang.Object)	CtMethodImpl	public
com.didiglobal.thriftmock.server.junit.ThriftMockServer	CtClassImpl	public
com.didiglobal.thriftmock.server.MockResult.clear()	CtMethodImpl	public
com.didiglobal.thriftmock.test.source.sayHello_result.unsetSuccess()	CtMethodImpl	public
com.didiglobal.thriftmock.test.source.Response.fieldForId(int)	CtMethodImpl	public
com.didiglobal.thriftmock.test.source.Response.getResponseMsg()	CtMethodImpl	public
com.didiglobal.thriftmock.test.source.sayHello_argsTupleSchemeFactory.getScheme()	CtMethodImpl	public
com.didiglobal.thriftmock.test.source.Response.writeObject(java.io.ObjectOutputStream)	CtMethodImpl	private
com.didiglobal.thriftmock.test.source.sayBye_args.equals(java.lang.Object)	CtMethodImpl	public
com.didiglobal.thriftmock.test.source.ByeService.sayBye_result.STRUCT_DESC	CtFieldReferenceImpl	private
com.didiglobal.thriftmock.test.source.HelloService.AsyncProcessor.sayHello	CtClassImpl	public
com.didiglobal.thriftmock.test.source.Response.schemes	CtFieldReferenceImpl	private
com.didiglobal.thriftmock.server.MockResult.isSet(com.didiglobal.thriftmock.server.MockResult._Fields)	CtMethodImpl	public
com.didiglobal.thriftmock.test.source.sayHello_args.setRequestIsSet(boolean)	CtMethodImpl	public
com.didiglobal.thriftmock.server.MockResult.MockResultTupleSchemeFactory	CtClassImpl	private
com.didiglobal.thriftmock.test.source.Request.equals(java.lang.Object)	CtMethodImpl	public
com.didiglobal.thriftmock.server.AsyncTMockProcessor	CtClassImpl	public
com.didiglobal.thriftmock.server.ServerConfig.DEFAULT_THREAD_SIZE	CtFieldReferenceImpl	private
com.didiglobal.thriftmock.test.source.ByeService.Client	CtClassImpl	public
com.didiglobal.thriftmock.test.source.ByeService.AsyncProcessor.LOGGER	CtFieldReferenceImpl	private
com.didiglobal.thriftmock.test.source.sayBye_args.toString()	CtMethodImpl	public
com.didiglobal.thriftmock.test.source.ByeService$sayBye_result()	CtConstructorImpl	public
com.didiglobal.thriftmock.server.ProcessFunctionMock(java.lang.String,org.apache.thrift.TBase,java.util.function.Function<org.apache.thrift.TBase, org.apache.thrift.TBase>,int)	CtConstructorImpl	public
com.didiglobal.thriftmock.test.source.HelloService.sayHello_result.sayHello_resultStandardSchemeFactory	CtClassImpl	private
com.didiglobal.thriftmock.test.source.sayBye_args.setRequest(com.didiglobal.thriftmock.test.source.Request)	CtMethodImpl	public
com.didiglobal.thriftmock.test.source.ByeService$sayBye_result$sayBye_resultTupleSchemeFactory()	CtConstructorImpl	private
com.didiglobal.thriftmock.test.source.HelloService.sayHello_result.schemes	CtFieldImpl	private
com.didiglobal.thriftmock.test.source.sayBye_result.writeObject(java.io.ObjectOutputStream)	CtMethodImpl	private
com.didiglobal.thriftmock.test.source.sayHello_argsStandardScheme.read(org.apache.thrift.protocol.TProtocol,com.didiglobal.thriftmock.test.source.HelloService.sayHello_args)	CtMethodImpl	public
com.didiglobal.thriftmock.test.source.ByeService$Client(org.apache.thrift.protocol.TProtocol)	CtConstructorImpl	public
com.didiglobal.thriftmock.test.source.Response.RESPONSE_MSG_FIELD_DESC	CtFieldReferenceImpl	private
com.didiglobal.thriftmock.server.AsyncServerConfig	CtClassImpl	public
com.didiglobal.thriftmock.server.AsyncServerConfig.getTProtocolFactory()	CtMethodImpl	public
com.didiglobal.thriftmock.server.MockResult.metaDataMap	CtFieldReferenceImpl	public
com.didiglobal.thriftmock.server.ThriftMockServer(com.didiglobal.thriftmock.server.ServerConfig)	CtConstructorImpl	public
com.didiglobal.thriftmock.test.source.sayBye_args.write(org.apache.thrift.protocol.TProtocol)	CtMethodImpl	public
com.didiglobal.thriftmock.test.source.HelloService.sayHello_result._Fields.SUCCESS	CtEnumValueImpl	public
com.didiglobal.thriftmock.server.MockResult.setSuccessIsSet(boolean)	CtMethodImpl	public
com.didiglobal.thriftmock.test.source.RequestTupleScheme.read(org.apache.thrift.protocol.TProtocol,com.didiglobal.thriftmock.test.source.Request)	CtMethodImpl	public
com.didiglobal.thriftmock.server.AsyncThriftMockServer.serverConfig	CtFieldReferenceImpl	private
com.didiglobal.thriftmock.test.source.Response.code	CtFieldReferenceImpl	public
com.didiglobal.thriftmock.test.source.ByeService.AsyncClient.sayBye_call	CtClassImpl	public
com.didiglobal.thriftmock.server.AsyncThriftMockServer(com.didiglobal.thriftmock.server.AsyncServerConfig)	CtConstructorImpl	public
com.didiglobal.thriftmock.test.source.sayBye_result.getSuccess()	CtMethodImpl	public
com.didiglobal.thriftmock.server.ServerConfig.settServerProtocolFactory(org.apache.thrift.protocol.TProtocolFactory)	CtMethodImpl	public
com.didiglobal.thriftmock.test.source.ByeService.sayBye_args.sayBye_argsTupleSchemeFactory	CtClassImpl	private
com.didiglobal.thriftmock.server.MockResultTupleScheme.write(org.apache.thrift.protocol.TProtocol,com.didiglobal.thriftmock.server.MockResult)	CtMethodImpl	public
com.didiglobal.thriftmock.test.source.ByeService.AsyncClient.Factory.protocolFactory	CtFieldReferenceImpl	private
com.didiglobal.thriftmock.test.source.Request.metaDataMap	CtFieldReferenceImpl	public
com.didiglobal.thriftmock.test.source.ByeService.sayBye_args._Fields	CtEnumImpl	public
com.didiglobal.thriftmock.test.source.sayHello_args.compareTo(com.didiglobal.thriftmock.test.source.HelloService.sayHello_args)	CtMethodImpl	public
com.didiglobal.thriftmock.test.source.sayBye_argsStandardScheme.read(org.apache.thrift.protocol.TProtocol,com.didiglobal.thriftmock.test.source.ByeService.sayBye_args)	CtMethodImpl	public
com.didiglobal.thriftmock.test.source.HelloService.sayHello_result.metaDataMap	CtFieldImpl	public
com.didiglobal.thriftmock.test.source.ByeService.sayBye_args	CtClassImpl	public
com.didiglobal.thriftmock.test.source.Response(int,java.lang.String)	CtConstructorImpl	public
com.didiglobal.thriftmock.test.source.sayBye_result.setSuccess(com.didiglobal.thriftmock.test.source.Response)	CtMethodImpl	public
com.didiglobal.thriftmock.test.source.sayHello.getEmptyArgsInstance()	CtMethodImpl	public
com.didiglobal.thriftmock.test.source.sayHello_args.isSet(com.didiglobal.thriftmock.test.source.HelloService.sayHello_args._Fields)	CtMethodImpl	public
com.didiglobal.thriftmock.test.source.Request.write(org.apache.thrift.protocol.TProtocol)	CtMethodImpl	public
com.didiglobal.thriftmock.test.source.RequestStandardScheme.write(org.apache.thrift.protocol.TProtocol,com.didiglobal.thriftmock.test.source.Request)	CtMethodImpl	public
com.didiglobal.thriftmock.server.ProcessFunctionMock(java.lang.String,org.apache.thrift.TBase)	CtConstructorImpl	public
com.didiglobal.thriftmock.test.source.sayBye_result.getFieldValue(com.didiglobal.thriftmock.test.source.ByeService.sayBye_result._Fields)	CtMethodImpl	public
org.apache.thrift.TBaseAsyncProcessor.processMap	CtFieldReferenceImpl	package-private
com.didiglobal.thriftmock.test.source.sayBye_resultStandardScheme.write(org.apache.thrift.protocol.TProtocol,com.didiglobal.thriftmock.test.source.ByeService.sayBye_result)	CtMethodImpl	public
com.didiglobal.thriftmock.test.source.HelloService$AsyncProcessor$sayHello()	CtConstructorImpl	public
com.didiglobal.thriftmock.test.source.Response.metaDataMap	CtFieldReferenceImpl	public
com.didiglobal.thriftmock.test.source.sayBye.getResultHandler(org.apache.thrift.server.AbstractNonblockingServer.AsyncFrameBuffer,int)	CtMethodImpl	public
com.didiglobal.thriftmock.test.source.HelloService$Processor$sayHello()	CtConstructorImpl	public
com.didiglobal.thriftmock.test.source.Response.ResponseTupleSchemeFactory	CtClassImpl	private
com.didiglobal.thriftmock.test.source.sayHello_argsTupleScheme.write(org.apache.thrift.protocol.TProtocol,com.didiglobal.thriftmock.test.source.HelloService.sayHello_args)	CtMethodImpl	public
com.didiglobal.thriftmock.test.source.sayHello_argsStandardSchemeFactory.getScheme()	CtMethodImpl	public
com.didiglobal.thriftmock.test.source.ByeService.sayBye_args._Fields.byName	CtFieldReferenceImpl	private
com.didiglobal.thriftmock.test.source.sayHello_result.validate()	CtMethodImpl	public
com.didiglobal.thriftmock.test.source.Response.unsetResponseMsg()	CtMethodImpl	public
com.didiglobal.thriftmock.test.source._Fields.getFieldName()	CtMethodImpl	public
org.apache.thrift.async.TAsyncMethodCall.startTime	CtFieldReferenceImpl	private
org.apache.thrift.async.TAsyncClient.___error	CtFieldReferenceImpl	private
com.didiglobal.thriftmock.test.source.sayBye_result.readObject(java.io.ObjectInputStream)	CtMethodImpl	private
com.didiglobal.thriftmock.test.source.HelloService$AsyncProcessor(I,java.util.Map<java.lang.String, org.apache.thrift.AsyncProcessFunction<I, ? extends org.apache.thrift.TBase, ?>>)	CtConstructorImpl	protected
com.didiglobal.thriftmock.server.MockResult.SUCCESS_FIELD_DESC	CtFieldReferenceImpl	private
com.didiglobal.thriftmock.test.source.sayBye_args.read(org.apache.thrift.protocol.TProtocol)	CtMethodImpl	public
com.didiglobal.thriftmock.server.ProcessFunctionMock.delay	CtFieldReferenceImpl	private
com.didiglobal.thriftmock.test.source.ByeService.sayBye_args.REQUEST_FIELD_DESC	CtFieldImpl	private
com.didiglobal.thriftmock.test.source.HelloService.AsyncClient.Factory.clientManager	CtFieldReferenceImpl	private
com.didiglobal.thriftmock.server.TMockProcessor.1	CtClassImpl	package-private
com.didiglobal.thriftmock.test.source.HelloService.sayHello_args._Fields._thriftId	CtFieldReferenceImpl	private
com.didiglobal.thriftmock.test.source.ByeService.sayBye_result.metaDataMap	CtFieldImpl	public
com.didiglobal.thriftmock.test.source.sayBye_result.isSet(com.didiglobal.thriftmock.test.source.ByeService.sayBye_result._Fields)	CtMethodImpl	public
com.didiglobal.thriftmock.test.source.sayBye_result.equals(com.didiglobal.thriftmock.test.source.ByeService.sayBye_result)	CtMethodImpl	public
com.didiglobal.thriftmock.test.source.ByeService.sayBye_result.sayBye_resultStandardScheme	CtClassImpl	private
com.didiglobal.thriftmock.test.source.sayHello_result.deepCopy()	CtMethodImpl	public
com.didiglobal.thriftmock.server.junit.AsyncThriftMockServer(com.didiglobal.thriftmock.server.AsyncServerConfig)	CtConstructorImpl	public
com.didiglobal.thriftmock.test.source.Request.isSetMsg()	CtMethodImpl	public
com.didiglobal.thriftmock.test.source.Response.validate()	CtMethodImpl	public
com.didiglobal.thriftmock.test.source.Response.isSet(com.didiglobal.thriftmock.test.source.Response._Fields)	CtMethodImpl	public
org.apache.thrift.ProcessFunction.LOGGER	CtFieldReferenceImpl	private
com.didiglobal.thriftmock.test.source.Request.clear()	CtMethodImpl	public
com.didiglobal.thriftmock.test.source.ByeService$AsyncProcessor(I,java.util.Map<java.lang.String, org.apache.thrift.AsyncProcessFunction<I, ? extends org.apache.thrift.TBase, ?>>)	CtConstructorImpl	protected
com.didiglobal.thriftmock.test.source._Fields.findByThriftIdOrThrow(int)	CtMethodImpl	public
com.didiglobal.thriftmock.test.source.ByeService$sayBye_args$sayBye_argsStandardScheme()	CtConstructorImpl	private
com.didiglobal.thriftmock.test.source.sayBye_call.getResult()	CtMethodImpl	public
org.apache.thrift.async.TAsyncMethodCall.isOneway	CtFieldReferenceImpl	private
com.didiglobal.thriftmock.test.source.ByeService.sayBye_args._Fields.REQUEST	CtEnumValueImpl	public
com.didiglobal.thriftmock.server.junit.ThriftMockServer.after()	CtMethodImpl	protected
com.didiglobal.thriftmock.test.source.Response.read(org.apache.thrift.protocol.TProtocol)	CtMethodImpl	public
com.didiglobal.thriftmock.test.source.HelloService.Client	CtClassImpl	public
com.didiglobal.thriftmock.test.source.sayBye_resultTupleScheme.write(org.apache.thrift.protocol.TProtocol,com.didiglobal.thriftmock.test.source.ByeService.sayBye_result)	CtMethodImpl	public
com.didiglobal.thriftmock.test.source.HelloService.sayHello_args.REQUEST_FIELD_DESC	CtFieldReferenceImpl	private
com.didiglobal.thriftmock.server.MockResult._Fields.SUCCESS	CtEnumValueImpl	public
com.didiglobal.thriftmock.server.MockResult.isSetSuccess()	CtMethodImpl	public
com.didiglobal.thriftmock.test.source.HelloService$sayHello_result(com.didiglobal.thriftmock.test.source.Response)	CtConstructorImpl	public
com.didiglobal.thriftmock.server.junit.ThriftMockServer.setExpectReturn(java.lang.String,org.apache.thrift.TBase)	CtMethodImpl	public
com.didiglobal.thriftmock.test.source.ByeService$AsyncProcessor(I)	CtConstructorImpl	public
com.didiglobal.thriftmock.test.source.sayBye_result.isSetSuccess()	CtMethodImpl	public
com.didiglobal.thriftmock.test.source.ByeService.sayBye_result._Fields.byName	CtFieldReferenceImpl	private
com.didiglobal.thriftmock.test.source.ResponseStandardScheme.read(org.apache.thrift.protocol.TProtocol,com.didiglobal.thriftmock.test.source.Response)	CtMethodImpl	public
com.didiglobal.thriftmock.test.source.Client.send_sayBye(com.didiglobal.thriftmock.test.source.Request)	CtMethodImpl	public
com.didiglobal.thriftmock.server.MockResult(com.didiglobal.thriftmock.server.MockResult)	CtConstructorImpl	public
com.didiglobal.thriftmock.test.source.ByeService.Processor	CtClassImpl	public
com.didiglobal.thriftmock.test.source.ByeService.AsyncProcessor.sayBye	CtClassImpl	public
com.didiglobal.thriftmock.test.source.ByeService.sayBye_args.sayBye_argsStandardScheme	CtClassImpl	private
com.didiglobal.thriftmock.server.junit.AsyncThriftMockServer	CtClassImpl	public
com.didiglobal.thriftmock.test.source.HelloService.sayHello_args.schemes	CtFieldReferenceImpl	private
com.didiglobal.thriftmock.server.ServerConfig.getProcessMap()	CtMethodImpl	public
org.apache.thrift.async.TAsyncMethodCall.sequenceId	CtFieldReferenceImpl	private
com.didiglobal.thriftmock.server.AsyncProcessFunctionMock(java.lang.String,org.apache.thrift.TBase,int)	CtConstructorImpl	public
com.didiglobal.thriftmock.test.source.ByeService.AsyncProcessor	CtClassImpl	public
com.didiglobal.thriftmock.test.source.ByeService.sayBye_result.sayBye_resultStandardSchemeFactory	CtClassImpl	private
com.didiglobal.thriftmock.test.source.sayHello_resultTupleSchemeFactory.getScheme()	CtMethodImpl	public
com.didiglobal.thriftmock.test.source.ResponseStandardScheme.write(org.apache.thrift.protocol.TProtocol,com.didiglobal.thriftmock.test.source.Response)	CtMethodImpl	public
com.didiglobal.thriftmock.test.source.ByeService$sayBye_result(com.didiglobal.thriftmock.test.source.Response)	CtConstructorImpl	public
com.didiglobal.thriftmock.server._Fields.getThriftFieldId()	CtMethodImpl	public
com.didiglobal.thriftmock.test.source.Request._Fields.byName	CtFieldReferenceImpl	private
com.didiglobal.thriftmock.server.ServerConfig(int,org.apache.thrift.protocol.TProtocolFactory)	CtConstructorImpl	public
com.didiglobal.thriftmock.server.ServerConfig(int,org.apache.thrift.protocol.TProtocolFactory,int,int)	CtConstructorImpl	public
com.didiglobal.thriftmock.test.source.sayBye.start(I,com.didiglobal.thriftmock.test.source.ByeService.sayBye_args,org.apache.thrift.async.AsyncMethodCallback<com.didiglobal.thriftmock.test.source.Response>)	CtMethodImpl	public
com.didiglobal.thriftmock.server.AsyncServerConfig.settServerProtocolFactory(org.apache.thrift.protocol.TProtocolFactory)	CtMethodImpl	public
com.didiglobal.thriftmock.server.AsyncThriftMockServer.setExpectReturn(java.lang.String,org.apache.thrift.TBase)	CtMethodImpl	public
com.didiglobal.thriftmock.test.source.sayHello_result.clear()	CtMethodImpl	public
com.didiglobal.thriftmock.server.AsyncServerConfig.tProtocolFactory	CtFieldReferenceImpl	private
com.didiglobal.thriftmock.test.source.Response.CODE_FIELD_DESC	CtFieldReferenceImpl	private
com.didiglobal.thriftmock.server.MockResult._Fields.byName	CtFieldReferenceImpl	private
com.didiglobal.thriftmock.test.source.Response	CtClassImpl	public
com.didiglobal.thriftmock.test.source.HelloService.AsyncProcessor.sayHello.1	CtClassImpl	package-private
com.didiglobal.thriftmock.test.source.HelloService.sayHello_result.schemes	CtFieldReferenceImpl	private
com.didiglobal.thriftmock.test.source.Request$RequestTupleSchemeFactory()	CtConstructorImpl	private
com.didiglobal.thriftmock.test.source.sayBye_result.validate()	CtMethodImpl	public
com.didiglobal.thriftmock.test.source.Response.setResponseMsg(java.lang.String)	CtMethodImpl	public
com.didiglobal.thriftmock.test.source.HelloService.sayHello_args.STRUCT_DESC	CtFieldImpl	private
org.apache.thrift.async.TAsyncClient.___timeout	CtFieldReferenceImpl	private
com.didiglobal.thriftmock.test.source.sayBye_argsTupleScheme.read(org.apache.thrift.protocol.TProtocol,com.didiglobal.thriftmock.test.source.ByeService.sayBye_args)	CtMethodImpl	public
com.didiglobal.thriftmock.test.source.HelloService$AsyncClient$Factory(org.apache.thrift.async.TAsyncClientManager,org.apache.thrift.protocol.TProtocolFactory)	CtConstructorImpl	public
com.didiglobal.thriftmock.test.source.HelloService.sayHello_result.STRUCT_DESC	CtFieldReferenceImpl	private
com.didiglobal.thriftmock.test.source.ByeService.sayBye_args.STRUCT_DESC	CtFieldReferenceImpl	private
com.didiglobal.thriftmock.test.source.Request$RequestStandardSchemeFactory()	CtConstructorImpl	private
com.didiglobal.thriftmock.server.junit.ThriftMockServer.stop()	CtMethodImpl	public
com.didiglobal.thriftmock.test.source.sayBye_args.unsetRequest()	CtMethodImpl	public
com.didiglobal.thriftmock.test.source.Request$RequestStandardScheme()	CtConstructorImpl	private
com.didiglobal.thriftmock.server.ThriftMockServer.tServer	CtFieldReferenceImpl	private
com.didiglobal.thriftmock.server.ProcessFunctionMock.getEmptyArgsInstance()	CtMethodImpl	public
com.didiglobal.thriftmock.test.source.HelloService$sayHello_args(com.didiglobal.thriftmock.test.source.HelloService.sayHello_args)	CtConstructorImpl	public
com.didiglobal.thriftmock.test.source.ByeService()	CtConstructorImpl	public
com.didiglobal.thriftmock.server._Fields.findByThriftIdOrThrow(int)	CtMethodImpl	public
com.didiglobal.thriftmock.server.ThriftMockServer.stop()	CtMethodImpl	public
com.didiglobal.thriftmock.test.source.HelloService.sayHello_args._Fields._fieldName	CtFieldReferenceImpl	private
com.didiglobal.thriftmock.server.junit.ThriftMockServer.before()	CtMethodImpl	protected
com.didiglobal.thriftmock.test.source.Response.readObject(java.io.ObjectInputStream)	CtMethodImpl	private
org.apache.thrift.async.TAsyncMethodCall.callback	CtFieldReferenceImpl	private
com.didiglobal.thriftmock.test.source.ByeService$AsyncClient$sayBye_call(com.didiglobal.thriftmock.test.source.Request,org.apache.thrift.async.AsyncMethodCallback,org.apache.thrift.async.TAsyncClient,org.apache.thrift.protocol.TProtocolFactory,org.apache.thrift.transport.TNonblockingTransport)	CtConstructorImpl	public
com.didiglobal.thriftmock.test.source.Request.fieldForId(int)	CtMethodImpl	public
com.didiglobal.thriftmock.server._Fields.findByName(java.lang.String)	CtMethodImpl	public
org.apache.thrift.ProcessFunction.methodName	CtFieldReferenceImpl	private
org.apache.thrift.async.TAsyncMethodCall.transport	CtFieldReferenceImpl	protected
org.apache.thrift.async.TAsyncMethodCall.client	CtFieldReferenceImpl	protected
com.didiglobal.thriftmock.test.source.ByeService.sayBye_result.schemes	CtFieldImpl	private
com.didiglobal.thriftmock.test.source.Request.deepCopy()	CtMethodImpl	public
com.didiglobal.thriftmock.server.AsyncProcessFunctionMock.LOG	CtFieldReferenceImpl	private
com.didiglobal.thriftmock.test.source.ByeService.Processor.LOGGER	CtFieldImpl	private
com.didiglobal.thriftmock.server.AsyncThriftMockServer.stop()	CtMethodImpl	public
com.didiglobal.thriftmock.test.source.sayHello_result.getSuccess()	CtMethodImpl	public
com.didiglobal.thriftmock.test.source.HelloService.sayHello_result.sayHello_resultStandardScheme	CtClassImpl	private
com.didiglobal.thriftmock.test.source.Request._Fields.MSG	CtEnumValueImpl	public
com.didiglobal.thriftmock.test.source.Response.setCode(int)	CtMethodImpl	public
org.apache.thrift.async.TAsyncClient.___transport	CtFieldReferenceImpl	protected
com.didiglobal.thriftmock.test.source.Request._Fields.byName	CtFieldImpl	private
org.apache.thrift.AsyncProcessFunction.methodName	CtFieldReferenceImpl	package-private
com.didiglobal.thriftmock.test.source.sayHello_args.unsetRequest()	CtMethodImpl	public
com.didiglobal.thriftmock.test.source.Request.MSG_FIELD_DESC	CtFieldReferenceImpl	private
com.didiglobal.thriftmock.server.MockResult.MockResultStandardScheme.desc	CtFieldReferenceImpl	private
org.apache.thrift.async.TAsyncMethodCall.sizeBufferArray	CtFieldReferenceImpl	private
com.didiglobal.thriftmock.test.source.sayHello_args.setRequest(com.didiglobal.thriftmock.test.source.Request)	CtMethodImpl	public
