method	type	visibility
com.github.dikhan.pagerduty.client.events.domain.Builder.getSource()	CtMethodImpl	public
com.github.dikhan.pagerduty.client.events.domain.ImageContext.href	CtFieldReferenceImpl	private
com.github.dikhan.pagerduty.client.events.HttpApiServiceImpl.initUnirestWithProxy(java.lang.String,java.lang.Integer)	CtMethodImpl	private
com.github.dikhan.pagerduty.client.events.PagerDutyEventsClient	CtClassImpl	public
com.github.dikhan.pagerduty.client.events.utils.JsonUtils.getPropertyValue(com.mashape.unirest.http.HttpResponse<com.mashape.unirest.http.JsonNode>,java.lang.String)	CtMethodImpl	public
com.github.dikhan.pagerduty.client.events.domain.ChangeEvent.routingKey	CtFieldReferenceImpl	private
com.github.dikhan.pagerduty.client.events.domain.Incident.toString()	CtMethodImpl	public
com.github.dikhan.pagerduty.client.events.domain.EventResult.errors	CtFieldReferenceImpl	private
com.github.dikhan.pagerduty.client.events.PagerDutyEventsClient.resolve(com.github.dikhan.pagerduty.client.events.domain.ResolveIncident)	CtMethodImpl	public
com.github.dikhan.pagerduty.client.events.domain.ChangeEventPayload.Builder.customDetails	CtFieldReferenceImpl	private
com.github.dikhan.pagerduty.client.events.PagerDutyEventsClient(com.github.dikhan.pagerduty.client.events.PagerDutyEventsClient.PagerDutyClientBuilder)	CtConstructorImpl	protected
com.github.dikhan.pagerduty.client.events.domain.ChangeEvent.getRoutingKey()	CtMethodImpl	public
com.github.dikhan.pagerduty.client.events.domain.EventAction	CtEnumImpl	public
com.github.dikhan.pagerduty.client.events.domain.ChangeEvent.toString()	CtMethodImpl	public
com.github.dikhan.pagerduty.client.events.utils.FakePagerDutyEventsClient.resolve(com.github.dikhan.pagerduty.client.events.domain.ResolveIncident)	CtMethodImpl	public
com.github.dikhan.pagerduty.client.events.ApiServiceFactory(java.lang.String,java.lang.String)	CtConstructorImpl	public
com.github.dikhan.pagerduty.client.events.domain.ImageContext.getSrc()	CtMethodImpl	public
com.github.dikhan.pagerduty.client.events.domain.Payload.timestamp	CtFieldReferenceImpl	private
com.github.dikhan.pagerduty.client.events.domain.Incident.IncidentBuilder.images	CtFieldReferenceImpl	private
com.github.dikhan.pagerduty.client.events.domain.TriggerIncidentBuilder.setClient(java.lang.String)	CtMethodImpl	public
com.github.dikhan.pagerduty.client.events.ApiServiceFactory.changeEventApi	CtFieldReferenceImpl	private
com.github.dikhan.pagerduty.client.events.domain.AcknowledgeIncident	CtClassImpl	public
com.github.dikhan.pagerduty.client.events.ApiServiceFactory(java.lang.String,java.lang.String,java.lang.String,java.lang.Integer,java.lang.Boolean)	CtConstructorImpl	public
com.github.dikhan.pagerduty.client.events.domain.Incident.getEventAction()	CtMethodImpl	public
com.github.dikhan.pagerduty.client.events.utils.FakePagerDutyEventsClient.acknowledgedIncidents()	CtMethodImpl	public
com.github.dikhan.pagerduty.client.events.domain.TriggerIncident.TriggerIncidentBuilder.clientUrl	CtFieldReferenceImpl	private
com.github.dikhan.pagerduty.client.events.PagerDutyClientBuilder.build()	CtMethodImpl	public
com.github.dikhan.pagerduty.client.events.domain.ResolveIncident$ResolveIncidentBuilder(java.lang.String,java.lang.String)	CtConstructorImpl	private
com.fasterxml.jackson.databind.ser.std.StdSerializer.KEY_CONTENT_CONVERTER_LOCK	CtFieldReferenceImpl	private
com.github.dikhan.pagerduty.client.events.JacksonObjectMapper()	CtConstructorImpl	public
com.github.dikhan.pagerduty.client.events.domain.LinkContext(java.lang.String,java.lang.String)	CtConstructorImpl	public
com.github.dikhan.pagerduty.client.events.JacksonObjectMapper	CtClassImpl	public
com.github.dikhan.pagerduty.client.events.domain.ImageContext.toString()	CtMethodImpl	public
com.github.dikhan.pagerduty.client.events.ApiServiceFactory.doRetries	CtFieldReferenceImpl	private
com.github.dikhan.pagerduty.client.events.PagerDutyEventsClient.create(java.lang.String,java.lang.String,boolean)	CtMethodImpl	public
com.github.dikhan.pagerduty.client.events.domain.ChangeEventPayload.equals(java.lang.Object)	CtMethodImpl	public
com.github.dikhan.pagerduty.client.events.utils.FakePagerDutyEventsClient.openIncidents()	CtMethodImpl	public
com.github.dikhan.pagerduty.client.events.domain.ChangeEventPayload.getTimestamp()	CtMethodImpl	public
com.github.dikhan.pagerduty.client.events.domain.Incident.getLinks()	CtMethodImpl	public
com.github.dikhan.pagerduty.client.events.domain.TriggerIncident$TriggerIncidentBuilder(java.lang.String,com.github.dikhan.pagerduty.client.events.domain.Payload)	CtConstructorImpl	private
com.github.dikhan.pagerduty.client.events.utils.FakePagerDutyEventsClient.createEventResult(com.github.dikhan.pagerduty.client.events.domain.Incident)	CtMethodImpl	private
com.github.dikhan.pagerduty.client.events.PagerDutyClientBuilder.withChangeEventApi(java.lang.String)	CtMethodImpl	public
com.github.dikhan.pagerduty.client.events.PagerDutyEventsClient.trackChange(com.github.dikhan.pagerduty.client.events.domain.ChangeEvent)	CtMethodImpl	public
com.github.dikhan.pagerduty.client.events.domain.ChangeEventBuilder.getRoutingKey()	CtMethodImpl	public
com.github.dikhan.pagerduty.client.events.domain.Payload.Builder.source	CtFieldReferenceImpl	private
com.github.dikhan.pagerduty.client.events.domain.ChangeEventBuilder.build()	CtMethodImpl	public
com.github.dikhan.pagerduty.client.events.domain.ChangeEventPayload.getCustomDetails()	CtMethodImpl	public
com.github.dikhan.pagerduty.client.events.domain.ChangeEventPayload.toString()	CtMethodImpl	public
com.github.dikhan.pagerduty.client.events.domain.AcknowledgeIncident(com.github.dikhan.pagerduty.client.events.domain.Incident.IncidentBuilder)	CtConstructorImpl	private
com.github.dikhan.pagerduty.client.events.domain.ChangeEvent.getLinks()	CtMethodImpl	public
com.github.dikhan.pagerduty.client.events.domain.EventResult.hashCode()	CtMethodImpl	public
com.github.dikhan.pagerduty.client.events.domain.Payload.getEventClass()	CtMethodImpl	public
com.github.dikhan.utils.JSONObjectSerializer	CtClassImpl	public
com.github.dikhan.pagerduty.client.events.domain.LinkContext.toString()	CtMethodImpl	public
com.github.dikhan.pagerduty.client.events.domain.ChangeEventBuilder.newBuilder(java.lang.String,com.github.dikhan.pagerduty.client.events.domain.ChangeEventPayload)	CtMethodImpl	public
com.github.dikhan.pagerduty.client.events.domain.ChangeEventPayload.getSummary()	CtMethodImpl	public
com.github.dikhan.pagerduty.client.events.domain.ImageContext	CtClassImpl	public
com.github.dikhan.pagerduty.client.events.PagerDutyEventsClient.sendEvent(com.github.dikhan.pagerduty.client.events.domain.ChangeEvent)	CtMethodImpl	private
com.github.dikhan.pagerduty.client.events.domain.Payload.eventClass	CtFieldReferenceImpl	private
com.github.dikhan.pagerduty.client.events.domain.TriggerIncidentBuilder.build()	CtMethodImpl	public
com.github.dikhan.pagerduty.client.events.domain.ChangeEvent.equals(java.lang.Object)	CtMethodImpl	public
com.github.dikhan.pagerduty.client.events.domain.Builder.setEventClass(java.lang.String)	CtMethodImpl	public
com.github.dikhan.pagerduty.client.events.ApiServiceFactory.proxyPort	CtFieldReferenceImpl	private
com.github.dikhan.pagerduty.client.events.domain.EventResult.EventResultBuilder	CtClassImpl	private
com.github.dikhan.pagerduty.client.events.domain.ChangeEvent.payload	CtFieldReferenceImpl	private
com.github.dikhan.pagerduty.client.events.PagerDutyEventsClient.log	CtFieldReferenceImpl	private
com.github.dikhan.pagerduty.client.events.domain.ChangeEvent.ChangeEventBuilder.links	CtFieldReferenceImpl	private
com.github.dikhan.pagerduty.client.events.domain.Payload	CtClassImpl	public
com.github.dikhan.pagerduty.client.events.domain.Incident.getDedupKey()	CtMethodImpl	public
com.github.dikhan.pagerduty.client.events.domain.LinkContext.getText()	CtMethodImpl	public
com.github.dikhan.pagerduty.client.events.domain.Severity.severity	CtFieldReferenceImpl	private
com.github.dikhan.pagerduty.client.events.domain.EventResult.status	CtFieldReferenceImpl	private
com.github.dikhan.pagerduty.client.events.HttpApiServiceImpl.RATE_LIMIT_STATUS_CODE	CtFieldReferenceImpl	private
com.github.dikhan.pagerduty.client.events.domain.ChangeEventBuilder.getLinks()	CtMethodImpl	public
com.github.dikhan.pagerduty.client.events.domain.Builder.getCustomDetails()	CtMethodImpl	public
com.github.dikhan.pagerduty.client.events.PagerDutyEventsClient.create(java.lang.String,java.lang.Integer)	CtMethodImpl	public
com.github.dikhan.pagerduty.client.events.PagerDutyEventsClient.PagerDutyClientBuilder.proxyHost	CtFieldReferenceImpl	private
com.github.dikhan.pagerduty.client.events.domain.TriggerIncident.TriggerIncidentBuilder.client	CtFieldReferenceImpl	private
com.github.dikhan.pagerduty.client.events.utils.FakePagerDutyEventsClient.resolvedIncidents	CtFieldReferenceImpl	private
com.github.dikhan.pagerduty.client.events.domain.ChangeEvent.ChangeEventBuilder.routingKey	CtFieldReferenceImpl	private
com.github.dikhan.pagerduty.client.events.domain.Incident.IncidentBuilder.eventAction	CtFieldReferenceImpl	private
com.github.dikhan.pagerduty.client.events.domain.EventResult.getMessage()	CtMethodImpl	public
com.github.dikhan.pagerduty.client.events.PagerDutyEventsClient.create(java.lang.String,java.lang.Integer,boolean)	CtMethodImpl	public
com.github.dikhan.pagerduty.client.events.domain.Payload.getTimestamp()	CtMethodImpl	public
com.github.dikhan.pagerduty.client.events.domain.Incident.getImages()	CtMethodImpl	public
com.github.dikhan.pagerduty.client.events.domain.TriggerIncidentBuilder.getClientUrl()	CtMethodImpl	public
com.github.dikhan.pagerduty.client.events.domain.ChangeEvent.links	CtFieldReferenceImpl	private
com.github.dikhan.pagerduty.client.events.domain.ChangeEventPayload(com.github.dikhan.pagerduty.client.events.domain.ChangeEventPayload.Builder)	CtConstructorImpl	private
com.github.dikhan.pagerduty.client.events.domain.EventResult.dedupKey	CtFieldReferenceImpl	private
com.github.dikhan.pagerduty.client.events.domain.ChangeEvent$ChangeEventBuilder(java.lang.String)	CtConstructorImpl	protected
com.github.dikhan.pagerduty.client.events.domain.Incident	CtClassImpl	public
com.github.dikhan.pagerduty.client.events.PagerDutyEventsClient.trigger(com.github.dikhan.pagerduty.client.events.domain.TriggerIncident)	CtMethodImpl	public
com.github.dikhan.pagerduty.client.events.utils.JsonUtils	CtClassImpl	public
com.github.dikhan.pagerduty.client.events.ApiServiceFactory.eventApi	CtFieldReferenceImpl	private
com.github.dikhan.pagerduty.client.events.domain.EventResult$EventResultBuilder(java.lang.String,java.lang.String)	CtConstructorImpl	public
com.github.dikhan.pagerduty.client.events.utils.FakePagerDutyEventsClient.openIncidents	CtFieldReferenceImpl	private
com.github.dikhan.pagerduty.client.events.HttpApiServiceImpl.initUnirest()	CtMethodImpl	private
com.github.dikhan.pagerduty.client.events.PagerDutyEventsClient.PagerDutyClientBuilder.doRetries	CtFieldReferenceImpl	private
com.github.dikhan.pagerduty.client.events.domain.ImageContext.setAlt(java.lang.String)	CtMethodImpl	public
com.github.dikhan.pagerduty.client.events.HttpApiServiceImpl.RETRY_WAIT_TIME_MILLISECONDS	CtFieldReferenceImpl	private
com.github.dikhan.pagerduty.client.events.domain.ChangeEvent	CtClassImpl	public
com.github.dikhan.pagerduty.client.events.PagerDutyEventsClient.PagerDutyClientBuilder.proxyPort	CtFieldReferenceImpl	private
com.github.dikhan.pagerduty.client.events.PagerDutyEventsClient.PagerDutyClientBuilder.PAGER_DUTY_EVENT_API	CtFieldImpl	private
com.github.dikhan.pagerduty.client.events.domain.ImageContext.getHref()	CtMethodImpl	public
com.github.dikhan.pagerduty.client.events.domain.EventResultBuilder.getStatus()	CtMethodImpl	public
com.github.dikhan.pagerduty.client.events.domain.ChangeEventPayload.customDetails	CtFieldReferenceImpl	private
com.github.dikhan.pagerduty.client.events.domain.Severity.getSeverity()	CtMethodImpl	public
com.github.dikhan.pagerduty.client.events.domain.ResolveIncident(com.github.dikhan.pagerduty.client.events.domain.Incident.IncidentBuilder)	CtConstructorImpl	private
com.github.dikhan.pagerduty.client.events.domain.TriggerIncidentBuilder.getClient()	CtMethodImpl	public
com.github.dikhan.pagerduty.client.events.PagerDutyEventsClient.PagerDutyClientBuilder.changeEventApi	CtFieldReferenceImpl	private
com.github.dikhan.pagerduty.client.events.domain.EventResult.EventResultBuilder.dedupKey	CtFieldReferenceImpl	private
com.github.dikhan.pagerduty.client.events.domain.LinkContext.text	CtFieldReferenceImpl	private
com.github.dikhan.pagerduty.client.events.domain.Builder.setComponent(java.lang.String)	CtMethodImpl	public
com.github.dikhan.pagerduty.client.events.domain.Severity(java.lang.String)	CtConstructorImpl	private
com.github.dikhan.pagerduty.client.events.HttpApiServiceImpl(java.lang.String,java.lang.String,java.lang.String,java.lang.Integer,boolean)	CtConstructorImpl	public
com.github.dikhan.pagerduty.client.events.utils.FakePagerDutyEventsClient.create()	CtMethodImpl	public
com.github.dikhan.pagerduty.client.events.domain.Severity	CtEnumImpl	public
com.github.dikhan.pagerduty.client.events.HttpApiServiceImpl.doRetries	CtFieldReferenceImpl	private
com.github.dikhan.pagerduty.client.events.HttpApiServiceImpl.changeEventApi	CtFieldReferenceImpl	private
com.github.dikhan.pagerduty.client.events.domain.LinkContext.href	CtFieldReferenceImpl	private
com.github.dikhan.pagerduty.client.events.domain.Builder.getEventClass()	CtMethodImpl	public
com.github.dikhan.pagerduty.client.events.domain.EventResultBuilder.getDedupKey()	CtMethodImpl	public
com.github.dikhan.pagerduty.client.events.HttpApiServiceImpl.handleRetries(com.github.dikhan.pagerduty.client.events.domain.PagerDutyEvent,java.lang.String,int,com.mashape.unirest.http.HttpResponse<com.mashape.unirest.http.JsonNode>,int)	CtMethodImpl	private
com.github.dikhan.pagerduty.client.events.domain.Payload(com.github.dikhan.pagerduty.client.events.domain.Payload.Builder)	CtConstructorImpl	private
com.github.dikhan.pagerduty.client.events.domain.Builder.getComponent()	CtMethodImpl	public
com.github.dikhan.pagerduty.client.events.domain.Payload$Builder()	CtConstructorImpl	private
com.github.dikhan.pagerduty.client.events.domain.Builder.build()	CtMethodImpl	public
com.github.dikhan.pagerduty.client.events.HttpApiServiceImpl	CtClassImpl	public
com.github.dikhan.pagerduty.client.events.HttpApiServiceImpl.notifyEvent(com.github.dikhan.pagerduty.client.events.domain.PagerDutyEvent)	CtMethodImpl	public
com.github.dikhan.pagerduty.client.events.domain.AcknowledgeIncident.AcknowledgeIncidentBuilder	CtClassImpl	public
com.github.dikhan.pagerduty.client.events.domain.Incident.links	CtFieldReferenceImpl	private
com.github.dikhan.pagerduty.client.events.domain.Builder.getGroup()	CtMethodImpl	public
com.github.dikhan.pagerduty.client.events.domain.ResolveIncident	CtClassImpl	public
com.github.dikhan.pagerduty.client.events.domain.ChangeEventPayload.source	CtFieldReferenceImpl	private
com.github.dikhan.pagerduty.client.events.PagerDutyEventsClient.acknowledge(com.github.dikhan.pagerduty.client.events.domain.AcknowledgeIncident)	CtMethodImpl	public
com.github.dikhan.pagerduty.client.events.domain.Payload.severity	CtFieldReferenceImpl	private
com.github.dikhan.pagerduty.client.events.domain.ImageContext.getAlt()	CtMethodImpl	public
com.github.dikhan.pagerduty.client.events.domain.Builder.getSummary()	CtMethodImpl	public
com.github.dikhan.pagerduty.client.events.domain.EventResult.getErrors()	CtMethodImpl	public
com.github.dikhan.pagerduty.client.events.domain.ResolveIncidentBuilder.newBuilder(java.lang.String,java.lang.String)	CtMethodImpl	public
com.github.dikhan.pagerduty.client.events.domain.Builder.setSeverity(com.github.dikhan.pagerduty.client.events.domain.Severity)	CtMethodImpl	public
com.github.dikhan.pagerduty.client.events.domain.Builder.setCustomDetails(org.json.JSONObject)	CtMethodImpl	public
com.github.dikhan.pagerduty.client.events.domain.Incident(com.github.dikhan.pagerduty.client.events.domain.Incident.IncidentBuilder)	CtConstructorImpl	protected
com.github.dikhan.pagerduty.client.events.domain.ImageContext(java.lang.String)	CtConstructorImpl	public
com.github.dikhan.pagerduty.client.events.PagerDutyEventsClient.PagerDutyClientBuilder.eventApi	CtFieldReferenceImpl	private
com.github.dikhan.pagerduty.client.events.domain.IncidentBuilder.getRoutingKey()	CtMethodImpl	public
com.github.dikhan.pagerduty.client.events.domain.Incident.IncidentBuilder.payload	CtFieldReferenceImpl	private
com.github.dikhan.utils.JSONObjectSerializer()	CtConstructorImpl	public
com.github.dikhan.pagerduty.client.events.domain.Severity.toString()	CtMethodImpl	public
com.github.dikhan.pagerduty.client.events.domain.ResolveIncidentBuilder.build()	CtMethodImpl	public
com.github.dikhan.pagerduty.client.events.PagerDutyClientBuilder.getProxyHost()	CtMethodImpl	public
com.github.dikhan.pagerduty.client.events.domain.ChangeEventBuilder.getPayload()	CtMethodImpl	public
com.github.dikhan.pagerduty.client.events.JacksonObjectMapper.jacksonObjectMapper	CtFieldReferenceImpl	private
com.github.dikhan.pagerduty.client.events.domain.Payload.equals(java.lang.Object)	CtMethodImpl	public
com.github.dikhan.pagerduty.client.events.domain.TriggerIncident.client	CtFieldReferenceImpl	private
com.github.dikhan.pagerduty.client.events.domain.EventAction.eventAction	CtFieldReferenceImpl	private
com.github.dikhan.pagerduty.client.events.domain.Payload.Builder.timestamp	CtFieldReferenceImpl	private
com.github.dikhan.pagerduty.client.events.domain.TriggerIncident.TriggerIncidentBuilder	CtClassImpl	public
com.github.dikhan.pagerduty.client.events.domain.EventAction.toString()	CtMethodImpl	public
com.github.dikhan.pagerduty.client.events.domain.EventResult.getDedupKey()	CtMethodImpl	public
com.github.dikhan.pagerduty.client.events.domain.Incident.getPayload()	CtMethodImpl	public
com.github.dikhan.pagerduty.client.events.domain.EventResult.EventResultBuilder.message	CtFieldReferenceImpl	private
com.github.dikhan.pagerduty.client.events.domain.EventResult.successEvent(java.lang.String,java.lang.String,java.lang.String)	CtMethodImpl	public
com.github.dikhan.pagerduty.client.events.domain.ImageContext.setHref(java.lang.String)	CtMethodImpl	public
com.github.dikhan.pagerduty.client.events.domain.TriggerIncidentBuilder.setClientUrl(java.lang.String)	CtMethodImpl	public
com.github.dikhan.pagerduty.client.events.domain.IncidentBuilder.setLinks(java.util.List<com.github.dikhan.pagerduty.client.events.domain.LinkContext>)	CtMethodImpl	public
com.github.dikhan.pagerduty.client.events.PagerDutyClientBuilder.withDoRetries(boolean)	CtMethodImpl	public
com.github.dikhan.pagerduty.client.events.domain.Incident$IncidentBuilder(java.lang.String,com.github.dikhan.pagerduty.client.events.domain.EventAction)	CtConstructorImpl	protected
com.github.dikhan.pagerduty.client.events.domain.EventResultBuilder.getMessage()	CtMethodImpl	public
com.github.dikhan.pagerduty.client.events.domain.Payload.getGroup()	CtMethodImpl	public
com.github.dikhan.pagerduty.client.events.domain.TriggerIncident(com.github.dikhan.pagerduty.client.events.domain.TriggerIncident.TriggerIncidentBuilder)	CtConstructorImpl	private
com.github.dikhan.pagerduty.client.events.PagerDutyEventsClient.create(java.lang.String)	CtMethodImpl	public
com.github.dikhan.pagerduty.client.events.domain.EventResult	CtClassImpl	public
com.github.dikhan.pagerduty.client.events.domain.Payload.Builder.group	CtFieldReferenceImpl	private
com.github.dikhan.pagerduty.client.events.PagerDutyClientBuilder.withProxyHost(java.lang.String)	CtMethodImpl	public
com.github.dikhan.pagerduty.client.events.domain.Incident.IncidentBuilder	CtClassImpl	protected
com.github.dikhan.pagerduty.client.events.PagerDutyEventsClient.httpApiServiceImpl	CtFieldReferenceImpl	private
com.github.dikhan.pagerduty.client.events.domain.ChangeEventPayload.getSource()	CtMethodImpl	public
com.github.dikhan.pagerduty.client.events.domain.ChangeEventPayload.Builder.summary	CtFieldReferenceImpl	private
com.github.dikhan.pagerduty.client.events.domain.Builder.getSeverity()	CtMethodImpl	public
com.github.dikhan.pagerduty.client.events.ApiServiceFactory.getDefault()	CtMethodImpl	public
com.github.dikhan.pagerduty.client.events.PagerDutyClientBuilder.getProxyPort()	CtMethodImpl	public
com.github.dikhan.pagerduty.client.events.HttpApiServiceImpl.hashCode()	CtMethodImpl	public
com.github.dikhan.pagerduty.client.events.domain.Incident.IncidentBuilder.dedupKey	CtFieldReferenceImpl	private
com.github.dikhan.pagerduty.client.events.domain.TriggerIncident	CtClassImpl	public
com.github.dikhan.pagerduty.client.events.HttpApiServiceImpl.equals(java.lang.Object)	CtMethodImpl	public
com.github.dikhan.pagerduty.client.events.domain.LinkContext	CtClassImpl	public
com.github.dikhan.pagerduty.client.events.domain.Payload.source	CtFieldReferenceImpl	private
com.github.dikhan.pagerduty.client.events.exceptions.NotifyEventException(java.lang.String)	CtConstructorImpl	public
com.github.dikhan.pagerduty.client.events.domain.ChangeEventPayload	CtClassImpl	public
com.github.dikhan.pagerduty.client.events.domain.IncidentBuilder.getPayload()	CtMethodImpl	public
com.github.dikhan.pagerduty.client.events.JacksonObjectMapper.readValue(java.lang.String,java.lang.Class<T>)	CtMethodImpl	public
com.github.dikhan.pagerduty.client.events.domain.Payload.Builder.eventClass	CtFieldReferenceImpl	private
com.github.dikhan.pagerduty.client.events.domain.Builder.getTimestamp()	CtMethodImpl	public
com.github.dikhan.pagerduty.client.events.domain.Payload.hashCode()	CtMethodImpl	public
com.github.dikhan.utils.JSONObjectSerializer(java.lang.Class<org.json.JSONObject>)	CtConstructorImpl	public
com.github.dikhan.pagerduty.client.events.domain.AcknowledgeIncidentBuilder.newBuilder(java.lang.String,java.lang.String)	CtMethodImpl	public
com.github.dikhan.pagerduty.client.events.domain.Builder.setGroup(java.lang.String)	CtMethodImpl	public
com.github.dikhan.pagerduty.client.events.exceptions.NotifyEventException	CtClassImpl	public
com.github.dikhan.pagerduty.client.events.domain.EventResult(com.github.dikhan.pagerduty.client.events.domain.EventResult.EventResultBuilder)	CtConstructorImpl	private
com.github.dikhan.pagerduty.client.events.HttpApiServiceImpl.notifyEvent(com.github.dikhan.pagerduty.client.events.domain.PagerDutyEvent,java.lang.String,int)	CtMethodImpl	private
com.github.dikhan.pagerduty.client.events.utils.FakePagerDutyEventsClient.resolvedIncidents()	CtMethodImpl	public
com.github.dikhan.pagerduty.client.events.domain.IncidentBuilder.getLinks()	CtMethodImpl	public
com.github.dikhan.pagerduty.client.events.domain.ChangeEvent$ChangeEventBuilder(java.lang.String,com.github.dikhan.pagerduty.client.events.domain.ChangeEventPayload)	CtConstructorImpl	private
com.github.dikhan.pagerduty.client.events.domain.Payload.getCustomDetails()	CtMethodImpl	public
com.github.dikhan.pagerduty.client.events.domain.Incident.payload	CtFieldReferenceImpl	private
com.github.dikhan.pagerduty.client.events.PagerDutyEventsClient.create(java.lang.String,boolean)	CtMethodImpl	public
com.github.dikhan.utils.JSONObjectSerializer.serialize(org.json.JSONObject,com.fasterxml.jackson.core.JsonGenerator,com.fasterxml.jackson.databind.SerializerProvider)	CtMethodImpl	public
com.github.dikhan.pagerduty.client.events.domain.ChangeEventPayload.Builder	CtClassImpl	public
com.github.dikhan.pagerduty.client.events.utils.FakePagerDutyEventsClient(com.github.dikhan.pagerduty.client.events.PagerDutyEventsClient.PagerDutyClientBuilder)	CtConstructorImpl	private
com.github.dikhan.pagerduty.client.events.domain.Incident.eventAction	CtFieldReferenceImpl	private
com.github.dikhan.pagerduty.client.events.domain.Incident.hashCode()	CtMethodImpl	public
com.github.dikhan.pagerduty.client.events.domain.Builder.setSummary(java.lang.String)	CtMethodImpl	public
com.github.dikhan.pagerduty.client.events.domain.ImageContext.src	CtFieldReferenceImpl	private
com.github.dikhan.pagerduty.client.events.utils.JsonUtils.getArrayValue(com.mashape.unirest.http.HttpResponse<com.mashape.unirest.http.JsonNode>,java.lang.String)	CtMethodImpl	public
com.github.dikhan.pagerduty.client.events.domain.ChangeEventBuilder.setLinks(java.util.List<com.github.dikhan.pagerduty.client.events.domain.LinkContext>)	CtMethodImpl	public
com.github.dikhan.pagerduty.client.events.domain.Payload.getSummary()	CtMethodImpl	public
com.github.dikhan.pagerduty.client.events.domain.Builder.createEmpty()	CtMethodImpl	public
com.github.dikhan.pagerduty.client.events.utils.FakePagerDutyEventsClient.updateTriggerIncidentWithKey(com.github.dikhan.pagerduty.client.events.domain.TriggerIncident,java.lang.String)	CtMethodImpl	private
com.github.dikhan.pagerduty.client.events.domain.ChangeEvent.ChangeEventBuilder	CtClassImpl	public
com.github.dikhan.pagerduty.client.events.PagerDutyEventsClient.PagerDutyClientBuilder.PAGER_DUTY_CHANGE_EVENT_API	CtFieldReferenceImpl	private
com.github.dikhan.pagerduty.client.events.domain.LinkContext.getHref()	CtMethodImpl	public
com.github.dikhan.pagerduty.client.events.domain.IncidentBuilder.getEventAction()	CtMethodImpl	public
com.github.dikhan.pagerduty.client.events.JacksonObjectMapper.writeValue(java.lang.Object)	CtMethodImpl	public
com.github.dikhan.pagerduty.client.events.domain.EventResult.equals(java.lang.Object)	CtMethodImpl	public
com.github.dikhan.pagerduty.client.events.domain.ChangeEvent(com.github.dikhan.pagerduty.client.events.domain.ChangeEvent.ChangeEventBuilder)	CtConstructorImpl	protected
com.github.dikhan.pagerduty.client.events.domain.Payload.Builder	CtClassImpl	public
com.github.dikhan.pagerduty.client.events.domain.Builder.setTimestamp(java.time.OffsetDateTime)	CtMethodImpl	public
com.github.dikhan.pagerduty.client.events.utils.FakePagerDutyEventsClient.dedupKeysResolved()	CtMethodImpl	public
com.fasterxml.jackson.databind.ser.std.StdSerializer.serialVersionUID	CtFieldReferenceImpl	private
com.github.dikhan.pagerduty.client.events.domain.ChangeEventPayload$Builder()	CtConstructorImpl	private
com.github.dikhan.pagerduty.client.events.domain.Incident.getRoutingKey()	CtMethodImpl	public
com.github.dikhan.pagerduty.client.events.HttpApiServiceImpl(java.lang.String,java.lang.String,boolean)	CtConstructorImpl	public
com.github.dikhan.pagerduty.client.events.domain.Payload.customDetails	CtFieldReferenceImpl	private
com.github.dikhan.pagerduty.client.events.domain.Incident.IncidentBuilder.BLANK_FIELD	CtFieldReferenceImpl	protected
com.github.dikhan.pagerduty.client.events.domain.Payload.getSeverity()	CtMethodImpl	public
com.github.dikhan.pagerduty.client.events.domain.EventResult.toString()	CtMethodImpl	public
com.github.dikhan.pagerduty.client.events.domain.Payload.Builder.summary	CtFieldReferenceImpl	private
com.github.dikhan.pagerduty.client.events.PagerDutyEventsClient.sendEvent(com.github.dikhan.pagerduty.client.events.domain.Incident)	CtMethodImpl	private
com.github.dikhan.pagerduty.client.events.domain.Incident.IncidentBuilder.BLANK_FIELD	CtFieldImpl	protected
com.github.dikhan.pagerduty.client.events.PagerDutyClientBuilder.getEventApi()	CtMethodImpl	public
com.github.dikhan.pagerduty.client.events.domain.ChangeEvent.getPayload()	CtMethodImpl	public
com.github.dikhan.pagerduty.client.events.ApiServiceFactory.proxyHost	CtFieldReferenceImpl	private
com.github.dikhan.pagerduty.client.events.PagerDutyEventsClient.create(java.lang.String,java.lang.String)	CtMethodImpl	public
com.github.dikhan.pagerduty.client.events.domain.IncidentBuilder.setImages(java.util.List<com.github.dikhan.pagerduty.client.events.domain.ImageContext>)	CtMethodImpl	public
com.github.dikhan.pagerduty.client.events.domain.TriggerIncidentBuilder.newBuilder(java.lang.String,com.github.dikhan.pagerduty.client.events.domain.Payload)	CtMethodImpl	public
com.github.dikhan.pagerduty.client.events.domain.ChangeEventBuilder.setPayload(com.github.dikhan.pagerduty.client.events.domain.ChangeEventPayload)	CtMethodImpl	public
com.github.dikhan.pagerduty.client.events.domain.IncidentBuilder.getImages()	CtMethodImpl	public
com.github.dikhan.pagerduty.client.events.domain.TriggerIncident.getClientUrl()	CtMethodImpl	public
com.github.dikhan.pagerduty.client.events.domain.Payload.Builder.customDetails	CtFieldReferenceImpl	private
com.github.dikhan.pagerduty.client.events.utils.FakePagerDutyEventsClient.trigger(com.github.dikhan.pagerduty.client.events.domain.TriggerIncident)	CtMethodImpl	public
com.github.dikhan.pagerduty.client.events.domain.ImageContext.alt	CtFieldReferenceImpl	private
com.github.dikhan.pagerduty.client.events.domain.IncidentBuilder.setDedupKey(java.lang.String)	CtMethodImpl	public
com.github.dikhan.pagerduty.client.events.utils.JsonUtils()	CtConstructorImpl	public
com.github.dikhan.pagerduty.client.events.domain.Payload.group	CtFieldReferenceImpl	private
com.github.dikhan.pagerduty.client.events.PagerDutyEventsClient.main(java.lang.String[])	CtMethodImpl	public
com.github.dikhan.pagerduty.client.events.HttpApiServiceImpl.log	CtFieldReferenceImpl	private
com.github.dikhan.pagerduty.client.events.domain.Incident.images	CtFieldReferenceImpl	private
com.github.dikhan.pagerduty.client.events.domain.ChangeEventPayload.summary	CtFieldReferenceImpl	private
com.github.dikhan.pagerduty.client.events.domain.TriggerIncident.getClient()	CtMethodImpl	public
com.github.dikhan.pagerduty.client.events.PagerDutyClientBuilder.getDoRetries()	CtMethodImpl	public
com.github.dikhan.pagerduty.client.events.domain.Payload.Builder.component	CtFieldReferenceImpl	private
com.github.dikhan.pagerduty.client.events.utils.FakePagerDutyEventsClient	CtClassImpl	public
com.github.dikhan.pagerduty.client.events.PagerDutyEventsClient.create()	CtMethodImpl	public
com.github.dikhan.pagerduty.client.events.domain.EventResult.EventResultBuilder.status	CtFieldReferenceImpl	private
com.github.dikhan.pagerduty.client.events.domain.ChangeEventPayload.Builder.timestamp	CtFieldReferenceImpl	private
com.github.dikhan.pagerduty.client.events.domain.Builder.setSource(java.lang.String)	CtMethodImpl	public
com.github.dikhan.pagerduty.client.events.domain.EventResultBuilder.build()	CtMethodImpl	public
com.github.dikhan.pagerduty.client.events.domain.EventResultBuilder.error(java.lang.String)	CtMethodImpl	public
com.github.dikhan.pagerduty.client.events.domain.Builder.newBuilder()	CtMethodImpl	public
com.github.dikhan.pagerduty.client.events.domain.EventAction(java.lang.String)	CtConstructorImpl	private
com.github.dikhan.pagerduty.client.events.domain.EventAction.getEventType()	CtMethodImpl	public
com.github.dikhan.pagerduty.client.events.domain.EventResult.EventResultBuilder.errors	CtFieldReferenceImpl	private
com.github.dikhan.pagerduty.client.events.domain.Payload.summary	CtFieldReferenceImpl	private
com.fasterxml.jackson.databind.ser.std.StdSerializer._handledType	CtFieldReferenceImpl	protected
com.github.dikhan.pagerduty.client.events.domain.Incident.IncidentBuilder.routingKey	CtFieldReferenceImpl	private
com.github.dikhan.pagerduty.client.events.PagerDutyEventsClient.PagerDutyClientBuilder	CtClassImpl	protected
com.github.dikhan.pagerduty.client.events.domain.EventResult.getStatus()	CtMethodImpl	public
com.github.dikhan.pagerduty.client.events.domain.ChangeEventPayload.Builder.source	CtFieldReferenceImpl	private
com.github.dikhan.pagerduty.client.events.exceptions.NotifyEventException(java.lang.Throwable)	CtConstructorImpl	public
com.github.dikhan.pagerduty.client.events.domain.IncidentBuilder.getDedupKey()	CtMethodImpl	public
com.github.dikhan.pagerduty.client.events.domain.Payload.toString()	CtMethodImpl	public
com.github.dikhan.pagerduty.client.events.domain.TriggerIncident.clientUrl	CtFieldReferenceImpl	private
com.github.dikhan.pagerduty.client.events.domain.Incident.routingKey	CtFieldReferenceImpl	private
com.github.dikhan.pagerduty.client.events.PagerDutyEventsClient.PagerDutyClientBuilder.PAGER_DUTY_CHANGE_EVENT_API	CtFieldImpl	private
com.github.dikhan.pagerduty.client.events.domain.Payload.Builder.severity	CtFieldReferenceImpl	private
com.github.dikhan.pagerduty.client.events.PagerDutyEventsClient.PagerDutyClientBuilder.PAGER_DUTY_EVENT_API	CtFieldReferenceImpl	private
com.github.dikhan.pagerduty.client.events.utils.FakePagerDutyEventsClient.acknowledge(com.github.dikhan.pagerduty.client.events.domain.AcknowledgeIncident)	CtMethodImpl	public
com.github.dikhan.pagerduty.client.events.PagerDutyEventsClient.create(boolean)	CtMethodImpl	public
com.github.dikhan.pagerduty.client.events.domain.Incident.dedupKey	CtFieldReferenceImpl	private
com.github.dikhan.pagerduty.client.events.domain.EventResultBuilder.getErrors()	CtMethodImpl	public
com.github.dikhan.pagerduty.client.events.ApiServiceFactory(java.lang.String,java.lang.String,java.lang.String,java.lang.Integer)	CtConstructorImpl	public
com.github.dikhan.pagerduty.client.events.domain.AcknowledgeIncident$AcknowledgeIncidentBuilder(java.lang.String,java.lang.String)	CtConstructorImpl	private
com.github.dikhan.pagerduty.client.events.PagerDutyClientBuilder.getChangeEventApi()	CtMethodImpl	public
com.github.dikhan.pagerduty.client.events.domain.Payload.getComponent()	CtMethodImpl	public
com.github.dikhan.pagerduty.client.events.utils.FakePagerDutyEventsClient.acknowledgedIncidents	CtFieldReferenceImpl	private
com.github.dikhan.pagerduty.client.events.domain.AcknowledgeIncidentBuilder.build()	CtMethodImpl	public
com.github.dikhan.pagerduty.client.events.domain.ChangeEventPayload.timestamp	CtFieldReferenceImpl	private
com.github.dikhan.pagerduty.client.events.JacksonObjectMapper.makeObjectMapper()	CtMethodImpl	private
com.github.dikhan.pagerduty.client.events.domain.EventResult.message	CtFieldReferenceImpl	private
com.github.dikhan.pagerduty.client.events.domain.Incident.IncidentBuilder.links	CtFieldReferenceImpl	private
com.github.dikhan.pagerduty.client.events.utils.FakePagerDutyEventsClient.log	CtFieldReferenceImpl	private
com.github.dikhan.pagerduty.client.events.PagerDutyEventsClient$PagerDutyClientBuilder()	CtConstructorImpl	public
com.github.dikhan.pagerduty.client.events.PagerDutyClientBuilder.withProxyPort(java.lang.Integer)	CtMethodImpl	public
com.github.dikhan.pagerduty.client.events.PagerDutyClientBuilder.withEventApi(java.lang.String)	CtMethodImpl	public
com.github.dikhan.pagerduty.client.events.domain.Incident.equals(java.lang.Object)	CtMethodImpl	public
com.github.dikhan.pagerduty.client.events.ApiServiceFactory	CtClassImpl	public
com.github.dikhan.pagerduty.client.events.utils.FakePagerDutyEventsClient.random	CtFieldReferenceImpl	private
com.github.dikhan.pagerduty.client.events.domain.ResolveIncident.ResolveIncidentBuilder	CtClassImpl	public
com.github.dikhan.pagerduty.client.events.domain.ChangeEventPayload.hashCode()	CtMethodImpl	public
com.github.dikhan.pagerduty.client.events.domain.IncidentBuilder.setPayload(com.github.dikhan.pagerduty.client.events.domain.Payload)	CtMethodImpl	public
com.github.dikhan.pagerduty.client.events.domain.ChangeEvent.ChangeEventBuilder.payload	CtFieldReferenceImpl	private
com.github.dikhan.pagerduty.client.events.domain.Payload.getSource()	CtMethodImpl	public
com.github.dikhan.pagerduty.client.events.HttpApiServiceImpl.eventApi	CtFieldReferenceImpl	private
com.github.dikhan.pagerduty.client.events.domain.EventResult.errorEvent(java.lang.String,java.lang.String,java.lang.String)	CtMethodImpl	public
com.github.dikhan.pagerduty.client.events.domain.Payload.component	CtFieldReferenceImpl	private
com.github.dikhan.pagerduty.client.events.domain.ChangeEvent.hashCode()	CtMethodImpl	public
com.github.dikhan.pagerduty.client.events.domain.EventResultBuilder.success(java.lang.String)	CtMethodImpl	public
