method	type	visibility
io.esastack.httpserver.ServerOptionsConfigure.channelHandlers	CtFieldReferenceImpl	private
io.esastack.httpserver.ServerOptions.isMetricsEnabled()	CtMethodImpl	public
io.esastack.httpserver.MultipartOptionsConfigure.configured()	CtMethodImpl	public
io.esastack.httpserver.impl.H2cDetector.exceptionCaught(io.netty.channel.ChannelHandlerContext,java.lang.Throwable)	CtMethodImpl	public
io.esastack.httpserver.impl.Empty.trailers()	CtMethodImpl	public
io.esastack.httpserver.impl.BaseResponse.addCookie(io.esastack.commons.net.http.Cookie)	CtMethodImpl	public
io.esastack.httpserver.impl.AggregationHandle.setTrailers(io.esastack.commons.net.http.HttpHeaders)	CtMethodImpl	package-private
io.esastack.httpserver.impl.Http1RequestHandleImpl.toHttpRequest()	CtMethodImpl	protected
io.esastack.httpserver.impl.BaseRequestHandle.method	CtFieldReferenceImpl	package-private
io.esastack.httpserver.impl.BaseResponse.isWritable()	CtMethodImpl	public
io.esastack.httpserver.impl.Http2RequestHandleImpl.scheme()	CtMethodImpl	public
io.netty.util.concurrent.DefaultPromise.CANCELLATION_CAUSE_HOLDER	CtFieldReferenceImpl	private
io.esastack.httpserver.impl.AggregatedLastHttpContent.touch(java.lang.Object)	CtMethodImpl	public
io.esastack.httpserver.impl.HttpServerImpl.onConnectionInit	CtFieldReferenceImpl	private
io.esastack.httpserver.ServerOptionsConfigure.maxHeaderSize(int)	CtMethodImpl	public
io.esastack.httpserver.metrics.impl.ConnectionMetricsImpl()	CtConstructorImpl	package-private
io.esastack.httpserver.impl.HttpServerChannelInitializr.onConnected	CtFieldReferenceImpl	private
io.esastack.httpserver.ServerOptionsConfigure.maxInitialLineLength(int)	CtMethodImpl	public
io.esastack.httpserver.impl.AggregatedLastHttpContent.setDecoderResult(io.netty.handler.codec.DecoderResult)	CtMethodImpl	public
io.esastack.httpserver.impl.OnChannelActiveHandler.channelActive(io.netty.channel.ChannelHandlerContext)	CtMethodImpl	public
io.esastack.httpserver.impl.BaseRequestHandle.uri()	CtMethodImpl	public
io.esastack.httpserver.metrics.impl.RequestMetricsImpl	CtClassImpl	package-private
io.esastack.httpserver.H2Options.serialVersionUID	CtFieldReferenceImpl	private
io.esastack.httpserver.impl.AggregationHandle.MAX_COMPOSITE_BUFFER_COMPONENTS	CtFieldReferenceImpl	private
io.esastack.httpserver.NetOptions.soBacklog	CtFieldReferenceImpl	private
io.esastack.httpserver.impl.Http2ConnectionChunkHandler.exceptionCaught(io.netty.channel.ChannelHandlerContext,java.lang.Throwable)	CtMethodImpl	public
io.esastack.httpserver.impl.Http2Handler.removeRequest(io.netty.handler.codec.http2.Http2Stream)	CtMethodImpl	private
io.esastack.httpserver.impl.Http2Handler.write417(io.netty.channel.ChannelHandlerContext,io.netty.handler.codec.http2.Http2Stream,int,short,boolean)	CtMethodImpl	private
io.esastack.httpserver.utils.LoggedThreadFactory.newThread(java.lang.Runnable)	CtMethodImpl	public
io.esastack.httpserver.MultipartOptions()	CtConstructorImpl	public
io.esastack.httpserver.NetOptions.setChannelHandlers(java.util.List<io.netty.channel.ChannelHandler>)	CtMethodImpl	public
io.esastack.httpserver.NetOptions.setWriteBufferHighWaterMark(int)	CtMethodImpl	public
io.esastack.httpserver.impl.Http2RequestHandleImpl.headers	CtFieldReferenceImpl	private
io.esastack.httpserver.SslOptionsConfigure.privateKey	CtFieldReferenceImpl	private
io.esastack.httpserver.NetOptions.setPreferNativeTransport(boolean)	CtMethodImpl	public
io.esastack.httpserver.impl.Http1RequestHandleImpl.version()	CtMethodImpl	public
io.esastack.httpserver.impl.MultipartFileImpl.getByteBuf()	CtMethodImpl	public
io.esastack.httpserver.impl.H2cDetector(java.util.function.BiConsumer<io.netty.channel.ChannelHandlerContext, java.lang.Boolean>)	CtConstructorImpl	package-private
io.esastack.httpserver.metrics.impl.OpenSslSessionMetricsImpl.Disabled	CtClassImpl	private
io.esastack.httpserver.ServerOptions.isKeepAliveEnable()	CtMethodImpl	public
io.esastack.httpserver.impl.HttpServerChannelInitializr.onDisconnected	CtFieldReferenceImpl	private
io.esastack.httpserver.metrics.impl.Disabled.ticketKeyRenew()	CtMethodImpl	public
io.esastack.httpserver.ServerOptions.daemon	CtFieldReferenceImpl	private
io.esastack.httpserver.impl.HttpServerImpl.onConnected(java.util.function.Consumer<io.netty.channel.Channel>)	CtMethodImpl	public
io.esastack.httpserver.SslOptions.certificate	CtFieldReferenceImpl	private
io.esastack.httpserver.impl.MultipartFileImpl.contentType()	CtMethodImpl	public
io.esastack.httpserver.impl.HttpServerChannelInitializr.addCustomHandlers(io.netty.channel.ChannelPipeline)	CtMethodImpl	private
io.esastack.httpserver.impl.Http1ResponseImpl.getLastHttpContent()	CtMethodImpl	private
io.esastack.httpserver.MultipartOptions.charset	CtFieldReferenceImpl	private
io.esastack.httpserver.SslOptions.getPrivateKey()	CtMethodImpl	public
io.esastack.httpserver.impl.ServerRuntime.ioGroup()	CtMethodImpl	public
io.esastack.httpserver.utils.LoggedThreadFactory.POOL_ID	CtFieldReferenceImpl	private
io.esastack.httpserver.impl.Http1ResponseImpl.safeRunInChannel(java.lang.Runnable,io.netty.channel.ChannelPromise,java.lang.Object)	CtMethodImpl	private
io.esastack.httpserver.impl.BaseResponse.tryEndWithCrash(java.lang.Throwable)	CtMethodImpl	package-private
io.esastack.httpserver.SslOptions.clientAuth	CtFieldReferenceImpl	private
io.esastack.httpserver.SslOptions.setSessionCacheSize(long)	CtMethodImpl	public
io.esastack.httpserver.ServerOptionsConfigure.metricsEnabled(boolean)	CtMethodImpl	public
io.esastack.httpserver.impl.Http2ConnectionChunkHandlerBuilder.frameListener(io.netty.handler.codec.http2.Http2FrameListener)	CtMethodImpl	public
io.esastack.httpserver.transport.NioTransport.USE_UNPOOLED_ALLOCATOR	CtFieldReferenceImpl	private
io.esastack.httpserver.impl.Http1RequestHandleImpl.req	CtFieldReferenceImpl	package-private
io.esastack.httpserver.impl.SslCompletionHandler.userEventTriggered(io.netty.channel.ChannelHandlerContext,java.lang.Object)	CtMethodImpl	public
io.esastack.httpserver.impl.CloseFuture.setClosed()	CtMethodImpl	private
io.esastack.httpserver.ServerOptionsConfigure.childOptions	CtFieldReferenceImpl	private
io.esastack.httpserver.impl.BaseRequestHandle.onEnd(java.util.function.Function<io.netty.util.concurrent.Promise<java.lang.Void>, io.netty.util.concurrent.Future<java.lang.Void>>)	CtMethodImpl	public
io.esastack.httpserver.impl.BaseRequestHandle.multipart	CtFieldReferenceImpl	private
io.esastack.httpserver.impl.AggregatedLastHttpContent	CtClassImpl	package-private
io.esastack.httpserver.impl.Http1ResponseImpl.doEnd(byte[],int,int,boolean)	CtMethodImpl	package-private
io.esastack.httpserver.impl.Http1ResponseImpl.doWrite(byte[],int,int,boolean)	CtMethodImpl	package-private
io.esastack.httpserver.impl.Http2RequestHandleImpl.schema	CtFieldReferenceImpl	private
io.esastack.httpserver.impl.Http2ConnectionChunkHandlerBuilder.initialHuffmanDecodeCapacity(int)	CtMethodImpl	public
io.esastack.httpserver.impl.AggregationHandle.body()	CtMethodImpl	public
io.esastack.httpserver.impl.AggregationHandle.release()	CtMethodImpl	package-private
io.netty.handler.codec.http2.Http2ConnectionHandler.HEADERS_TOO_LARGE_HEADERS	CtFieldReferenceImpl	private
io.esastack.httpserver.impl.SslDetector.sslHelper	CtFieldReferenceImpl	private
io.esastack.httpserver.SslOptionsConfigure.trustCertificates	CtFieldReferenceImpl	private
io.esastack.httpserver.ServerOptionsConfigure.soRcvbuf(int)	CtMethodImpl	public
io.esastack.httpserver.impl.AggregatedLastHttpContent.trailers	CtFieldReferenceImpl	private
io.esastack.httpserver.ServerOptionsConfigure.tcpNoDelay	CtFieldReferenceImpl	private
io.esastack.httpserver.SslOptions.setClientAuth(io.netty.handler.ssl.ClientAuth)	CtMethodImpl	public
io.esastack.httpserver.SslOptions	CtClassImpl	public
io.esastack.httpserver.ServerOptionsConfigure.tcpCork(boolean)	CtMethodImpl	public
io.esastack.httpserver.ServerOptions.getBossThreads()	CtMethodImpl	public
io.esastack.httpserver.impl.Http2ResponseImpl	CtClassImpl	package-private
io.esastack.httpserver.ServerOptions.setMaxHeaderSize(int)	CtMethodImpl	public
io.esastack.httpserver.transport.NioTransport.INSTANCE	CtFieldReferenceImpl	package-private
io.esastack.httpserver.SslOptions.getTrustCertificates()	CtMethodImpl	public
io.esastack.httpserver.utils.Constants()	CtConstructorImpl	private
io.esastack.httpserver.metrics.impl.OpenSslSessionMetricsImpl(io.netty.handler.ssl.OpenSslSessionStats)	CtConstructorImpl	package-private
io.esastack.httpserver.impl.HttpServerChannelInitializr.addH1OrH2cHandler(io.netty.channel.ChannelPipeline)	CtMethodImpl	private
io.esastack.httpserver.ServerOptions()	CtConstructorImpl	public
io.esastack.httpserver.metrics.impl.Disabled.number()	CtMethodImpl	public
io.netty.handler.codec.ByteToMessageDecoder.STATE_CALLING_CHILD_DECODE	CtFieldReferenceImpl	private
io.esastack.httpserver.impl.MultipartFileImpl	CtClassImpl	package-private
io.esastack.httpserver.impl.Http2Handler.onStreamRemoved(io.netty.handler.codec.http2.Http2Stream)	CtMethodImpl	public
io.esastack.httpserver.metrics.impl.ConnectionMetricsImpl	CtClassImpl	package-private
io.esastack.httpserver.impl.SslCompletionHandler.callback	CtFieldReferenceImpl	private
io.esastack.httpserver.impl.Http2ChunkedInput.LastContent.trailers	CtFieldReferenceImpl	package-private
io.esastack.httpserver.ServerOptionsConfigure.tcpQuickAck	CtFieldReferenceImpl	private
io.esastack.httpserver.ServerOptionsConfigure.maxHeaderSize	CtFieldReferenceImpl	private
io.esastack.httpserver.impl.Http1RequestHandleImpl(io.esastack.httpserver.impl.ServerRuntime,io.netty.channel.ChannelHandlerContext,io.netty.handler.codec.http.HttpRequest,boolean)	CtConstructorImpl	package-private
io.esastack.httpserver.impl.AggregatedLastHttpContent.copy()	CtMethodImpl	public
io.esastack.httpserver.metrics.impl.RequestMetricsImpl.requestCount()	CtMethodImpl	public
io.esastack.httpserver.impl.HttpServerChannelInitializr.addHttp1Handlers(io.netty.channel.ChannelPipeline)	CtMethodImpl	private
io.esastack.httpserver.MultipartOptionsConfigure.charset(java.nio.charset.Charset)	CtMethodImpl	public
io.esastack.httpserver.NetOptions.writeBufferLowWaterMark	CtFieldReferenceImpl	private
io.esastack.httpserver.impl.Http2ConnectionChunkHandlerBuilder.encoderEnforceMaxConcurrentStreams(boolean)	CtMethodImpl	public
io.esastack.httpserver.impl.Http2RequestHandleImpl.toHttpRequest()	CtMethodImpl	protected
io.esastack.httpserver.impl.Http2ConnectionChunkHandlerBuilder.initialSettings(io.netty.handler.codec.http2.Http2Settings)	CtMethodImpl	public
io.esastack.httpserver.impl.ServerRuntime.metrics	CtFieldReferenceImpl	private
io.netty.handler.codec.http2.AbstractHttp2ConnectionHandlerBuilder.decoupleCloseAndGoAway	CtFieldReferenceImpl	private
io.esastack.httpserver.metrics.impl.Disabled.hits()	CtMethodImpl	public
io.esastack.httpserver.ServerOptionsConfigure.ssl(io.esastack.httpserver.SslOptions)	CtMethodImpl	public
io.esastack.httpserver.impl.H2cDetector.decode(io.netty.channel.ChannelHandlerContext,io.netty.buffer.ByteBuf,java.util.List<java.lang.Object>)	CtMethodImpl	protected
io.esastack.httpserver.utils.Constants.SCHEMA_HTTP	CtFieldReferenceImpl	public
io.esastack.httpserver.impl.Http1Handler.handleData(io.netty.buffer.ByteBuf)	CtMethodImpl	private
io.esastack.httpserver.impl.HttpServerChannelInitializr.handler	CtFieldReferenceImpl	private
io.esastack.httpserver.metrics.impl.RequestMetricsImpl.requestCount	CtFieldReferenceImpl	package-private
io.netty.handler.codec.http2.Http2ConnectionHandler.gracefulShutdownTimeoutMillis	CtFieldReferenceImpl	private
io.esastack.httpserver.impl.Http1Handler.write413(io.netty.channel.ChannelHandlerContext,boolean,io.netty.handler.codec.http.FullHttpResponse)	CtMethodImpl	private
io.esastack.httpserver.ServerOptionsConfigure.newOpts()	CtMethodImpl	public
io.esastack.httpserver.SslOptionsConfigure.handshakeTimeoutMillis	CtFieldReferenceImpl	private
io.netty.handler.codec.http2.AbstractHttp2ConnectionHandlerBuilder.autoAckSettingsFrame	CtFieldReferenceImpl	private
io.esastack.httpserver.impl.AggregatedLastHttpContent.content()	CtMethodImpl	public
io.esastack.httpserver.metrics.impl.MetricsImpl.openSslSessionMetrics	CtFieldReferenceImpl	private
io.esastack.httpserver.H2Options()	CtConstructorImpl	public
io.esastack.httpserver.metrics.impl.ConnectionMetricsImpl.incrementActiveHttp2Connections()	CtMethodImpl	package-private
io.esastack.httpserver.ServerOptions.setKeepAliveEnable(boolean)	CtMethodImpl	public
io.esastack.httpserver.metrics.impl.ConnectionMetricsImpl.activeHttpSchemaState	CtFieldReferenceImpl	private
io.esastack.httpserver.MultipartOptionsConfigure.charset	CtFieldReferenceImpl	private
io.esastack.httpserver.impl.AggregatedLastHttpContent.refCnt()	CtMethodImpl	public
io.esastack.httpserver.impl.MultipartHandle.attrs	CtFieldReferenceImpl	private
io.esastack.httpserver.metrics.impl.Disabled.httpsConnectionCount()	CtMethodImpl	public
io.esastack.httpserver.impl.H2cDetector	CtClassImpl	package-private
io.esastack.httpserver.impl.Http2ResponseImpl.doWriteHeaders(io.netty.handler.codec.http2.Http2Headers,boolean,io.netty.channel.ChannelPromise)	CtMethodImpl	private
io.esastack.httpserver.impl.Empty.body()	CtMethodImpl	public
io.esastack.httpserver.impl.BaseResponse.write(byte[],int,int)	CtMethodImpl	public
io.netty.handler.codec.http.DefaultHttpObject.HASH_CODE_PRIME	CtFieldReferenceImpl	private
io.esastack.httpserver.NetOptions.tcpFastOpen	CtFieldReferenceImpl	private
io.esastack.httpserver.ServerOptionsConfigure.maxContentLength	CtFieldReferenceImpl	private
io.esastack.httpserver.impl.Empty.attributes()	CtMethodImpl	public
io.esastack.httpserver.metrics.impl.ConnectionMetricsImpl.activeHttpVersionState	CtFieldReferenceImpl	private
io.esastack.httpserver.metrics.impl.Disabled.ticketKeyFail()	CtMethodImpl	public
io.esastack.httpserver.utils.Loggers.HTTP_SERVER_LOG	CtFieldReferenceImpl	private
io.esastack.httpserver.metrics.impl.Disabled.request()	CtMethodImpl	public
io.esastack.httpserver.utils.LoggedThreadFactory(java.lang.String)	CtConstructorImpl	public
io.esastack.httpserver.impl.Utils.toErrorMsg(java.lang.Throwable)	CtMethodImpl	package-private
io.esastack.httpserver.transport.EpollTransport.loop(int,java.util.concurrent.ThreadFactory)	CtMethodImpl	public
io.esastack.httpserver.NetOptions.isSoKeepalive()	CtMethodImpl	public
io.esastack.httpserver.NetOptions.getSoSendbuf()	CtMethodImpl	public
io.esastack.httpserver.impl.Http2Handler.getCurrentRequest(io.netty.handler.codec.http2.Http2Stream)	CtMethodImpl	private
io.esastack.httpserver.impl.Http2ResponseImpl.doEnd(byte[],int,int,boolean)	CtMethodImpl	package-private
io.esastack.httpserver.impl.Http2ChunkedInput.progress()	CtMethodImpl	public
io.esastack.httpserver.impl.HttpServerImpl.SERVER_NAME_IDENTIFIER	CtFieldReferenceImpl	private
io.esastack.httpserver.NetOptions.soRcvbuf	CtFieldReferenceImpl	private
io.esastack.commons.net.netty.http.Http2HeadersAdaptor.underlying	CtFieldReferenceImpl	protected
io.esastack.httpserver.metrics.impl.ConnectionMetricsImpl.httpsConnectionCount()	CtMethodImpl	public
io.esastack.httpserver.MultipartOptions.getTempDir()	CtMethodImpl	public
io.esastack.httpserver.MultipartOptions.setCharset(java.nio.charset.Charset)	CtMethodImpl	public
io.esastack.httpserver.impl.HttpServerChannelInitializr(io.esastack.httpserver.impl.ServerRuntime,io.esastack.httpserver.impl.SslHelper,java.util.function.Consumer<io.esastack.httpserver.core.RequestHandle>,java.util.function.Consumer<io.netty.channel.Channel>,java.util.function.Consumer<io.netty.channel.Channel>,java.util.function.Consumer<io.netty.channel.Channel>)	CtConstructorImpl	package-private
io.esastack.httpserver.impl.Http2ConnectionChunkHandlerBuilder.connection(io.netty.handler.codec.http2.Http2Connection)	CtMethodImpl	public
io.esastack.httpserver.metrics.impl.MetricsImpl.reportUpgrade(io.netty.channel.Channel)	CtMethodImpl	public
io.esastack.httpserver.impl.HttpServerImpl.ioGroup()	CtMethodImpl	public
io.esastack.httpserver.impl.BaseResponse.isCommitted()	CtMethodImpl	public
io.esastack.httpserver.impl.Http1ResponseImpl.isKeepAlive	CtFieldReferenceImpl	private
io.esastack.httpserver.impl.Http1ResponseImpl.doEnd(io.netty.buffer.ByteBuf,boolean,boolean)	CtMethodImpl	package-private
io.esastack.httpserver.impl.Utils.standardHttp2Headers(io.netty.handler.codec.http2.Http2Headers)	CtMethodImpl	package-private
io.esastack.httpserver.impl.Http1ResponseImpl.trailers	CtFieldReferenceImpl	private
io.esastack.httpserver.impl.Http2ConnectionChunkHandlerBuilder.headerSensitivityDetector(io.netty.handler.codec.http2.Http2HeadersEncoder.SensitivityDetector)	CtMethodImpl	public
io.esastack.httpserver.impl.BaseResponse.write(io.netty.buffer.ByteBuf)	CtMethodImpl	public
io.esastack.httpserver.impl.Http2Handler.onDataRead(io.netty.channel.ChannelHandlerContext,int,io.netty.buffer.ByteBuf,int,boolean)	CtMethodImpl	public
io.esastack.httpserver.ServerOptions.compressionLevel	CtFieldReferenceImpl	private
io.esastack.httpserver.impl.HAProxyDetector	CtClassImpl	package-private
io.esastack.httpserver.impl.HttpServerChannelInitializr.maxContentLength()	CtMethodImpl	private
io.esastack.httpserver.impl.BaseRequestHandle.scheme()	CtMethodImpl	public
io.esastack.httpserver.impl.Http1Handler.exceptionCaught(io.netty.channel.ChannelHandlerContext,java.lang.Throwable)	CtMethodImpl	public
io.esastack.httpserver.impl.HttpServerImpl.awaitUninterruptibly()	CtMethodImpl	public
io.esastack.httpserver.impl.BaseResponse.write(byte[])	CtMethodImpl	public
io.esastack.httpserver.MultipartOptions.setMaxSize(long)	CtMethodImpl	public
io.esastack.httpserver.NetOptions.reuseAddress	CtFieldReferenceImpl	private
io.netty.util.concurrent.DefaultPromise.MAX_LISTENER_STACK_DEPTH	CtFieldReferenceImpl	private
io.esastack.httpserver.impl.Http2ConnectionChunkHandlerBuilder.initialSettings()	CtMethodImpl	public
io.netty.handler.codec.http.HttpObjectDecoder.lineParser	CtFieldReferenceImpl	private
io.esastack.httpserver.impl.Http2ChunkedInput.LastContent.exclusive	CtFieldReferenceImpl	package-private
io.esastack.httpserver.ServerOptionsConfigure.options(java.util.Map<io.netty.channel.ChannelOption<?>, java.lang.Object>)	CtMethodImpl	public
io.esastack.httpserver.ServerOptionsConfigure.h2(io.esastack.httpserver.H2Options)	CtMethodImpl	public
io.esastack.httpserver.ServerOptionsConfigure.maxChunkSize(int)	CtMethodImpl	public
io.esastack.httpserver.impl.AggregatedLastHttpContent(io.netty.buffer.ByteBuf,io.netty.handler.codec.http.HttpHeaders)	CtConstructorImpl	package-private
io.esastack.httpserver.utils.LoggedThreadFactory.daemon	CtFieldReferenceImpl	private
io.esastack.httpserver.MultipartOptionsConfigure()	CtConstructorImpl	private
io.esastack.httpserver.ServerOptions.getIoThreads()	CtMethodImpl	public
io.esastack.httpserver.SslOptions.trustCertificates	CtFieldReferenceImpl	private
io.esastack.httpserver.impl.BaseRequestHandle.ctx	CtFieldReferenceImpl	package-private
io.esastack.httpserver.impl.HttpServerImpl$CloseFuture()	CtConstructorImpl	package-private
io.esastack.httpserver.impl.Http2Handler.messageKey	CtFieldReferenceImpl	private
io.esastack.httpserver.impl.Http1Handler.write400(io.netty.channel.ChannelHandlerContext,io.netty.handler.codec.DecoderResult)	CtMethodImpl	private
io.esastack.httpserver.impl.MultipartHandle.attributes()	CtMethodImpl	public
io.esastack.httpserver.impl.Http2RequestHandleImpl	CtClassImpl	package-private
io.esastack.httpserver.NetOptions.isTcpCork()	CtMethodImpl	public
io.esastack.httpserver.impl.H2cDetector.callback	CtFieldReferenceImpl	private
io.esastack.httpserver.NetOptions.setOptions(java.util.Map<io.netty.channel.ChannelOption<?>, java.lang.Object>)	CtMethodImpl	public
io.esastack.httpserver.ServerOptions.isDecompress()	CtMethodImpl	public
io.esastack.httpserver.impl.CloseFuture.setFailure(java.lang.Throwable)	CtMethodImpl	public
io.netty.handler.codec.http.HttpObjectDecoder.DEFAULT_MAX_INITIAL_LINE_LENGTH	CtFieldReferenceImpl	public
io.esastack.httpserver.impl.MultipartHandle.end()	CtMethodImpl	package-private
io.esastack.httpserver.SslOptions.ciphers	CtFieldReferenceImpl	private
io.esastack.httpserver.metrics.impl.ConnectionMetricsImpl.http2ConnectionCount()	CtMethodImpl	public
io.esastack.httpserver.impl.BaseResponse	CtClassImpl	package-private
io.esastack.httpserver.impl.SslCompletionHandler	CtClassImpl	package-private
io.esastack.httpserver.transport.Transports.transport(boolean)	CtMethodImpl	public
io.esastack.httpserver.transport.Transports()	CtConstructorImpl	private
io.esastack.httpserver.impl.SslHelper.sslContext	CtFieldReferenceImpl	private
io.esastack.httpserver.impl.Http2ResponseImpl.inEventLoop()	CtMethodImpl	private
io.esastack.httpserver.metrics.impl.Disabled.initSsl(io.netty.handler.ssl.SslContext)	CtMethodImpl	public
io.esastack.httpserver.transport.EpollTransport	CtClassImpl	public
io.esastack.httpserver.NetOptions.channelHandlers	CtFieldReferenceImpl	private
io.esastack.httpserver.NetOptions.setSoSendbuf(int)	CtMethodImpl	public
io.esastack.httpserver.impl.MultipartHandle.release()	CtMethodImpl	package-private
io.netty.handler.codec.MessageToMessageDecoder.matcher	CtFieldReferenceImpl	private
io.netty.handler.codec.http.HttpObjectDecoder.trailer	CtFieldReferenceImpl	private
io.esastack.httpserver.impl.BaseResponse.addCookie(java.lang.String,java.lang.String)	CtMethodImpl	public
io.esastack.httpserver.metrics.impl.ConnectionMetricsImpl.HTTPS_MASK	CtFieldReferenceImpl	private
io.esastack.httpserver.impl.Utils.toByteBuf(io.netty.buffer.ByteBufAllocator,byte[],int,int)	CtMethodImpl	package-private
io.esastack.httpserver.NetOptions.setLogging(io.netty.handler.logging.LogLevel)	CtMethodImpl	public
io.esastack.httpserver.MultipartOptions.useDisk	CtFieldReferenceImpl	private
io.esastack.httpserver.ServerOptionsConfigure.option(io.netty.channel.ChannelOption<T>,T)	CtMethodImpl	public
io.esastack.httpserver.ServerOptionsConfigure.tcpNoDelay(boolean)	CtMethodImpl	public
io.esastack.httpserver.HAProxyMode	CtEnumImpl	public
io.esastack.httpserver.impl.ServerRuntime.shutdownStatus	CtFieldReferenceImpl	private
io.esastack.httpserver.impl.SslDetector	CtClassImpl	package-private
io.esastack.httpserver.H2Options.setEnabled(boolean)	CtMethodImpl	public
io.esastack.httpserver.NetOptions.idleTimeoutSeconds	CtFieldReferenceImpl	private
io.esastack.httpserver.utils.LoggedThreadFactory.prefix	CtFieldReferenceImpl	private
io.esastack.httpserver.impl.Http1Handler.CONTINUE	CtFieldReferenceImpl	private
io.esastack.httpserver.impl.MultipartHandle(io.netty.handler.codec.http.multipart.HttpPostRequestDecoder)	CtConstructorImpl	package-private
io.esastack.httpserver.impl.SslDetector.decode(io.netty.channel.ChannelHandlerContext,io.netty.buffer.ByteBuf,java.util.List<java.lang.Object>)	CtMethodImpl	protected
io.esastack.httpserver.impl.HttpServerImpl.name()	CtMethodImpl	public
io.esastack.httpserver.ServerOptions	CtClassImpl	public
io.esastack.httpserver.ServerOptions.getCompressionLevel()	CtMethodImpl	public
io.esastack.httpserver.impl.Http1ResponseImpl	CtClassImpl	package-private
io.esastack.httpserver.impl.HttpServerChannelInitializr.initChannel(io.netty.channel.Channel)	CtMethodImpl	protected
io.netty.util.DefaultAttributeMap.MASK	CtFieldReferenceImpl	private
io.esastack.httpserver.impl.AggregatedLastHttpContent.getDecoderResult()	CtMethodImpl	public
io.esastack.httpserver.impl.BaseResponse.END	CtFieldReferenceImpl	private
io.esastack.httpserver.ServerOptions.setDecompress(boolean)	CtMethodImpl	public
io.esastack.httpserver.impl.Http2ConnectionChunkHandlerBuilder()	CtConstructorImpl	package-private
io.netty.handler.codec.http2.AbstractHttp2ConnectionHandlerBuilder.initialSettings	CtFieldReferenceImpl	private
io.netty.channel.ChannelInitializer.initMap	CtFieldReferenceImpl	private
io.esastack.httpserver.impl.BaseResponse.sendFile(java.io.File,long,long)	CtMethodImpl	public
io.esastack.httpserver.H2Options.enabled	CtFieldReferenceImpl	private
io.netty.handler.codec.ByteToMessageDecoder.cumulation	CtFieldReferenceImpl	package-private
io.esastack.httpserver.impl.ServerRuntime.setStarted(java.net.SocketAddress,io.netty.channel.EventLoopGroup,io.netty.channel.EventLoopGroup)	CtMethodImpl	package-private
io.esastack.httpserver.ServerOptions.getMaxInitialLineLength()	CtMethodImpl	public
io.esastack.httpserver.ServerOptionsConfigure.compress	CtFieldReferenceImpl	private
io.esastack.httpserver.ServerOptionsConfigure.ssl	CtFieldReferenceImpl	private
io.esastack.httpserver.H2OptionsConfigure.gracefulShutdownTimeoutMillis(long)	CtMethodImpl	public
io.esastack.httpserver.metrics.impl.ConnectionMetricsImpl.HTTP_SCHEMA_SHIFT	CtFieldReferenceImpl	private
io.esastack.httpserver.metrics.impl.OpenSslSessionMetricsImpl.ticketKeyNew()	CtMethodImpl	public
io.esastack.httpserver.impl.Http2Handler.write413(io.netty.channel.ChannelHandlerContext,io.netty.handler.codec.http2.Http2Stream,int,short,boolean)	CtMethodImpl	private
io.esastack.httpserver.utils.Constants.SCHEME	CtFieldReferenceImpl	public
io.esastack.httpserver.H2Options.setMaxReservedStreams(int)	CtMethodImpl	public
io.esastack.httpserver.impl.Http2Handler(io.esastack.httpserver.impl.ServerRuntime,io.netty.handler.codec.http2.Http2ConnectionEncoder,java.util.function.Consumer<io.esastack.httpserver.core.RequestHandle>)	CtConstructorImpl	package-private
io.esastack.httpserver.impl.MultipartFileImpl.upload	CtFieldReferenceImpl	private
io.esastack.httpserver.impl.SslHelper(io.esastack.httpserver.SslOptions,boolean)	CtConstructorImpl	package-private
io.esastack.httpserver.impl.Http2ConnectionChunkHandlerBuilder.frameLogger(io.netty.handler.codec.http2.Http2FrameLogger)	CtMethodImpl	public
io.esastack.httpserver.impl.SslDetector.SSL_RECORD_HEADER_LENGTH	CtFieldReferenceImpl	private
io.esastack.httpserver.impl.Utils.EMPTY_BYTES	CtFieldReferenceImpl	package-private
io.esastack.httpserver.metrics.impl.Disabled.misses()	CtMethodImpl	public
io.esastack.httpserver.impl.BaseRequestHandle.multipart()	CtMethodImpl	public
io.esastack.httpserver.impl.BaseResponse.end(byte[],int,int)	CtMethodImpl	public
io.esastack.httpserver.impl.Http1Handler.TOO_LARGE	CtFieldReferenceImpl	private
io.esastack.httpserver.impl.BaseResponse.alloc()	CtMethodImpl	public
io.esastack.httpserver.ServerOptionsConfigure.haProxy	CtFieldReferenceImpl	private
io.esastack.httpserver.metrics.impl.OpenSslSessionMetricsImpl.ticketKeyFail()	CtMethodImpl	public
io.esastack.httpserver.impl.ServerRuntime.running	CtFieldReferenceImpl	private
io.esastack.httpserver.impl.MultipartHandle.EMPTY	CtFieldReferenceImpl	package-private
io.esastack.httpserver.ServerOptionsConfigure.writeBufferHighWaterMark(int)	CtMethodImpl	public
io.esastack.httpserver.impl.Http2ConnectionChunkHandler.write(io.netty.channel.ChannelHandlerContext,java.lang.Object,io.netty.channel.ChannelPromise)	CtMethodImpl	public
io.esastack.httpserver.impl.OnChannelActiveHandler.onConnect	CtFieldReferenceImpl	private
io.esastack.httpserver.ServerOptions.getHaProxy()	CtMethodImpl	public
io.esastack.httpserver.impl.HttpServerChannelInitializr.addUpgradeHandler(io.netty.channel.Channel)	CtMethodImpl	private
io.esastack.httpserver.impl.MultipartFileImpl.string()	CtMethodImpl	public
io.esastack.httpserver.MultipartOptionsConfigure.useDisk(boolean)	CtMethodImpl	public
io.esastack.httpserver.impl.HttpServerImpl.nextServerName()	CtMethodImpl	private
io.esastack.httpserver.NetOptions.setSoLinger(int)	CtMethodImpl	public
io.esastack.httpserver.impl.SslCompletionHandler(esa.commons.function.Consumer3<java.lang.Boolean, io.netty.channel.Channel, java.lang.Throwable>)	CtConstructorImpl	package-private
io.esastack.httpserver.NetOptions.setTcpQuickAck(boolean)	CtMethodImpl	public
io.esastack.httpserver.impl.Http2ResponseImpl.trailers	CtFieldReferenceImpl	private
io.esastack.httpserver.ServerOptionsConfigure.preferNativeTransport(boolean)	CtMethodImpl	public
io.esastack.httpserver.impl.BaseResponse.onEndPromise	CtFieldReferenceImpl	package-private
io.esastack.httpserver.metrics.impl.ConnectionMetricsImpl.activeHttp1Connections()	CtMethodImpl	public
io.esastack.httpserver.ServerOptionsConfigure.ioThreads	CtFieldReferenceImpl	private
io.esastack.httpserver.ServerOptionsConfigure.tcpQuickAck(boolean)	CtMethodImpl	public
io.esastack.httpserver.impl.Http1ResponseImpl.buildResponseHead(long)	CtMethodImpl	private
io.esastack.httpserver.impl.Http1Handler.userEventTriggered(io.netty.channel.ChannelHandlerContext,java.lang.Object)	CtMethodImpl	public
io.esastack.httpserver.MultipartOptionsConfigure.useDisk	CtFieldReferenceImpl	private
io.esastack.httpserver.impl.Http1Handler.chunkSize	CtFieldReferenceImpl	private
io.esastack.httpserver.H2Options.setGracefulShutdownTimeoutMillis(long)	CtMethodImpl	public
io.esastack.httpserver.NetOptions.setIdleTimeoutSeconds(int)	CtMethodImpl	public
io.esastack.httpserver.transport.EpollTransport.applyOptions(io.netty.bootstrap.ServerBootstrap,io.esastack.httpserver.NetOptions,java.net.SocketAddress)	CtMethodImpl	public
io.esastack.httpserver.impl.BaseRequestHandle.runtime	CtFieldReferenceImpl	package-private
io.esastack.httpserver.ServerOptionsConfigure.bossThreads	CtFieldReferenceImpl	private
io.esastack.httpserver.ServerOptionsConfigure.writeBufferLowWaterMark	CtFieldReferenceImpl	private
io.esastack.httpserver.impl.OnChannelActiveHandler(java.util.function.Consumer<io.netty.channel.ChannelHandlerContext>)	CtConstructorImpl	package-private
io.esastack.httpserver.impl.Http1RequestHandleImpl.headers()	CtMethodImpl	public
io.esastack.httpserver.ServerOptionsConfigure()	CtConstructorImpl	private
io.esastack.httpserver.metrics.impl.Disabled.cacheFull()	CtMethodImpl	public
io.esastack.httpserver.ServerOptionsConfigure.daemon(boolean)	CtMethodImpl	public
io.esastack.httpserver.ServerOptionsConfigure.reuseAddress	CtFieldReferenceImpl	private
io.esastack.httpserver.impl.Http2ChunkedInput.close()	CtMethodImpl	public
io.esastack.httpserver.impl.HttpServerImpl.listen(java.net.SocketAddress)	CtMethodImpl	public
io.esastack.httpserver.ServerOptionsConfigure.soLinger(int)	CtMethodImpl	public
io.esastack.httpserver.metrics.impl.MetricsImpl.connectionMetrics	CtFieldReferenceImpl	private
io.esastack.httpserver.impl.Http2ResponseImpl.flush()	CtMethodImpl	private
io.esastack.httpserver.NetOptions.isReuseAddress()	CtMethodImpl	public
io.esastack.httpserver.ServerOptions.setIoThreads(int)	CtMethodImpl	public
io.esastack.httpserver.metrics.impl.MetricsImpl.reportDisconnect(io.netty.channel.Channel)	CtMethodImpl	public
io.esastack.httpserver.impl.Http1Handler(io.esastack.httpserver.impl.ServerRuntime,java.util.function.Consumer<io.esastack.httpserver.core.RequestHandle>)	CtConstructorImpl	package-private
io.esastack.httpserver.SslOptionsConfigure.ciphers(java.lang.String[])	CtMethodImpl	public
io.netty.handler.codec.http2.Http2ConnectionHandler.logger	CtFieldReferenceImpl	private
io.esastack.httpserver.ServerOptions.maxContentLength	CtFieldReferenceImpl	private
io.esastack.httpserver.H2OptionsConfigure.newOpts()	CtMethodImpl	public
io.esastack.httpserver.metrics.impl.Disabled.cbHits()	CtMethodImpl	public
io.esastack.httpserver.utils.Loggers.logger()	CtMethodImpl	public
io.esastack.httpserver.ServerOptionsConfigure.soSendbuf	CtFieldReferenceImpl	private
io.esastack.httpserver.SslOptionsConfigure.certificate	CtFieldReferenceImpl	private
io.esastack.httpserver.SslOptionsConfigure.sessionCacheSize(long)	CtMethodImpl	public
io.esastack.httpserver.metrics.impl.ConnectionMetricsImpl.decrementActiveHttpConnections()	CtMethodImpl	package-private
io.esastack.httpserver.impl.HttpServerChannelInitializr.1	CtClassImpl	package-private
io.esastack.httpserver.metrics.impl.ConnectionMetricsImpl.activeHttp2Connections()	CtMethodImpl	public
io.esastack.httpserver.impl.MultipartFileImpl.transferTo(java.io.File)	CtMethodImpl	public
io.esastack.httpserver.SslOptionsConfigure	CtClassImpl	public
io.esastack.httpserver.impl.BaseRequestHandle.onEnd	CtFieldReferenceImpl	private
io.esastack.httpserver.impl.BaseResponse.ctx()	CtMethodImpl	package-private
io.esastack.httpserver.impl.Http2RequestHandleImpl.from(io.esastack.httpserver.impl.ServerRuntime,io.netty.channel.ChannelHandlerContext,io.netty.handler.codec.http2.Http2ConnectionEncoder,io.netty.handler.codec.http2.Http2Headers,io.netty.handler.codec.http2.Http2Stream,int,short,boolean)	CtMethodImpl	package-private
io.esastack.httpserver.ServerOptions.maxChunkSize	CtFieldReferenceImpl	private
io.esastack.httpserver.impl.AggregatedLastHttpContent.content	CtFieldReferenceImpl	private
io.esastack.httpserver.SslOptions.enabledProtocols	CtFieldReferenceImpl	private
io.esastack.httpserver.impl.HttpServerImpl.onDisconnected(java.util.function.Consumer<io.netty.channel.Channel>)	CtMethodImpl	public
io.esastack.httpserver.impl.Http1ResponseImpl.closure()	CtMethodImpl	package-private
io.esastack.httpserver.SslOptions.setEnabledProtocols(java.lang.String[])	CtMethodImpl	public
io.netty.handler.codec.ByteToMessageDecoder.first	CtFieldReferenceImpl	private
io.esastack.httpserver.metrics.impl.Disabled.httpConnectionCount()	CtMethodImpl	public
io.esastack.httpserver.impl.ServerRuntime.bossGroup()	CtMethodImpl	public
io.esastack.httpserver.H2Options	CtClassImpl	public
io.esastack.httpserver.ServerOptionsConfigure.soKeepalive	CtFieldReferenceImpl	private
io.esastack.httpserver.metrics.impl.OpenSslSessionMetricsImpl.stats	CtFieldReferenceImpl	private
io.esastack.httpserver.H2Options.maxReservedStreams	CtFieldReferenceImpl	private
io.esastack.httpserver.impl.Http2ResponseImpl.doWriteData(io.netty.buffer.ByteBuf,boolean,io.netty.channel.ChannelPromise)	CtMethodImpl	private
io.esastack.httpserver.impl.Http1Handler.handlerRemoved(io.netty.channel.ChannelHandlerContext)	CtMethodImpl	public
io.esastack.httpserver.impl.Http1Handler.write100(io.netty.channel.ChannelHandlerContext)	CtMethodImpl	private
io.esastack.httpserver.impl.Http2RequestHandleImpl.response()	CtMethodImpl	public
io.netty.handler.codec.ByteToMessageDecoder.numReads	CtFieldReferenceImpl	private
io.esastack.httpserver.impl.BaseRequestHandle.handleEnd()	CtMethodImpl	package-private
io.esastack.httpserver.impl.BaseRequestHandle.uriDecoded	CtFieldReferenceImpl	package-private
io.esastack.httpserver.NetOptions.setChildOptions(java.util.Map<io.netty.channel.ChannelOption<?>, java.lang.Object>)	CtMethodImpl	public
io.esastack.httpserver.metrics.impl.MetricsImpl.enabled()	CtMethodImpl	public
io.esastack.httpserver.ServerOptions.getMultipart()	CtMethodImpl	public
io.esastack.httpserver.impl.Http1ResponseImpl.standardHeaders(long,boolean)	CtMethodImpl	private
io.netty.handler.codec.http2.AbstractHttp2ConnectionHandlerBuilder.frameLogger	CtFieldReferenceImpl	private
io.esastack.httpserver.ServerOptions.compress	CtFieldReferenceImpl	private
io.esastack.httpserver.impl.AggregationHandle.content	CtFieldReferenceImpl	private
io.netty.util.concurrent.DefaultPromise.waiters	CtFieldReferenceImpl	private
io.esastack.httpserver.impl.Http2ChunkedInput.Content.streamId	CtFieldReferenceImpl	package-private
io.esastack.httpserver.impl.AggregatedLastHttpContent.trailingHeaders()	CtMethodImpl	public
io.esastack.httpserver.impl.Http1Handler.isContentLengthInvalid(io.netty.handler.codec.http.HttpMessage)	CtMethodImpl	private
io.esastack.httpserver.impl.HttpServerImpl.onConnected	CtFieldReferenceImpl	private
io.esastack.httpserver.ServerOptions.keepAliveEnable	CtFieldReferenceImpl	private
io.esastack.httpserver.metrics.impl.RequestMetricsImpl.DISABLED	CtFieldReferenceImpl	package-private
io.esastack.httpserver.NetOptions.setTcpFastOpen(boolean)	CtMethodImpl	public
io.esastack.httpserver.metrics.impl.OpenSslSessionMetricsImpl	CtClassImpl	package-private
io.netty.handler.codec.http2.Http2ConnectionHandler.initialSettings	CtFieldReferenceImpl	private
io.esastack.httpserver.impl.Http2ResponseImpl.streamDependency	CtFieldReferenceImpl	private
io.esastack.httpserver.metrics.impl.OpenSslSessionMetricsImpl.cacheFull()	CtMethodImpl	public
io.esastack.httpserver.metrics.impl.Disabled.timeouts()	CtMethodImpl	public
io.esastack.httpserver.ServerOptions(io.esastack.httpserver.ServerOptions)	CtConstructorImpl	public
io.esastack.httpserver.impl.SslDetector.callback	CtFieldReferenceImpl	private
io.esastack.httpserver.impl.ServerRuntime.Running.bossGroup	CtFieldReferenceImpl	package-private
io.esastack.httpserver.impl.Http1ResponseImpl.supportFileRegion()	CtMethodImpl	private
io.netty.handler.codec.http.HttpObjectDecoder.EMPTY_VALUE	CtFieldReferenceImpl	private
io.esastack.httpserver.HAProxyMode()	CtConstructorImpl	private
io.esastack.httpserver.NetOptions.setReusePort(boolean)	CtMethodImpl	public
io.esastack.httpserver.SslOptionsConfigure.enabledProtocols(java.lang.String[])	CtMethodImpl	public
io.esastack.httpserver.NetOptions.soSendbuf	CtFieldReferenceImpl	private
io.esastack.httpserver.SslOptionsConfigure.sessionTimeout(long)	CtMethodImpl	public
io.esastack.httpserver.impl.Http1ResponseImpl(io.esastack.httpserver.impl.Http1RequestHandleImpl,boolean)	CtConstructorImpl	package-private
io.esastack.httpserver.metrics.impl.ConnectionMetricsImpl.activeHttpsConnections()	CtMethodImpl	public
io.esastack.httpserver.SslOptions.getKeyPassword()	CtMethodImpl	public
io.esastack.httpserver.impl.HttpServerChannelInitializr.buildHttp2ConnectionHandler()	CtMethodImpl	private
io.esastack.httpserver.impl.SslHelper.createContext(boolean)	CtMethodImpl	private
io.netty.handler.codec.ByteToMessageDecoder.STATE_HANDLER_REMOVED_PENDING	CtFieldReferenceImpl	private
io.esastack.httpserver.metrics.impl.MetricsImpl$Disabled()	CtConstructorImpl	private
io.esastack.httpserver.impl.BaseRequestHandle	CtClassImpl	package-private
io.esastack.httpserver.ServerOptionsConfigure.compressionLevel(int)	CtMethodImpl	public
io.esastack.httpserver.SslOptionsConfigure.clientAuth	CtFieldReferenceImpl	private
io.esastack.httpserver.NetOptions.setWriteBufferLowWaterMark(int)	CtMethodImpl	public
io.esastack.httpserver.ServerOptionsConfigure.idleTimeoutSeconds(int)	CtMethodImpl	public
io.netty.handler.codec.http.HttpObjectDecoder.message	CtFieldReferenceImpl	private
io.esastack.httpserver.impl.Http1ResponseImpl.doSendFile(java.io.File,long,long)	CtMethodImpl	package-private
io.esastack.httpserver.impl.MultipartFileImpl.contentTransferEncoding()	CtMethodImpl	public
io.esastack.httpserver.ServerOptionsConfigure.soSendbuf(int)	CtMethodImpl	public
io.esastack.httpserver.impl.Http2Handler.write100(io.netty.channel.ChannelHandlerContext,io.netty.handler.codec.http2.Http2Stream,int,short,boolean)	CtMethodImpl	private
io.esastack.httpserver.impl.BaseResponse.setStatus(int)	CtMethodImpl	public
io.esastack.httpserver.MultipartOptions.maxSize	CtFieldReferenceImpl	private
io.netty.util.concurrent.DefaultPromise.logger	CtFieldReferenceImpl	private
io.netty.handler.codec.http.HttpObjectDecoder.headerParser	CtFieldReferenceImpl	private
io.esastack.httpserver.SslOptions()	CtConstructorImpl	public
io.esastack.httpserver.impl.Http2ChunkedInput$LastContent(io.netty.buffer.ByteBuf,io.netty.handler.codec.http2.Http2Headers,int,int,short,boolean)	CtConstructorImpl	package-private
io.esastack.httpserver.ServerOptions.getMaxChunkSize()	CtMethodImpl	public
io.esastack.httpserver.MultipartOptionsConfigure.memoryThreshold(long)	CtMethodImpl	public
io.esastack.httpserver.metrics.impl.OpenSslSessionMetricsImpl.acceptGood()	CtMethodImpl	public
io.esastack.httpserver.MultipartOptions.isUseDisk()	CtMethodImpl	public
io.esastack.httpserver.impl.Http1ResponseImpl.headers()	CtMethodImpl	public
io.netty.util.concurrent.DefaultPromise.listeners	CtFieldReferenceImpl	private
io.esastack.httpserver.impl.Http2ConnectionChunkHandlerBuilder	CtClassImpl	package-private
io.esastack.httpserver.NetOptions.getSoLinger()	CtMethodImpl	public
io.esastack.httpserver.metrics.impl.Disabled.activeHttp2Connections()	CtMethodImpl	public
io.esastack.httpserver.impl.ServerRuntime.closeFuture()	CtMethodImpl	public
io.esastack.httpserver.impl.SslDetector(io.esastack.httpserver.impl.SslHelper,esa.commons.function.Consumer3<java.lang.Boolean, io.netty.channel.Channel, java.lang.Throwable>)	CtConstructorImpl	package-private
io.esastack.httpserver.impl.Http2ResponseImpl.doEnd(io.netty.buffer.ByteBuf,boolean,boolean)	CtMethodImpl	package-private
io.esastack.httpserver.SslOptionsConfigure.ciphers	CtFieldReferenceImpl	private
io.esastack.httpserver.impl.ServerRuntime.Running	CtClassImpl	package-private
io.netty.handler.codec.http2.Http2ConnectionHandler.HTTP_1_X_BUF	CtFieldReferenceImpl	private
io.esastack.httpserver.impl.Http2Handler.EXPECTATION_FAILED	CtFieldReferenceImpl	private
io.esastack.httpserver.impl.ServerRuntime.shutdownStatus()	CtMethodImpl	public
io.esastack.httpserver.impl.AggregationHandle(io.netty.channel.ChannelHandlerContext)	CtConstructorImpl	package-private
io.esastack.httpserver.impl.Http1Handler.end()	CtMethodImpl	private
io.esastack.httpserver.impl.BaseRequestHandle.checkEnded()	CtMethodImpl	private
io.netty.util.DefaultAttributeMap.BUCKET_SIZE	CtFieldReferenceImpl	private
io.esastack.httpserver.ServerOptionsConfigure.options	CtFieldReferenceImpl	private
io.esastack.httpserver.impl.ServerRuntime$Running(java.net.SocketAddress,io.netty.channel.EventLoopGroup,io.netty.channel.EventLoopGroup)	CtConstructorImpl	private
io.esastack.httpserver.impl.Http1Handler	CtClassImpl	package-private
io.esastack.httpserver.impl.BaseRequestHandle.aggregation	CtFieldReferenceImpl	private
io.esastack.httpserver.ServerOptionsConfigure.maxChunkSize	CtFieldReferenceImpl	private
io.netty.handler.codec.ByteToMessageDecoder.MERGE_CUMULATOR	CtFieldReferenceImpl	public
io.netty.handler.codec.http2.Http2ConnectionHandler.byteDecoder	CtFieldReferenceImpl	private
io.esastack.httpserver.impl.HAProxyDetector.decode(io.netty.channel.ChannelHandlerContext,io.netty.buffer.ByteBuf,java.util.List<java.lang.Object>)	CtMethodImpl	protected
io.esastack.httpserver.NetOptions.childOptions	CtFieldReferenceImpl	private
io.esastack.httpserver.impl.HAProxyDetector()	CtConstructorImpl	package-private
io.esastack.httpserver.impl.SslHelper.detectSslProvider()	CtMethodImpl	private
io.esastack.httpserver.impl.BaseRequestHandle.aggregate(boolean)	CtMethodImpl	public
io.esastack.httpserver.impl.ServerRuntime.multipartDataFactory()	CtMethodImpl	public
io.netty.handler.codec.http2.AbstractHttp2ConnectionHandlerBuilder.decoder	CtFieldReferenceImpl	private
io.esastack.httpserver.ServerOptions.isCompress()	CtMethodImpl	public
io.esastack.httpserver.NetOptions.isTcpQuickAck()	CtMethodImpl	public
io.esastack.httpserver.impl.BaseResponse.request	CtFieldReferenceImpl	package-private
io.esastack.httpserver.impl.H2cDetector.userEventTriggered(io.netty.channel.ChannelHandlerContext,java.lang.Object)	CtMethodImpl	public
io.esastack.httpserver.H2OptionsConfigure.maxReservedStreams(int)	CtMethodImpl	public
io.netty.handler.codec.http.HttpObjectDecoder.DEFAULT_MAX_HEADER_SIZE	CtFieldReferenceImpl	public
io.esastack.httpserver.impl.Http2ChunkedInput.length()	CtMethodImpl	public
io.esastack.httpserver.impl.Utils.toErrorMsg(io.esastack.httpserver.impl.BaseResponse,java.lang.Throwable)	CtMethodImpl	package-private
io.netty.handler.codec.http2.AbstractHttp2ConnectionHandlerBuilder.encoderIgnoreMaxHeaderListSize	CtFieldReferenceImpl	private
io.esastack.httpserver.impl.AggregatedLastHttpContent.toString()	CtMethodImpl	public
io.esastack.httpserver.ServerOptionsConfigure.soRcvbuf	CtFieldReferenceImpl	private
io.netty.handler.codec.http.DefaultHttpContent.content	CtFieldReferenceImpl	private
io.esastack.httpserver.impl.Http2ConnectionChunkHandler(io.netty.handler.codec.http2.Http2ConnectionDecoder,io.netty.handler.codec.http2.Http2ConnectionEncoder,io.netty.handler.codec.http2.Http2Settings,boolean)	CtConstructorImpl	package-private
io.esastack.httpserver.impl.Http2ResponseImpl.isTrailerAbsent()	CtMethodImpl	private
io.esastack.httpserver.ServerOptions.setHaProxy(io.esastack.httpserver.HAProxyMode)	CtMethodImpl	public
io.esastack.httpserver.SslOptions.serialVersionUID	CtFieldReferenceImpl	private
io.esastack.httpserver.impl.Utils.tryRelease(io.netty.util.ReferenceCounted)	CtMethodImpl	package-private
io.esastack.httpserver.impl.BaseRequestHandle.onTrailer	CtFieldReferenceImpl	private
io.esastack.httpserver.impl.BaseRequestHandle.handleContent(io.netty.buffer.ByteBuf)	CtMethodImpl	package-private
io.esastack.httpserver.impl.HAProxyDetector.exceptionCaught(io.netty.channel.ChannelHandlerContext,java.lang.Throwable)	CtMethodImpl	public
io.esastack.httpserver.impl.Http2ConnectionChunkHandlerBuilder.codec(io.netty.handler.codec.http2.Http2ConnectionDecoder,io.netty.handler.codec.http2.Http2ConnectionEncoder)	CtMethodImpl	public
io.esastack.httpserver.NetOptions(io.esastack.httpserver.NetOptions)	CtConstructorImpl	public
io.esastack.httpserver.metrics.impl.Disabled.enabled()	CtMethodImpl	public
io.esastack.httpserver.impl.Http2ResponseImpl.isWritable()	CtMethodImpl	public
io.esastack.httpserver.metrics.impl.ConnectionMetricsImpl.HTTP_UNIT	CtFieldReferenceImpl	private
io.esastack.httpserver.MultipartOptions.tempDir	CtFieldReferenceImpl	private
io.esastack.httpserver.NetOptions.soKeepalive	CtFieldReferenceImpl	private
io.esastack.httpserver.ServerOptions.setMaxChunkSize(int)	CtMethodImpl	public
io.esastack.httpserver.impl.BaseResponse.isEnded()	CtMethodImpl	public
io.esastack.httpserver.metrics.impl.Disabled.activeConnections()	CtMethodImpl	public
io.esastack.httpserver.metrics.impl.OpenSslSessionMetricsImpl.hits()	CtMethodImpl	public
io.esastack.httpserver.impl.Http2ChunkedInput.streamId	CtFieldReferenceImpl	private
io.esastack.httpserver.NetOptions.writeBufferHighWaterMark	CtFieldReferenceImpl	private
io.esastack.httpserver.impl.Http1Handler.error(java.lang.Throwable,java.util.function.Consumer<io.esastack.httpserver.impl.Http1RequestHandleImpl>,java.util.function.Consumer<io.esastack.httpserver.impl.Http1RequestHandleImpl>)	CtMethodImpl	private
io.esastack.httpserver.metrics.impl.MetricsImpl	CtClassImpl	public
io.esastack.httpserver.metrics.impl.MetricsImpl.isHttps(io.netty.channel.Channel)	CtMethodImpl	private
io.esastack.httpserver.impl.Http2ConnectionChunkHandler.handlerAdded(io.netty.channel.ChannelHandlerContext)	CtMethodImpl	public
io.esastack.httpserver.impl.HttpServerChannelInitializr.options()	CtMethodImpl	private
io.esastack.httpserver.impl.Http2Handler.isContentLengthInvalid(io.netty.handler.codec.http2.Http2Headers)	CtMethodImpl	private
io.esastack.httpserver.impl.HttpServerChannelInitializr.addHttp1Handler(io.netty.channel.Channel)	CtMethodImpl	private
io.esastack.httpserver.impl.BaseRequestHandle.cookies	CtFieldReferenceImpl	package-private
io.esastack.httpserver.metrics.impl.ConnectionMetricsImpl$Disabled()	CtConstructorImpl	private
io.esastack.httpserver.impl.BaseRequestHandle.toString()	CtMethodImpl	public
io.esastack.httpserver.impl.BaseResponse.status()	CtMethodImpl	public
io.esastack.httpserver.ServerOptionsConfigure.reuseAddress(boolean)	CtMethodImpl	public
io.esastack.httpserver.utils.Constants.TTFB	CtFieldReferenceImpl	public
io.esastack.httpserver.ServerOptions.getH2()	CtMethodImpl	public
io.netty.channel.SimpleChannelInboundHandler.matcher	CtFieldReferenceImpl	private
io.esastack.httpserver.ServerOptions.setMultipart(io.esastack.httpserver.MultipartOptions)	CtMethodImpl	public
io.esastack.httpserver.impl.HttpServerImpl.close()	CtMethodImpl	public
io.esastack.httpserver.NetOptions.getChannelHandlers()	CtMethodImpl	public
io.esastack.httpserver.impl.Empty.uploadFiles()	CtMethodImpl	public
io.esastack.httpserver.impl.BaseRequestHandle.remoteAddress	CtFieldReferenceImpl	package-private
io.esastack.httpserver.impl.Http2Handler.CONTINUE	CtFieldReferenceImpl	private
io.esastack.httpserver.impl.Http2Handler.runtime	CtFieldReferenceImpl	private
io.esastack.httpserver.impl.HttpServerImpl.handler	CtFieldReferenceImpl	private
io.esastack.httpserver.metrics.impl.MetricsImpl.connection()	CtMethodImpl	public
io.esastack.httpserver.ServerOptions.setCompressionLevel(int)	CtMethodImpl	public
io.esastack.httpserver.transport.Transports	CtClassImpl	public
io.esastack.httpserver.NetOptions.tcpNoDelay	CtFieldReferenceImpl	private
io.esastack.httpserver.metrics.impl.MetricsImpl.openSslSession()	CtMethodImpl	public
io.esastack.httpserver.impl.AggregationHandle.ctx	CtFieldReferenceImpl	private
io.esastack.httpserver.metrics.impl.ConnectionMetricsImpl.decrementActiveHttp1Connections()	CtMethodImpl	package-private
io.esastack.httpserver.metrics.impl.ConnectionMetricsImpl.http1ConnectionCount()	CtMethodImpl	public
io.esastack.httpserver.metrics.impl.MetricsImpl.reportRequest(io.esastack.httpserver.core.BaseRequest)	CtMethodImpl	public
io.esastack.httpserver.metrics.impl.RequestMetricsImpl()	CtConstructorImpl	package-private
io.netty.util.concurrent.DefaultPromise.executor	CtFieldReferenceImpl	private
io.esastack.httpserver.impl.SslHelper.ssl	CtFieldReferenceImpl	private
io.esastack.httpserver.SslOptionsConfigure.clientAuth(io.netty.handler.ssl.ClientAuth)	CtMethodImpl	public
io.esastack.httpserver.impl.BaseResponse.tryEnd()	CtMethodImpl	private
io.esastack.httpserver.impl.MultipartFileImpl.file()	CtMethodImpl	public
io.netty.handler.codec.http2.AbstractHttp2ConnectionHandlerBuilder.promisedRequestVerifier	CtFieldReferenceImpl	private
io.esastack.httpserver.impl.Http1ResponseImpl.buildFullResponse(io.netty.buffer.ByteBuf)	CtMethodImpl	private
io.esastack.httpserver.impl.HAProxyMessageHandler	CtClassImpl	package-private
io.esastack.httpserver.ServerOptionsConfigure.keepAliveEnable(boolean)	CtMethodImpl	public
io.esastack.httpserver.impl.Http2ResponseImpl.weight	CtFieldReferenceImpl	private
io.esastack.httpserver.H2OptionsConfigure.enabled(boolean)	CtMethodImpl	public
io.esastack.httpserver.NetOptions.isReusePort()	CtMethodImpl	public
io.esastack.httpserver.impl.Http1Handler.channelInactive(io.netty.channel.ChannelHandlerContext)	CtMethodImpl	public
io.esastack.httpserver.metrics.impl.OpenSslSessionMetricsImpl.number()	CtMethodImpl	public
io.esastack.httpserver.ServerOptionsConfigure.metricsEnabled	CtFieldReferenceImpl	private
io.esastack.httpserver.impl.BaseResponse.write0(byte[],int,int)	CtMethodImpl	private
io.esastack.httpserver.impl.ServerRuntime.name	CtFieldReferenceImpl	private
io.esastack.httpserver.NetOptions.getWriteBufferLowWaterMark()	CtMethodImpl	public
io.esastack.httpserver.impl.Http2ChunkedInput.isEndOfInput()	CtMethodImpl	public
io.esastack.httpserver.impl.ServerRuntime.Running.ioGroup	CtFieldReferenceImpl	package-private
io.esastack.httpserver.impl.AggregatedLastHttpContent.decoderResult()	CtMethodImpl	public
io.esastack.httpserver.impl.ServerRuntime.setClosed()	CtMethodImpl	package-private
io.esastack.httpserver.impl.Http2Handler.onHeadersRead(io.netty.channel.ChannelHandlerContext,int,io.netty.handler.codec.http2.Http2Headers,int,short,boolean,int,boolean)	CtMethodImpl	public
io.esastack.httpserver.impl.MultipartFileImpl.delete()	CtMethodImpl	public
io.esastack.httpserver.impl.Http1Handler.runtime	CtFieldReferenceImpl	private
io.esastack.httpserver.impl.BaseResponse.status	CtFieldReferenceImpl	package-private
io.esastack.httpserver.impl.Http1Handler.channelRead0(io.netty.channel.ChannelHandlerContext,io.netty.handler.codec.http.HttpObject)	CtMethodImpl	protected
io.esastack.httpserver.impl.Http1RequestHandleImpl	CtClassImpl	package-private
io.esastack.httpserver.SslOptions(io.esastack.httpserver.SslOptions)	CtConstructorImpl	public
io.esastack.httpserver.impl.BaseRequestHandle.onTrailer(java.util.function.Consumer<io.esastack.commons.net.http.HttpHeaders>)	CtMethodImpl	public
io.netty.handler.codec.http2.AbstractHttp2ConnectionHandlerBuilder.DEFAULT_HEADER_SENSITIVITY_DETECTOR	CtFieldReferenceImpl	private
io.esastack.httpserver.ServerOptionsConfigure.decompress(boolean)	CtMethodImpl	public
io.netty.handler.codec.ByteToMessageDecoder.discardAfterReads	CtFieldReferenceImpl	private
io.esastack.httpserver.MultipartOptions.setMemoryThreshold(long)	CtMethodImpl	public
io.esastack.httpserver.impl.BaseRequestHandle.isEnded	CtFieldReferenceImpl	package-private
io.esastack.httpserver.impl.RequestDecoder(int,int,int)	CtConstructorImpl	package-private
io.esastack.httpserver.utils.LoggedThreadFactory	CtClassImpl	public
io.esastack.httpserver.impl.Http2Handler.end(io.netty.handler.codec.http2.Http2Stream,io.esastack.httpserver.impl.Http2RequestHandleImpl)	CtMethodImpl	private
io.esastack.httpserver.SslOptionsConfigure.sessionTimeout	CtFieldReferenceImpl	private
io.esastack.httpserver.NetOptions	CtClassImpl	public
io.esastack.httpserver.impl.BaseResponse.ensureCommitExclusively()	CtMethodImpl	package-private
io.esastack.httpserver.impl.HttpServerImpl.onDisconnected	CtFieldReferenceImpl	private
io.esastack.httpserver.metrics.impl.MetricsImpl.DISABLED	CtFieldReferenceImpl	private
io.netty.handler.codec.http2.AbstractHttp2ConnectionHandlerBuilder.autoAckPingFrame	CtFieldReferenceImpl	private
io.esastack.httpserver.impl.Http2Handler.TOO_LARGE	CtFieldReferenceImpl	private
io.esastack.httpserver.impl.AggregationHandle.appendPartialContent(io.netty.buffer.ByteBuf)	CtMethodImpl	package-private
io.esastack.httpserver.impl.HttpServerImpl.onClose(java.lang.Runnable)	CtMethodImpl	public
io.netty.util.concurrent.DefaultPromise.RESULT_UPDATER	CtFieldReferenceImpl	private
io.esastack.httpserver.impl.BaseResponse.IDLE	CtFieldReferenceImpl	private
io.esastack.httpserver.impl.BaseResponse.end(io.netty.buffer.ByteBuf)	CtMethodImpl	public
io.esastack.httpserver.impl.Http1ResponseImpl.isKeepAlive()	CtMethodImpl	public
io.esastack.httpserver.impl.BaseRequestHandle.paramMap()	CtMethodImpl	public
io.esastack.httpserver.impl.Http1Handler.decodeError(io.netty.channel.ChannelHandlerContext,io.netty.handler.codec.http.HttpObject)	CtMethodImpl	private
io.esastack.httpserver.impl.Http2ConnectionChunkHandlerBuilder.maxReservedStreams(int)	CtMethodImpl	public
io.esastack.httpserver.metrics.impl.ConnectionMetricsImpl.http1ConnectionCount	CtFieldReferenceImpl	package-private
io.esastack.httpserver.impl.Utils()	CtConstructorImpl	private
io.esastack.httpserver.ServerOptionsConfigure.preferNativeTransport	CtFieldReferenceImpl	private
io.esastack.httpserver.impl.HttpServerImpl.listen0(java.net.SocketAddress)	CtMethodImpl	private
io.esastack.httpserver.impl.BaseRequestHandle.path()	CtMethodImpl	public
io.esastack.httpserver.NetOptions.isPreferNativeTransport()	CtMethodImpl	public
io.esastack.httpserver.impl.Http2ChunkedInput.input	CtFieldReferenceImpl	private
io.esastack.httpserver.NetOptions.logging	CtFieldReferenceImpl	private
io.esastack.httpserver.impl.Http2ChunkedInput.weight	CtFieldReferenceImpl	private
io.netty.handler.codec.http2.Http2ConnectionHandler.closeListener	CtFieldReferenceImpl	private
io.esastack.httpserver.impl.CloseFuture.trySuccess(java.lang.Void)	CtMethodImpl	public
io.esastack.httpserver.impl.Http1RequestHandleImpl.response	CtFieldReferenceImpl	private
io.esastack.httpserver.impl.Http2ChunkedInput.LastContent	CtClassImpl	package-private
io.esastack.httpserver.impl.Utils.safeRunInChannel(io.netty.channel.ChannelHandlerContext,java.lang.Runnable,io.netty.channel.ChannelPromise,java.lang.Object)	CtMethodImpl	package-private
io.esastack.httpserver.ServerOptionsConfigure.tcpFastOpen	CtFieldReferenceImpl	private
io.netty.channel.ChannelInitializer.logger	CtFieldReferenceImpl	private
io.esastack.httpserver.ServerOptions.getMaxContentLength()	CtMethodImpl	public
io.esastack.httpserver.impl.Http1Handler.resetNow()	CtMethodImpl	private
io.esastack.httpserver.metrics.impl.Disabled.acceptRenegotiate()	CtMethodImpl	public
io.netty.handler.codec.http2.AbstractHttp2ConnectionHandlerBuilder.headerSensitivityDetector	CtFieldReferenceImpl	private
io.esastack.httpserver.ServerOptions.bossThreads	CtFieldReferenceImpl	private
io.esastack.httpserver.metrics.impl.ConnectionMetricsImpl.decrementActiveHttp2Connections()	CtMethodImpl	package-private
io.netty.channel.SimpleChannelInboundHandler.autoRelease	CtFieldReferenceImpl	private
io.esastack.httpserver.impl.RequestDecoder	CtClassImpl	package-private
io.esastack.httpserver.impl.Utils.tryFailure(io.netty.util.concurrent.Promise<?>,java.lang.Throwable)	CtMethodImpl	package-private
io.netty.handler.codec.ByteToMessageDecoder.singleDecode	CtFieldReferenceImpl	private
io.esastack.httpserver.NetOptions.setReuseAddress(boolean)	CtMethodImpl	public
io.esastack.httpserver.NetOptions.getOptions()	CtMethodImpl	public
io.esastack.httpserver.impl.Http2ConnectionChunkHandlerBuilder.encoderIgnoreMaxHeaderListSize(boolean)	CtMethodImpl	public
io.esastack.httpserver.impl.ServerRuntime.buildMultipartDataFactory()	CtMethodImpl	private
io.esastack.httpserver.impl.Http2ChunkedInput.exclusive	CtFieldReferenceImpl	private
io.esastack.httpserver.impl.HttpServerChannelInitializr.addHttp2Handlers(io.netty.channel.Channel)	CtMethodImpl	private
io.esastack.httpserver.impl.Http2ResponseImpl.headers	CtFieldReferenceImpl	private
io.esastack.httpserver.impl.ServerRuntime(java.lang.String,io.esastack.httpserver.ServerOptions,io.esastack.httpserver.impl.HttpServerImpl.CloseFuture)	CtConstructorImpl	package-private
io.esastack.httpserver.ServerOptions.getSsl()	CtMethodImpl	public
io.esastack.httpserver.impl.Http2ResponseImpl.encoder	CtFieldReferenceImpl	private
io.esastack.httpserver.MultipartOptionsConfigure.newOpts()	CtMethodImpl	public
io.esastack.httpserver.impl.Http1ResponseImpl.doWrite(io.netty.buffer.ByteBuf,boolean)	CtMethodImpl	package-private
io.esastack.httpserver.impl.AggregatedLastHttpContent.release(int)	CtMethodImpl	public
io.esastack.httpserver.H2Options.setMaxFrameSize(int)	CtMethodImpl	public
io.esastack.httpserver.impl.Http2ConnectionChunkHandlerBuilder.validateHeaders(boolean)	CtMethodImpl	public
io.esastack.httpserver.impl.AggregatedLastHttpContent.appendHeaders(java.lang.StringBuilder)	CtMethodImpl	private
io.esastack.httpserver.impl.Http2ResponseImpl.trailers()	CtMethodImpl	public
io.esastack.httpserver.metrics.impl.MetricsImpl.of(boolean)	CtMethodImpl	public
io.esastack.httpserver.transport.EpollTransport()	CtConstructorImpl	public
io.netty.util.DefaultAttributeMap.attributes	CtFieldReferenceImpl	private
io.esastack.httpserver.ServerOptionsConfigure.writeBufferLowWaterMark(int)	CtMethodImpl	public
io.esastack.httpserver.utils.LoggedThreadFactory.nextId	CtFieldReferenceImpl	private
io.esastack.httpserver.impl.BaseRequestHandle.release()	CtMethodImpl	private
io.esastack.httpserver.ServerOptions.maxInitialLineLength	CtFieldReferenceImpl	private
io.netty.handler.codec.http2.AbstractHttp2ConnectionHandlerBuilder.maxReservedStreams	CtFieldReferenceImpl	private
io.esastack.httpserver.impl.Http2ResponseImpl.safeRunInChannel(java.lang.Runnable,io.netty.channel.ChannelPromise,java.lang.Object)	CtMethodImpl	private
io.esastack.httpserver.ServerOptions.setCompress(boolean)	CtMethodImpl	public
io.esastack.httpserver.metrics.impl.OpenSslSessionMetricsImpl.ticketKeyRenew()	CtMethodImpl	public
io.esastack.httpserver.H2Options(io.esastack.httpserver.H2Options)	CtConstructorImpl	public
io.esastack.httpserver.impl.HttpServerImpl.close0()	CtMethodImpl	private
io.esastack.httpserver.impl.BaseRequestHandle.tcpSourceAddress()	CtMethodImpl	public
io.netty.handler.codec.http.HttpObjectDecoder.DEFAULT_CHUNKED_SUPPORTED	CtFieldReferenceImpl	public
io.esastack.httpserver.ServerOptions.setMaxContentLength(long)	CtMethodImpl	public
io.esastack.httpserver.metrics.impl.ConnectionMetricsImpl.httpConnectionCount()	CtMethodImpl	public
io.esastack.httpserver.impl.Http2HeadersImpl	CtClassImpl	package-private
io.esastack.httpserver.ServerOptionsConfigure.childOptions(java.util.Map<io.netty.channel.ChannelOption<?>, java.lang.Object>)	CtMethodImpl	public
io.esastack.httpserver.impl.MultipartHandle.decoder	CtFieldReferenceImpl	private
io.esastack.httpserver.ServerOptionsConfigure.h2	CtFieldReferenceImpl	private
io.esastack.httpserver.ServerOptionsConfigure.daemon	CtFieldReferenceImpl	private
io.esastack.httpserver.ServerOptionsConfigure.childOption(io.netty.channel.ChannelOption<T>,T)	CtMethodImpl	public
io.esastack.httpserver.MultipartOptions.memoryThreshold	CtFieldReferenceImpl	private
io.esastack.httpserver.transport.EpollTransport.serverChannelFactory(java.net.SocketAddress)	CtMethodImpl	public
io.esastack.httpserver.metrics.impl.MetricsImpl.HTTP_VERSION	CtFieldReferenceImpl	private
io.esastack.httpserver.impl.HttpServerImpl.checkStarted()	CtMethodImpl	private
io.netty.handler.codec.http.HttpObjectDecoder.resetRequested	CtFieldReferenceImpl	private
io.esastack.httpserver.impl.Utils.checkIndex(byte[],int,int)	CtMethodImpl	package-private
io.esastack.httpserver.H2Options.gracefulShutdownTimeoutMillis	CtFieldReferenceImpl	private
io.netty.handler.codec.http.HttpObjectDecoder.value	CtFieldReferenceImpl	private
io.esastack.httpserver.metrics.impl.MetricsImpl.reportConnect(io.netty.channel.Channel,io.esastack.commons.net.http.HttpVersion)	CtMethodImpl	public
io.esastack.httpserver.impl.AggregatedLastHttpContent.retain(int)	CtMethodImpl	public
io.esastack.httpserver.impl.BaseRequestHandle.localAddress()	CtMethodImpl	public
io.esastack.httpserver.impl.Http2ChunkedInput.Content	CtClassImpl	package-private
io.netty.handler.codec.http.LastHttpContent.EMPTY_LAST_CONTENT	CtFieldReferenceImpl	package-private
io.esastack.httpserver.impl.AggregationHandle.Empty	CtClassImpl	private
io.esastack.httpserver.impl.MultipartHandle$Empty()	CtConstructorImpl	private
io.netty.handler.codec.ByteToMessageDecoder.decodeState	CtFieldReferenceImpl	private
io.esastack.httpserver.impl.Http2RequestHandleImpl.response	CtFieldReferenceImpl	private
io.esastack.httpserver.MultipartOptions.getCharset()	CtMethodImpl	public
io.esastack.httpserver.impl.AggregatedLastHttpContent.touch()	CtMethodImpl	public
io.esastack.httpserver.impl.BaseResponse.onEndFuture()	CtMethodImpl	public
io.esastack.httpserver.impl.Http2Handler.handleTrailer(io.netty.handler.codec.http2.Http2Stream,io.esastack.httpserver.impl.Http2RequestHandleImpl,io.esastack.commons.net.http.HttpHeaders)	CtMethodImpl	private
io.esastack.httpserver.SslOptionsConfigure.configured()	CtMethodImpl	public
io.netty.util.DefaultAttributeMap.updater	CtFieldReferenceImpl	private
io.esastack.httpserver.ServerOptionsConfigure.bossThreads(int)	CtMethodImpl	public
io.esastack.httpserver.ServerOptionsConfigure.reusePort(boolean)	CtMethodImpl	public
io.esastack.httpserver.impl.HttpServerChannelInitializr.sslHelper	CtFieldReferenceImpl	private
io.esastack.httpserver.impl.AggregatedLastHttpContent.release()	CtMethodImpl	public
io.esastack.httpserver.impl.AggregatedLastHttpContent.duplicate()	CtMethodImpl	public
io.esastack.httpserver.SslOptionsConfigure.newOpts()	CtMethodImpl	public
io.esastack.httpserver.impl.Http2Handler.error(io.netty.handler.codec.http2.Http2Stream,io.esastack.httpserver.impl.Http2RequestHandleImpl,java.lang.Throwable,java.util.function.Consumer<io.esastack.httpserver.impl.Http2RequestHandleImpl>)	CtMethodImpl	private
io.esastack.httpserver.impl.HttpServerImpl.options()	CtMethodImpl	private
io.esastack.httpserver.metrics.impl.ConnectionMetricsImpl.HTTP2_MASK	CtFieldReferenceImpl	private
io.esastack.httpserver.NetOptions.serialVersionUID	CtFieldReferenceImpl	private
io.netty.util.concurrent.DefaultPromise.CANCELLATION_STACK	CtFieldReferenceImpl	private
io.netty.handler.codec.ByteToMessageDecoder.cumulator	CtFieldReferenceImpl	private
io.esastack.httpserver.ServerOptions.setSsl(io.esastack.httpserver.SslOptions)	CtMethodImpl	public
io.esastack.httpserver.impl.Http2ChunkedInput.LastContent.streamDependency	CtFieldReferenceImpl	package-private
io.esastack.httpserver.ServerOptions.metricsEnabled	CtFieldReferenceImpl	private
io.netty.handler.codec.http2.AbstractHttp2ConnectionHandlerBuilder.maxQueuedControlFrames	CtFieldReferenceImpl	private
io.esastack.httpserver.impl.RequestDecoder.createMessage(java.lang.String[])	CtMethodImpl	protected
io.esastack.httpserver.impl.Http2RequestHandleImpl(io.esastack.httpserver.impl.ServerRuntime,io.netty.channel.ChannelHandlerContext,io.netty.handler.codec.http2.Http2ConnectionEncoder,java.lang.String,io.esastack.commons.net.http.HttpMethod,java.lang.String,io.netty.handler.codec.http2.Http2Headers,io.netty.handler.codec.http2.Http2Stream,int,short,boolean)	CtConstructorImpl	private
io.esastack.httpserver.impl.HttpServerImpl.address()	CtMethodImpl	public
io.esastack.httpserver.SslOptionsConfigure.keyPassword	CtFieldReferenceImpl	private
io.esastack.httpserver.metrics.impl.ConnectionMetricsImpl.incrementActiveHttpConnections()	CtMethodImpl	package-private
io.netty.util.concurrent.DefaultPromise.SUCCESS	CtFieldReferenceImpl	private
io.esastack.httpserver.utils.Constants	CtClassImpl	public
io.esastack.httpserver.H2OptionsConfigure.maxFrameSize(int)	CtMethodImpl	public
io.esastack.httpserver.NetOptions.getChildOptions()	CtMethodImpl	public
io.esastack.httpserver.impl.HttpServerImpl.metrics()	CtMethodImpl	public
io.esastack.httpserver.impl.Utils.trySuccess(io.netty.util.concurrent.Promise<? super V>,V)	CtMethodImpl	package-private
io.esastack.httpserver.ServerOptions.multipart	CtFieldReferenceImpl	private
io.esastack.httpserver.impl.Http2ConnectionChunkHandlerBuilder.decoupleCloseAndGoAway(boolean)	CtMethodImpl	public
io.esastack.httpserver.SslOptions.sessionCacheSize	CtFieldReferenceImpl	private
io.esastack.httpserver.impl.MultipartHandle.Empty	CtClassImpl	private
io.esastack.httpserver.impl.HAProxyMessageHandler()	CtConstructorImpl	package-private
io.esastack.httpserver.impl.BaseResponse.end0(byte[],int,int)	CtMethodImpl	private
io.esastack.httpserver.impl.ServerRuntime.Running.address	CtFieldReferenceImpl	package-private
io.esastack.httpserver.impl.BaseRequestHandle.query()	CtMethodImpl	public
io.esastack.httpserver.metrics.impl.Disabled.ticketKeyNew()	CtMethodImpl	public
io.esastack.httpserver.metrics.impl.MetricsImpl()	CtConstructorImpl	private
io.esastack.httpserver.ServerOptionsConfigure.idleTimeoutSeconds	CtFieldReferenceImpl	private
io.esastack.httpserver.impl.Http2ResponseImpl.CLOSE_LOCK	CtFieldReferenceImpl	private
io.esastack.httpserver.ServerOptionsConfigure.reusePort	CtFieldReferenceImpl	private
io.esastack.httpserver.ServerOptionsConfigure.soBacklog	CtFieldReferenceImpl	private
io.esastack.httpserver.impl.Http1ResponseImpl.headers	CtFieldReferenceImpl	private
io.esastack.httpserver.impl.ServerRuntime.name()	CtMethodImpl	public
io.netty.handler.codec.http.HttpObjectDecoder.name	CtFieldReferenceImpl	private
io.esastack.httpserver.transport.NioTransport.loop(int,java.util.concurrent.ThreadFactory)	CtMethodImpl	public
io.netty.channel.ChannelHandlerAdapter.added	CtFieldReferenceImpl	package-private
io.netty.handler.codec.http2.Http2ConnectionHandler.encoder	CtFieldReferenceImpl	private
io.esastack.httpserver.H2OptionsConfigure.configured()	CtMethodImpl	public
io.esastack.httpserver.metrics.impl.OpenSslSessionMetricsImpl.timeouts()	CtMethodImpl	public
io.esastack.httpserver.impl.BaseRequestHandle.remoteAddress()	CtMethodImpl	public
io.esastack.httpserver.impl.Http2RequestHandleImpl.headers()	CtMethodImpl	public
io.esastack.httpserver.impl.BaseRequestHandle.onError(java.util.function.Consumer<java.lang.Throwable>)	CtMethodImpl	public
io.esastack.httpserver.SslOptions.setCertificate(java.io.File)	CtMethodImpl	public
io.esastack.httpserver.impl.Http1Handler.write417(io.netty.channel.ChannelHandlerContext,boolean)	CtMethodImpl	private
io.esastack.httpserver.impl.Http1Handler.isKeepAlive(io.netty.handler.codec.http.HttpRequest)	CtMethodImpl	private
io.esastack.httpserver.impl.Utils.handleException(io.netty.channel.ChannelHandlerContext,java.lang.Throwable)	CtMethodImpl	package-private
io.esastack.httpserver.SslOptionsConfigure()	CtConstructorImpl	private
io.esastack.httpserver.metrics.impl.ConnectionMetricsImpl.DISABLED	CtFieldReferenceImpl	package-private
io.esastack.httpserver.transport.NioTransport.serverChannelFactory(java.net.SocketAddress)	CtMethodImpl	public
io.esastack.httpserver.impl.Http1ResponseImpl.inEventLoop()	CtMethodImpl	private
io.esastack.httpserver.impl.ServerRuntime.isRunning()	CtMethodImpl	public
io.esastack.httpserver.metrics.impl.ConnectionMetricsImpl.http2ConnectionCount	CtFieldReferenceImpl	package-private
io.esastack.httpserver.ServerOptions.getMaxHeaderSize()	CtMethodImpl	public
io.esastack.httpserver.impl.CloseFuture.setSuccess(java.lang.Void)	CtMethodImpl	public
io.esastack.httpserver.impl.BaseRequestHandle.multipart(boolean)	CtMethodImpl	public
io.esastack.httpserver.impl.Http2ConnectionChunkHandler	CtClassImpl	package-private
io.esastack.httpserver.impl.Http2ConnectionChunkHandler.userEventTriggered(io.netty.channel.ChannelHandlerContext,java.lang.Object)	CtMethodImpl	public
io.esastack.httpserver.NetOptions.setSoKeepalive(boolean)	CtMethodImpl	public
io.esastack.httpserver.impl.AggregatedLastHttpContent.retainedDuplicate()	CtMethodImpl	public
io.esastack.httpserver.impl.Http2ChunkedInput$Content(io.netty.buffer.ByteBuf,int)	CtConstructorImpl	package-private
io.esastack.httpserver.SslOptionsConfigure.enabledProtocols	CtFieldReferenceImpl	private
io.esastack.httpserver.metrics.impl.ConnectionMetricsImpl.Disabled	CtClassImpl	private
io.esastack.httpserver.SslOptions.privateKey	CtFieldReferenceImpl	private
io.netty.handler.codec.http2.AbstractHttp2ConnectionHandlerBuilder.maxConsecutiveEmptyFrames	CtFieldReferenceImpl	private
io.esastack.httpserver.impl.Http2ConnectionChunkHandlerBuilder.build(io.netty.handler.codec.http2.Http2ConnectionDecoder,io.netty.handler.codec.http2.Http2ConnectionEncoder,io.netty.handler.codec.http2.Http2Settings)	CtMethodImpl	protected
io.esastack.httpserver.ServerOptionsConfigure.soBacklog(int)	CtMethodImpl	public
io.esastack.httpserver.impl.BaseResponse.end(byte[],int)	CtMethodImpl	public
io.esastack.httpserver.impl.Http1ResponseImpl.trailers()	CtMethodImpl	public
io.esastack.httpserver.impl.Http2ResponseImpl(io.esastack.httpserver.impl.Http2RequestHandleImpl,io.netty.handler.codec.http2.Http2ConnectionEncoder,int,short,boolean)	CtConstructorImpl	package-private
io.esastack.httpserver.NetOptions.soLinger	CtFieldReferenceImpl	private
io.esastack.httpserver.MultipartOptionsConfigure.memoryThreshold	CtFieldReferenceImpl	private
io.netty.handler.codec.http2.Http2ConnectionHandler.decoupleCloseAndGoAway	CtFieldReferenceImpl	private
io.esastack.httpserver.metrics.impl.ConnectionMetricsImpl.httpConnectionCount	CtFieldReferenceImpl	package-private
io.esastack.httpserver.impl.Http2RequestHandleImpl.stream	CtFieldReferenceImpl	package-private
io.esastack.httpserver.H2OptionsConfigure.maxReservedStreams	CtFieldReferenceImpl	private
io.esastack.httpserver.metrics.impl.OpenSslSessionMetricsImpl.cbHits()	CtMethodImpl	public
io.esastack.httpserver.ServerOptionsConfigure.tcpFastOpen(boolean)	CtMethodImpl	public
io.esastack.httpserver.MultipartOptions.setTempDir(java.lang.String)	CtMethodImpl	public
io.esastack.httpserver.MultipartOptionsConfigure	CtClassImpl	public
io.esastack.httpserver.SslOptions.setPrivateKey(java.io.File)	CtMethodImpl	public
io.esastack.httpserver.impl.Http1Handler.handleTrailer(io.esastack.commons.net.http.HttpHeaders)	CtMethodImpl	private
io.netty.handler.codec.http.HttpObjectDecoder.contentLength	CtFieldReferenceImpl	private
io.esastack.httpserver.impl.Http2ResponseImpl.exclusive	CtFieldReferenceImpl	private
io.netty.handler.codec.http2.AbstractHttp2ConnectionHandlerBuilder.gracefulShutdownTimeoutMillis	CtFieldReferenceImpl	private
io.esastack.httpserver.metrics.impl.Disabled.activeHttpsConnections()	CtMethodImpl	public
io.esastack.httpserver.SslOptions.getSessionTimeout()	CtMethodImpl	public
io.esastack.httpserver.ServerOptionsConfigure.tcpCork	CtFieldReferenceImpl	private
io.esastack.httpserver.impl.OnChannelActiveHandler	CtClassImpl	package-private
io.netty.handler.codec.http2.AbstractHttp2ConnectionHandlerBuilder.frameListener	CtFieldReferenceImpl	private
io.esastack.httpserver.impl.Http2Handler	CtClassImpl	package-private
io.esastack.httpserver.impl.SslDetector.exceptionCaught(io.netty.channel.ChannelHandlerContext,java.lang.Throwable)	CtMethodImpl	public
io.esastack.httpserver.impl.SslCompletionHandler.exceptionCaught(io.netty.channel.ChannelHandlerContext,java.lang.Throwable)	CtMethodImpl	public
io.esastack.httpserver.impl.ServerRuntime	CtClassImpl	public
io.esastack.httpserver.SslOptions.setTrustCertificates(java.io.File)	CtMethodImpl	public
io.esastack.httpserver.ServerOptions.setBossThreads(int)	CtMethodImpl	public
io.esastack.httpserver.ServerOptions.maxHeaderSize	CtFieldReferenceImpl	private
io.esastack.httpserver.ServerOptionsConfigure.logging(io.netty.handler.logging.LogLevel)	CtMethodImpl	public
io.esastack.httpserver.metrics.impl.Disabled.reportConnect(io.netty.channel.Channel,io.esastack.commons.net.http.HttpVersion)	CtMethodImpl	public
io.esastack.httpserver.metrics.impl.MetricsImpl.request()	CtMethodImpl	public
io.esastack.httpserver.metrics.impl.ConnectionMetricsImpl.HTTP1_UNIT	CtFieldReferenceImpl	private
io.esastack.httpserver.impl.SslHelper	CtClassImpl	package-private
io.esastack.httpserver.metrics.impl.Disabled.connectionCount()	CtMethodImpl	public
io.esastack.httpserver.impl.ServerRuntime.closeFuture	CtFieldReferenceImpl	private
io.esastack.httpserver.metrics.impl.Disabled.activeHttp1Connections()	CtMethodImpl	public
io.esastack.httpserver.SslOptions.getCertificate()	CtMethodImpl	public
io.esastack.httpserver.impl.AggregationHandle$Empty()	CtConstructorImpl	private
io.esastack.httpserver.impl.HttpServerChannelInitializr.onConnectionInit	CtFieldReferenceImpl	private
io.esastack.httpserver.impl.Http2ChunkedInput.trailers	CtFieldReferenceImpl	private
io.esastack.httpserver.impl.Http2Handler.handler	CtFieldReferenceImpl	private
io.esastack.httpserver.impl.MultipartFileImpl.isInMemory()	CtMethodImpl	public
io.esastack.httpserver.impl.BaseResponse.end(byte[])	CtMethodImpl	public
io.esastack.httpserver.impl.MultipartHandle.onData(io.netty.buffer.ByteBuf)	CtMethodImpl	package-private
io.esastack.httpserver.impl.BaseRequestHandle.onData	CtFieldReferenceImpl	private
io.esastack.httpserver.NetOptions.getSoBacklog()	CtMethodImpl	public
io.esastack.httpserver.impl.Http1Handler.TOO_LARGE_CLOSE	CtFieldReferenceImpl	private
io.esastack.httpserver.impl.HttpServerImpl.closeFuture	CtFieldReferenceImpl	private
io.esastack.httpserver.MultipartOptionsConfigure.tempDir(java.lang.String)	CtMethodImpl	public
io.esastack.httpserver.metrics.impl.Disabled.reportUpgrade(io.netty.channel.Channel)	CtMethodImpl	public
io.esastack.httpserver.impl.BaseRequestHandle.alloc()	CtMethodImpl	public
io.esastack.httpserver.impl.BaseRequestHandle.cookies()	CtMethodImpl	public
io.esastack.httpserver.impl.BaseResponse(REQ)	CtConstructorImpl	package-private
io.esastack.httpserver.H2Options.isEnabled()	CtMethodImpl	public
io.netty.handler.codec.http2.AbstractHttp2ConnectionHandlerBuilder.connection	CtFieldReferenceImpl	private
io.esastack.httpserver.H2Options.getMaxReservedStreams()	CtMethodImpl	public
io.esastack.httpserver.SslOptions.handshakeTimeoutMillis	CtFieldReferenceImpl	private
io.esastack.httpserver.ServerOptionsConfigure.configured()	CtMethodImpl	public
io.esastack.httpserver.impl.MultipartFileImpl.name()	CtMethodImpl	public
io.esastack.httpserver.impl.HttpServerImpl.runtime	CtFieldReferenceImpl	private
io.esastack.httpserver.impl.CloseFuture.tryFailure(java.lang.Throwable)	CtMethodImpl	public
io.esastack.httpserver.NetOptions()	CtConstructorImpl	public
io.esastack.httpserver.impl.SslHelper.isSsl()	CtMethodImpl	package-private
io.esastack.httpserver.ServerOptionsConfigure.multipart(io.esastack.httpserver.MultipartOptions)	CtMethodImpl	public
io.esastack.httpserver.impl.ServerRuntime.multipartDataFactory	CtFieldReferenceImpl	private
io.esastack.httpserver.transport.NioTransport()	CtConstructorImpl	public
io.esastack.httpserver.transport.NioTransport.applyOptions(io.netty.bootstrap.ServerBootstrap,io.esastack.httpserver.NetOptions,java.net.SocketAddress)	CtMethodImpl	public
io.esastack.httpserver.metrics.impl.OpenSslSessionMetricsImpl.accept()	CtMethodImpl	public
io.esastack.httpserver.metrics.impl.Disabled.reportDisconnect(io.netty.channel.Channel)	CtMethodImpl	public
io.esastack.httpserver.NetOptions.preferNativeTransport	CtFieldReferenceImpl	private
io.esastack.httpserver.impl.BaseRequestHandle.aggregated()	CtMethodImpl	public
io.esastack.httpserver.impl.Http2ResponseImpl.doWrite(byte[],int,int,boolean)	CtMethodImpl	package-private
io.esastack.httpserver.ServerOptions.h2	CtFieldReferenceImpl	private
io.esastack.httpserver.impl.HttpServerImpl.listen(int)	CtMethodImpl	public
io.esastack.httpserver.impl.Http2ConnectionChunkHandlerBuilder.build()	CtMethodImpl	public
io.esastack.httpserver.impl.MultipartHandle.files	CtFieldReferenceImpl	private
io.esastack.httpserver.impl.HttpServerImpl(io.esastack.httpserver.ServerOptions)	CtConstructorImpl	public
io.esastack.httpserver.metrics.impl.Disabled.activeHttpConnections()	CtMethodImpl	public
io.netty.handler.codec.ByteToMessageDecoder.firedChannelRead	CtFieldReferenceImpl	private
io.esastack.httpserver.impl.SslDetector.isSsl(io.netty.buffer.ByteBuf)	CtMethodImpl	private
io.esastack.httpserver.impl.BaseRequestHandle.handleTrailer(io.esastack.commons.net.http.HttpHeaders)	CtMethodImpl	package-private
io.esastack.httpserver.metrics.impl.Disabled.http1ConnectionCount()	CtMethodImpl	public
io.esastack.httpserver.metrics.impl.Disabled.ticketKeyResume()	CtMethodImpl	public
io.netty.handler.codec.http2.AbstractHttp2ConnectionHandlerBuilder.validateHeaders	CtFieldReferenceImpl	private
io.esastack.httpserver.metrics.impl.Disabled.http2ConnectionCount()	CtMethodImpl	public
io.esastack.httpserver.impl.HttpServerImpl(java.lang.String,io.esastack.httpserver.ServerOptions)	CtConstructorImpl	public
io.esastack.httpserver.transport.NioTransport	CtClassImpl	public
io.esastack.httpserver.ServerOptionsConfigure.haProxy(io.esastack.httpserver.HAProxyMode)	CtMethodImpl	public
io.esastack.httpserver.impl.HttpServerChannelInitializr.runtime	CtFieldReferenceImpl	private
io.esastack.httpserver.ServerOptionsConfigure.channelHandlers(java.util.Collection<? extends io.netty.channel.ChannelHandler>)	CtMethodImpl	public
io.esastack.httpserver.impl.Http1Handler.current	CtFieldReferenceImpl	private
io.esastack.httpserver.ServerOptions.setH2(io.esastack.httpserver.H2Options)	CtMethodImpl	public
io.esastack.httpserver.impl.Http2ChunkedInput.readChunk(io.netty.channel.ChannelHandlerContext)	CtMethodImpl	public
io.esastack.httpserver.metrics.impl.Disabled.connection()	CtMethodImpl	public
io.esastack.httpserver.impl.Http2Handler.onHeadersRead(io.netty.channel.ChannelHandlerContext,int,io.netty.handler.codec.http2.Http2Headers,int,boolean)	CtMethodImpl	public
io.esastack.httpserver.ServerOptions.haProxy	CtFieldReferenceImpl	private
io.esastack.httpserver.impl.HttpServerChannelInitializr	CtClassImpl	package-private
io.esastack.httpserver.metrics.impl.Disabled.acceptGood()	CtMethodImpl	public
io.esastack.httpserver.impl.HttpServerImpl.onConnectionInit(java.util.function.Consumer<io.netty.channel.Channel>)	CtMethodImpl	public
io.esastack.httpserver.impl.AggregatedLastHttpContent.retain()	CtMethodImpl	public
io.esastack.httpserver.metrics.impl.Disabled.accept()	CtMethodImpl	public
io.esastack.httpserver.NetOptions.isTcpFastOpen()	CtMethodImpl	public
io.esastack.httpserver.ServerOptionsConfigure.decompress	CtFieldReferenceImpl	private
io.netty.handler.codec.http.HttpObjectDecoder.DEFAULT_ALLOW_DUPLICATE_CONTENT_LENGTHS	CtFieldReferenceImpl	public
io.esastack.httpserver.impl.BaseRequestHandle(io.esastack.httpserver.impl.ServerRuntime,io.netty.channel.ChannelHandlerContext,io.esastack.commons.net.http.HttpMethod,java.lang.String)	CtConstructorImpl	package-private
io.esastack.httpserver.utils.Constants.SCHEMA_HTTPS	CtFieldReferenceImpl	public
io.esastack.httpserver.ServerOptions.setDaemon(boolean)	CtMethodImpl	public
io.esastack.httpserver.impl.Http2RequestHandleImpl.version()	CtMethodImpl	public
io.esastack.httpserver.metrics.impl.ConnectionMetricsImpl.incrementActiveHttpsConnections()	CtMethodImpl	package-private
io.esastack.httpserver.MultipartOptions	CtClassImpl	public
io.esastack.httpserver.SslOptions.setKeyPassword(java.lang.String)	CtMethodImpl	public
io.esastack.httpserver.SslOptions.getSessionCacheSize()	CtMethodImpl	public
io.esastack.httpserver.impl.BaseRequestHandle.handleError(java.lang.Throwable)	CtMethodImpl	package-private
io.esastack.httpserver.impl.HttpServerImpl.await()	CtMethodImpl	public
io.netty.handler.codec.http.HttpObjectDecoder.currentState	CtFieldReferenceImpl	private
io.esastack.httpserver.impl.Http2ResponseImpl.closure()	CtMethodImpl	package-private
io.esastack.httpserver.impl.Utils.handleIdle(io.netty.channel.ChannelHandlerContext,java.lang.Object)	CtMethodImpl	package-private
io.esastack.httpserver.NetOptions.getWriteBufferHighWaterMark()	CtMethodImpl	public
io.esastack.httpserver.utils.Loggers	CtClassImpl	public
io.esastack.httpserver.ServerOptions.decompress	CtFieldReferenceImpl	private
io.esastack.httpserver.MultipartOptions.setUseDisk(boolean)	CtMethodImpl	public
io.netty.util.concurrent.DefaultPromise.result	CtFieldReferenceImpl	private
io.esastack.httpserver.SslOptions.getEnabledProtocols()	CtMethodImpl	public
io.esastack.httpserver.utils.Loggers()	CtConstructorImpl	private
io.esastack.httpserver.impl.ServerRuntime.metrics()	CtMethodImpl	public
io.esastack.httpserver.impl.Http2ResponseImpl.CLOSE	CtFieldReferenceImpl	private
io.esastack.httpserver.impl.BaseRequestHandle.windUp(io.netty.util.concurrent.Future<? super java.lang.Void>)	CtMethodImpl	private
io.esastack.httpserver.NetOptions.tcpCork	CtFieldReferenceImpl	private
io.esastack.httpserver.H2OptionsConfigure.gracefulShutdownTimeoutMillis	CtFieldReferenceImpl	private
io.esastack.httpserver.transport.NioTransport.addOption(io.netty.bootstrap.AbstractBootstrap,java.util.Map<io.netty.channel.ChannelOption<?>, java.lang.Object>)	CtMethodImpl	private
io.esastack.httpserver.ServerOptionsConfigure.compressionLevel	CtFieldReferenceImpl	private
io.esastack.httpserver.impl.BaseResponse.endPromise	CtFieldReferenceImpl	package-private
io.esastack.httpserver.impl.Http2Handler.handleData(io.netty.handler.codec.http2.Http2Stream,io.esastack.httpserver.impl.Http2RequestHandleImpl,io.netty.buffer.ByteBuf)	CtMethodImpl	private
io.esastack.httpserver.impl.Http2ConnectionChunkHandlerBuilder.gracefulShutdownTimeoutMillis(long)	CtMethodImpl	public
io.esastack.httpserver.H2OptionsConfigure.maxFrameSize	CtFieldReferenceImpl	private
io.esastack.httpserver.impl.Http1Handler.handler	CtFieldReferenceImpl	private
io.esastack.httpserver.metrics.impl.Disabled.reportRequest(io.esastack.httpserver.core.BaseRequest)	CtMethodImpl	public
io.netty.handler.codec.ByteToMessageDecoder.COMPOSITE_CUMULATOR	CtFieldReferenceImpl	public
io.esastack.httpserver.metrics.impl.ConnectionMetricsImpl.HTTP_VERSION_SHIFT	CtFieldReferenceImpl	private
io.esastack.httpserver.ServerOptionsConfigure	CtClassImpl	public
io.esastack.httpserver.impl.BaseResponse.committed	CtFieldReferenceImpl	private
io.esastack.httpserver.metrics.impl.OpenSslSessionMetricsImpl.misses()	CtMethodImpl	public
io.esastack.httpserver.SslOptionsConfigure.privateKey(java.io.File)	CtMethodImpl	public
io.esastack.httpserver.utils.LoggedThreadFactory(java.lang.String,boolean)	CtConstructorImpl	public
io.esastack.httpserver.ServerOptionsConfigure.soLinger	CtFieldReferenceImpl	private
io.esastack.httpserver.impl.BaseRequestHandle.onError	CtFieldReferenceImpl	private
io.netty.util.concurrent.DefaultPromise.notifyingListeners	CtFieldReferenceImpl	private
io.esastack.httpserver.ServerOptions.setMaxInitialLineLength(int)	CtMethodImpl	public
io.esastack.httpserver.metrics.impl.Disabled.openSslSession()	CtMethodImpl	public
io.esastack.httpserver.impl.BaseResponse.write(byte[],int)	CtMethodImpl	public
io.esastack.httpserver.impl.H2cDetector.CONNECTION_PREFACE	CtFieldReferenceImpl	private
io.esastack.httpserver.metrics.impl.MetricsImpl.Disabled	CtClassImpl	private
io.esastack.httpserver.NetOptions.getLogging()	CtMethodImpl	public
io.esastack.httpserver.NetOptions.setSoBacklog(int)	CtMethodImpl	public
io.esastack.httpserver.impl.BaseResponse.endFuture()	CtMethodImpl	public
io.esastack.httpserver.impl.HttpServerImpl.listen(java.lang.String,int)	CtMethodImpl	public
io.netty.handler.codec.http.HttpObjectDecoder.maxChunkSize	CtFieldReferenceImpl	private
io.esastack.httpserver.impl.BaseResponse.tryEnd(io.netty.handler.codec.http.HttpResponseStatus,java.util.function.Supplier<io.netty.buffer.ByteBuf>,boolean)	CtMethodImpl	package-private
io.esastack.httpserver.impl.ServerRuntime.options()	CtMethodImpl	public
io.esastack.httpserver.ServerOptionsConfigure.keepAliveEnable	CtFieldReferenceImpl	private
io.netty.handler.codec.http2.AbstractHttp2ConnectionHandlerBuilder.encoder	CtFieldReferenceImpl	private
io.esastack.httpserver.impl.Http1ResponseImpl.isTrailerAbsent()	CtMethodImpl	private
io.esastack.httpserver.MultipartOptions(io.esastack.httpserver.MultipartOptions)	CtConstructorImpl	public
io.esastack.httpserver.impl.Utils.SOURCE_ADDRESS	CtFieldReferenceImpl	package-private
io.esastack.httpserver.metrics.impl.MetricsImpl.initSsl(io.netty.handler.ssl.SslContext)	CtMethodImpl	public
io.esastack.httpserver.SslOptions.sessionTimeout	CtFieldReferenceImpl	private
io.esastack.httpserver.impl.AggregationHandle.EMPTY	CtFieldReferenceImpl	package-private
io.esastack.httpserver.MultipartOptionsConfigure.tempDir	CtFieldReferenceImpl	private
io.esastack.httpserver.impl.Http2ResponseImpl.buildHeaders(long)	CtMethodImpl	private
io.esastack.httpserver.ServerOptionsConfigure.logging	CtFieldReferenceImpl	private
io.esastack.httpserver.impl.SslHelper.getSslContext()	CtMethodImpl	package-private
io.esastack.httpserver.metrics.impl.MetricsImpl.requestMetrics	CtFieldReferenceImpl	private
io.esastack.httpserver.impl.HttpServerImpl.CloseFuture	CtClassImpl	package-private
io.esastack.httpserver.impl.Http1Handler.handleChannelInactive(io.netty.channel.ChannelHandlerContext)	CtMethodImpl	private
io.esastack.httpserver.impl.ServerRuntime.address()	CtMethodImpl	public
io.esastack.httpserver.impl.ServerRuntime.options	CtFieldReferenceImpl	private
io.esastack.httpserver.NetOptions.getSoRcvbuf()	CtMethodImpl	public
io.esastack.httpserver.NetOptions.tcpQuickAck	CtFieldReferenceImpl	private
io.esastack.httpserver.SslOptions.getCiphers()	CtMethodImpl	public
io.esastack.httpserver.impl.Http2Handler.setHandler(io.netty.handler.codec.http2.Http2Stream,io.esastack.httpserver.impl.Http2RequestHandleImpl)	CtMethodImpl	private
io.esastack.httpserver.ServerOptionsConfigure.writeBufferHighWaterMark	CtFieldReferenceImpl	private
io.netty.handler.codec.http2.Http2ConnectionHandler.decoder	CtFieldReferenceImpl	private
io.netty.util.concurrent.DefaultPromise.rejectedExecutionLogger	CtFieldReferenceImpl	private
io.esastack.httpserver.metrics.impl.ConnectionMetricsImpl.decrementActiveHttpsConnections()	CtMethodImpl	package-private
io.esastack.httpserver.impl.Http1Handler.channelReadComplete(io.netty.channel.ChannelHandlerContext)	CtMethodImpl	public
io.netty.handler.codec.http.DefaultHttpObject.decoderResult	CtFieldReferenceImpl	private
io.esastack.httpserver.impl.Http2RequestHandleImpl.bytes	CtFieldReferenceImpl	package-private
io.esastack.httpserver.NetOptions.options	CtFieldReferenceImpl	private
io.esastack.httpserver.NetOptions.reusePort	CtFieldReferenceImpl	private
io.netty.util.concurrent.DefaultPromise.UNCANCELLABLE	CtFieldReferenceImpl	private
io.esastack.httpserver.H2Options.maxFrameSize	CtFieldReferenceImpl	private
io.esastack.httpserver.impl.Http2ResponseImpl.doSendFile(java.io.File,long,long)	CtMethodImpl	package-private
io.esastack.httpserver.SslOptions.getHandshakeTimeoutMillis()	CtMethodImpl	public
io.esastack.httpserver.ServerOptions.ioThreads	CtFieldReferenceImpl	private
io.esastack.httpserver.ServerOptionsConfigure.compress(boolean)	CtMethodImpl	public
io.esastack.httpserver.SslOptionsConfigure.trustCertificates(java.io.File)	CtMethodImpl	public
io.esastack.httpserver.impl.HttpServerImpl.handle(java.util.function.Consumer<io.esastack.httpserver.core.RequestHandle>)	CtMethodImpl	public
io.esastack.httpserver.SslOptions.getClientAuth()	CtMethodImpl	public
io.netty.handler.codec.http2.AbstractHttp2ConnectionHandlerBuilder.isServer	CtFieldReferenceImpl	private
io.esastack.httpserver.SslOptions.setCiphers(java.lang.String[])	CtMethodImpl	public
io.esastack.httpserver.impl.Http2ResponseImpl.doWrite(io.netty.buffer.ByteBuf,boolean)	CtMethodImpl	package-private
io.netty.handler.codec.http.HttpObjectDecoder.DEFAULT_MAX_CHUNK_SIZE	CtFieldReferenceImpl	public
io.esastack.httpserver.SslOptions.setSessionTimeout(long)	CtMethodImpl	public
io.esastack.httpserver.H2Options.getMaxFrameSize()	CtMethodImpl	public
io.esastack.httpserver.impl.HttpServerImpl.closeFuture()	CtMethodImpl	public
io.esastack.httpserver.NetOptions.setTcpCork(boolean)	CtMethodImpl	public
io.esastack.httpserver.ServerOptions.ssl	CtFieldReferenceImpl	private
io.esastack.httpserver.MultipartOptions.getMemoryThreshold()	CtMethodImpl	public
io.esastack.httpserver.SslOptionsConfigure.sessionCacheSize	CtFieldReferenceImpl	private
io.esastack.httpserver.impl.HttpServerImpl.bossGroup()	CtMethodImpl	public
io.netty.handler.codec.http.HttpObjectDecoder.chunkSize	CtFieldReferenceImpl	private
io.esastack.httpserver.impl.Http2Handler.isShutdown()	CtMethodImpl	private
io.esastack.httpserver.impl.Http2ChunkedInput.LastContent.weight	CtFieldReferenceImpl	package-private
io.esastack.httpserver.ServerOptions.serialVersionUID	CtFieldReferenceImpl	private
io.esastack.httpserver.impl.MultipartHandle.uploadFiles()	CtMethodImpl	public
io.esastack.httpserver.H2Options.getGracefulShutdownTimeoutMillis()	CtMethodImpl	public
io.netty.handler.codec.ByteToMessageDecoder.STATE_INIT	CtFieldReferenceImpl	private
io.esastack.httpserver.impl.Http2ConnectionChunkHandlerBuilder.server(boolean)	CtMethodImpl	public
io.netty.handler.codec.http.HttpObjectDecoder.validateHeaders	CtFieldReferenceImpl	protected
io.esastack.httpserver.impl.HttpServerImpl.closures	CtFieldReferenceImpl	private
io.esastack.httpserver.impl.AggregationHandle.trailers()	CtMethodImpl	public
io.esastack.httpserver.impl.Http2ResponseImpl.headers()	CtMethodImpl	public
io.esastack.httpserver.impl.MultipartFileImpl.fileName()	CtMethodImpl	public
io.esastack.httpserver.impl.BaseRequestHandle.method()	CtMethodImpl	public
io.esastack.httpserver.impl.Http2Handler.onRstStreamRead(io.netty.channel.ChannelHandlerContext,int,long)	CtMethodImpl	public
io.esastack.httpserver.MultipartOptionsConfigure.maxSize	CtFieldReferenceImpl	private
io.esastack.httpserver.metrics.impl.ConnectionMetricsImpl.httpsConnectionCount	CtFieldReferenceImpl	package-private
io.esastack.httpserver.ServerOptionsConfigure.soKeepalive(boolean)	CtMethodImpl	public
io.esastack.httpserver.SslOptionsConfigure.handshakeTimeoutMillis(long)	CtMethodImpl	public
io.esastack.httpserver.metrics.impl.OpenSslSessionMetricsImpl.acceptRenegotiate()	CtMethodImpl	public
io.esastack.httpserver.impl.HttpServerChannelInitializr.applyChannelOptions(io.netty.channel.Channel)	CtMethodImpl	private
io.esastack.httpserver.impl.Http1Handler.EXPECTATION_FAILED	CtFieldReferenceImpl	private
io.netty.handler.codec.http.HttpObjectDecoder.allowDuplicateContentLengths	CtFieldReferenceImpl	private
io.esastack.httpserver.NetOptions.isTcpNoDelay()	CtMethodImpl	public
io.esastack.httpserver.metrics.impl.OpenSslSessionMetricsImpl$Disabled()	CtConstructorImpl	private
io.esastack.httpserver.metrics.impl.ConnectionMetricsImpl.incrementActiveHttp1Connections()	CtMethodImpl	package-private
io.esastack.httpserver.impl.Http1RequestHandleImpl.response()	CtMethodImpl	public
io.netty.handler.codec.http.HttpObjectDecoder.DEFAULT_VALIDATE_HEADERS	CtFieldReferenceImpl	public
io.esastack.httpserver.impl.Utils	CtClassImpl	package-private
io.esastack.httpserver.ServerOptions.isDaemon()	CtMethodImpl	public
io.esastack.httpserver.ServerOptionsConfigure.ioThreads(int)	CtMethodImpl	public
io.esastack.httpserver.metrics.impl.OpenSslSessionMetricsImpl.DISABLED	CtFieldReferenceImpl	package-private
io.esastack.httpserver.impl.Http2ChunkedInput.streamDependency	CtFieldReferenceImpl	private
io.esastack.httpserver.impl.HAProxyMessageHandler.channelRead(io.netty.channel.ChannelHandlerContext,java.lang.Object)	CtMethodImpl	public
io.esastack.httpserver.MultipartOptionsConfigure.maxSize(long)	CtMethodImpl	public
io.netty.handler.codec.http.HttpObjectDecoder.COMMA_PATTERN	CtFieldReferenceImpl	private
io.esastack.httpserver.ServerOptionsConfigure.maxInitialLineLength	CtFieldReferenceImpl	private
io.esastack.httpserver.impl.AggregationHandle.trailers	CtFieldReferenceImpl	private
io.esastack.httpserver.impl.Http2ChunkedInput	CtClassImpl	package-private
io.esastack.httpserver.impl.Http1ResponseImpl.getLastHttpContent(io.netty.buffer.ByteBuf)	CtMethodImpl	private
io.esastack.httpserver.impl.Http2ChunkedInput.readChunk(io.netty.buffer.ByteBufAllocator)	CtMethodImpl	public
io.esastack.httpserver.H2OptionsConfigure()	CtConstructorImpl	private
io.esastack.httpserver.impl.AggregationHandle	CtClassImpl	package-private
io.esastack.httpserver.impl.BaseResponse.COMMITTED_UPDATER	CtFieldReferenceImpl	private
io.esastack.httpserver.impl.MultipartFileImpl.string(java.nio.charset.Charset)	CtMethodImpl	public
io.esastack.httpserver.impl.HttpServerImpl	CtClassImpl	public
io.esastack.httpserver.H2OptionsConfigure.enabled	CtFieldReferenceImpl	private
io.esastack.httpserver.SslOptions.keyPassword	CtFieldReferenceImpl	private
io.esastack.httpserver.impl.BaseResponse.toString()	CtMethodImpl	public
io.esastack.httpserver.metrics.impl.ConnectionMetricsImpl.activeHttpConnections()	CtMethodImpl	public
io.esastack.httpserver.SslOptions.setHandshakeTimeoutMillis(long)	CtMethodImpl	public
io.esastack.httpserver.SslOptionsConfigure.certificate(java.io.File)	CtMethodImpl	public
io.esastack.httpserver.NetOptions.setSoRcvbuf(int)	CtMethodImpl	public
io.esastack.httpserver.ServerOptionsConfigure.multipart	CtFieldReferenceImpl	private
io.esastack.httpserver.ServerOptions.setMetricsEnabled(boolean)	CtMethodImpl	public
io.esastack.httpserver.impl.Http2Handler.encoder	CtFieldReferenceImpl	private
io.esastack.httpserver.impl.SslHelper.options()	CtMethodImpl	package-private
io.esastack.httpserver.impl.Http2HeadersImpl(io.netty.handler.codec.http2.Http2Headers)	CtConstructorImpl	package-private
io.esastack.httpserver.metrics.impl.OpenSslSessionMetricsImpl.ticketKeyResume()	CtMethodImpl	public
io.esastack.httpserver.impl.MultipartFileImpl(io.netty.handler.codec.http.multipart.FileUpload)	CtConstructorImpl	package-private
io.esastack.httpserver.ServerOptionsConfigure.maxContentLength(long)	CtMethodImpl	public
io.esastack.httpserver.impl.AggregatedLastHttpContent.replace(io.netty.buffer.ByteBuf)	CtMethodImpl	public
io.esastack.httpserver.impl.Http2HeadersImpl()	CtConstructorImpl	package-private
io.esastack.httpserver.H2OptionsConfigure	CtClassImpl	public
io.esastack.httpserver.NetOptions.getIdleTimeoutSeconds()	CtMethodImpl	public
io.esastack.httpserver.impl.BaseResponse.isKeepAlive()	CtMethodImpl	public
io.esastack.httpserver.impl.BaseResponse.ensureEndExclusively(boolean)	CtMethodImpl	package-private
io.esastack.httpserver.impl.MultipartHandle	CtClassImpl	package-private
io.netty.handler.codec.http.HttpObjectDecoder.chunkedSupported	CtFieldReferenceImpl	private
io.esastack.httpserver.SslOptionsConfigure.keyPassword(java.lang.String)	CtMethodImpl	public
io.esastack.httpserver.impl.BaseRequestHandle.isEnded()	CtMethodImpl	public
io.esastack.httpserver.impl.Http2ChunkedInput(io.netty.handler.stream.ChunkedInput<io.netty.buffer.ByteBuf>,io.netty.handler.codec.http2.Http2Headers,int,int,short,boolean)	CtConstructorImpl	package-private
io.esastack.httpserver.MultipartOptions.getMaxSize()	CtMethodImpl	public
io.netty.handler.codec.http.HttpObjectDecoder.DEFAULT_INITIAL_BUFFER_SIZE	CtFieldReferenceImpl	public
io.netty.handler.codec.http2.AbstractHttp2ConnectionHandlerBuilder.encoderEnforceMaxConcurrentStreams	CtFieldReferenceImpl	private
io.esastack.httpserver.impl.BaseRequestHandle.onData(java.util.function.Consumer<io.netty.buffer.ByteBuf>)	CtMethodImpl	public
io.esastack.httpserver.NetOptions.setTcpNoDelay(boolean)	CtMethodImpl	public
io.esastack.httpserver.impl.MultipartFileImpl.length()	CtMethodImpl	public
io.esastack.httpserver.transport.NioTransport.addChildOption(io.netty.bootstrap.ServerBootstrap,java.util.Map<io.netty.channel.ChannelOption<?>, java.lang.Object>)	CtMethodImpl	private
