method	type	visibility
it.espr.injector.Utils.isPublic(java.lang.reflect.Member)	CtMethodImpl	public
it.espr.injector.exception.CircularDependencyExpection(java.lang.String)	CtConstructorImpl	public
it.espr.injector.Configuration$Bindings()	CtConstructorImpl	protected
it.espr.injector.Injector.injector	CtFieldReferenceImpl	private
it.espr.injector.Bindings.bind(java.lang.Class<Type>,Type,java.lang.String)	CtMethodImpl	public
it.espr.injector.Utils.getAnnotationValue(java.lang.Class<? extends java.lang.annotation.Annotation>,java.lang.annotation.Annotation[])	CtMethodImpl	public
it.espr.injector.ClassInspector.inspectBindings(java.lang.Class<Type>,java.lang.String)	CtMethodImpl	public
it.espr.injector.Configuration$Binding(it.espr.injector.Configuration.Bindings,java.lang.Class<Type>)	CtConstructorImpl	public
it.espr.injector.Bindings.get(java.lang.String,java.lang.Class<?>)	CtMethodImpl	public
it.espr.injector.Configuration.initialise()	CtMethodImpl	package-private
it.espr.injector.Configuration.isBound(java.lang.Class<?>)	CtMethodImpl	protected
it.espr.injector.Configuration.Binding.type	CtFieldReferenceImpl	public
it.espr.injector.Utils()	CtConstructorImpl	public
it.espr.injector.Bean.type	CtFieldReferenceImpl	public
it.espr.injector.Configuration.Binding.implementations	CtFieldReferenceImpl	public
it.espr.injector.Injector.1	CtClassImpl	package-private
it.espr.injector.Configuration$Binding(it.espr.injector.Configuration.Bindings,Type)	CtConstructorImpl	public
it.espr.injector.Binding.named(java.lang.String)	CtMethodImpl	public
it.espr.injector.Injector()	CtConstructorImpl	public
it.espr.injector.Properties.getFileClasspath(java.lang.String)	CtMethodImpl	private
it.espr.injector.ClassInspector.inspect(java.lang.Class<Type>)	CtMethodImpl	public
it.espr.injector.Bindings.has(java.lang.Class<?>)	CtMethodImpl	public
it.espr.injector.Properties.load(java.lang.String)	CtMethodImpl	public
it.espr.injector.BeanFactory.create(it.espr.injector.Bean<Type>)	CtMethodImpl	public
it.espr.injector.ClassInspector(it.espr.injector.Configuration.Bindings)	CtConstructorImpl	package-private
it.espr.injector.ClassInspector.log	CtFieldReferenceImpl	private
it.espr.injector.BeanFactory.handleConfiguredMap(Type)	CtMethodImpl	private
it.espr.injector.Configuration.properties	CtFieldReferenceImpl	package-private
it.espr.injector.Configuration.isBound(java.lang.Object,java.lang.String)	CtMethodImpl	protected
it.espr.injector.Injector.injector(it.espr.injector.Configuration)	CtMethodImpl	public
it.espr.injector.BeanFactory	CtClassImpl	public
it.espr.injector.BeanFactory.handleConfiguredList(Type)	CtMethodImpl	private
it.espr.injector.Configuration	CtClassImpl	public
it.espr.injector.Configuration.Bindings.bindings	CtFieldReferenceImpl	private
it.espr.injector.Utils.key(java.lang.String,java.lang.Object)	CtMethodImpl	public
it.espr.injector.Properties()	CtConstructorImpl	public
it.espr.injector.exception.ClassInspectionExpection(java.lang.String,java.lang.Throwable)	CtConstructorImpl	public
it.espr.injector.Configuration.Binding.instance	CtFieldReferenceImpl	public
it.espr.injector.Configuration.bindings	CtFieldReferenceImpl	package-private
it.espr.injector.ClassInspector.inspectFields(java.lang.Class<?>)	CtMethodImpl	private
it.espr.injector.ClassInspector.inspectConstructors(java.lang.Class<Type>)	CtMethodImpl	public
it.espr.injector.Configuration.bind(Type)	CtMethodImpl	protected
it.espr.injector.Bean(Type,java.lang.String,java.lang.String)	CtConstructorImpl	public
it.espr.injector.MyTypeSafeMap.put(java.lang.Class<Type>,it.espr.injector.Bean<Type>)	CtMethodImpl	public
it.espr.injector.Injector	CtClassImpl	public
it.espr.injector.exception.ClassInspectionExpection.serialVersionUID	CtFieldReferenceImpl	private
it.espr.injector.ClassInspector.inspectSingleton(java.lang.Class<?>)	CtMethodImpl	private
it.espr.injector.Properties	CtClassImpl	public
it.espr.injector.exception.ClassInspectionExpection(java.lang.String)	CtConstructorImpl	public
it.espr.injector.exception.CircularDependencyExpection(java.lang.String,java.lang.Throwable)	CtConstructorImpl	public
it.espr.injector.ClassInspector.inspectName(java.lang.Class<?>)	CtMethodImpl	private
it.espr.injector.Injector.configure(it.espr.injector.Configuration)	CtMethodImpl	private
it.espr.injector.ClassInspector.inspect(java.lang.Class<Type>,java.lang.String)	CtMethodImpl	public
it.espr.injector.exception.BeanCreationExpection(java.lang.String,java.lang.Throwable)	CtConstructorImpl	public
it.espr.injector.Injector.get(java.lang.Class<Type>)	CtMethodImpl	public
it.espr.injector.Configuration()	CtConstructorImpl	protected
it.espr.injector.Configuration.bind(java.lang.Class<Type>)	CtMethodImpl	protected
it.espr.injector.BeanFactory()	CtConstructorImpl	public
it.espr.injector.Bean.constructor	CtFieldReferenceImpl	public
it.espr.injector.Bean	CtClassImpl	public
it.espr.injector.Bindings.bind(java.lang.Class<Type>,java.lang.Class<? extends Type>,java.lang.String)	CtMethodImpl	public
it.espr.injector.Configuration.Binding	CtClassImpl	public
it.espr.injector.Bean.key	CtFieldReferenceImpl	public
it.espr.injector.Injector.classInspector	CtFieldReferenceImpl	private
it.espr.injector.Properties.loadPropertyFile(java.lang.String)	CtMethodImpl	private
it.espr.injector.Utils.isAbstract(java.lang.Class<?>)	CtMethodImpl	public
it.espr.injector.exception.InjectingException	CtClassImpl	public
it.espr.injector.Bean.singleton	CtFieldReferenceImpl	public
it.espr.injector.Bean.fields	CtFieldReferenceImpl	public
it.espr.injector.ClassInspector	CtClassImpl	public
it.espr.injector.BeanFactory.cache	CtFieldReferenceImpl	private
it.espr.injector.ClassInspector.MyTypeSafeMap.map	CtFieldReferenceImpl	private
it.espr.injector.exception.BeanCreationExpection	CtClassImpl	public
it.espr.injector.ClassInspector$MyTypeSafeMap()	CtConstructorImpl	private
it.espr.injector.BeanFactory.log	CtFieldReferenceImpl	private
it.espr.injector.Utils.isEmpty(java.lang.String)	CtMethodImpl	public
it.espr.injector.exception.InjectingException(java.lang.String,java.lang.Throwable)	CtConstructorImpl	public
it.espr.injector.Configuration.Bindings	CtClassImpl	protected
it.espr.injector.Bindings.get(java.lang.Class<?>)	CtMethodImpl	public
it.espr.injector.Injector.beanFactory	CtFieldReferenceImpl	private
it.espr.injector.exception.InjectingException.serialVersionUID	CtFieldReferenceImpl	private
it.espr.injector.Utils.key(java.lang.String,java.lang.Class<?>)	CtMethodImpl	public
it.espr.injector.ClassInspector.cache	CtFieldReferenceImpl	private
it.espr.injector.MyTypeSafeMap.get(java.lang.Class<Type>,java.lang.String)	CtMethodImpl	public
it.espr.injector.Configuration.configure()	CtMethodImpl	protected
it.espr.injector.exception.BeanCreationExpection.serialVersionUID	CtFieldReferenceImpl	private
it.espr.injector.ClassInspector.inspect(java.lang.Class<Type>,java.lang.String,java.util.Set<java.lang.Class<?>>)	CtMethodImpl	private
it.espr.injector.Injector.get(java.lang.Class<Type>,java.lang.String)	CtMethodImpl	public
it.espr.injector.Injector.injector()	CtMethodImpl	public
it.espr.injector.ClassInspector.bindings	CtFieldReferenceImpl	private
it.espr.injector.BeanFactory.handleConfiguratedCollections(Type)	CtMethodImpl	private
it.espr.injector.Configuration.Binding.bindings	CtFieldReferenceImpl	private
it.espr.injector.ClassInspector.inspect(java.lang.Class<Type>,java.util.Set<java.lang.Class<?>>)	CtMethodImpl	private
it.espr.injector.Injector.log	CtFieldReferenceImpl	private
it.espr.injector.Bean.name	CtFieldReferenceImpl	public
it.espr.injector.ClassInspector.inspectConstructorParameters(java.lang.reflect.Constructor<?>,java.util.Set<java.lang.Class<?>>)	CtMethodImpl	private
it.espr.injector.Injector.configuration	CtFieldReferenceImpl	private
it.espr.injector.Bean.hashCode()	CtMethodImpl	public
it.espr.injector.ClassInspector.MyTypeSafeMap	CtClassImpl	private
it.espr.injector.exception.ClassInspectionExpection	CtClassImpl	public
it.espr.injector.Bean.equals(java.lang.Object)	CtMethodImpl	public
it.espr.injector.Utils	CtClassImpl	public
it.espr.injector.Bean.instance	CtFieldReferenceImpl	public
it.espr.injector.Properties.load()	CtMethodImpl	public
it.espr.injector.Binding.to(java.lang.Class<?>[])	CtMethodImpl	public
it.espr.injector.exception.CircularDependencyExpection	CtClassImpl	public
it.espr.injector.Bean(java.lang.String,java.lang.String,boolean,java.lang.Class<Type>,java.lang.reflect.Constructor<Type>,java.util.List<it.espr.injector.Bean<?>>,java.util.Map<java.lang.reflect.Field, it.espr.injector.Bean<?>>)	CtConstructorImpl	public
it.espr.injector.Properties.log	CtFieldReferenceImpl	private
it.espr.injector.exception.CircularDependencyExpection.serialVersionUID	CtFieldReferenceImpl	private
it.espr.injector.Bindings.has(java.lang.String,java.lang.Class<?>)	CtMethodImpl	public
it.espr.injector.Bean.constructorParameters	CtFieldReferenceImpl	public
