method	type	visibility
io.finarkein.auth.oauth2.AccessToken(com.github.scribejava.core.model.OAuth2AccessToken)	CtConstructorImpl	public
io.finarkein.auth.oauth2.UserCredentials.Builder.password	CtFieldReferenceImpl	private
io.finarkein.auth.oauth2.AccessToken.getTokenType()	CtMethodImpl	public
io.finarkein.auth.oauth2.ClientCredentials(io.finarkein.auth.oauth2.AccessToken,java.lang.String,java.lang.String,java.lang.String,java.lang.String)	CtConstructorImpl	protected
io.finarkein.auth.oauth2.ClientCredentials$Builder(io.finarkein.auth.oauth2.ClientCredentials)	CtConstructorImpl	protected
io.finarkein.auth.oauth2.OAuth2Credentials.hasRequestMetadataOnly()	CtMethodImpl	public
io.finarkein.auth.oauth2.UserCredentials.username	CtFieldReferenceImpl	private
io.finarkein.auth.oauth2.ClientId.of(java.lang.String,java.lang.String)	CtMethodImpl	public
io.finarkein.auth.oauth2.ClientId(java.lang.String,java.lang.String)	CtConstructorImpl	private
io.finarkein.auth.Credentials.getRequestMetadata(java.net.URI,java.util.concurrent.Executor,io.finarkein.auth.RequestMetadataCallback)	CtMethodImpl	public
io.finarkein.auth.Credentials	CtClassImpl	public
io.finarkein.auth.Credentials.getRequestMetadata()	CtMethodImpl	public
io.finarkein.auth.oauth2.UserCredentials.Builder.clientId	CtFieldReferenceImpl	private
io.finarkein.auth.oauth2.UserCredentials.fetchToken()	CtMethodImpl	protected
io.finarkein.auth.oauth2.FinarkeinCredentials$Builder(io.finarkein.auth.oauth2.FinarkeinCredentials)	CtConstructorImpl	protected
io.finarkein.auth.http.AuthHttpContants()	CtConstructorImpl	public
io.finarkein.auth.oauth2.spi.DefaultApiProvider.InternalApi	CtClassImpl	private
io.finarkein.auth.oauth2.AbstractScribeBased(io.finarkein.auth.oauth2.AccessToken,java.lang.String,java.lang.String,java.lang.String,java.lang.String)	CtConstructorImpl	protected
io.finarkein.auth.oauth2.DefaultCredentialsProvider.WELL_KNOWN_CREDENTIALS_FILE	CtFieldReferenceImpl	private
io.finarkein.auth.oauth2.UserCredentials.Builder.username	CtFieldReferenceImpl	private
io.finarkein.auth.oauth2.OAuth2Utils.validateOptionalString(java.util.Map<java.lang.String, java.lang.Object>,java.lang.String,java.lang.String)	CtMethodImpl	package-private
io.finarkein.auth.oauth2.ClientCredentials$Builder()	CtConstructorImpl	protected
io.finarkein.auth.oauth2.FinarkeinCredentials.fromStream(java.io.InputStream)	CtMethodImpl	public
io.finarkein.auth.oauth2.AbstractScribeBased.service	CtFieldReferenceImpl	protected
io.finarkein.auth.oauth2.AccessToken.getScope()	CtMethodImpl	public
io.finarkein.auth.oauth2.OAuth2Credentials.refreshIfExpired()	CtMethodImpl	public
io.finarkein.auth.oauth2.UserCredentials.Builder	CtClassImpl	public
io.finarkein.auth.oauth2.AbstractScribeBased.refreshAccessToken()	CtMethodImpl	public
io.finarkein.auth.oauth2.UserCredentials.password	CtFieldReferenceImpl	private
io.finarkein.auth.oauth2.OAuth2Credentials.requestMetadata	CtFieldReferenceImpl	private
io.finarkein.auth.oauth2.UserCredentials.Builder.tokenServerUri	CtFieldReferenceImpl	private
io.finarkein.auth.oauth2.FinarkeinCredentials.newBuilder()	CtMethodImpl	public
io.finarkein.auth.oauth2.Builder.setUsername(java.lang.String)	CtMethodImpl	public
io.finarkein.auth.oauth2.OAuth2Credentials.useAccessToken(io.finarkein.auth.oauth2.AccessToken)	CtMethodImpl	private
io.finarkein.auth.oauth2.OAuth2Credentials.hasRequestMetadata()	CtMethodImpl	public
io.finarkein.auth.oauth2.DefaultCredentialsProvider()	CtConstructorImpl	package-private
io.finarkein.auth.oauth2.OAuth2Utils()	CtConstructorImpl	public
io.finarkein.auth.oauth2.FinarkeinCredentials$Builder()	CtConstructorImpl	protected
io.finarkein.auth.oauth2.OAuth2Utils.VALUE_WRONG_TYPE_MESSAGE	CtFieldReferenceImpl	private
io.finarkein.auth.oauth2.DefaultCredentialsProvider.getDefaultCredentials()	CtMethodImpl	public
io.finarkein.auth.oauth2.OAuth2Credentials.Builder	CtClassImpl	public
io.finarkein.auth.oauth2.ClientCredentials.Builder.clientSecret	CtFieldReferenceImpl	private
io.finarkein.auth.oauth2.spi.InternalApi.getAccessTokenEndpoint()	CtMethodImpl	public
io.finarkein.auth.oauth2.AccessToken.getRefreshToken()	CtMethodImpl	public
io.finarkein.auth.oauth2.ClientId.FIELD_CLIENT_SECRET	CtFieldReferenceImpl	private
io.finarkein.auth.oauth2.OAuth2Utils.validateString(java.util.Map<java.lang.String, java.lang.Object>,java.lang.String,java.lang.String)	CtMethodImpl	package-private
io.finarkein.auth.oauth2.UserCredentials.Builder.authServerUri	CtFieldReferenceImpl	private
io.finarkein.auth.Credentials()	CtConstructorImpl	public
io.finarkein.auth.oauth2.OAuth2Credentials.toBuilder()	CtMethodImpl	public
io.finarkein.auth.oauth2.OAuth2Credentials()	CtConstructorImpl	protected
io.finarkein.auth.oauth2.OAuth2Credentials.newBuilder()	CtMethodImpl	public
io.finarkein.auth.oauth2.AccessToken.getExpiresIn()	CtMethodImpl	public
io.finarkein.auth.oauth2.UserCredentials.Builder.clientSecret	CtFieldReferenceImpl	private
io.finarkein.auth.oauth2.AccessToken	CtClassImpl	public
io.finarkein.auth.oauth2.DefaultCredentialsProvider.getKnownCredentialsFile()	CtMethodImpl	private
io.finarkein.auth.oauth2.OAuth2Credentials.clock	CtFieldReferenceImpl	private
io.finarkein.auth.oauth2.DefaultCredentialsProvider.cachedCredentials	CtFieldReferenceImpl	private
io.finarkein.auth.oauth2.ClientId.newBuilder()	CtMethodImpl	public
io.finarkein.auth.oauth2.ClientId$Builder(io.finarkein.auth.oauth2.ClientId)	CtConstructorImpl	protected
io.finarkein.auth.oauth2.ClientId.Builder.clientId	CtFieldReferenceImpl	private
io.finarkein.auth.oauth2.Builder.setTokenServerUri(java.lang.String)	CtMethodImpl	public
io.finarkein.auth.oauth2.UserCredentials.newBuilder()	CtMethodImpl	public
io.finarkein.auth.oauth2.Builder.setAuthServerUri(java.lang.String)	CtMethodImpl	public
io.finarkein.auth.oauth2.OAuth2Credentials(io.finarkein.auth.oauth2.AccessToken)	CtConstructorImpl	protected
io.finarkein.auth.oauth2.ClientId.fromJson(java.util.Map<java.lang.String, java.lang.Object>)	CtMethodImpl	public
io.finarkein.auth.oauth2.spi.DefaultApiProvider.provide(java.lang.String,java.lang.String)	CtMethodImpl	public
io.finarkein.auth.oauth2.OAuth2Credentials.MINIMUM_TOKEN_MILLISECONDS	CtFieldReferenceImpl	private
io.finarkein.auth.oauth2.UserCredentials$Builder(io.finarkein.auth.oauth2.UserCredentials)	CtConstructorImpl	protected
io.finarkein.auth.oauth2.OAuth2Credentials.create(io.finarkein.auth.oauth2.AccessToken)	CtMethodImpl	public
io.finarkein.auth.oauth2.AbstractScribeBased.clientSecret	CtFieldReferenceImpl	private
io.finarkein.auth.oauth2.OAuth2Utils	CtClassImpl	public
io.finarkein.auth.oauth2.DefaultCredentialsProvider.getDefaultCredentialsInternal()	CtMethodImpl	private
io.finarkein.auth.oauth2.ClientId	CtClassImpl	public
io.finarkein.auth.oauth2.UserCredentials.fromJson(com.google.gson.JsonObject)	CtMethodImpl	public
io.finarkein.auth.oauth2.AbstractScribeBased.authServerUri	CtFieldReferenceImpl	private
io.finarkein.auth.oauth2.AccessToken.getAccessToken()	CtMethodImpl	public
io.finarkein.auth.oauth2.OAuth2Credentials.refresh()	CtMethodImpl	public
io.finarkein.auth.oauth2.AccessToken.expirationTimeInMillis()	CtMethodImpl	private
io.finarkein.auth.oauth2.Builder.build()	CtMethodImpl	public
io.finarkein.auth.oauth2.OAuth2Credentials	CtClassImpl	public
io.finarkein.auth.oauth2.FinarkeinCredentials.Builder	CtClassImpl	public
io.finarkein.auth.oauth2.OAuth2Credentials.temporaryAccess	CtFieldReferenceImpl	private
io.finarkein.auth.oauth2.Builder.setAccessToken(io.finarkein.auth.oauth2.AccessToken)	CtMethodImpl	public
io.finarkein.auth.oauth2.FinarkeinCredentials.defaultCredentialsProvider	CtFieldReferenceImpl	private
io.finarkein.auth.http.AuthHttpContants	CtClassImpl	public
io.finarkein.auth.oauth2.spi.DefaultApiProvider$InternalApi(java.lang.String,java.lang.String)	CtConstructorImpl	package-private
io.finarkein.auth.oauth2.FinarkeinCredentials.get()	CtMethodImpl	public
io.finarkein.auth.oauth2.spi.DefaultApiProvider()	CtConstructorImpl	package-private
io.finarkein.auth.oauth2.OAuth2Credentials.lock	CtFieldReferenceImpl	private
io.finarkein.auth.oauth2.ClientId.Builder.clientSecret	CtFieldReferenceImpl	private
io.finarkein.auth.oauth2.Builder.getAccessToken()	CtMethodImpl	public
io.finarkein.auth.oauth2.ClientCredentials.Builder	CtClassImpl	public
io.finarkein.auth.oauth2.FinarkeinCredentials	CtClassImpl	public
io.finarkein.auth.oauth2.Builder.setPassword(java.lang.String)	CtMethodImpl	public
io.finarkein.auth.oauth2.OAuth2Credentials.refreshAccessToken()	CtMethodImpl	public
io.finarkein.auth.oauth2.AccessToken.token	CtFieldReferenceImpl	private
io.finarkein.auth.oauth2.UserCredentials	CtClassImpl	public
io.finarkein.auth.http.AuthHttpContants.BEARER	CtFieldReferenceImpl	public
io.finarkein.auth.oauth2.ClientId.clientId	CtFieldReferenceImpl	private
io.finarkein.auth.oauth2.OAuth2Credentials.shouldRefresh()	CtMethodImpl	private
io.finarkein.auth.oauth2.Builder.setClientId(java.lang.String)	CtMethodImpl	public
io.finarkein.auth.oauth2.AbstractScribeBased	CtClassImpl	package-private
io.finarkein.auth.oauth2.ClientId.JSON_PARSE_ERROR	CtFieldReferenceImpl	private
io.finarkein.auth.oauth2.ClientId$Builder()	CtConstructorImpl	protected
io.finarkein.auth.oauth2.ClientCredentials.newBuilder()	CtMethodImpl	public
io.finarkein.auth.oauth2.ClientCredentials.Builder.authServerUri	CtFieldReferenceImpl	private
io.finarkein.auth.oauth2.spi.DefaultApiProvider.InternalApi.tokenUri	CtFieldReferenceImpl	private
io.finarkein.auth.oauth2.FinarkeinCredentials(io.finarkein.auth.oauth2.AccessToken)	CtConstructorImpl	public
io.finarkein.auth.oauth2.ClientCredentials.fromJson(com.google.gson.JsonObject)	CtMethodImpl	public
io.finarkein.auth.oauth2.ClientId.Builder	CtClassImpl	public
io.finarkein.auth.oauth2.UserCredentials(java.lang.String,java.lang.String,java.lang.String,java.lang.String,io.finarkein.auth.oauth2.AccessToken,java.lang.String,java.lang.String)	CtConstructorImpl	protected
io.finarkein.auth.oauth2.AbstractScribeBased.clientId	CtFieldReferenceImpl	private
io.finarkein.auth.oauth2.DefaultCredentialsProvider.CREDENTIAL_ENV_VAR	CtFieldReferenceImpl	private
io.finarkein.auth.oauth2.OAuth2Credentials.Builder.accessToken	CtFieldReferenceImpl	private
io.finarkein.auth.oauth2.FinarkeinCredentials.toBuilder()	CtMethodImpl	public
io.finarkein.auth.oauth2.ClientId.toBuilder()	CtMethodImpl	public
io.finarkein.auth.oauth2.OAuth2Credentials$Builder(io.finarkein.auth.oauth2.OAuth2Credentials)	CtConstructorImpl	protected
io.finarkein.auth.oauth2.ClientCredentials	CtClassImpl	public
io.finarkein.auth.oauth2.Builder.getClientSecret()	CtMethodImpl	public
io.finarkein.auth.oauth2.ClientCredentials.Builder.clientId	CtFieldReferenceImpl	private
io.finarkein.auth.oauth2.Builder.setClientSecret(java.lang.String)	CtMethodImpl	public
io.finarkein.auth.oauth2.DefaultCredentialsProvider	CtClassImpl	package-private
io.finarkein.auth.oauth2.ClientId.FIELD_CLIENT_ID	CtFieldReferenceImpl	private
io.finarkein.auth.oauth2.spi.DefaultApiProvider	CtClassImpl	package-private
io.finarkein.auth.oauth2.OAuth2Credentials.getAccessToken()	CtMethodImpl	public
io.finarkein.auth.oauth2.UserCredentials$Builder()	CtConstructorImpl	protected
io.finarkein.auth.oauth2.ClientCredentials.Builder.tokenServerUri	CtFieldReferenceImpl	private
io.finarkein.auth.oauth2.ClientId.clientSecret	CtFieldReferenceImpl	private
io.finarkein.auth.oauth2.OAuth2Utils.BEARER_PREFIX	CtFieldReferenceImpl	package-private
io.finarkein.auth.oauth2.spi.InternalApi.getAuthorizationBaseUrl()	CtMethodImpl	protected
io.finarkein.auth.oauth2.AbstractScribeBased.tokenServerUri	CtFieldReferenceImpl	private
io.finarkein.auth.oauth2.OAuth2Utils.VALUE_NOT_FOUND_MESSAGE	CtFieldReferenceImpl	private
io.finarkein.auth.oauth2.OAuth2Credentials.getExpiresInMilliseconds()	CtMethodImpl	private
io.finarkein.auth.oauth2.DefaultCredentialsProvider.readStream(java.io.File)	CtMethodImpl	private
io.finarkein.auth.oauth2.OAuth2Credentials$Builder()	CtConstructorImpl	protected
io.finarkein.auth.oauth2.AccessToken.getExpirationTime()	CtMethodImpl	public
io.finarkein.auth.Credentials.blockingGetToCallback(java.net.URI,io.finarkein.auth.RequestMetadataCallback)	CtMethodImpl	protected
io.finarkein.auth.oauth2.AccessToken.expirationTimeMillis	CtFieldReferenceImpl	private
io.finarkein.auth.oauth2.FinarkeinCredentials()	CtConstructorImpl	protected
io.finarkein.auth.oauth2.ClientCredentials.fetchToken()	CtMethodImpl	protected
io.finarkein.auth.oauth2.OAuth2Credentials.getRequestMetadata(java.net.URI)	CtMethodImpl	public
io.finarkein.auth.oauth2.spi.DefaultApiProvider.InternalApi.authUri	CtFieldReferenceImpl	private
