method	type	visibility
net.nharyes.secrete.ecies.ECIESMessage.serialize(java.io.OutputStream)	CtMethodImpl	public
net.nharyes.secrete.MagicNumbersConstants.BINARY_MESSAGE	CtFieldReferenceImpl	public
net.nharyes.secrete.actions.ExportKeyAction	CtClassImpl	public
net.nharyes.secrete.Main.actions	CtFieldReferenceImpl	private
net.nharyes.secrete.curve.Curve25519PrivateKey	CtClassImpl	public
net.nharyes.secrete.ecies.ECIESMessage.getSh1()	CtMethodImpl	public
net.nharyes.secrete.MagicNumbersConstants.PRIVATE_KEY	CtFieldReferenceImpl	public
net.nharyes.secrete.curve.Curve25519DecryptionParameter.getPointR()	CtMethodImpl	public
net.nharyes.secrete.actions.ExportKeyAction.execute(org.apache.commons.cli.CommandLine,java.security.SecureRandom)	CtMethodImpl	public
net.nharyes.secrete.ecies.ECIESMessage(byte[],byte[],byte[],byte[],byte[],boolean)	CtConstructorImpl	protected
net.nharyes.secrete.MagicNumbersConstants()	CtConstructorImpl	public
net.nharyes.secrete.Main.composeOptions()	CtMethodImpl	private
net.nharyes.secrete.curve.Curve25519PublicKey.serialVersionUID	CtFieldReferenceImpl	private
net.nharyes.secrete.actions.Action.END_INPUT	CtFieldReferenceImpl	protected
net.nharyes.secrete.ecies.ECIESHelper.encryptData(java.security.PublicKey,byte[],java.security.SecureRandom)	CtMethodImpl	public
net.nharyes.secrete.curve.Curve25519KeyPairGenerator()	CtConstructorImpl	private
net.nharyes.secrete.ecies.ECIESHelper.MAC_KEY_SIZE_BITS	CtFieldReferenceImpl	public
net.nharyes.secrete.curve.Curve25519PublicKey.deserialize(java.io.InputStream)	CtMethodImpl	public
net.nharyes.secrete.curve.Curve25519PrivateKey.serialize(java.io.OutputStream,char[])	CtMethodImpl	public
net.nharyes.secrete.curve.Curve25519PrivateKey.getFormat()	CtMethodImpl	public
net.nharyes.secrete.Main.composeActions()	CtMethodImpl	private
net.nharyes.secrete.curve.Curve25519Agreement.calculateAgreement(org.bouncycastle.crypto.CipherParameters)	CtMethodImpl	public
net.nharyes.secrete.actions.DecryptAction()	CtConstructorImpl	public
net.nharyes.secrete.actions.Action.DEFAULT_PUBLIC_KEY	CtFieldReferenceImpl	protected
net.nharyes.secrete.curve.Curve25519PublicKey.key	CtFieldReferenceImpl	private
net.nharyes.secrete.Main.JAR_FILE	CtFieldReferenceImpl	private
net.nharyes.secrete.ecies.ECIESMessage.binary	CtFieldReferenceImpl	private
net.nharyes.secrete.Main(java.lang.String[])	CtConstructorImpl	private
net.nharyes.secrete.Main.getProgramFolder()	CtMethodImpl	public
net.nharyes.secrete.ecies.ECIESHelper.AES_KEY_SIZE_BITS	CtFieldReferenceImpl	public
net.nharyes.secrete.MagicNumbersConstants	CtClassImpl	public
net.nharyes.secrete.ecies.ECIESException(java.lang.String,java.lang.Throwable)	CtConstructorImpl	public
net.nharyes.secrete.MagicNumbersConstants.TEXT_MESSAGE	CtFieldReferenceImpl	public
net.nharyes.secrete.curve.Curve25519KeyPairGenerator.generateKeyPair(java.security.SecureRandom)	CtMethodImpl	public
net.nharyes.secrete.curve.Curve25519Agreement.getFieldSize()	CtMethodImpl	public
net.nharyes.secrete.curve.Curve25519PrivateKey.deserialize(java.io.InputStream,char[])	CtMethodImpl	public
net.nharyes.secrete.ecies.ECIESHelper.ASYMMETRIC_ALGORITHM	CtFieldReferenceImpl	public
net.nharyes.secrete.actions.EncryptAction.execute(org.apache.commons.cli.CommandLine,java.security.SecureRandom)	CtMethodImpl	public
net.nharyes.secrete.actions.GenKeysAction()	CtConstructorImpl	public
net.nharyes.secrete.ecies.ECIESHelper.getIESEngine()	CtMethodImpl	private
net.nharyes.secrete.curve.Curve25519DecryptionParameter	CtClassImpl	public
net.nharyes.secrete.ecies.ECIESHelper.encryptData(java.security.PublicKey,java.lang.String,java.security.SecureRandom)	CtMethodImpl	public
net.nharyes.secrete.curve.Curve25519PrivateKey.key	CtFieldReferenceImpl	private
net.nharyes.secrete.ecies.ECIESMessage.getCd()	CtMethodImpl	public
net.nharyes.secrete.Main.getActionsString()	CtMethodImpl	private
net.nharyes.secrete.ecies.ECIESException(java.lang.String)	CtConstructorImpl	public
net.nharyes.secrete.curve.Curve25519DecryptionParameter.pointR	CtFieldReferenceImpl	private
net.nharyes.secrete.ecies.ECIESMessage.getIv()	CtMethodImpl	public
net.nharyes.secrete.actions.ActionException(java.lang.String,java.lang.Throwable)	CtConstructorImpl	public
net.nharyes.secrete.curve.Curve25519EncryptionParameter.scalarR	CtFieldReferenceImpl	private
net.nharyes.secrete.ecies.ECIESHelper.encryptData(java.security.PublicKey,java.lang.String)	CtMethodImpl	public
net.nharyes.secrete.ecies.ECIESHelper.encryptData(java.security.PublicKey,byte[],boolean,java.security.SecureRandom)	CtMethodImpl	private
net.nharyes.secrete.curve.Curve25519EncryptionParameter.getScalarR()	CtMethodImpl	public
net.nharyes.secrete.actions.ActionException(java.lang.String)	CtConstructorImpl	public
net.nharyes.secrete.curve.Curve25519PrivateKey.AES_KEY_SIZE_BITS	CtFieldReferenceImpl	public
net.nharyes.secrete.curve.Curve25519PrivateKey(byte[])	CtConstructorImpl	protected
net.nharyes.secrete.actions.ActionException.serialVersionUID	CtFieldReferenceImpl	private
net.nharyes.secrete.ecies.ECIESHelper.IV_SIZE_BYTES	CtFieldReferenceImpl	public
net.nharyes.secrete.curve.Curve25519PrivateKey.deriveKey(char[],byte[])	CtMethodImpl	private
net.nharyes.secrete.curve.Curve25519PrivateKey.getAlgorithm()	CtMethodImpl	public
net.nharyes.secrete.actions.Action	CtClassImpl	public
net.nharyes.secrete.Main.options	CtFieldReferenceImpl	private
net.nharyes.secrete.actions.GenKeysAction	CtClassImpl	public
net.nharyes.secrete.actions.Action()	CtConstructorImpl	protected
net.nharyes.secrete.ecies.ECIESHelper.decryptMessage(java.security.PrivateKey,net.nharyes.secrete.ecies.ECIESMessage)	CtMethodImpl	public
net.nharyes.secrete.actions.EncryptAction	CtClassImpl	public
net.nharyes.secrete.MagicNumbersConstants.PUBLIC_KEY	CtFieldReferenceImpl	public
net.nharyes.secrete.actions.EncryptAction()	CtConstructorImpl	public
net.nharyes.secrete.ecies.ECIESMessage.cd	CtFieldReferenceImpl	private
net.nharyes.secrete.Main.main(java.lang.String[])	CtMethodImpl	public
net.nharyes.secrete.curve.Curve25519PrivateKey.getEncoded()	CtMethodImpl	public
net.nharyes.secrete.curve.Curve25519PublicKey(byte[])	CtConstructorImpl	protected
net.nharyes.secrete.ecies.ECIESMessage.sh1	CtFieldReferenceImpl	private
net.nharyes.secrete.ecies.ECIESMessage.isBinary()	CtMethodImpl	public
net.nharyes.secrete.ecies.ECIESMessage.r	CtFieldReferenceImpl	private
net.nharyes.secrete.curve.Curve25519PublicKey.getAlgorithm()	CtMethodImpl	public
net.nharyes.secrete.ecies.ECIESException	CtClassImpl	public
net.nharyes.secrete.curve.Curve25519KeyPairGenerator.generateKeyPair()	CtMethodImpl	public
net.nharyes.secrete.ecies.ECIESHelper	CtClassImpl	public
net.nharyes.secrete.ecies.ECIESException.serialVersionUID	CtFieldReferenceImpl	private
net.nharyes.secrete.ecies.ECIESMessage.deserialize(java.io.InputStream)	CtMethodImpl	public
net.nharyes.secrete.curve.Curve25519PublicKey.serialize(java.io.OutputStream)	CtMethodImpl	public
net.nharyes.secrete.ecies.ECIESHelper.encryptData(java.security.PublicKey,byte[])	CtMethodImpl	public
net.nharyes.secrete.ecies.ECIESMessage	CtClassImpl	public
net.nharyes.secrete.actions.DecryptAction.execute(org.apache.commons.cli.CommandLine,java.security.SecureRandom)	CtMethodImpl	public
net.nharyes.secrete.curve.Curve25519Agreement	CtClassImpl	public
org.bouncycastle.crypto.params.KeyParameter.key	CtFieldReferenceImpl	private
net.nharyes.secrete.actions.ExportKeyAction()	CtConstructorImpl	public
net.nharyes.secrete.curve.Curve25519EncryptionParameter(byte[],byte[])	CtConstructorImpl	public
net.nharyes.secrete.curve.Curve25519EncryptionParameter	CtClassImpl	public
net.nharyes.secrete.actions.ActionException	CtClassImpl	public
net.nharyes.secrete.ecies.ECIESMessage.getSh2()	CtMethodImpl	public
net.nharyes.secrete.Main	CtClassImpl	public
net.nharyes.secrete.curve.Curve25519Agreement()	CtConstructorImpl	public
net.nharyes.secrete.ecies.ECIESMessage.getR()	CtMethodImpl	public
net.nharyes.secrete.ecies.ECIESHelper.ENCODING	CtFieldReferenceImpl	public
net.nharyes.secrete.ecies.ECIESHelper.PRNG_ALGORITHM	CtFieldReferenceImpl	public
net.nharyes.secrete.Main.DESCRIPTION	CtFieldReferenceImpl	private
net.nharyes.secrete.curve.Curve25519PrivateKey.serialVersionUID	CtFieldReferenceImpl	private
net.nharyes.secrete.ecies.ECIESMessage.iv	CtFieldReferenceImpl	private
net.nharyes.secrete.actions.DecryptAction	CtClassImpl	public
net.nharyes.secrete.actions.Action.writeData(byte[],java.lang.String,boolean)	CtMethodImpl	protected
net.nharyes.secrete.ecies.ECIESHelper()	CtConstructorImpl	private
net.nharyes.secrete.curve.Curve25519DecryptionParameter(byte[],byte[])	CtConstructorImpl	public
net.nharyes.secrete.Main.VERSION	CtFieldReferenceImpl	public
net.nharyes.secrete.actions.GenKeysAction.execute(org.apache.commons.cli.CommandLine,java.security.SecureRandom)	CtMethodImpl	public
net.nharyes.secrete.curve.Curve25519PublicKey	CtClassImpl	public
net.nharyes.secrete.actions.Action.getConsole()	CtMethodImpl	protected
net.nharyes.secrete.curve.Curve25519Agreement.init(org.bouncycastle.crypto.CipherParameters)	CtMethodImpl	public
net.nharyes.secrete.ecies.ECIESHelper.SHARED_INFORMATION_SIZE_BYTES	CtFieldReferenceImpl	public
net.nharyes.secrete.curve.Curve25519PublicKey.getEncoded()	CtMethodImpl	public
net.nharyes.secrete.actions.Action.readData(java.lang.String,java.lang.String,boolean)	CtMethodImpl	protected
net.nharyes.secrete.curve.Curve25519KeyPairGenerator	CtClassImpl	public
net.nharyes.secrete.actions.Action.DEFAULT_PRIVATE_KEY	CtFieldReferenceImpl	protected
net.nharyes.secrete.curve.Curve25519PrivateKey.PBKDF2_ITERATIONS	CtFieldReferenceImpl	private
net.nharyes.secrete.curve.Curve25519PublicKey.getFormat()	CtMethodImpl	public
net.nharyes.secrete.ecies.ECIESMessage.sh2	CtFieldReferenceImpl	private
