method	type	visibility
com.google.common.util.concurrent.AbstractService.isStoppable	CtFieldReferenceImpl	private
com.grahamedgecombe.db.DatabaseService(javax.sql.DataSource,com.grahamedgecombe.db.BackoffStrategy,com.grahamedgecombe.db.DeadlockDetector,int,int,java.util.concurrent.ThreadFactory)	CtConstructorImpl	private
com.grahamedgecombe.db.Builder.setMaxAttempts(int)	CtMethodImpl	public
com.grahamedgecombe.db.DatabaseService.jobs	CtFieldReferenceImpl	private
com.grahamedgecombe.db.BinaryExponentialBackoffStrategy.cMax	CtFieldReferenceImpl	private
com.google.common.util.concurrent.AbstractService.RUNNING_CALLBACK	CtFieldReferenceImpl	private
com.grahamedgecombe.db.TransactionJob(com.google.common.util.concurrent.SettableFuture<T>,com.grahamedgecombe.db.Transaction<T>)	CtConstructorImpl	public
com.grahamedgecombe.db.TransactionExecutor.connect()	CtMethodImpl	private
com.grahamedgecombe.db.BinaryExponentialBackoffStrategy(int,int)	CtConstructorImpl	public
com.grahamedgecombe.db.DatabaseService.executors	CtFieldReferenceImpl	private
com.grahamedgecombe.db.DatabaseService$Builder(javax.sql.DataSource)	CtConstructorImpl	private
com.grahamedgecombe.db.DatabaseService.DEFAULT_MAX_ATTEMPTS	CtFieldReferenceImpl	private
com.google.common.util.concurrent.AbstractService.TERMINATED_FROM_NEW_CALLBACK	CtFieldReferenceImpl	private
com.grahamedgecombe.db.DatabaseService.stop()	CtMethodImpl	public
com.grahamedgecombe.db.TransactionExecutor.maxAttempts	CtFieldReferenceImpl	private
com.grahamedgecombe.db.DatabaseService.execute(com.grahamedgecombe.db.Transaction<T>)	CtMethodImpl	public
com.google.common.util.concurrent.AbstractService.monitor	CtFieldReferenceImpl	private
com.grahamedgecombe.db.TransactionExecutor.connection	CtFieldReferenceImpl	private
com.grahamedgecombe.db.TransactionExecutor.dataSource	CtFieldReferenceImpl	private
com.google.common.util.concurrent.AbstractService.snapshot	CtFieldReferenceImpl	private
com.grahamedgecombe.db.DatabaseService.executeVoid(com.grahamedgecombe.db.VoidTransaction)	CtMethodImpl	public
com.grahamedgecombe.db.DatabaseService.Builder.threads	CtFieldReferenceImpl	private
com.grahamedgecombe.db.Builder.setDeadlockDetector(com.grahamedgecombe.db.DeadlockDetector)	CtMethodImpl	public
com.google.common.util.concurrent.AbstractService.TERMINATED_FROM_STOPPING_CALLBACK	CtFieldReferenceImpl	private
com.grahamedgecombe.db.DatabaseService.lock	CtFieldReferenceImpl	private
com.grahamedgecombe.db.TransactionExecutor.backoffStrategy	CtFieldReferenceImpl	private
com.grahamedgecombe.db.DatabaseService.threads	CtFieldReferenceImpl	private
com.grahamedgecombe.db.DatabaseService.DEFAULT_THREADS	CtFieldReferenceImpl	private
com.grahamedgecombe.db.DatabaseService.createExecutors(javax.sql.DataSource,com.grahamedgecombe.db.BackoffStrategy,com.grahamedgecombe.db.DeadlockDetector,int,int,java.util.concurrent.BlockingQueue<com.grahamedgecombe.db.TransactionJob<?>>)	CtMethodImpl	private
com.grahamedgecombe.db.DatabaseService.builder(javax.sql.DataSource)	CtMethodImpl	public
com.grahamedgecombe.db.TransactionExecutor(javax.sql.DataSource,com.grahamedgecombe.db.BackoffStrategy,com.grahamedgecombe.db.DeadlockDetector,int,java.util.concurrent.BlockingQueue<com.grahamedgecombe.db.TransactionJob<?>>)	CtConstructorImpl	public
com.grahamedgecombe.db.TransactionExecutor.stop()	CtMethodImpl	public
com.grahamedgecombe.db.Builder.setThreadFactory(java.util.concurrent.ThreadFactory)	CtMethodImpl	public
com.grahamedgecombe.db.Builder.setBackoffStrategy(com.grahamedgecombe.db.BackoffStrategy)	CtMethodImpl	public
com.grahamedgecombe.db.BinaryExponentialBackoffStrategy.getDelay(int)	CtMethodImpl	public
com.grahamedgecombe.db.TransactionJob.getFuture()	CtMethodImpl	public
com.grahamedgecombe.db.DatabaseService.running	CtFieldReferenceImpl	private
com.grahamedgecombe.db.TransactionExecutor.jobs	CtFieldReferenceImpl	private
com.google.common.util.concurrent.AbstractService.listeners	CtFieldReferenceImpl	private
com.grahamedgecombe.db.DatabaseService.Builder.backoffStrategy	CtFieldReferenceImpl	private
com.grahamedgecombe.db.Builder.build()	CtMethodImpl	public
com.grahamedgecombe.db.DatabaseService.DEFAULT_DEADLOCK_DETECTOR	CtFieldReferenceImpl	private
com.google.common.util.concurrent.AbstractService.hasReachedRunning	CtFieldReferenceImpl	private
com.grahamedgecombe.db.DatabaseService.executeVoidAsync(com.grahamedgecombe.db.VoidTransaction)	CtMethodImpl	public
com.grahamedgecombe.db.TransactionExecutor.logger	CtFieldReferenceImpl	private
com.grahamedgecombe.db.DatabaseService.Builder	CtClassImpl	public
com.grahamedgecombe.db.Builder.setThreads(int)	CtMethodImpl	public
com.google.common.util.concurrent.AbstractService.STARTING_CALLBACK	CtFieldReferenceImpl	private
com.grahamedgecombe.db.TransactionExecutor.run()	CtMethodImpl	public
com.grahamedgecombe.db.TransactionJob.getTransaction()	CtMethodImpl	public
com.grahamedgecombe.db.DatabaseService.executeAsync(com.grahamedgecombe.db.Transaction<T>)	CtMethodImpl	public
com.google.common.util.concurrent.AbstractService.isStopped	CtFieldReferenceImpl	private
com.grahamedgecombe.db.TransactionExecutor.isClosed()	CtMethodImpl	private
com.google.common.util.concurrent.AbstractService.TERMINATED_FROM_RUNNING_CALLBACK	CtFieldReferenceImpl	private
com.grahamedgecombe.db.DatabaseService.Builder.threadFactory	CtFieldReferenceImpl	private
com.grahamedgecombe.db.TransactionExecutor	CtClassImpl	package-private
com.grahamedgecombe.db.TransactionJob	CtClassImpl	package-private
com.grahamedgecombe.db.BinaryExponentialBackoffStrategy	CtClassImpl	public
com.grahamedgecombe.db.TransactionExecutor.deadlockDetector	CtFieldReferenceImpl	private
com.grahamedgecombe.db.DatabaseService.DEFAULT_BACKOFF_STRATEGY	CtFieldReferenceImpl	private
com.grahamedgecombe.db.DatabaseService.DEFAULT_THREAD_FACTORY	CtFieldReferenceImpl	private
com.grahamedgecombe.db.DatabaseService	CtClassImpl	public
com.grahamedgecombe.db.DatabaseService.doStop()	CtMethodImpl	protected
com.grahamedgecombe.db.DatabaseService.Builder.deadlockDetector	CtFieldReferenceImpl	private
com.grahamedgecombe.db.TransactionJob.transaction	CtFieldReferenceImpl	private
com.grahamedgecombe.db.BinaryExponentialBackoffStrategy.scale	CtFieldReferenceImpl	private
com.google.common.util.concurrent.AbstractService.STOPPING_FROM_RUNNING_CALLBACK	CtFieldReferenceImpl	private
com.grahamedgecombe.db.TransactionExecutor.running	CtFieldReferenceImpl	private
com.grahamedgecombe.db.DatabaseService.start()	CtMethodImpl	public
com.grahamedgecombe.db.DatabaseService.createThreads(com.grahamedgecombe.db.TransactionExecutor[],java.util.concurrent.ThreadFactory)	CtMethodImpl	private
com.grahamedgecombe.db.BinaryExponentialBackoffStrategy.random	CtFieldReferenceImpl	private
com.google.common.util.concurrent.AbstractService.STOPPING_FROM_STARTING_CALLBACK	CtFieldReferenceImpl	private
com.grahamedgecombe.db.DatabaseService.Builder.dataSource	CtFieldReferenceImpl	private
com.grahamedgecombe.db.DatabaseService.Builder.maxAttempts	CtFieldReferenceImpl	private
com.grahamedgecombe.db.TransactionJob.future	CtFieldReferenceImpl	private
com.grahamedgecombe.db.DatabaseService.doStart()	CtMethodImpl	protected
com.grahamedgecombe.db.TransactionExecutor.execute(com.grahamedgecombe.db.TransactionJob<T>)	CtMethodImpl	private
com.google.common.util.concurrent.AbstractService.isStartable	CtFieldReferenceImpl	private
