method	type	visibility
org.jsoftbiz.utils.OS.SingletonHolder.name	CtFieldReferenceImpl	package-private
org.jsoftbiz.utils.OS.SingletonHolder.version	CtFieldImpl	package-private
org.jsoftbiz.utils.OS.initLinuxOsInfo(java.lang.String,java.lang.String,java.lang.String)	CtMethodImpl	private
org.jsoftbiz.utils.OS.SingletonHolder.version	CtFieldReferenceImpl	package-private
org.jsoftbiz.utils.OS.SingletonHolder.instance	CtFieldImpl	private
org.jsoftbiz.utils.OS.getArch()	CtMethodImpl	public
org.jsoftbiz.utils.OS.osInfo	CtFieldReferenceImpl	private
org.jsoftbiz.utils.OS.readPlatformNameFromOsRelease(java.lang.String,java.lang.String,java.lang.String,java.io.BufferedReader)	CtMethodImpl	package-private
org.jsoftbiz.utils.OS.SingletonHolder	CtClassImpl	private
org.jsoftbiz.utils.OS.getPlatformNameFromFile(java.lang.String,java.lang.String,java.lang.String,java.lang.String)	CtMethodImpl	private
org.jsoftbiz.utils.OS.OsInfo	CtClassImpl	package-private
org.jsoftbiz.utils.OS.linux	CtFieldReferenceImpl	private
org.jsoftbiz.utils.OS.SingletonHolder.arch	CtFieldImpl	package-private
org.jsoftbiz.utils.OS.darwin	CtFieldReferenceImpl	private
org.jsoftbiz.utils.OS(java.lang.String,java.lang.String,java.lang.String)	CtConstructorImpl	private
org.jsoftbiz.App	CtClassImpl	public
org.jsoftbiz.utils.OS.SingletonHolder.name	CtFieldImpl	package-private
org.jsoftbiz.utils.OS.OsInfo.name	CtFieldReferenceImpl	private
org.jsoftbiz.utils.OS$SingletonHolder()	CtConstructorImpl	private
org.jsoftbiz.utils.OS.SingletonHolder.arch	CtFieldReferenceImpl	package-private
org.jsoftbiz.utils.OsInfo.getName()	CtMethodImpl	public
org.jsoftbiz.utils.OsInfo.getPlatformName()	CtMethodImpl	public
org.jsoftbiz.utils.OS$OsInfo(java.lang.String,java.lang.String,java.lang.String,java.lang.String)	CtConstructorImpl	private
org.jsoftbiz.utils.OS.OsInfo.version	CtFieldReferenceImpl	private
org.jsoftbiz.App()	CtConstructorImpl	public
org.jsoftbiz.utils.OS.initMacOsInfo(java.lang.String,java.lang.String,java.lang.String)	CtMethodImpl	private
org.jsoftbiz.utils.OS.readPlatformName(java.lang.String,java.lang.String,java.lang.String,java.io.BufferedReader)	CtMethodImpl	package-private
org.jsoftbiz.utils.OsInfo.getArch()	CtMethodImpl	public
org.jsoftbiz.utils.OS()	CtConstructorImpl	public
org.jsoftbiz.utils.OS.getVersion()	CtMethodImpl	public
org.jsoftbiz.utils.OS.1	CtClassImpl	package-private
org.jsoftbiz.utils.OS.getFileEndingWith(java.io.File,java.lang.String)	CtMethodImpl	private
org.jsoftbiz.utils.OS.OsInfo.platformName	CtFieldReferenceImpl	private
org.jsoftbiz.App.main(java.lang.String[])	CtMethodImpl	public
org.jsoftbiz.utils.OS.getName()	CtMethodImpl	public
org.jsoftbiz.utils.OS.getPlatformNameFromLsbRelease(java.lang.String,java.lang.String,java.lang.String)	CtMethodImpl	private
org.jsoftbiz.utils.OS.OsInfo.arch	CtFieldReferenceImpl	private
org.jsoftbiz.utils.OS	CtClassImpl	public
org.jsoftbiz.utils.OS.getOs()	CtMethodImpl	public
org.jsoftbiz.utils.OS.getPlatformName()	CtMethodImpl	public
org.jsoftbiz.utils.OS.getPlatformNameFromOsRelease(java.lang.String,java.lang.String,java.lang.String)	CtMethodImpl	private
org.jsoftbiz.utils.OS.initDarwinOsInfo(java.lang.String,java.lang.String,java.lang.String)	CtMethodImpl	private
org.jsoftbiz.utils.OS.macOs	CtFieldReferenceImpl	private
org.jsoftbiz.utils.OS.readPlatformNameFromLsb(java.lang.String,java.lang.String,java.lang.String,java.io.BufferedReader)	CtMethodImpl	package-private
org.jsoftbiz.utils.OsInfo.getVersion()	CtMethodImpl	public
org.jsoftbiz.utils.OS.SingletonHolder.instance	CtFieldReferenceImpl	private
