method	type	visibility
org.json.JSONWriter.object()	CtMethodImpl	public
org.json.JSONObject(java.lang.Object)	CtConstructorImpl	public
org.json.JSONTokener.nextTo(java.lang.String)	CtMethodImpl	public
org.json.JSONWriter.endObject()	CtMethodImpl	public
org.json.JSONArray.toJSONObject(org.json.JSONArray)	CtMethodImpl	public
jstestdriver.coveage.report.CoverageReportAnalysis.assertBuild(java.util.List<jstestdriver.coveage.report.CoverageData>,int)	CtMethodImpl	public
org.json.Cookie.escape(java.lang.String)	CtMethodImpl	public
jstestdriver.coveage.report.CoverageData.codes	CtFieldReferenceImpl	private
jstestdriver.coveage.report.DefaultFileHelper	CtClassImpl	public
jstestdriver.coveage.report.DefaultFileHelper.innerWriteLines(java.lang.String,java.lang.String[])	CtMethodImpl	private
org.json.XML.QUEST	CtFieldReferenceImpl	public
org.json.JSONObject(java.lang.String)	CtConstructorImpl	public
jstestdriver.coveage.report.CoverageData(java.lang.String)	CtConstructorImpl	public
org.json.JSONML.parse(org.json.XMLTokener,boolean,org.json.JSONArray)	CtMethodImpl	private
org.json.JSONObject.put(java.lang.String,boolean)	CtMethodImpl	public
org.json.JSONObject.getDouble(java.lang.String)	CtMethodImpl	public
jstestdriver.coveage.report.CoverageLine.setLine(int)	CtMethodImpl	public
org.json.JSONObject.length()	CtMethodImpl	public
org.json.XMLTokener.nextToken()	CtMethodImpl	public
jstestdriver.coveage.report.CoverageReportAnalysis.resourceCopy	CtFieldReferenceImpl	private
org.json.JSONObject.remove(java.lang.String)	CtMethodImpl	public
jstestdriver.coveage.report.DefaultFileHelper.ReadLines(java.lang.String)	CtMethodImpl	public
org.json.JSONObject.NULL	CtFieldReferenceImpl	public
org.json.JSONArray.put(java.util.Collection)	CtMethodImpl	public
org.json.JSONArray.optInt(int,int)	CtMethodImpl	public
org.json.JSONArray.getInt(int)	CtMethodImpl	public
org.json.CookieList	CtClassImpl	public
jstestdriver.coveage.report.CoverageLine	CtClassImpl	public
org.json.JSONException	CtClassImpl	public
jstestdriver.coveage.report.CoverageReportAnalysis.splitFile(java.lang.String[])	CtMethodImpl	public
org.json.JSONObject.has(java.lang.String)	CtMethodImpl	public
org.json.JSONObject.indent(java.io.Writer,int)	CtMethodImpl	package-private
org.json.JSONObject.populateMap(java.lang.Object)	CtMethodImpl	private
org.json.JSONTokener.nextTo(char)	CtMethodImpl	public
org.json.JSONObject.doubleToString(double)	CtMethodImpl	public
org.json.JSONObject.getJSONObject(java.lang.String)	CtMethodImpl	public
org.json.XML.noSpace(java.lang.String)	CtMethodImpl	public
org.json.XML.toJSONObject(java.lang.String)	CtMethodImpl	public
jstestdriver.coveage.report.CoverageReportAnalysis.getCoverageData(java.lang.String[])	CtMethodImpl	public
org.json.Cookie.unescape(java.lang.String)	CtMethodImpl	public
org.apache.maven.plugin.AbstractMojo.log	CtFieldReferenceImpl	private
org.json.XMLTokener.nextEntity(char)	CtMethodImpl	public
org.json.CDL.rowToString(org.json.JSONArray)	CtMethodImpl	public
org.json.JSONObject.Null	CtClassImpl	private
com.github.greengerong.JsCoverageReportMojo.excludes	CtFieldReferenceImpl	private
org.json.JSONWriter.pop(char)	CtMethodImpl	private
org.json.XML.BANG	CtFieldReferenceImpl	public
org.json.JSONArray.getString(int)	CtMethodImpl	public
jstestdriver.coveage.report.CoverageData()	CtConstructorImpl	public
jstestdriver.coveage.report.CoverageData.setFile(java.lang.String)	CtMethodImpl	public
org.json.JSONObject.optLong(java.lang.String)	CtMethodImpl	public
org.json.JSONObject.optJSONObject(java.lang.String)	CtMethodImpl	public
jstestdriver.coveage.report.Main	CtClassImpl	public
org.json.HTTPTokener.nextToken()	CtMethodImpl	public
org.json.JSONArray.getBoolean(int)	CtMethodImpl	public
org.json.JSONTokener	CtClassImpl	public
org.json.HTTPTokener	CtClassImpl	public
jstestdriver.coveage.report.DefaultFileHelper.WriteFile(java.lang.String,java.lang.String[])	CtMethodImpl	public
org.json.JSONObject.quote(java.lang.String,java.io.Writer)	CtMethodImpl	public
jstestdriver.coveage.report.CoverageReportAnalysis.END_OF_RECORD	CtFieldReferenceImpl	private
org.json.CookieList.toJSONObject(java.lang.String)	CtMethodImpl	public
jstestdriver.coveage.report.StringUtils	CtClassImpl	public
org.json.XML.EQ	CtFieldReferenceImpl	public
org.json.JSONArray.toString(int)	CtMethodImpl	public
jstestdriver.coveage.report.CoverageReportAnalysis.toJson(java.util.List<jstestdriver.coveage.report.CoverageData>)	CtMethodImpl	public
org.json.XML.APOS	CtFieldReferenceImpl	public
org.json.JSONTokener(java.io.Reader)	CtConstructorImpl	public
org.json.JSONTokener.nextString(char)	CtMethodImpl	public
jstestdriver.coveage.report.ResourceCopyImpl.createAllDirs(java.lang.String)	CtMethodImpl	private
org.json.JSONObject.optInt(java.lang.String)	CtMethodImpl	public
org.json.JSONStringer	CtClassImpl	public
org.json.JSONArray.put(int)	CtMethodImpl	public
jstestdriver.coveage.report.StringUtils.join(java.lang.String[],java.lang.String)	CtMethodImpl	public
org.json.JSONArray.optBoolean(int,boolean)	CtMethodImpl	public
org.json.JSONObject.optInt(java.lang.String,int)	CtMethodImpl	public
org.json.JSONArray.join(java.lang.String)	CtMethodImpl	public
org.json.JSONArray.put(int,int)	CtMethodImpl	public
org.json.JSONObject.getInt(java.lang.String)	CtMethodImpl	public
org.json.JSONML.toString(org.json.JSONArray)	CtMethodImpl	public
org.json.JSONTokener.index	CtFieldReferenceImpl	private
org.json.JSONTokener.toString()	CtMethodImpl	public
org.json.XMLTokener.nextMeta()	CtMethodImpl	public
org.json.JSONException.cause	CtFieldReferenceImpl	private
org.json.JSONObject.getJSONArray(java.lang.String)	CtMethodImpl	public
org.json.XMLTokener	CtClassImpl	public
org.json.JSONArray.get(int)	CtMethodImpl	public
org.json.XML.toString(java.lang.Object)	CtMethodImpl	public
com.github.greengerong.JsCoverageReportMojo.outputDirectory	CtFieldReferenceImpl	private
jstestdriver.coveage.report.CoverageData.getHitCount()	CtMethodImpl	public
jstestdriver.coveage.report.CoverageReportAnalysis.writeCoverageDataFile(java.io.File,java.lang.String,int,double)	CtMethodImpl	private
org.json.JSONObject.putOpt(java.lang.String,java.lang.Object)	CtMethodImpl	public
org.json.JSONTokener.line	CtFieldReferenceImpl	private
org.json.JSONException.getCause()	CtMethodImpl	public
jstestdriver.coveage.report.CoverageReportAnalysis.getCoverageDataSource(java.lang.String,int,double)	CtMethodImpl	private
jstestdriver.coveage.report.CoverageReportAnalysis.getPackageCoverageRate(java.util.List<jstestdriver.coveage.report.CoverageData>)	CtMethodImpl	public
jstestdriver.coveage.report.CoverageData.setCodes(java.lang.String[])	CtMethodImpl	public
jstestdriver.coveage.report.CoverageLine.isBeHit()	CtMethodImpl	public
org.json.JSONStringer.toString()	CtMethodImpl	public
org.json.JSONArray	CtClassImpl	public
org.json.JSONObject$Null()	CtConstructorImpl	private
org.json.JSONObject.write(java.io.Writer,int,int)	CtMethodImpl	package-private
org.json.JSONArray.isNull(int)	CtMethodImpl	public
jstestdriver.coveage.report.DefaultFileHelper.innerReadLines(java.lang.String)	CtMethodImpl	private
org.json.JSONArray.optBoolean(int)	CtMethodImpl	public
org.json.JSONArray.opt(int)	CtMethodImpl	public
org.json.CDL.toJSONArray(org.json.JSONArray,org.json.JSONTokener)	CtMethodImpl	public
org.json.JSONObject.writeValue(java.io.Writer,java.lang.Object,int,int)	CtMethodImpl	package-private
org.json.HTTP.toJSONObject(java.lang.String)	CtMethodImpl	public
org.json.JSONArray.optInt(int)	CtMethodImpl	public
org.json.JSONObject.optBoolean(java.lang.String)	CtMethodImpl	public
org.json.JSONTokener.dehexchar(char)	CtMethodImpl	public
org.json.JSONWriter.stack	CtFieldReferenceImpl	private
jstestdriver.coveage.report.CoverageData.file	CtFieldReferenceImpl	private
com.github.greengerong.JsCoverageReportMojo	CtClassImpl	public
org.json.JSONObject.optBoolean(java.lang.String,boolean)	CtMethodImpl	public
org.json.JSONTokener.usePrevious	CtFieldReferenceImpl	private
org.json.XMLTokener.entity	CtFieldReferenceImpl	public
org.json.JSONArray.write(java.io.Writer,int,int)	CtMethodImpl	package-private
org.json.XMLTokener(java.lang.String)	CtConstructorImpl	public
org.json.JSONArray.getJSONArray(int)	CtMethodImpl	public
org.json.JSONML.toJSONArray(java.lang.String)	CtMethodImpl	public
org.json.JSONWriter.mode	CtFieldReferenceImpl	protected
org.json.JSONArray(org.json.JSONTokener)	CtConstructorImpl	public
jstestdriver.coveage.report.CoverageData.hashCode()	CtMethodImpl	public
org.json.JSONTokener.end()	CtMethodImpl	public
org.json.JSONObject.quote(java.lang.String)	CtMethodImpl	public
org.json.JSONML.toJSONObject(java.lang.String)	CtMethodImpl	public
org.json.CDL()	CtConstructorImpl	public
org.json.JSONArray.getDouble(int)	CtMethodImpl	public
org.json.JSONArray.put(int,java.util.Collection)	CtMethodImpl	public
org.json.JSONTokener.nextValue()	CtMethodImpl	public
org.json.JSONObject.names()	CtMethodImpl	public
org.json.JSONArray.put(boolean)	CtMethodImpl	public
org.json.JSONTokener.back()	CtMethodImpl	public
org.json.JSONObject.getString(java.lang.String)	CtMethodImpl	public
org.json.JSONWriter	CtClassImpl	public
jstestdriver.coveage.report.CoverageLine.line	CtFieldReferenceImpl	private
org.json.HTTP.CRLF	CtFieldReferenceImpl	public
org.json.JSONTokener.character	CtFieldReferenceImpl	private
org.json.JSONObject.put(java.lang.String,java.util.Map)	CtMethodImpl	public
jstestdriver.coveage.report.CoverageReportAnalysis.fileHelper	CtFieldReferenceImpl	private
org.json.CDL.toJSONArray(org.json.JSONArray,java.lang.String)	CtMethodImpl	public
org.json.JSONArray.put(int,long)	CtMethodImpl	public
org.json.JSONObject.write(java.io.Writer)	CtMethodImpl	public
jstestdriver.coveage.report.CoverageReportAnalysis(jstestdriver.coveage.report.FileHelper,jstestdriver.coveage.report.ResourceCopyImpl)	CtConstructorImpl	public
org.json.JSONArray.toString()	CtMethodImpl	public
org.json.JSONTokener.nextClean()	CtMethodImpl	public
org.json.JSONObject.optDouble(java.lang.String,double)	CtMethodImpl	public
jstestdriver.coveage.report.CoverageLine.setHit(int)	CtMethodImpl	public
org.apache.maven.plugin.Mojo.ROLE	CtFieldReferenceImpl	package-private
jstestdriver.coveage.report.CoverageReportAnalysis.COVERAGE_FILE_NAME	CtFieldReferenceImpl	public
org.json.XML.toString(java.lang.Object,java.lang.String)	CtMethodImpl	public
org.json.JSONWriter.comma	CtFieldReferenceImpl	private
org.json.JSONObject.put(java.lang.String,double)	CtMethodImpl	public
jstestdriver.coveage.report.CoverageReportAnalysis.execute(java.lang.String,java.io.File,java.lang.String[],int)	CtMethodImpl	public
org.json.JSONObject.testValidity(java.lang.Object)	CtMethodImpl	public
org.json.JSONArray.put(java.util.Map)	CtMethodImpl	public
org.json.XML.LT	CtFieldReferenceImpl	public
com.github.greengerong.JsCoverageReportMojo()	CtConstructorImpl	public
org.json.JSONObject(java.lang.String,java.util.Locale)	CtConstructorImpl	public
org.json.XML.QUOT	CtFieldReferenceImpl	public
org.json.Cookie.toString(org.json.JSONObject)	CtMethodImpl	public
org.json.JSONArray.optJSONArray(int)	CtMethodImpl	public
org.json.JSONML.toString(org.json.JSONObject)	CtMethodImpl	public
org.json.CDL.rowToJSONObject(org.json.JSONArray,org.json.JSONTokener)	CtMethodImpl	public
org.json.JSONArray.put(int,java.util.Map)	CtMethodImpl	public
org.json.JSONObject.optString(java.lang.String,java.lang.String)	CtMethodImpl	public
org.json.JSONArray(java.util.Collection)	CtConstructorImpl	public
org.json.JSONArray()	CtConstructorImpl	public
org.json.JSONObject()	CtConstructorImpl	public
org.json.JSONObject.optString(java.lang.String)	CtMethodImpl	public
org.json.JSONObject.put(java.lang.String,long)	CtMethodImpl	public
org.json.HTTP.toString(org.json.JSONObject)	CtMethodImpl	public
jstestdriver.coveage.report.CoverageReportAnalysis.getAllCoverageData(java.util.List<java.lang.String[]>)	CtMethodImpl	private
org.json.JSONML()	CtConstructorImpl	public
org.json.JSONWriter.value(boolean)	CtMethodImpl	public
jstestdriver.coveage.report.CoverageData	CtClassImpl	public
org.json.CDL.rowToJSONArray(org.json.JSONTokener)	CtMethodImpl	public
org.json.JSONArray.optString(int,java.lang.String)	CtMethodImpl	public
org.json.JSONObject.putOnce(java.lang.String,java.lang.Object)	CtMethodImpl	public
jstestdriver.coveage.report.ResourceCopyImpl.copy(java.lang.String)	CtMethodImpl	public
org.json.JSONObject.optJSONArray(java.lang.String)	CtMethodImpl	public
org.json.JSONWriter.end(char,char)	CtMethodImpl	private
org.json.JSONTokener.eof	CtFieldReferenceImpl	private
org.json.JSONObject.opt(java.lang.String)	CtMethodImpl	public
org.json.JSONArray.optLong(int,long)	CtMethodImpl	public
org.json.JSONStringer()	CtConstructorImpl	public
org.json.JSONTokener.skipTo(char)	CtMethodImpl	public
org.json.JSONTokener.reader	CtFieldReferenceImpl	private
jstestdriver.coveage.report.ResourceCopyImpl()	CtConstructorImpl	public
org.json.JSONArray.optString(int)	CtMethodImpl	public
org.json.CDL.toString(org.json.JSONArray,org.json.JSONArray)	CtMethodImpl	public
org.json.JSONObject(java.util.Map)	CtConstructorImpl	public
org.json.JSONTokener.more()	CtMethodImpl	public
org.json.JSONObject.isNull(java.lang.String)	CtMethodImpl	public
org.json.Cookie()	CtConstructorImpl	public
org.json.JSONException(java.lang.String)	CtConstructorImpl	public
org.json.CDL	CtClassImpl	public
org.json.JSONWriter.value(java.lang.Object)	CtMethodImpl	public
jstestdriver.coveage.report.Main()	CtConstructorImpl	public
org.json.JSONObject.valueToString(java.lang.Object)	CtMethodImpl	public
org.json.JSONArray.put(int,boolean)	CtMethodImpl	public
org.json.Null.clone()	CtMethodImpl	protected
org.json.JSONObject.accumulate(java.lang.String,java.lang.Object)	CtMethodImpl	public
org.json.JSONArray.write(java.io.Writer)	CtMethodImpl	public
org.json.JSONObject.toString()	CtMethodImpl	public
org.json.JSONWriter.array()	CtMethodImpl	public
org.json.XMLTokener.skipPast(java.lang.String)	CtMethodImpl	public
org.json.Null.equals(java.lang.Object)	CtMethodImpl	public
org.json.JSONException.serialVersionUID	CtFieldReferenceImpl	private
org.json.JSONTokener.syntaxError(java.lang.String)	CtMethodImpl	public
org.json.JSONObject.optDouble(java.lang.String)	CtMethodImpl	public
org.json.JSONException(java.lang.Throwable)	CtConstructorImpl	public
org.json.JSONWriter.push(org.json.JSONObject)	CtMethodImpl	private
org.json.XML()	CtConstructorImpl	public
org.json.XML.SLASH	CtFieldReferenceImpl	public
org.json.JSONArray.myArrayList	CtFieldReferenceImpl	private
org.json.JSONObject.map	CtFieldReferenceImpl	private
jstestdriver.coveage.report.CoverageData.getCodes()	CtMethodImpl	public
org.json.JSONObject(org.json.JSONTokener)	CtConstructorImpl	public
org.json.JSONWriter.writer	CtFieldReferenceImpl	protected
org.apache.maven.plugin.AbstractMojo.pluginContext	CtFieldReferenceImpl	private
org.json.CookieList.toString(org.json.JSONObject)	CtMethodImpl	public
org.json.JSONObject.increment(java.lang.String)	CtMethodImpl	public
jstestdriver.coveage.report.DefaultFileHelper()	CtConstructorImpl	public
org.json.JSONWriter.value(double)	CtMethodImpl	public
jstestdriver.coveage.report.CoverageLine.getLine()	CtMethodImpl	public
org.json.JSONObject.numberToString(java.lang.Number)	CtMethodImpl	public
org.json.JSONArray.optLong(int)	CtMethodImpl	public
org.json.JSONObject(org.json.JSONObject,java.lang.String[])	CtConstructorImpl	public
org.json.HTTP	CtClassImpl	public
org.json.XMLTokener.nextContent()	CtMethodImpl	public
jstestdriver.coveage.report.StringUtils()	CtConstructorImpl	public
org.json.JSONWriter(java.io.Writer)	CtConstructorImpl	public
org.json.JSONTokener.next(char)	CtMethodImpl	public
org.json.CookieList()	CtConstructorImpl	public
org.json.JSONArray(java.lang.Object)	CtConstructorImpl	public
jstestdriver.coveage.report.CoverageData.equals(java.lang.Object)	CtMethodImpl	public
org.json.JSONObject(java.lang.Object,java.lang.String[])	CtConstructorImpl	public
org.json.JSONObject.getLong(java.lang.String)	CtMethodImpl	public
jstestdriver.coveage.report.Main.main(java.lang.String[])	CtMethodImpl	public
jstestdriver.coveage.report.ResourceCopyImpl	CtClassImpl	public
org.json.HTTP()	CtConstructorImpl	public
org.json.JSONArray(java.lang.String)	CtConstructorImpl	public
org.json.JSONObject.toJSONArray(org.json.JSONArray)	CtMethodImpl	public
org.json.JSONObject.wrap(java.lang.Object)	CtMethodImpl	public
org.json.CDL.toString(org.json.JSONArray)	CtMethodImpl	public
org.json.JSONArray.optJSONObject(int)	CtMethodImpl	public
org.json.CDL.toJSONArray(java.lang.String)	CtMethodImpl	public
org.json.JSONArray.put(int,java.lang.Object)	CtMethodImpl	public
org.json.JSONWriter.endArray()	CtMethodImpl	public
jstestdriver.coveage.report.ResourceCopyImpl.createFile(java.lang.Class,java.lang.String,java.lang.String)	CtMethodImpl	private
org.json.JSONArray.getJSONObject(int)	CtMethodImpl	public
org.json.JSONObject.put(java.lang.String,java.lang.Object)	CtMethodImpl	public
jstestdriver.coveage.report.ResourceCopyImpl.createFiles(java.lang.Class,java.lang.String)	CtMethodImpl	private
org.json.JSONObject.getNames(org.json.JSONObject)	CtMethodImpl	public
org.json.JSONWriter.top	CtFieldReferenceImpl	private
org.json.JSONTokener.next()	CtMethodImpl	public
org.json.XML.GT	CtFieldReferenceImpl	public
com.github.greengerong.JsCoverageReportMojo.limit	CtFieldReferenceImpl	private
org.json.JSONArray.optDouble(int,double)	CtMethodImpl	public
org.json.Null.toString()	CtMethodImpl	public
org.json.JSONWriter.value(long)	CtMethodImpl	public
org.json.JSONArray.length()	CtMethodImpl	public
com.github.greengerong.JsCoverageReportMojo.coverageFile	CtFieldReferenceImpl	private
jstestdriver.coveage.report.CoverageReportAnalysis.REPORT_RESOURCE_NAME	CtFieldReferenceImpl	public
org.json.JSONArray.put(int,double)	CtMethodImpl	public
org.json.XML.escape(java.lang.String)	CtMethodImpl	public
jstestdriver.coveage.report.CoverageLine.hit	CtFieldReferenceImpl	private
org.json.JSONObject.keys()	CtMethodImpl	public
org.json.JSONObject.stringToValue(java.lang.String)	CtMethodImpl	public
org.json.JSONObject.getBoolean(java.lang.String)	CtMethodImpl	public
org.json.JSONTokener.next(int)	CtMethodImpl	public
org.json.JSONObject.optLong(java.lang.String,long)	CtMethodImpl	public
org.json.JSONObject	CtClassImpl	public
org.json.JSONWriter.append(java.lang.String)	CtMethodImpl	private
org.json.HTTPTokener(java.lang.String)	CtConstructorImpl	public
org.json.JSONArray.getLong(int)	CtMethodImpl	public
org.json.JSONArray.put(double)	CtMethodImpl	public
org.json.JSONML.toJSONObject(org.json.XMLTokener)	CtMethodImpl	public
org.json.CDL.getValue(org.json.JSONTokener)	CtMethodImpl	private
org.json.JSONTokener.previous	CtFieldReferenceImpl	private
org.json.JSONArray.remove(int)	CtMethodImpl	public
org.json.JSONWriter.maxdepth	CtFieldReferenceImpl	private
jstestdriver.coveage.report.CoverageData.getLines()	CtMethodImpl	public
org.json.JSONObject.getNames(java.lang.Object)	CtMethodImpl	public
org.json.JSONML.toJSONArray(org.json.XMLTokener)	CtMethodImpl	public
jstestdriver.coveage.report.CoverageData.lines	CtFieldReferenceImpl	private
jstestdriver.coveage.report.CoverageReportAnalysis	CtClassImpl	public
org.json.JSONObject.toString(int)	CtMethodImpl	public
org.json.JSONWriter.key(java.lang.String)	CtMethodImpl	public
jstestdriver.coveage.report.CoverageData.getLineCount()	CtMethodImpl	public
jstestdriver.coveage.report.CoverageLine()	CtConstructorImpl	public
jstestdriver.coveage.report.CoverageReportAnalysis.setCoverageCodes(jstestdriver.coveage.report.CoverageData)	CtMethodImpl	private
jstestdriver.coveage.report.CoverageReportAnalysis.exculdesFiles(java.util.List<jstestdriver.coveage.report.CoverageData>,java.lang.String[])	CtMethodImpl	private
org.json.Cookie	CtClassImpl	public
org.json.JSONTokener(java.lang.String)	CtConstructorImpl	public
org.json.XML.parse(org.json.XMLTokener,org.json.JSONObject,java.lang.String)	CtMethodImpl	private
org.json.Cookie.toJSONObject(java.lang.String)	CtMethodImpl	public
org.json.JSONTokener(java.io.InputStream)	CtConstructorImpl	public
jstestdriver.coveage.report.ResourceCopyImpl.copy(java.lang.Class,java.lang.String)	CtMethodImpl	public
org.json.JSONObject.put(java.lang.String,java.util.Collection)	CtMethodImpl	public
org.json.XML	CtClassImpl	public
org.json.CDL.toJSONArray(org.json.JSONTokener)	CtMethodImpl	public
org.json.JSONML	CtClassImpl	public
jstestdriver.coveage.report.ResourceCopyImpl.mkdirs(java.lang.String,java.lang.String)	CtMethodImpl	private
org.json.JSONObject.put(java.lang.String,int)	CtMethodImpl	public
org.json.XML.stringToValue(java.lang.String)	CtMethodImpl	public
org.json.JSONArray.put(java.lang.Object)	CtMethodImpl	public
jstestdriver.coveage.report.CoverageData.getFile()	CtMethodImpl	public
com.github.greengerong.JsCoverageReportMojo.execute()	CtMethodImpl	public
org.json.JSONObject.get(java.lang.String)	CtMethodImpl	public
org.json.XML.AMP	CtFieldReferenceImpl	public
jstestdriver.coveage.report.CoverageLine.getHit()	CtMethodImpl	public
org.json.JSONArray.put(long)	CtMethodImpl	public
org.json.JSONArray.optDouble(int)	CtMethodImpl	public
org.json.XMLTokener.nextCDATA()	CtMethodImpl	public
org.json.JSONObject.append(java.lang.String,java.lang.Object)	CtMethodImpl	public
