method	type	visibility
org.apache.cxf.clustering.FailoverFeature.targetSelector	CtFieldReferenceImpl	private
org.apache.cxf.clustering.FailoverTargetSelector.inProgress	CtFieldReferenceImpl	protected
com.github.jaceko.circuitswitcher.Circuit.resetBreaker()	CtMethodImpl	public
org.apache.cxf.clustering.CircuitSwitcherClusteringFeature.resetTimeout	CtFieldReferenceImpl	private
com.github.jaceko.circuitswitcher.Circuit.failureThreshold	CtFieldReferenceImpl	private
org.apache.cxf.clustering.CircuitSwitcherTargetSelector.setFailureThreshold(int)	CtMethodImpl	package-private
org.apache.cxf.clustering.CircuitSwitcherClusteringFeature.setAddressList(java.util.List<java.lang.String>)	CtMethodImpl	public
org.apache.cxf.endpoint.AbstractConduitSelector.endpoint	CtFieldReferenceImpl	protected
com.github.jaceko.circuitswitcher.Circuit.toString()	CtMethodImpl	public
com.github.jaceko.circuitswitcher.CircuitClosed	CtClassImpl	public
org.apache.cxf.clustering.CircuitSwitcherTargetSelector.getAddressFrom(java.util.Map<java.lang.String, java.lang.Object>)	CtMethodImpl	private
org.apache.cxf.clustering.CircuitSwitcherTargetSelector.getFailoverTarget(org.apache.cxf.message.Exchange,org.apache.cxf.clustering.FailoverTargetSelector.InvocationContext)	CtMethodImpl	protected
com.github.jaceko.circuitswitcher.Circuit.connectionAvailable()	CtMethodImpl	public
com.github.jaceko.circuitswitcher.CircuitOpen.tripTime	CtFieldReferenceImpl	private
org.apache.cxf.clustering.CircuitSwitcherClusteringFeature.setResetTimeout(long)	CtMethodImpl	public
org.apache.cxf.clustering.CircuitSwitcherTargetSelector.resetTimeout	CtFieldReferenceImpl	private
com.github.jaceko.circuitswitcher.Circuit.targetAddress	CtFieldReferenceImpl	private
com.github.jaceko.circuitswitcher.Circuit.getFailureThreshold()	CtMethodImpl	public
com.github.jaceko.circuitswitcher.Circuit.getResetTimeout()	CtMethodImpl	public
org.apache.cxf.clustering.CircuitSwitcherTargetSelector	CtClassImpl	public
org.apache.cxf.clustering.CircuitSwitcherTargetSelector.findCircuit(java.lang.String)	CtMethodImpl	private
org.apache.cxf.endpoint.AbstractConduitSelector.CONDUIT_COMPARE_FULL_URL	CtFieldReferenceImpl	public
com.github.jaceko.circuitswitcher.CircuitClosed.onError(com.github.jaceko.circuitswitcher.Circuit)	CtMethodImpl	public
com.github.jaceko.circuitswitcher.Circuit.circuitState	CtFieldReferenceImpl	private
com.github.jaceko.circuitswitcher.CircuitOpen	CtClassImpl	public
org.apache.cxf.clustering.FailoverFeature.failoverStrategy	CtFieldReferenceImpl	private
org.apache.cxf.clustering.CircuitSwitcherTargetSelector.getAvailableTarget()	CtMethodImpl	private
org.apache.cxf.clustering.CircuitSwitcherClusteringFeature.initTargetSelector(org.apache.cxf.endpoint.Endpoint)	CtMethodImpl	protected
org.apache.cxf.clustering.CircuitSwitcherClusteringFeature.getTargetSelector()	CtMethodImpl	public
com.github.jaceko.circuitswitcher.CircuitClosed.onSuccess(com.github.jaceko.circuitswitcher.Circuit)	CtMethodImpl	public
org.apache.cxf.clustering.CircuitSwitcherClusteringFeature.receiveTimeout	CtFieldReferenceImpl	private
org.apache.cxf.clustering.CircuitSwitcherTargetSelector.IS_SELECTED	CtFieldReferenceImpl	private
com.github.jaceko.circuitswitcher.Circuit(java.lang.String,int,long)	CtConstructorImpl	public
com.github.jaceko.circuitswitcher.CircuitClosed.connectionAvailable(com.github.jaceko.circuitswitcher.Circuit)	CtMethodImpl	public
org.apache.cxf.endpoint.AbstractConduitSelector.KEEP_CONDUIT_ALIVE	CtFieldReferenceImpl	protected
org.apache.cxf.clustering.CircuitSwitcherTargetSelector.failureThreshold	CtFieldReferenceImpl	private
com.github.jaceko.circuitswitcher.Circuit.attemptReset()	CtMethodImpl	public
com.github.jaceko.circuitswitcher.Circuit	CtClassImpl	public
com.github.jaceko.circuitswitcher.Circuit.equals(java.lang.Object)	CtMethodImpl	public
org.apache.cxf.clustering.CircuitSwitcherClusteringFeature.failureThreshold	CtFieldReferenceImpl	private
com.github.jaceko.circuitswitcher.CircuitOpen.onError(com.github.jaceko.circuitswitcher.Circuit)	CtMethodImpl	public
org.apache.cxf.clustering.CircuitSwitcherTargetSelector.receiveTimeout	CtFieldReferenceImpl	private
com.github.jaceko.circuitswitcher.CircuitHalfOpen.onError(com.github.jaceko.circuitswitcher.Circuit)	CtMethodImpl	public
org.apache.cxf.clustering.FailoverTargetSelector.LOG	CtFieldReferenceImpl	private
com.github.jaceko.circuitswitcher.Circuit.handleSuccesfullConnection()	CtMethodImpl	public
com.github.jaceko.circuitswitcher.Circuit.hashCode()	CtMethodImpl	public
org.apache.cxf.clustering.CircuitSwitcherClusteringFeature()	CtConstructorImpl	public
com.github.jaceko.circuitswitcher.CircuitOpen.elapsed(long)	CtMethodImpl	private
org.apache.cxf.clustering.CircuitSwitcherTargetSelector.onFailure(java.util.Map<java.lang.String, java.lang.Object>)	CtMethodImpl	protected
com.github.jaceko.circuitswitcher.CircuitOpen.connectionAvailable(com.github.jaceko.circuitswitcher.Circuit)	CtMethodImpl	public
org.apache.cxf.clustering.CircuitSwitcherTargetSelector.getDelayBetweenRetries()	CtMethodImpl	protected
org.apache.cxf.clustering.CircuitSwitcherTargetSelector.complete(org.apache.cxf.message.Exchange)	CtMethodImpl	public
com.github.jaceko.circuitswitcher.Circuit.getTargetAddress()	CtMethodImpl	public
org.apache.cxf.clustering.CircuitSwitcherClusteringFeature.setReceiveTimeout(java.lang.Long)	CtMethodImpl	public
com.github.jaceko.circuitswitcher.CircuitOpen.elapsed()	CtMethodImpl	private
com.github.jaceko.circuitswitcher.CircuitOpen.toString()	CtMethodImpl	public
org.apache.cxf.clustering.FailoverTargetSelector.failoverStrategy	CtFieldReferenceImpl	protected
org.apache.cxf.clustering.CircuitSwitcherTargetSelector(java.util.List<java.lang.String>,long,int,java.lang.Long)	CtConstructorImpl	public
org.apache.cxf.clustering.CircuitSwitcherTargetSelector.setResetTimeout(long)	CtMethodImpl	package-private
org.apache.cxf.clustering.CircuitSwitcherClusteringFeature.setFailureThreshold(int)	CtMethodImpl	public
org.apache.cxf.clustering.CircuitSwitcherTargetSelector.onSuccess(java.util.Map<java.lang.String, java.lang.Object>)	CtMethodImpl	protected
com.github.jaceko.circuitswitcher.CircuitClosed.toString()	CtMethodImpl	public
com.github.jaceko.circuitswitcher.CircuitHalfOpen.toString()	CtMethodImpl	public
com.github.jaceko.circuitswitcher.CircuitOpen.onSuccess(com.github.jaceko.circuitswitcher.Circuit)	CtMethodImpl	public
org.apache.cxf.clustering.CircuitSwitcherTargetSelector.circuits	CtFieldReferenceImpl	private
com.github.jaceko.circuitswitcher.CircuitHalfOpen.connectionAvailable(com.github.jaceko.circuitswitcher.Circuit)	CtMethodImpl	public
org.apache.cxf.clustering.CircuitSwitcherTargetSelector.selectConduit(org.apache.cxf.message.Message)	CtMethodImpl	public
com.github.jaceko.circuitswitcher.Circuit.handleFailedConnection()	CtMethodImpl	public
com.github.jaceko.circuitswitcher.Circuit.LOG	CtFieldReferenceImpl	private
com.github.jaceko.circuitswitcher.Circuit.resetTimeout	CtFieldReferenceImpl	private
com.github.jaceko.circuitswitcher.CircuitOpen()	CtConstructorImpl	public
org.apache.cxf.clustering.CircuitSwitcherTargetSelector.performFailover(org.apache.cxf.message.Exchange,org.apache.cxf.clustering.FailoverTargetSelector.InvocationContext)	CtMethodImpl	private
org.apache.cxf.clustering.CircuitSwitcherClusteringFeature.addressList	CtFieldReferenceImpl	private
com.github.jaceko.circuitswitcher.CircuitClosed.failureCount	CtFieldReferenceImpl	private
org.apache.cxf.clustering.CircuitSwitcherTargetSelector.setAddressList(java.util.List<java.lang.String>)	CtMethodImpl	package-private
com.github.jaceko.circuitswitcher.CircuitHalfOpen.onSuccess(com.github.jaceko.circuitswitcher.Circuit)	CtMethodImpl	public
org.apache.cxf.clustering.CircuitSwitcherTargetSelector.LOG	CtFieldReferenceImpl	private
org.apache.cxf.clustering.CircuitSwitcherTargetSelector.targetChanged(org.apache.cxf.message.Message,org.apache.cxf.endpoint.Endpoint)	CtMethodImpl	private
com.github.jaceko.circuitswitcher.CircuitHalfOpen	CtClassImpl	public
com.github.jaceko.circuitswitcher.CircuitHalfOpen()	CtConstructorImpl	public
org.apache.cxf.clustering.CircuitSwitcherClusteringFeature	CtClassImpl	public
com.github.jaceko.circuitswitcher.Circuit.tripBreaker()	CtMethodImpl	public
org.apache.cxf.endpoint.AbstractConduitSelector.conduits	CtFieldReferenceImpl	protected
com.github.jaceko.circuitswitcher.CircuitClosed()	CtConstructorImpl	public
org.apache.cxf.clustering.CircuitSwitcherTargetSelector.getInvocation(org.apache.cxf.clustering.FailoverTargetSelector.InvocationKey)	CtMethodImpl	protected
org.apache.cxf.clustering.CircuitSwitcherTargetSelector.setReceiveTimeout(java.lang.Long)	CtMethodImpl	package-private
