method	type	visibility
com.github.yt.web.log.RequestLogEntity.isError	CtFieldReferenceImpl	private
com.github.yt.web.result.SimpleResultConfig.convertErrorCode(java.lang.Object)	CtMethodImpl	public
com.github.yt.web.unittest.HttpRestHandler.getResult(java.lang.String,java.lang.Class<T>)	CtMethodImpl	public
com.github.yt.web.conf.YtWebProperties$Web()	CtConstructorImpl	public
com.github.yt.web.log.RequestLogEntity	CtClassImpl	public
com.github.yt.web.util.YtStringUtils.isNotEmpty(java.lang.CharSequence)	CtMethodImpl	public
com.github.yt.web.unittest.ControllerTestHandler.delete(java.lang.String)	CtMethodImpl	public
com.github.yt.web.unittest.ControllerTestHandler.post(java.lang.String,java.lang.Object)	CtMethodImpl	public
com.github.yt.web.unittest.HttpRestHandler.getListResult(org.springframework.test.web.servlet.ResultActions,java.lang.Class<T>)	CtMethodImpl	public
com.github.yt.web.log.RequestLogEntity.userAgent	CtFieldReferenceImpl	private
com.github.yt.web.unittest.ControllerTestHandler.HttpType.PUT	CtEnumValueImpl	package-private
com.github.yt.web.log.RequestLogInterceptor.afterCompletion(javax.servlet.http.HttpServletRequest,javax.servlet.http.HttpServletResponse,java.lang.Object,java.lang.Exception)	CtMethodImpl	public
com.github.yt.web.result.ValidatorExceptionConverter	CtClassImpl	public
com.github.yt.web.log.RequestLogInterceptor.preHandle(javax.servlet.http.HttpServletRequest,javax.servlet.http.HttpServletResponse,java.lang.Object)	CtMethodImpl	public
com.github.yt.web.conf.YtWebAutoConfiguration.ytWebSpringContextUtils()	CtMethodImpl	public
com.github.yt.web.unittest.ControllerTestHandler.getWithObjectParam(java.lang.String,java.lang.Object)	CtMethodImpl	public
com.github.yt.web.conf.YtWebProperties$Page()	CtConstructorImpl	public
com.github.yt.web.unittest.ControllerTestHandler.deleteResultActions(java.lang.String,java.lang.Object,org.springframework.util.MultiValueMap<java.lang.String, java.lang.String>,java.lang.Object)	CtMethodImpl	private
com.github.yt.web.conf.YtWebMvcConfigurer.addCorsMappings(org.springframework.web.servlet.config.annotation.CorsRegistry)	CtMethodImpl	public
com.github.yt.web.util.YtArrayUtils.indexOf(java.lang.Object[],java.lang.Object)	CtMethodImpl	public
com.github.yt.web.query.QueryControllerAspect.allController()	CtMethodImpl	public
com.github.yt.web.util.SpringContextUtils.setApplicationContext(org.springframework.context.ApplicationContext)	CtMethodImpl	public
com.github.yt.web.exception.WebBusinessException(java.lang.Enum<?>,java.lang.Throwable,java.lang.Object[])	CtConstructorImpl	public
com.github.yt.web.result.ValidatorExceptionConverter.convertToBaseException(java.lang.Throwable)	CtMethodImpl	public
com.github.yt.web.result.HttpResultHandler.getAndSetExceptionStrToRequest(java.lang.Throwable)	CtMethodImpl	public
com.github.yt.web.result.SimpleResultConfig.getMoreResultField()	CtMethodImpl	public
com.github.yt.web.unittest.ControllerTestHandler()	CtConstructorImpl	public
com.github.yt.web.result.HttpResultHandler	CtClassImpl	public
com.github.yt.web.conf.YtWebMvcConfigurer.addFormatters(org.springframework.format.FormatterRegistry)	CtMethodImpl	public
com.github.yt.web.log.RequestLogInterceptor.postHandle(javax.servlet.http.HttpServletRequest,javax.servlet.http.HttpServletResponse,java.lang.Object,org.springframework.web.servlet.ModelAndView)	CtMethodImpl	public
com.github.yt.web.util.YtStringUtils.isEmpty(java.lang.CharSequence)	CtMethodImpl	public
com.github.yt.web.conf.YtWebProperties.Request.requestLog	CtFieldReferenceImpl	private
com.github.yt.web.unittest.InitApplication	CtClassImpl	public
com.github.yt.web.conf.YtWebMvcConfigurer.addReturnValueHandlers(java.util.List<org.springframework.web.method.support.HandlerMethodReturnValueHandler>)	CtMethodImpl	public
com.github.yt.web.conf.YtWebMvcConfigurer.getMessageCodesResolver()	CtMethodImpl	public
com.github.yt.web.conf.YtWebMvcConfigurer.configurePathMatch(org.springframework.web.servlet.config.annotation.PathMatchConfigurer)	CtMethodImpl	public
com.github.yt.web.conf.YtWebAutoConfiguration.knowExceptionConverter()	CtMethodImpl	public
com.github.yt.web.result.PackageResponseBodyAdvice.supports(org.springframework.core.MethodParameter,java.lang.Class<? extends org.springframework.http.converter.HttpMessageConverter<?>>)	CtMethodImpl	public
com.github.yt.web.result.PackageResponseBodyAdvice.getIgnorePackageStartsWithList()	CtMethodImpl	private
com.github.yt.web.query.QueryControllerAspect()	CtConstructorImpl	public
com.github.yt.web.result.SimpleResultConfig.getDefaultSuccessMessage()	CtMethodImpl	public
com.github.yt.web.unittest.InitApplication.getMockMvc()	CtMethodImpl	public
com.github.yt.web.log.RequestLogEntity.requestTime	CtFieldReferenceImpl	private
com.github.yt.web.conf.YtWebProperties()	CtConstructorImpl	public
com.github.yt.web.result.SimpleResultConfig.getDefaultErrorMessage()	CtMethodImpl	public
com.github.yt.web.unittest.ControllerTestHandler.parseToUrlPair(java.lang.String,java.lang.Object)	CtMethodImpl	public
com.github.yt.web.conf.YtWebProperties.Result.errorState	CtFieldReferenceImpl	private
com.github.yt.web.controller.BaseController.result(java.lang.Object,java.lang.Object)	CtMethodImpl	protected
com.github.yt.web.unittest.HttpRestHandler.getField(java.lang.Class<?>,java.lang.String)	CtMethodImpl	private
com.github.yt.web.conf.YtWebProperties$Request()	CtConstructorImpl	public
com.github.yt.web.util.SpringContextUtils.getBean(java.lang.Class<T>)	CtMethodImpl	public
com.github.yt.web.unittest.ControllerTestHandler.HttpType	CtEnumImpl	package-private
com.github.yt.web.util.YtStringUtils.newStringBuilder(int)	CtMethodImpl	private
com.github.yt.web.unittest.ControllerTestHandler.delete(java.lang.String,java.lang.Object,org.springframework.util.LinkedMultiValueMap<java.lang.String, java.lang.String>,java.lang.Object)	CtMethodImpl	public
com.github.yt.web.result.ValidatorExceptionConverter()	CtConstructorImpl	public
com.github.yt.web.unittest.ControllerTestHandler.putResultActions(java.lang.String,java.lang.Object,org.springframework.util.MultiValueMap<java.lang.String, java.lang.String>,java.lang.Object)	CtMethodImpl	private
com.github.yt.web.exception.WebBusinessException(java.lang.Object,java.lang.String,java.lang.Object[])	CtConstructorImpl	private
com.github.yt.web.exception.WebBusinessException.getErrorResult()	CtMethodImpl	public
com.github.yt.web.unittest.InitApplication.mockMvc	CtFieldReferenceImpl	public
com.github.yt.web.query.QueryControllerAspect.around(org.aspectj.lang.ProceedingJoinPoint)	CtMethodImpl	public
com.github.yt.web.unittest.HttpRestHandler	CtClassImpl	public
com.github.yt.web.util.YtStringUtils.isNotBlank(java.lang.CharSequence)	CtMethodImpl	public
com.github.yt.web.conf.YtWebProperties.web	CtFieldReferenceImpl	private
com.github.yt.web.query.QueryControllerAspect	CtClassImpl	public
com.github.yt.web.enums.YtWebExceptionEnum.message	CtFieldReferenceImpl	public
com.github.yt.web.util.YtStringUtils.join(java.lang.Object[],java.lang.String,int,int)	CtMethodImpl	public
com.github.yt.web.conf.YtWebMvcConfigurer()	CtConstructorImpl	public
com.github.yt.web.result.HttpResultHandler.getSuccessMoreResultBody(java.lang.Object,java.lang.Object)	CtMethodImpl	public
com.github.yt.web.result.SimpleResultConfig	CtClassImpl	public
com.github.yt.web.result.SimpleResultConfig()	CtConstructorImpl	public
com.github.yt.web.util.YtArrayUtils.contains(java.lang.Object[],java.lang.Object)	CtMethodImpl	public
com.github.yt.web.conf.YtWebProperties.Request.autoSetPageInfo	CtFieldReferenceImpl	private
com.github.yt.web.result.PackageResponseBodyAdvice.handleExceptions(java.lang.Throwable,org.springframework.web.method.HandlerMethod,javax.servlet.http.HttpServletRequest,javax.servlet.http.HttpServletResponse)	CtMethodImpl	public
com.github.yt.web.result.PackageResponseBodyAdvice.HEADER_YT_WEB_AUTO_PACKAGE	CtFieldReferenceImpl	public
com.github.yt.web.unittest.HttpRestHandler.getListResult(java.lang.Object,java.lang.Class<T>)	CtMethodImpl	private
com.github.yt.web.conf.YtWebAutoConfiguration()	CtConstructorImpl	public
com.github.yt.web.conf.YtWebAutoConfiguration.validatorExceptionConverter()	CtMethodImpl	public
com.github.yt.web.query.QueryControllerAspect.QUERY_METHOD_MAP	CtFieldReferenceImpl	private
com.github.yt.web.unittest.ControllerTestHandler.put(java.lang.String,java.lang.Object,java.lang.Object)	CtMethodImpl	public
com.github.yt.web.conf.YtWebProperties.Result.ignorePackageResultTypes	CtFieldReferenceImpl	private
com.github.yt.web.exception.WebBusinessException()	CtConstructorImpl	public
com.github.yt.web.util.YtStringUtils.join(java.util.Iterator<?>,java.lang.String)	CtMethodImpl	public
com.github.yt.web.util.JsonUtils()	CtConstructorImpl	public
com.github.yt.web.unittest.ControllerTestHandler.post(java.lang.String,java.lang.Object,org.springframework.util.LinkedMultiValueMap<java.lang.String, java.lang.String>)	CtMethodImpl	public
com.github.yt.web.conf.YtWebProperties.Result.resultConfigClass	CtFieldReferenceImpl	private
com.github.yt.web.log.RequestLogEntity.headerParams	CtFieldReferenceImpl	private
com.github.yt.web.unittest.ControllerTestHandler.postResultActions(java.lang.String,java.lang.Object,org.springframework.util.MultiValueMap<java.lang.String, java.lang.String>,java.lang.Object)	CtMethodImpl	private
com.github.yt.web.result.PackageResponseBodyAdvice.getIgnorePackageResultTypes()	CtMethodImpl	private
com.github.yt.web.util.YtArrayUtils.isNotEmpty(T[])	CtMethodImpl	public
com.github.yt.web.util.SpringContextUtils.getApplicationContext()	CtMethodImpl	public
com.github.yt.web.unittest.InitApplication(org.springframework.test.web.servlet.MockMvc)	CtConstructorImpl	public
com.github.yt.web.unittest.ControllerTestHandler.getFieldList(java.lang.Class<?>)	CtMethodImpl	private
com.github.yt.web.log.RequestLogEntity.errorMessage	CtFieldReferenceImpl	private
com.github.yt.web.result.PackageResponseBodyAdvice.expandResultBodyHandlerList	CtFieldReferenceImpl	private
com.github.yt.web.unittest.ControllerTestHandler.put(java.lang.String,java.lang.Object,org.springframework.util.LinkedMultiValueMap<java.lang.String, java.lang.String>,java.lang.Object)	CtMethodImpl	public
com.github.yt.web.conf.YtWebAutoConfiguration	CtClassImpl	public
com.github.yt.web.unittest.ControllerTestHandler	CtClassImpl	public
com.github.yt.web.conf.YtWebProperties.Result.alwaysPackageException	CtFieldReferenceImpl	private
com.github.yt.web.log.RequestLogInterceptor.getIpAddress(javax.servlet.http.HttpServletRequest)	CtMethodImpl	private
com.github.yt.web.conf.YtWebMvcConfigurer.configureContentNegotiation(org.springframework.web.servlet.config.annotation.ContentNegotiationConfigurer)	CtMethodImpl	public
com.github.yt.web.log.RequestLogEntity.ipAddress	CtFieldReferenceImpl	private
com.github.yt.web.controller.BaseController	CtClassImpl	public
com.github.yt.web.log.RequestLogEntity.errorStackTrace	CtFieldReferenceImpl	private
com.github.yt.web.result.PackageResponseBodyAdvice(com.github.yt.web.conf.YtWebProperties,java.util.List<com.github.yt.web.result.BaseExpandResultBodyHandler>,java.util.List<com.github.yt.web.exception.WebExceptionConverter>)	CtConstructorImpl	public
com.github.yt.web.log.RequestLogEntity.invokingTime	CtFieldReferenceImpl	private
com.github.yt.web.result.KnowExceptionConverter	CtClassImpl	public
com.github.yt.web.unittest.HttpRestHandler.getResult(java.lang.String)	CtMethodImpl	private
com.github.yt.web.conf.YtWebProperties.Result	CtClassImpl	public
com.github.yt.web.controller.BaseController.response	CtFieldReferenceImpl	protected
com.github.yt.web.util.YtStringUtils.join(java.lang.Iterable<?>,java.lang.String)	CtMethodImpl	public
com.github.yt.web.exception.WebBusinessException(java.lang.Object,java.lang.Enum<?>,java.lang.Object[])	CtConstructorImpl	public
com.github.yt.web.conf.YtWebAutoConfiguration.packageResponseBodyAdvice(com.github.yt.web.conf.YtWebProperties,java.util.List<com.github.yt.web.result.BaseExpandResultBodyHandler>,java.util.List<com.github.yt.web.exception.WebExceptionConverter>)	CtMethodImpl	public
com.github.yt.web.unittest.InitApplication.getSession()	CtMethodImpl	public
com.github.yt.web.result.PackageResponseBodyAdvice.HEADER_YT_WEB_EXCEPTION	CtFieldReferenceImpl	public
com.github.yt.web.unittest.ControllerTestHandler.getWithObjectParam(java.lang.String,java.lang.Object,java.lang.Object)	CtMethodImpl	public
com.github.yt.web.unittest.ControllerTestHandler.get(java.lang.String,boolean)	CtMethodImpl	public
com.github.yt.web.util.YtStringUtils.join(java.lang.Object[],java.lang.String)	CtMethodImpl	public
com.github.yt.web.util.YtStringUtils	CtClassImpl	public
com.github.yt.web.exception.WebBusinessException(java.lang.Enum<?>,java.lang.Object[])	CtConstructorImpl	public
com.github.yt.web.conf.YtWebMvcConfigurer.addArgumentResolvers(java.util.List<org.springframework.web.method.support.HandlerMethodArgumentResolver>)	CtMethodImpl	public
com.github.yt.web.log.RequestLogEntity()	CtConstructorImpl	public
com.github.yt.web.result.PackageResponseBodyAdvice	CtClassImpl	public
com.github.yt.web.exception.WebBusinessException.getErrorCode()	CtMethodImpl	public
com.github.yt.web.unittest.ControllerTestHandler.post(java.lang.String,java.lang.Object,org.springframework.util.LinkedMultiValueMap<java.lang.String, java.lang.String>,java.lang.Object)	CtMethodImpl	public
com.github.yt.web.conf.YtWebProperties.Result.returnStackTrace	CtFieldReferenceImpl	private
com.github.yt.web.enums.YtWebExceptionEnum	CtEnumImpl	public
com.github.yt.web.query.QueryControllerAspect.METHOD_SET	CtFieldReferenceImpl	private
com.github.yt.web.result.SimpleResultConfig.getErrorCodeField()	CtMethodImpl	public
com.github.yt.web.result.PackageResponseBodyAdvice.REQUEST_EXCEPTION	CtFieldReferenceImpl	public
com.github.yt.web.log.RequestLogInterceptor()	CtConstructorImpl	public
com.github.yt.web.util.JsonUtils	CtClassImpl	public
com.github.yt.web.result.SimpleResultConfig.getMessageField()	CtMethodImpl	public
com.github.yt.web.conf.YtWebProperties.Page.pageSizeName	CtFieldReferenceImpl	private
com.github.yt.web.result.PackageResponseBodyAdvice.exceptionPackageResponseBody(javax.servlet.http.HttpServletRequest,java.lang.Class<?>,java.lang.reflect.Method)	CtMethodImpl	private
com.github.yt.web.unittest.InitApplication.session	CtFieldReferenceImpl	public
com.github.yt.web.conf.YtWebMvcConfigurer	CtClassImpl	public
com.github.yt.web.result.PackageResponseBodyAdvice.convertToKnownException(java.lang.Throwable)	CtMethodImpl	private
com.github.yt.web.controller.BaseController.result()	CtMethodImpl	protected
com.github.yt.web.result.HttpResultHandler.getRequest()	CtMethodImpl	private
com.github.yt.web.unittest.ControllerTestHandler.HttpType.DELETE	CtEnumValueImpl	package-private
com.github.yt.web.util.SpringContextUtils	CtClassImpl	public
com.github.yt.web.controller.BaseController()	CtConstructorImpl	public
com.github.yt.web.unittest.ControllerTestHandler.post(java.lang.String,java.lang.Object,java.lang.Object)	CtMethodImpl	public
com.github.yt.web.util.JsonUtils.toJsonString(java.lang.Object)	CtMethodImpl	public
com.github.yt.web.log.RequestLogEntity.responseBody	CtFieldReferenceImpl	private
com.github.yt.web.result.HttpResultHandler.getSuccessSimpleResultBody()	CtMethodImpl	public
com.github.yt.web.exception.ExceptionUtils.getExceptionDescription(java.lang.Enum<?>)	CtMethodImpl	public
com.github.yt.web.enums.YtWebExceptionEnum.description	CtFieldReferenceImpl	public
com.github.yt.web.conf.YtWebMvcConfigurer.configureDefaultServletHandling(org.springframework.web.servlet.config.annotation.DefaultServletHandlerConfigurer)	CtMethodImpl	public
com.github.yt.web.unittest.HttpRestHandler.getPageListResult(org.springframework.test.web.servlet.ResultActions,java.lang.Class<T>)	CtMethodImpl	public
com.github.yt.web.conf.YtWebProperties.Web.enable	CtFieldReferenceImpl	private
com.github.yt.web.result.HttpResultHandler.getErrorSimpleResultBody(java.lang.Throwable)	CtMethodImpl	public
com.github.yt.web.unittest.ControllerTestHandler.delete(java.lang.String,java.lang.Object,java.lang.Object)	CtMethodImpl	public
com.github.yt.web.conf.YtWebMvcConfigurer.addViewControllers(org.springframework.web.servlet.config.annotation.ViewControllerRegistry)	CtMethodImpl	public
com.github.yt.web.result.PackageResponseBodyAdvice.successPackageResponseBody(javax.servlet.http.HttpServletRequest,java.lang.Class<?>,java.lang.reflect.Method)	CtMethodImpl	private
com.github.yt.web.unittest.ControllerTestHandler.methodResultActions(com.github.yt.web.unittest.ControllerTestHandler.HttpType,java.lang.String,java.lang.Object,org.springframework.util.MultiValueMap<java.lang.String, java.lang.String>,java.lang.Object)	CtMethodImpl	private
com.github.yt.web.util.YtArrayUtils.indexOf(java.lang.Object[],java.lang.Object,int)	CtMethodImpl	public
com.github.yt.web.result.HttpResultHandler.getResultConfig()	CtMethodImpl	public
com.github.yt.web.conf.YtWebMvcConfigurer.extendMessageConverters(java.util.List<org.springframework.http.converter.HttpMessageConverter<?>>)	CtMethodImpl	public
com.github.yt.web.result.HttpResultEntity()	CtConstructorImpl	public
com.github.yt.web.unittest.ControllerTestHandler.delete(java.lang.String,java.lang.Object)	CtMethodImpl	public
com.github.yt.web.result.SimpleResultConfig.getResultField()	CtMethodImpl	public
com.github.yt.web.conf.YtWebProperties.request	CtFieldReferenceImpl	private
com.github.yt.web.unittest.ControllerTestHandler.getResultActions(java.lang.String,org.springframework.util.MultiValueMap<java.lang.String, java.lang.String>,java.lang.Object,boolean)	CtMethodImpl	private
com.github.yt.web.conf.YtWebMvcConfigurer.addInterceptors(org.springframework.web.servlet.config.annotation.InterceptorRegistry)	CtMethodImpl	public
com.github.yt.web.result.HttpResultEntity	CtClassImpl	public
com.github.yt.web.result.HttpResultHandler.getSuccessMoreResultBody(java.lang.Object,boolean,java.lang.Object)	CtMethodImpl	private
com.github.yt.web.conf.YtWebMvcConfigurer.extendHandlerExceptionResolvers(java.util.List<org.springframework.web.servlet.HandlerExceptionResolver>)	CtMethodImpl	public
com.github.yt.web.conf.YtWebProperties.Web	CtClassImpl	public
com.github.yt.web.conf.YtWebProperties	CtClassImpl	public
com.github.yt.web.unittest.HttpRestHandler.getValue(java.lang.Object,java.lang.String)	CtMethodImpl	private
com.github.yt.web.util.YtStringUtils.toString(java.lang.Object)	CtMethodImpl	public
com.github.yt.web.unittest.ControllerTestHandler.put(java.lang.String)	CtMethodImpl	public
com.github.yt.web.unittest.ControllerTestHandler.get(java.lang.String)	CtMethodImpl	public
com.github.yt.web.exception.ExceptionUtils.getExceptionCode(java.lang.Enum<?>)	CtMethodImpl	public
com.github.yt.web.unittest.HttpRestHandler()	CtConstructorImpl	public
com.github.yt.web.conf.YtWebProperties.Page.pageTotalCountName	CtFieldReferenceImpl	private
com.github.yt.web.exception.ExceptionUtils()	CtConstructorImpl	public
com.github.yt.web.util.YtArrayUtils	CtClassImpl	public
com.github.yt.web.result.PackageResponseBodyAdvice.packageResponseBody(java.lang.Class<?>,java.lang.reflect.Method)	CtMethodImpl	private
com.github.yt.web.exception.ExceptionUtils.getExceptionMessage(java.lang.Enum<?>,java.lang.Object[])	CtMethodImpl	public
com.github.yt.web.util.YtArrayUtils()	CtConstructorImpl	public
com.github.yt.web.log.RequestLogEntity.requestUri	CtFieldReferenceImpl	private
com.github.yt.web.result.HttpResultHandler.getSuccessSimpleResultBody(java.lang.Object)	CtMethodImpl	public
com.github.yt.web.unittest.ControllerTestHandler.get(java.lang.String,java.lang.Object)	CtMethodImpl	public
com.github.yt.web.conf.YtWebProperties.Page.convertPage	CtFieldReferenceImpl	private
com.github.yt.web.util.SpringContextUtils.getBean(java.lang.String)	CtMethodImpl	public
com.github.yt.web.exception.ExceptionUtils	CtClassImpl	public
com.github.yt.web.util.SpringContextUtils.applicationContext	CtFieldReferenceImpl	private
com.github.yt.web.util.SpringContextUtils()	CtConstructorImpl	public
com.github.yt.web.unittest.HttpRestHandler.responseToString(org.springframework.test.web.servlet.ResultActions)	CtMethodImpl	private
com.github.yt.web.util.YtStringUtils.INDEX_NOT_FOUND	CtFieldReferenceImpl	public
com.github.yt.web.exception.WebBusinessException(java.lang.String,java.lang.String,java.lang.Object[])	CtConstructorImpl	public
com.github.yt.web.controller.BaseController.result(java.lang.Object)	CtMethodImpl	protected
com.github.yt.web.exception.WebBusinessException(java.lang.Object,java.lang.Enum<?>,java.lang.Throwable,java.lang.Object[])	CtConstructorImpl	public
com.github.yt.web.log.RequestLogEntity.urlParams	CtFieldReferenceImpl	private
com.github.yt.web.conf.YtWebAutoConfiguration.queryControllerAspect()	CtMethodImpl	public
com.github.yt.web.enums.YtWebExceptionEnum(java.lang.String,java.lang.String)	CtConstructorImpl	private
com.github.yt.web.conf.YtWebMvcConfigurer.configureHandlerExceptionResolvers(java.util.List<org.springframework.web.servlet.HandlerExceptionResolver>)	CtMethodImpl	public
com.github.yt.web.exception.ExceptionUtils.getExceptionMessage(java.lang.String,java.lang.Object[])	CtMethodImpl	public
com.github.yt.web.result.PackageResponseBodyAdvice.ignorePackageResultTypeList	CtFieldReferenceImpl	private
com.github.yt.web.result.PackageResponseBodyAdvice.ignorePackageStartsWithList	CtFieldReferenceImpl	private
com.github.yt.web.result.PackageResponseBodyAdvice.ytWebProperties	CtFieldReferenceImpl	private
com.github.yt.web.unittest.ControllerTestHandler.HttpType.POST	CtEnumValueImpl	package-private
com.github.yt.web.util.SpringContextUtils.containsBean(java.lang.String)	CtMethodImpl	public
com.github.yt.web.util.YtStringUtils.EMPTY	CtFieldReferenceImpl	public
com.github.yt.web.log.RequestLogEntity.classMethodName	CtFieldReferenceImpl	private
com.github.yt.web.result.HttpResultHandler.resultConfig	CtFieldReferenceImpl	private
com.github.yt.web.unittest.ControllerTestHandler.delete(java.lang.String,java.lang.Object,org.springframework.util.LinkedMultiValueMap<java.lang.String, java.lang.String>)	CtMethodImpl	public
com.github.yt.web.result.PackageResponseBodyAdvice.ignorePath(java.lang.String)	CtMethodImpl	private
com.github.yt.web.controller.BaseController.request	CtFieldReferenceImpl	protected
com.github.yt.web.exception.WebBusinessException.serialVersionUID	CtFieldReferenceImpl	private
com.github.yt.web.conf.YtWebMvcConfigurer.addResourceHandlers(org.springframework.web.servlet.config.annotation.ResourceHandlerRegistry)	CtMethodImpl	public
com.github.yt.web.conf.YtWebMvcConfigurer.configureViewResolvers(org.springframework.web.servlet.config.annotation.ViewResolverRegistry)	CtMethodImpl	public
com.github.yt.web.log.RequestLogInterceptor	CtClassImpl	public
com.github.yt.web.util.SpringContextUtils.getBeans(java.lang.Class<T>)	CtMethodImpl	public
com.github.yt.web.util.YtArrayUtils.INDEX_NOT_FOUND	CtFieldReferenceImpl	public
com.github.yt.web.controller.BaseController.session	CtFieldReferenceImpl	protected
com.github.yt.web.enums.YtWebExceptionEnum(java.lang.String)	CtConstructorImpl	private
com.github.yt.web.result.HttpResultHandler()	CtConstructorImpl	public
com.github.yt.web.unittest.ControllerTestHandler.put(java.lang.String,java.lang.Object)	CtMethodImpl	public
com.github.yt.web.log.RequestLogInterceptor.isLog(javax.servlet.http.HttpServletRequest,java.lang.Object)	CtMethodImpl	private
com.github.yt.web.unittest.ControllerTestHandler.post(java.lang.String)	CtMethodImpl	public
com.github.yt.web.conf.YtWebProperties.Request	CtClassImpl	public
com.github.yt.web.result.PackageResponseBodyAdvice.handleExceptions405(java.lang.Throwable)	CtMethodImpl	public
com.github.yt.web.conf.YtWebProperties.Page.pageNoName	CtFieldReferenceImpl	private
com.github.yt.web.conf.YtWebMvcConfigurer.getValidator()	CtMethodImpl	public
com.github.yt.web.result.SimpleResultConfig.getDefaultSuccessCode()	CtMethodImpl	public
com.github.yt.web.unittest.ControllerTestHandler$HttpType()	CtConstructorImpl	private
com.github.yt.web.exception.WebBusinessException.errorParams	CtFieldReferenceImpl	private
com.github.yt.web.unittest.InitApplication.httpHeaders	CtFieldReferenceImpl	public
com.github.yt.web.result.PackageResponseBodyAdvice.exceptionConverterList	CtFieldReferenceImpl	private
com.github.yt.web.conf.YtWebMvcConfigurer.configureMessageConverters(java.util.List<org.springframework.http.converter.HttpMessageConverter<?>>)	CtMethodImpl	public
com.github.yt.web.exception.WebBusinessException(java.lang.String,java.lang.String,java.lang.Throwable,java.lang.Object[])	CtConstructorImpl	public
com.github.yt.web.util.YtStringUtils()	CtConstructorImpl	public
com.github.yt.web.exception.WebBusinessException.errorCode	CtFieldReferenceImpl	private
com.github.yt.web.unittest.ControllerTestHandler.put(java.lang.String,java.lang.Object,org.springframework.util.LinkedMultiValueMap<java.lang.String, java.lang.String>)	CtMethodImpl	public
com.github.yt.web.exception.WebBusinessException(int,java.lang.String,java.lang.Throwable,java.lang.Object[])	CtConstructorImpl	public
com.github.yt.web.exception.WebBusinessException.getErrorParams()	CtMethodImpl	public
com.github.yt.web.exception.WebBusinessException(java.lang.Object,java.lang.String,java.lang.Throwable,java.lang.Object[])	CtConstructorImpl	private
com.github.yt.web.conf.YtWebProperties.page	CtFieldReferenceImpl	private
com.github.yt.web.result.KnowExceptionConverter()	CtConstructorImpl	public
com.github.yt.web.util.YtStringUtils.substringAfterLast(java.lang.String,java.lang.String)	CtMethodImpl	public
com.github.yt.web.conf.YtWebProperties$Result()	CtConstructorImpl	public
com.github.yt.web.result.PackageResponseBodyAdvice.REQUEST_RESULT_ENTITY	CtFieldReferenceImpl	public
com.github.yt.web.unittest.ControllerTestHandler.parseToUrlPair(java.lang.Object)	CtMethodImpl	public
com.github.yt.web.conf.YtWebProperties.result	CtFieldReferenceImpl	private
com.github.yt.web.conf.YtWebAutoConfiguration.ytWebMvcConfigurer()	CtMethodImpl	public
com.github.yt.web.unittest.ControllerTestHandler.get(java.lang.String,org.springframework.util.LinkedMultiValueMap<java.lang.String, java.lang.String>)	CtMethodImpl	public
com.github.yt.web.exception.WebBusinessException.errorResult	CtFieldReferenceImpl	private
com.github.yt.web.exception.WebBusinessException	CtClassImpl	public
com.github.yt.web.conf.YtWebProperties.Result.packageResponseBody	CtFieldReferenceImpl	private
com.github.yt.web.conf.YtWebProperties.Page.pageDataName	CtFieldReferenceImpl	private
com.github.yt.web.unittest.HttpRestHandler.getResult(org.springframework.test.web.servlet.ResultActions,java.lang.Class<T>)	CtMethodImpl	public
com.github.yt.web.result.KnowExceptionConverter.convertToBaseException(java.lang.Throwable)	CtMethodImpl	public
com.github.yt.web.conf.YtWebMvcConfigurer.configureAsyncSupport(org.springframework.web.servlet.config.annotation.AsyncSupportConfigurer)	CtMethodImpl	public
com.github.yt.web.result.SimpleResultConfig.getDefaultErrorCode()	CtMethodImpl	public
com.github.yt.web.util.YtArrayUtils.isEmpty(java.lang.Object[])	CtMethodImpl	public
com.github.yt.web.unittest.ControllerTestHandler.get(java.lang.String,org.springframework.util.LinkedMultiValueMap<java.lang.String, java.lang.String>,java.lang.Object)	CtMethodImpl	public
com.github.yt.web.result.PackageResponseBodyAdvice.expandResultBody(com.github.yt.web.result.HttpResultEntity)	CtMethodImpl	private
com.github.yt.web.util.YtStringUtils.isBlank(java.lang.CharSequence)	CtMethodImpl	public
com.github.yt.web.result.PackageResponseBodyAdvice.REQUEST_BEFORE_BODY_WRITE	CtFieldReferenceImpl	public
com.github.yt.web.conf.YtWebProperties.Page	CtClassImpl	public
com.github.yt.web.exception.WebBusinessException(int,java.lang.String,java.lang.Object[])	CtConstructorImpl	public
com.github.yt.web.unittest.InitApplication.getHttpHeaders()	CtMethodImpl	public
com.github.yt.web.util.YtArrayUtils.getLength(java.lang.Object)	CtMethodImpl	public
com.github.yt.web.result.PackageResponseBodyAdvice.beforeBodyWrite(java.lang.Object,org.springframework.core.MethodParameter,org.springframework.http.MediaType,java.lang.Class<? extends org.springframework.http.converter.HttpMessageConverter<?>>,org.springframework.http.server.ServerHttpRequest,org.springframework.http.server.ServerHttpResponse)	CtMethodImpl	public
