method	type	visibility
coffeepot.bean.wr.typeHandler.DefaultZonedDateTimeHandler.formatter	CtFieldReferenceImpl	private
coffeepot.bean.wr.typeHandler.DefaultLongHandler.config(coffeepot.bean.wr.mapper.Command[])	CtMethodImpl	public
coffeepot.bean.wr.typeHandler.DefaultBooleanHandler.trueText	CtFieldReferenceImpl	private
coffeepot.bean.wr.typeHandler.HandlerParseException()	CtConstructorImpl	public
coffeepot.bean.wr.reader.AbstractReader.fill(java.lang.Object,coffeepot.bean.wr.mapper.ObjectMapper)	CtMethodImpl	protected
coffeepot.bean.wr.mapper.RecordModel.accessorType	CtFieldReferenceImpl	private
coffeepot.bean.wr.typeHandler.InternalCommand.onRead	CtFieldReferenceImpl	protected
coffeepot.bean.wr.typeHandler.TypeHandlerFactoryImpl.getHandlerKey(java.lang.String,coffeepot.bean.wr.mapper.Command[])	CtMethodImpl	private
coffeepot.bean.wr.typeHandler.TypeHandlerFactoryImpl.registerTypeHandler(java.lang.Class<?>,java.lang.Class<? extends coffeepot.bean.wr.typeHandler.TypeHandler>)	CtMethodImpl	public
coffeepot.bean.wr.mapper.ImmutableFieldModel	CtClassImpl	public
coffeepot.bean.wr.typeHandler.DefaultDateHandler.dateFormat	CtFieldReferenceImpl	protected
coffeepot.bean.wr.typeHandler.DefaultLocalDateHandler.config(coffeepot.bean.wr.mapper.Command[])	CtMethodImpl	public
coffeepot.bean.wr.reader.AbstractReader.stopAfterLineStartsWith	CtFieldReferenceImpl	protected
coffeepot.bean.wr.typeHandler.DefaultDoubleHandler.pattern	CtFieldReferenceImpl	protected
coffeepot.bean.wr.typeHandler.DefaultEnumHandler.type	CtFieldReferenceImpl	protected
coffeepot.bean.wr.reader.DelimitedReader.delimOld	CtFieldReferenceImpl	private
coffeepot.bean.wr.typeHandler.DefaultBooleanHandler.falseTextDefault	CtFieldReferenceImpl	protected
coffeepot.bean.wr.typeHandler.DefaultFloatHandler.getLocale()	CtMethodImpl	public
coffeepot.bean.wr.typeHandler.DefaultLocalDateTimeHandler.patternDefault	CtFieldReferenceImpl	protected
coffeepot.bean.wr.mapper.FieldModel.collection	CtFieldReferenceImpl	private
coffeepot.bean.wr.mapper.ObjectMapper(java.lang.Class<?>,java.lang.String,coffeepot.bean.wr.mapper.ObjectMapperFactory,coffeepot.bean.wr.mapper.RecordModel)	CtConstructorImpl	public
coffeepot.bean.wr.typeHandler.DefaultStringHandler.parse(java.lang.String,coffeepot.bean.wr.mapper.Metadata)	CtMethodImpl	public
coffeepot.bean.wr.typeHandler.DefaultHandler	CtClassImpl	public
coffeepot.bean.wr.reader.AbstractReader.containsFieldWithClass(coffeepot.bean.wr.mapper.ObjectMapper,java.lang.Class<?>,java.util.Set<coffeepot.bean.wr.mapper.ObjectMapper>)	CtMethodImpl	private
coffeepot.bean.wr.mapper.FieldConditionModel()	CtConstructorImpl	public
coffeepot.bean.wr.writer.DelimitedWriter.parserFactory	CtFieldReferenceImpl	protected
coffeepot.bean.wr.reader.AbstractReader.getCallback()	CtMethodImpl	public
coffeepot.bean.wr.reader.AbstractReader.foundLine	CtFieldReferenceImpl	protected
coffeepot.bean.wr.typeHandler.TypeHandlerFactoryImpl.registerTypeHandlerInstance(java.lang.Class<?>,coffeepot.bean.wr.typeHandler.TypeHandler)	CtMethodImpl	public
coffeepot.bean.wr.typeHandler.DefaultBigDecimalHandler.locale	CtFieldReferenceImpl	protected
coffeepot.bean.wr.mapper.FieldModel.setterMethod	CtFieldReferenceImpl	private
coffeepot.bean.wr.reader.UnknownRecordException(java.lang.String)	CtConstructorImpl	public
coffeepot.bean.wr.mapper.FieldModel.readAsNull	CtFieldReferenceImpl	private
coffeepot.bean.wr.typeHandler.DefaultDoubleHandler.setLocale(java.util.Locale)	CtMethodImpl	public
coffeepot.bean.wr.writer.DelimitedWriter.setRecordInitializator(java.lang.String)	CtMethodImpl	public
coffeepot.bean.wr.typeHandler.DefaultBigDecimalHandler.setDefaultValues()	CtMethodImpl	private
coffeepot.bean.wr.typeHandler.DefaultLocalTimeHandler.config(coffeepot.bean.wr.mapper.Command[])	CtMethodImpl	public
coffeepot.bean.wr.mapper.ImmutableFieldModel.getPadding()	CtMethodImpl	public
coffeepot.bean.wr.typeHandler.DefaultStringHandler.toString(java.lang.String,coffeepot.bean.wr.mapper.Metadata)	CtMethodImpl	public
coffeepot.bean.wr.typeHandler.DefaultDoubleHandler.getGroupingSeparatorDefault()	CtMethodImpl	public
coffeepot.bean.wr.mapper.ObjectMapperFactory	CtClassImpl	public
coffeepot.bean.wr.reader.AbstractReader.2	CtClassImpl	package-private
coffeepot.bean.wr.reader.FixedLengthReader(java.io.Reader)	CtConstructorImpl	public
coffeepot.bean.wr.reader.AbstractReader.1	CtClassImpl	package-private
coffeepot.bean.wr.reader.AbstractReader.3	CtClassImpl	package-private
coffeepot.bean.wr.reader.AbstractReader.config()	CtMethodImpl	protected
coffeepot.bean.wr.reader.AbstractReader.4	CtClassImpl	package-private
coffeepot.bean.wr.typeHandler.DefaultDoubleHandler.config(coffeepot.bean.wr.mapper.Command[])	CtMethodImpl	public
coffeepot.bean.wr.reader.DelimitedReader.getValueByIndex(int)	CtMethodImpl	protected
coffeepot.bean.wr.reader.FixedLengthReader.objectById	CtFieldReferenceImpl	private
coffeepot.bean.wr.typeHandler.DefaultFloatHandler.CMD_SET_GROUPING_SEPARATOR	CtFieldReferenceImpl	public
coffeepot.bean.wr.typeHandler.DefaultBigDecimalHandler.decimalSeparator	CtFieldReferenceImpl	protected
coffeepot.bean.wr.mapper.Command	CtClassImpl	public
coffeepot.bean.wr.typeHandler.DefaultBigDecimalHandler.groupingSeparatorDefault	CtFieldReferenceImpl	protected
coffeepot.bean.wr.reader.AbstractReader.parseAsListOf(java.lang.Class<T>,java.lang.String)	CtMethodImpl	public
coffeepot.bean.wr.typeHandler.DefaultFloatHandler	CtClassImpl	public
coffeepot.bean.wr.typeHandler.DefaultIntegerHandler.toString(java.lang.Integer,coffeepot.bean.wr.mapper.Metadata)	CtMethodImpl	public
coffeepot.bean.wr.reader.FixedLengthReader.mapperFactory	CtFieldReferenceImpl	private
coffeepot.bean.wr.reader.AbstractReader.actualLine	CtFieldReferenceImpl	protected
coffeepot.bean.wr.writer.DelimitedWriter.removeDelimiter	CtFieldReferenceImpl	private
coffeepot.bean.wr.reader.AbstractReader.fillWithoutId(java.lang.Object,coffeepot.bean.wr.mapper.ObjectMapper)	CtMethodImpl	protected
coffeepot.bean.wr.typeHandler.DefaultIntegerHandler.parse(java.lang.String,coffeepot.bean.wr.mapper.Metadata)	CtMethodImpl	public
coffeepot.bean.wr.typeHandler.DefaultDoubleHandler.decimalSeparatorDefault	CtFieldReferenceImpl	protected
coffeepot.bean.wr.typeHandler.DefaultDoubleHandler.setPatternDefault(java.lang.String)	CtMethodImpl	public
coffeepot.bean.wr.reader.AbstractReader.parse(java.lang.Class<T>,java.lang.String)	CtMethodImpl	public
coffeepot.bean.wr.typeHandler.DefaultBigDecimalHandler.setGroupingSeparatorDefault(char)	CtMethodImpl	public
coffeepot.bean.wr.mapper.FieldModel.classType	CtFieldReferenceImpl	private
coffeepot.bean.wr.mapper.FieldModel.getter	CtFieldReferenceImpl	private
coffeepot.bean.wr.typeHandler.DefaultFloatHandler.decimalSeparator	CtFieldReferenceImpl	protected
coffeepot.bean.wr.typeHandler.DefaultStringHandler.CMD_ADD_SUFFIX	CtFieldReferenceImpl	public
coffeepot.bean.wr.typeHandler.DefaultBooleanHandler	CtClassImpl	public
coffeepot.bean.wr.typeHandler.DefaultBooleanHandler.parse(java.lang.String,coffeepot.bean.wr.mapper.Metadata)	CtMethodImpl	public
coffeepot.bean.wr.mapper.UnresolvedObjectMapperException(java.lang.String)	CtConstructorImpl	public
coffeepot.bean.wr.typeHandler.DefaultLocalDateHandler.setDefaultValues()	CtMethodImpl	private
coffeepot.bean.wr.mapper.ObjectMapper.mappingFields(java.util.List<coffeepot.bean.wr.mapper.FieldModel>,coffeepot.bean.wr.mapper.ObjectMapperFactory,java.lang.String)	CtMethodImpl	private
coffeepot.bean.wr.typeHandler.DefaultOffsetDateTimeHandler.formatter	CtFieldReferenceImpl	private
coffeepot.bean.wr.typeHandler.DefaultEnumHandler()	CtConstructorImpl	public
coffeepot.bean.wr.writer.AbstractWriter.recordCount	CtFieldReferenceImpl	protected
coffeepot.bean.wr.typeHandler.DefaultStringHandler.CMD_ADD_PREFIX	CtFieldReferenceImpl	public
coffeepot.bean.wr.typeHandler.DefaultLocalTimeHandler.toString(java.time.LocalTime,coffeepot.bean.wr.mapper.Metadata)	CtMethodImpl	public
coffeepot.bean.wr.writer.DelimitedWriter.escape	CtFieldReferenceImpl	private
coffeepot.bean.wr.reader.FixedLengthReader.currentRecord	CtFieldReferenceImpl	private
coffeepot.bean.wr.typeHandler.DefaultLocalDateTimeHandler.setPatternDefault(java.lang.String)	CtMethodImpl	public
coffeepot.bean.wr.typeHandler.DefaultLocalTimeHandler.patternDefault	CtFieldReferenceImpl	protected
coffeepot.bean.wr.typeHandler.DefaultDoubleHandler.patternDefault	CtFieldReferenceImpl	protected
coffeepot.bean.wr.reader.AbstractReader.eof	CtFieldReferenceImpl	private
coffeepot.bean.wr.writer.DelimitedWriter.setRecordTerminator(java.lang.String)	CtMethodImpl	public
coffeepot.bean.wr.writer.FixedLengthWriter(java.io.Writer)	CtConstructorImpl	public
coffeepot.bean.wr.typeHandler.DefaultBigDecimalHandler	CtClassImpl	public
coffeepot.bean.wr.typeHandler.TypeHandlerFactoryImpl.clearTypeHandlerMap()	CtMethodImpl	public
coffeepot.bean.wr.typeHandler.DefaultStringHandler.ICommnand.charCase	CtFieldReferenceImpl	package-private
coffeepot.bean.wr.mapper.Metadata.version	CtFieldReferenceImpl	private
coffeepot.bean.wr.mapper.RecordModel	CtClassImpl	public
coffeepot.bean.wr.typeHandler.DefaultBigDecimalHandler.groupingSeparator	CtFieldReferenceImpl	protected
coffeepot.bean.wr.typeHandler.DefaultStringHandler.OPT_ONLY_ON_WRITE	CtFieldReferenceImpl	public
coffeepot.bean.wr.mapper.FieldModel.maxVersion	CtFieldReferenceImpl	private
coffeepot.bean.wr.typeHandler.DefaultZonedDateTimeHandler.pattern	CtFieldReferenceImpl	protected
coffeepot.bean.wr.typeHandler.DefaultDoubleHandler.CMD_SET_GROUPING_SEPARATOR	CtFieldReferenceImpl	public
coffeepot.bean.wr.typeHandler.DefaultFloatHandler.getGroupingSeparatorDefault()	CtMethodImpl	public
coffeepot.bean.wr.typeHandler.DefaultZonedDateTimeHandler.getPatternDefault()	CtMethodImpl	public
coffeepot.bean.wr.typeHandler.DefaultFloatHandler.decimalFormat	CtFieldReferenceImpl	protected
coffeepot.bean.wr.reader.DelimitedReader.hasNext()	CtMethodImpl	protected
coffeepot.bean.wr.mapper.ObjectMapper.fields	CtFieldReferenceImpl	private
coffeepot.bean.wr.writer.AbstractWriter.write(java.lang.Object)	CtMethodImpl	public
coffeepot.bean.wr.reader.FixedLengthReader.beforeFill(coffeepot.bean.wr.mapper.ObjectMapper)	CtMethodImpl	protected
coffeepot.bean.wr.writer.FixedLengthWriter.getRecordInitializator()	CtMethodImpl	public
coffeepot.bean.wr.mapper.FieldModel.length	CtFieldReferenceImpl	private
coffeepot.bean.wr.typeHandler.DefaultBigDecimalHandler.setPatternDefault(java.lang.String)	CtMethodImpl	public
coffeepot.bean.wr.typeHandler.InternalCommand.args	CtFieldReferenceImpl	protected
coffeepot.bean.wr.mapper.Helpful()	CtConstructorImpl	public
coffeepot.bean.wr.mapper.ObjectMapperFactory.formatType	CtFieldReferenceImpl	private
coffeepot.bean.wr.typeHandler.DefaultDateHandler.setDefaultValues()	CtMethodImpl	private
coffeepot.bean.wr.typeHandler.DefaultLocalTimeHandler.pattern	CtFieldReferenceImpl	protected
coffeepot.bean.wr.mapper.RecordModel.setAccessorType(coffeepot.bean.wr.types.AccessorType)	CtMethodImpl	public
coffeepot.bean.wr.writer.AbstractWriter.process(java.lang.String,coffeepot.bean.wr.mapper.FieldModel)	CtMethodImpl	private
coffeepot.bean.wr.mapper.ImmutableFieldModel.getCommands()	CtMethodImpl	public
coffeepot.bean.wr.writer.AbstractWriter.1	CtClassImpl	package-private
coffeepot.bean.wr.reader.AbstractReader.trim	CtFieldReferenceImpl	protected
coffeepot.bean.wr.typeHandler.DefaultBooleanHandler.getTrueTextDefault()	CtMethodImpl	public
coffeepot.bean.wr.mapper.FieldModel.minVersion	CtFieldReferenceImpl	private
coffeepot.bean.wr.mapper.ObjectMapperFactory.getIdsMap()	CtMethodImpl	public
coffeepot.bean.wr.reader.AbstractReader.doGetLine()	CtMethodImpl	protected
coffeepot.bean.wr.mapper.ImmutableFieldModel.getLength()	CtMethodImpl	public
coffeepot.bean.wr.mapper.ObjectMapper.perform(coffeepot.bean.wr.mapper.ObjectMapperFactory,coffeepot.bean.wr.annotation.Record,java.lang.String)	CtMethodImpl	private
coffeepot.bean.wr.mapper.Command()	CtConstructorImpl	public
coffeepot.bean.wr.writer.AbstractWriter.clearMappers()	CtMethodImpl	public
coffeepot.bean.wr.typeHandler.TypeHandlerFactoryImpl.create(java.lang.Class<?>,coffeepot.bean.wr.mapper.Command[])	CtMethodImpl	public
coffeepot.bean.wr.typeHandler.DefaultDoubleHandler.getPatternDefault()	CtMethodImpl	public
coffeepot.bean.wr.typeHandler.DefaultLocalDateTimeHandler.setDefaultValues()	CtMethodImpl	private
coffeepot.bean.wr.typeHandler.DefaultDateHandler	CtClassImpl	public
coffeepot.bean.wr.mapper.Helpful.toCmdModel(coffeepot.bean.wr.annotation.Cmd[])	CtMethodImpl	public
coffeepot.bean.wr.reader.AbstractReader.parse(java.lang.Class<T>)	CtMethodImpl	public
coffeepot.bean.wr.typeHandler.DefaultFloatHandler.CMD_SET_DECIMAL_SEPARATOR	CtFieldReferenceImpl	public
coffeepot.bean.wr.typeHandler.DefaultBigDecimalHandler.pattern	CtFieldReferenceImpl	protected
coffeepot.bean.wr.mapper.ObjectMapper.perform2(coffeepot.bean.wr.mapper.ObjectMapperFactory,coffeepot.bean.wr.mapper.RecordModel,java.lang.String)	CtMethodImpl	private
coffeepot.bean.wr.typeHandler.DefaultLocalDateTimeHandler.CMD_SET_PATTERN	CtFieldReferenceImpl	public
coffeepot.bean.wr.mapper.ImmutableFieldModel.getName()	CtMethodImpl	public
coffeepot.bean.wr.mapper.ImmutableFieldModel.getMaxVersion()	CtMethodImpl	public
coffeepot.bean.wr.reader.AbstractReader.setRemoveRecordInitializator(boolean)	CtMethodImpl	public
coffeepot.bean.wr.mapper.FieldModel.id	CtFieldReferenceImpl	private
coffeepot.bean.wr.typeHandler.DefaultDateHandler.setPatternDefault(java.lang.String)	CtMethodImpl	public
coffeepot.bean.wr.typeHandler.DefaultDoubleHandler.setDecimalSeparatorDefault(char)	CtMethodImpl	public
coffeepot.bean.wr.typeHandler.DefaultInstantHandler()	CtConstructorImpl	public
coffeepot.bean.wr.typeHandler.DefaultDateHandler.patternDefaultForTime	CtFieldReferenceImpl	protected
coffeepot.bean.wr.typeHandler.DefaultOffsetDateTimeHandler	CtClassImpl	public
coffeepot.bean.wr.typeHandler.DefaultFloatHandler.patternDefault	CtFieldReferenceImpl	protected
coffeepot.bean.wr.reader.AbstractReader.setIdResolver(coffeepot.bean.wr.mapper.Callback<java.lang.String, java.lang.String>)	CtMethodImpl	public
coffeepot.bean.wr.reader.DelimitedReader.getIdValue(boolean)	CtMethodImpl	protected
coffeepot.bean.wr.typeHandler.DefaultBooleanHandler()	CtConstructorImpl	public
coffeepot.bean.wr.typeHandler.DefaultDoubleHandler.CMD_SET_DECIMAL_SEPARATOR	CtFieldReferenceImpl	public
coffeepot.bean.wr.reader.AbstractReader.clearMappers()	CtMethodImpl	public
coffeepot.bean.wr.mapper.ImmutableFieldModel.getAccessorType()	CtMethodImpl	public
coffeepot.bean.wr.typeHandler.DefaultLocalDateTimeHandler.config(coffeepot.bean.wr.mapper.Command[])	CtMethodImpl	public
coffeepot.bean.wr.typeHandler.DefaultFloatHandler()	CtConstructorImpl	public
coffeepot.bean.wr.writer.AbstractWriter.close()	CtMethodImpl	public
coffeepot.bean.wr.typeHandler.DefaultLocalDateHandler	CtClassImpl	public
coffeepot.bean.wr.typeHandler.DefaultBigDecimalHandler.getPatternDefault()	CtMethodImpl	public
coffeepot.bean.wr.writer.AbstractWriter.marshal(java.lang.Object,java.util.List<java.lang.String>,java.util.List<coffeepot.bean.wr.mapper.FieldModel>,java.lang.Class<?>,coffeepot.bean.wr.mapper.ObjectMapper)	CtMethodImpl	private
coffeepot.bean.wr.typeHandler.DefaultHandler()	CtConstructorImpl	public
coffeepot.bean.wr.reader.FixedLengthReader.beforeUnmarshal()	CtMethodImpl	protected
coffeepot.bean.wr.writer.DelimitedWriter.setDelimiter(char)	CtMethodImpl	public
coffeepot.bean.wr.typeHandler.DefaultDoubleHandler.decimalSeparator	CtFieldReferenceImpl	protected
coffeepot.bean.wr.writer.DelimitedWriter.create(java.io.Writer)	CtMethodImpl	public
coffeepot.bean.wr.typeHandler.DefaultBigDecimalHandler.setDecimalSeparatorDefault(char)	CtMethodImpl	public
coffeepot.bean.wr.mapper.FieldModel.conditionForReadAs	CtFieldReferenceImpl	private
coffeepot.bean.wr.reader.AbstractReader._LF	CtFieldReferenceImpl	private
coffeepot.bean.wr.typeHandler.DefaultBigDecimalHandler.getGroupingSeparatorDefault()	CtMethodImpl	public
coffeepot.bean.wr.typeHandler.DefaultFloatHandler.config(coffeepot.bean.wr.mapper.Command[])	CtMethodImpl	public
coffeepot.bean.wr.typeHandler.DefaultBigDecimalHandler()	CtConstructorImpl	public
coffeepot.bean.wr.typeHandler.DefaultInstantHandler.parse(java.lang.String,coffeepot.bean.wr.mapper.Metadata)	CtMethodImpl	public
coffeepot.bean.wr.reader.FixedLengthReader.getIdValue(boolean)	CtMethodImpl	protected
coffeepot.bean.wr.mapper.ObjectMapperFactory.create(java.lang.Class<?>,coffeepot.bean.wr.mapper.RecordModel,java.lang.String,coffeepot.bean.wr.mapper.Callback<java.lang.Class, coffeepot.bean.wr.mapper.RecordModel>)	CtMethodImpl	public
coffeepot.bean.wr.typeHandler.DefaultCharacterHandler.config(coffeepot.bean.wr.mapper.Command[])	CtMethodImpl	public
coffeepot.bean.wr.writer.AbstractWriter	CtClassImpl	public
coffeepot.bean.wr.typeHandler.DefaultLocalDateHandler.getPatternDefault()	CtMethodImpl	public
coffeepot.bean.wr.reader.AbstractReader.metadata	CtFieldReferenceImpl	protected
coffeepot.bean.wr.typeHandler.DefaultBooleanHandler.setDefaultValues()	CtMethodImpl	private
coffeepot.bean.wr.typeHandler.DefaultDoubleHandler.groupingSeparator	CtFieldReferenceImpl	protected
coffeepot.bean.wr.typeHandler.DefaultZonedDateTimeHandler.CMD_SET_PATTERN	CtFieldReferenceImpl	public
coffeepot.bean.wr.writer.AbstractWriter.marshalField(java.lang.Object,java.util.List<java.lang.String>,java.lang.Class<?>,coffeepot.bean.wr.mapper.FieldModel,coffeepot.bean.wr.mapper.ObjectMapper)	CtMethodImpl	private
coffeepot.bean.wr.reader.AbstractReader.setCallback(coffeepot.bean.wr.mapper.Callback<java.lang.Class, coffeepot.bean.wr.mapper.RecordModel>)	CtMethodImpl	public
coffeepot.bean.wr.reader.AbstractReader.callback	CtFieldReferenceImpl	protected
coffeepot.bean.wr.types.Align()	CtConstructorImpl	private
coffeepot.bean.wr.typeHandler.DefaultStringHandler.CHARCASE_NORMAL	CtFieldReferenceImpl	public
coffeepot.bean.wr.mapper.FieldModel.readAs	CtFieldReferenceImpl	private
coffeepot.bean.wr.typeHandler.DefaultLocalDateTimeHandler.pattern	CtFieldReferenceImpl	protected
coffeepot.bean.wr.writer.DelimitedWriter(java.io.Writer)	CtConstructorImpl	public
coffeepot.bean.wr.writer.FixedLengthWriter.recordTerminator	CtFieldReferenceImpl	protected
coffeepot.bean.wr.typeHandler.DefaultZonedDateTimeHandler.parse(java.lang.String,coffeepot.bean.wr.mapper.Metadata)	CtMethodImpl	public
coffeepot.bean.wr.typeHandler.DefaultBigDecimalHandler.CMD_SET_GROUPING_SEPARATOR	CtFieldReferenceImpl	public
coffeepot.bean.wr.typeHandler.DefaultStringHandler.CMD_REPLACE_FIRST	CtFieldReferenceImpl	public
coffeepot.bean.wr.mapper.ObjectMapperFactory.create(java.lang.Class<?>)	CtMethodImpl	public
coffeepot.bean.wr.reader.DelimitedReader.currentRecord	CtFieldReferenceImpl	protected
coffeepot.bean.wr.typeHandler.ICommnand.perform(java.lang.String)	CtMethodImpl	public
coffeepot.bean.wr.writer.AbstractWriter.setVersion(int)	CtMethodImpl	public
coffeepot.bean.wr.typeHandler.DefaultLocalDateHandler.pattern	CtFieldReferenceImpl	protected
coffeepot.bean.wr.typeHandler.DefaultZonedDateTimeHandler.setPatternDefault(java.lang.String)	CtMethodImpl	public
coffeepot.bean.wr.reader.AbstractReader.beforeFill(coffeepot.bean.wr.mapper.ObjectMapper)	CtMethodImpl	protected
coffeepot.bean.wr.mapper.ImmutableFieldModel.getGetter()	CtMethodImpl	public
coffeepot.bean.wr.reader.AbstractReader.unmarshalAsListOf()	CtMethodImpl	private
coffeepot.bean.wr.writer.DelimitedWriter.setEscape(java.lang.Character)	CtMethodImpl	public
coffeepot.bean.wr.reader.DelimitedReader.getNextRecord()	CtMethodImpl	protected
coffeepot.bean.wr.typeHandler.DefaultStringHandler.ICommnand	CtClassImpl	public
coffeepot.bean.wr.typeHandler.DefaultDateHandler.patternDefaultForDateTime	CtFieldReferenceImpl	protected
coffeepot.bean.wr.writer.DelimitedWriter.getRecordTerminator()	CtMethodImpl	public
coffeepot.bean.wr.typeHandler.DefaultBooleanHandler.toString(java.lang.Boolean,coffeepot.bean.wr.mapper.Metadata)	CtMethodImpl	public
coffeepot.bean.wr.writer.FixedLengthWriter.getObjectMapperFactory()	CtMethodImpl	public
coffeepot.bean.wr.typeHandler.InternalCommand.cmd	CtFieldReferenceImpl	protected
coffeepot.bean.wr.typeHandler.DefaultLongHandler()	CtConstructorImpl	public
coffeepot.bean.wr.typeHandler.DefaultOffsetDateTimeHandler.config(coffeepot.bean.wr.mapper.Command[])	CtMethodImpl	public
coffeepot.bean.wr.reader.AbstractReader._CR	CtFieldReferenceImpl	private
coffeepot.bean.wr.mapper.ImmutableFieldModel.getMinVersion()	CtMethodImpl	public
coffeepot.bean.wr.reader.AbstractReader.getActualLine()	CtMethodImpl	public
coffeepot.bean.wr.reader.DelimitedReader.readLine()	CtMethodImpl	protected
coffeepot.bean.wr.typeHandler.DefaultLocalTimeHandler.setDefaultValues()	CtMethodImpl	private
coffeepot.bean.wr.writer.DelimitedWriter.removeDelimiter(boolean)	CtMethodImpl	public
coffeepot.bean.wr.reader.FixedLengthReader.getObjectMapperFactory()	CtMethodImpl	public
coffeepot.bean.wr.mapper.FieldModel.maxLength	CtFieldReferenceImpl	private
coffeepot.bean.wr.writer.AbstractWriter.createMapper(java.lang.Class<?>)	CtMethodImpl	public
coffeepot.bean.wr.mapper.FieldModel.trim	CtFieldReferenceImpl	private
coffeepot.bean.wr.typeHandler.DefaultDateHandler.config(coffeepot.bean.wr.mapper.Command[])	CtMethodImpl	public
coffeepot.bean.wr.typeHandler.DefaultLocalDateHandler()	CtConstructorImpl	public
coffeepot.bean.wr.mapper.ObjectMapper(java.lang.Class<?>,java.lang.String,coffeepot.bean.wr.mapper.ObjectMapperFactory)	CtConstructorImpl	public
coffeepot.bean.wr.typeHandler.DefaultDateHandler()	CtConstructorImpl	public
coffeepot.bean.wr.writer.AbstractWriter.write(java.lang.Object,java.lang.String)	CtMethodImpl	public
coffeepot.bean.wr.typeHandler.DefaultBigDecimalHandler.decimalFormat	CtFieldReferenceImpl	protected
coffeepot.bean.wr.mapper.ObjectMapperFactory.getMappers()	CtMethodImpl	public
coffeepot.bean.wr.writer.DelimitedWriter.recordInitializator	CtFieldReferenceImpl	protected
coffeepot.bean.wr.typeHandler.DefaultEnumHandler.CMD_SET_ENUM_CLASS	CtFieldReferenceImpl	public
coffeepot.bean.wr.typeHandler.DefaultDateHandler.getPatternDefaultForTime()	CtMethodImpl	public
coffeepot.bean.wr.mapper.RecordModel.setGroupId(java.lang.String)	CtMethodImpl	public
coffeepot.bean.wr.typeHandler.DefaultOffsetDateTimeHandler()	CtConstructorImpl	public
coffeepot.bean.wr.typeHandler.DefaultDateHandler.pattern	CtFieldReferenceImpl	protected
coffeepot.bean.wr.typeHandler.DefaultDoubleHandler.CMD_SET_PATTERN	CtFieldReferenceImpl	public
coffeepot.bean.wr.typeHandler.DefaultZonedDateTimeHandler.toString(java.time.ZonedDateTime,coffeepot.bean.wr.mapper.Metadata)	CtMethodImpl	public
coffeepot.bean.wr.typeHandler.DefaultBooleanHandler.setFalseTextDefault(java.lang.String)	CtMethodImpl	public
coffeepot.bean.wr.typeHandler.DefaultBigDecimalHandler.config(coffeepot.bean.wr.mapper.Command[])	CtMethodImpl	public
coffeepot.bean.wr.typeHandler.DefaultStringHandler.CMD_FILTER	CtFieldReferenceImpl	public
coffeepot.bean.wr.reader.AbstractReader.isDeepScan()	CtMethodImpl	public
coffeepot.bean.wr.typeHandler.DefaultDoubleHandler()	CtConstructorImpl	public
coffeepot.bean.wr.reader.DelimitedReader.getEscape()	CtMethodImpl	public
coffeepot.bean.wr.mapper.ObjectMapper.getRootClass()	CtMethodImpl	public
coffeepot.bean.wr.typeHandler.HandlerParseException(java.lang.String,java.lang.Throwable)	CtConstructorImpl	public
coffeepot.bean.wr.mapper.ObjectMapper.getAccessorType()	CtMethodImpl	public
coffeepot.bean.wr.mapper.FieldModel.nestedObject	CtFieldReferenceImpl	private
coffeepot.bean.wr.typeHandler.DefaultCharacterHandler.parse(java.lang.String,coffeepot.bean.wr.mapper.Metadata)	CtMethodImpl	public
coffeepot.bean.wr.mapper.RecordModel.getGroupId()	CtMethodImpl	public
coffeepot.bean.wr.typeHandler.DefaultLocalTimeHandler.parse(java.lang.String,coffeepot.bean.wr.mapper.Metadata)	CtMethodImpl	public
coffeepot.bean.wr.typeHandler.DefaultStringHandler.setDefault()	CtMethodImpl	private
coffeepot.bean.wr.mapper.FieldModel.name	CtFieldReferenceImpl	private
coffeepot.bean.wr.reader.DelimitedReader.escNew	CtFieldReferenceImpl	private
coffeepot.bean.wr.mapper.ObjectMapperFactory(coffeepot.bean.wr.types.FormatType)	CtConstructorImpl	public
coffeepot.bean.wr.typeHandler.InternalCommand()	CtConstructorImpl	public
coffeepot.bean.wr.mapper.Metadata.__setCurrentRawLine(java.lang.String)	CtMethodImpl	public
coffeepot.bean.wr.mapper.UnresolvedObjectMapperException	CtClassImpl	public
coffeepot.bean.wr.typeHandler.DefaultZonedDateTimeHandler.patternDefault	CtFieldReferenceImpl	protected
coffeepot.bean.wr.typeHandler.DefaultDateHandler.getPatternDefaultForDateTime()	CtMethodImpl	public
coffeepot.bean.wr.typeHandler.DefaultOffsetDateTimeHandler.parse(java.lang.String,coffeepot.bean.wr.mapper.Metadata)	CtMethodImpl	public
coffeepot.bean.wr.typeHandler.DefaultDoubleHandler.getLocale()	CtMethodImpl	public
coffeepot.bean.wr.mapper.ImmutableFieldModel(coffeepot.bean.wr.mapper.FieldModel)	CtConstructorImpl	public
coffeepot.bean.wr.reader.FixedLengthReader	CtClassImpl	public
coffeepot.bean.wr.reader.DelimitedReader	CtClassImpl	public
coffeepot.bean.wr.typeHandler.DefaultFloatHandler.getPatternDefault()	CtMethodImpl	public
coffeepot.bean.wr.mapper.ObjectMapperFactory.getFormatType()	CtMethodImpl	public
coffeepot.bean.wr.reader.AbstractReader.stopped	CtFieldReferenceImpl	protected
coffeepot.bean.wr.reader.UnknownRecordException()	CtConstructorImpl	public
coffeepot.bean.wr.mapper.FieldModel.typeHandlerClass	CtFieldReferenceImpl	private
coffeepot.bean.wr.mapper.FieldModel.ignoreOnWrite	CtFieldReferenceImpl	private
coffeepot.bean.wr.writer.AbstractWriter.2	CtClassImpl	package-private
coffeepot.bean.wr.mapper.FieldConditionModel.maxVersion	CtFieldReferenceImpl	private
coffeepot.bean.wr.typeHandler.DefaultLocalDateHandler.CMD_SET_PATTERN	CtFieldReferenceImpl	public
coffeepot.bean.wr.typeHandler.DefaultEnumHandler.ordinalMode	CtFieldReferenceImpl	protected
coffeepot.bean.wr.reader.AbstractReader.reader	CtFieldReferenceImpl	protected
coffeepot.bean.wr.typeHandler.TypeHandlerFactoryImpl.handlers	CtFieldReferenceImpl	private
coffeepot.bean.wr.typeHandler.TypeHandlerFactoryImpl.defaultHandlers	CtFieldReferenceImpl	private
coffeepot.bean.wr.reader.AbstractReader.beforeUnmarshal()	CtMethodImpl	protected
coffeepot.bean.wr.typeHandler.DefaultBigDecimalHandler.CMD_SET_DECIMAL_SEPARATOR	CtFieldReferenceImpl	public
coffeepot.bean.wr.typeHandler.DefaultLocalDateTimeHandler.toString(java.time.LocalDateTime,coffeepot.bean.wr.mapper.Metadata)	CtMethodImpl	public
coffeepot.bean.wr.mapper.FieldModel.clone()	CtMethodImpl	public
coffeepot.bean.wr.mapper.ImmutableFieldModel.__setFieldModel(coffeepot.bean.wr.mapper.FieldModel)	CtMethodImpl	package-private
coffeepot.bean.wr.mapper.RecordModel.getForFormat()	CtMethodImpl	public
coffeepot.bean.wr.typeHandler.TypeHandlerFactoryImpl.registerDefaultHandlers()	CtMethodImpl	private
coffeepot.bean.wr.mapper.ImmutableFieldModel.getCollectionType()	CtMethodImpl	public
coffeepot.bean.wr.typeHandler.DefaultBigDecimalHandler.toString(java.math.BigDecimal,coffeepot.bean.wr.mapper.Metadata)	CtMethodImpl	public
coffeepot.bean.wr.reader.AbstractReader.createMapper(java.lang.Class<?>,java.lang.String)	CtMethodImpl	public
coffeepot.bean.wr.typeHandler.DefaultFloatHandler.groupingSeparator	CtFieldReferenceImpl	protected
coffeepot.bean.wr.typeHandler.TypeHandlerFactoryImpl.create(java.lang.Class<?>,java.lang.Class<? extends coffeepot.bean.wr.typeHandler.TypeHandler>,coffeepot.bean.wr.mapper.Command[])	CtMethodImpl	public
coffeepot.bean.wr.typeHandler.DefaultBigDecimalHandler.getDecimalSeparatorDefault()	CtMethodImpl	public
coffeepot.bean.wr.typeHandler.DefaultDateHandler.setPatternDefaultForTime(java.lang.String)	CtMethodImpl	public
coffeepot.bean.wr.typeHandler.DefaultLocalDateTimeHandler.formatter	CtFieldReferenceImpl	private
coffeepot.bean.wr.typeHandler.DefaultBooleanHandler.CMD_SET_TRUE_TEXT	CtFieldReferenceImpl	public
coffeepot.bean.wr.typeHandler.DefaultFloatHandler.setLocale(java.util.Locale)	CtMethodImpl	public
coffeepot.bean.wr.reader.FixedLengthReader.idStart	CtFieldReferenceImpl	private
coffeepot.bean.wr.typeHandler.DefaultLocalTimeHandler.formatter	CtFieldReferenceImpl	private
coffeepot.bean.wr.writer.FixedLengthWriter.getRecordTerminator()	CtMethodImpl	public
coffeepot.bean.wr.typeHandler.DefaultDoubleHandler.getDecimalSeparatorDefault()	CtMethodImpl	public
coffeepot.bean.wr.writer.DelimitedWriter.withAutoFlush(int)	CtMethodImpl	public
coffeepot.bean.wr.mapper.FieldConditionModel	CtClassImpl	public
coffeepot.bean.wr.mapper.FieldModel.conditionForWriteAs	CtFieldReferenceImpl	private
coffeepot.bean.wr.writer.AbstractWriter()	CtConstructorImpl	public
coffeepot.bean.wr.mapper.Metadata(int)	CtConstructorImpl	public
coffeepot.bean.wr.reader.DelimitedReader.escOld	CtFieldReferenceImpl	private
coffeepot.bean.wr.typeHandler.InternalCommand.execOnRead(java.lang.String)	CtMethodImpl	protected
coffeepot.bean.wr.reader.AbstractReader.unmarshalWithoutId(java.lang.Class<T>,coffeepot.bean.wr.mapper.ObjectMapper)	CtMethodImpl	private
coffeepot.bean.wr.typeHandler.DefaultStringHandler.commands	CtFieldReferenceImpl	protected
coffeepot.bean.wr.writer.AbstractWriter.marshal(java.lang.Object,coffeepot.bean.wr.mapper.ObjectMapper)	CtMethodImpl	private
coffeepot.bean.wr.mapper.FieldConditionModel.minVersion	CtFieldReferenceImpl	private
coffeepot.bean.wr.typeHandler.DefaultFloatHandler.setGroupingSeparatorDefault(char)	CtMethodImpl	public
coffeepot.bean.wr.writer.DelimitedWriter.getEscape()	CtMethodImpl	public
coffeepot.bean.wr.typeHandler.DefaultDateHandler.CMD_SET_PATTERN	CtFieldReferenceImpl	public
coffeepot.bean.wr.typeHandler.TypeHandlerFactoryImpl.clearRegisterTypeHandlerClass()	CtMethodImpl	public
coffeepot.bean.wr.typeHandler.DefaultCharacterHandler.toString(java.lang.Character,coffeepot.bean.wr.mapper.Metadata)	CtMethodImpl	public
coffeepot.bean.wr.mapper.Command.name	CtFieldReferenceImpl	package-private
coffeepot.bean.wr.mapper.ImmutableFieldModel.fieldModel	CtFieldReferenceImpl	private
coffeepot.bean.wr.reader.DelimitedReader.regexSplit	CtFieldReferenceImpl	private
coffeepot.bean.wr.mapper.FieldModel.commands	CtFieldReferenceImpl	private
coffeepot.bean.wr.writer.DelimitedWriter.withRecordInitializator(java.lang.String)	CtMethodImpl	public
coffeepot.bean.wr.typeHandler.DefaultDateHandler.patternDefault	CtFieldReferenceImpl	protected
coffeepot.bean.wr.typeHandler.DefaultDateHandler.getPatternDefault()	CtMethodImpl	public
coffeepot.bean.wr.reader.DelimitedReader.escape	CtFieldReferenceImpl	private
coffeepot.bean.wr.typeHandler.DefaultLocalDateTimeHandler	CtClassImpl	public
coffeepot.bean.wr.reader.AbstractReader.setVersion(int)	CtMethodImpl	public
coffeepot.bean.wr.typeHandler.DefaultEnumHandler.CMD_SET_ORDINAL_MODE	CtFieldReferenceImpl	public
coffeepot.bean.wr.typeHandler.HandlerParseException(java.lang.Throwable)	CtConstructorImpl	public
coffeepot.bean.wr.mapper.ObjectMapper	CtClassImpl	public
coffeepot.bean.wr.typeHandler.DefaultEnumHandler.parse(java.lang.String,coffeepot.bean.wr.mapper.Metadata)	CtMethodImpl	public
coffeepot.bean.wr.writer.AbstractWriter.metadata	CtFieldReferenceImpl	protected
coffeepot.bean.wr.mapper.Metadata.__setVersion(int)	CtMethodImpl	public
coffeepot.bean.wr.mapper.ObjectMapper.mappingFields(coffeepot.bean.wr.annotation.Field[],coffeepot.bean.wr.mapper.ObjectMapperFactory,java.lang.String)	CtMethodImpl	private
coffeepot.bean.wr.typeHandler.HandlerParseException(java.lang.String)	CtConstructorImpl	public
coffeepot.bean.wr.reader.DelimitedReader.getNextRecord(java.io.BufferedReader)	CtMethodImpl	protected
coffeepot.bean.wr.writer.AbstractWriter.callback	CtFieldReferenceImpl	protected
coffeepot.bean.wr.mapper.FieldModel.writeAsNull	CtFieldReferenceImpl	private
coffeepot.bean.wr.typeHandler.DefaultStringHandler.CHARCASE_LOW	CtFieldReferenceImpl	public
coffeepot.bean.wr.reader.DelimitedReader.clear()	CtMethodImpl	protected
coffeepot.bean.wr.mapper.FieldConditionModel.active	CtFieldReferenceImpl	private
coffeepot.bean.wr.types.FormatType	CtEnumImpl	public
coffeepot.bean.wr.types.AccessorType	CtEnumImpl	public
coffeepot.bean.wr.mapper.ObjectMapperFactory.getHandlerFactory()	CtMethodImpl	public
coffeepot.bean.wr.typeHandler.DefaultDoubleHandler.toString(java.lang.Double,coffeepot.bean.wr.mapper.Metadata)	CtMethodImpl	public
coffeepot.bean.wr.mapper.ObjectMapper.getRecordFromClass(java.lang.Class<?>,java.lang.String,coffeepot.bean.wr.mapper.ObjectMapperFactory)	CtMethodImpl	private
coffeepot.bean.wr.typeHandler.DefaultZonedDateTimeHandler	CtClassImpl	public
coffeepot.bean.wr.typeHandler.DefaultDateHandler.setPatternDefaultForDate(java.lang.String)	CtMethodImpl	public
coffeepot.bean.wr.typeHandler.DefaultEnumHandler	CtClassImpl	public
coffeepot.bean.wr.mapper.ObjectMapperFactory.handlerFactory	CtFieldReferenceImpl	private
coffeepot.bean.wr.typeHandler.DefaultFloatHandler.locale	CtFieldReferenceImpl	protected
coffeepot.bean.wr.reader.AbstractReader.getIdResolver()	CtMethodImpl	public
coffeepot.bean.wr.mapper.ObjectMapperFactory.idsMap	CtFieldReferenceImpl	private
coffeepot.bean.wr.typeHandler.DefaultLocalDateTimeHandler.getPatternDefault()	CtMethodImpl	public
coffeepot.bean.wr.typeHandler.TypeHandlerFactoryImpl	CtClassImpl	public
coffeepot.bean.wr.typeHandler.InternalCommand.onWrite	CtFieldReferenceImpl	protected
coffeepot.bean.wr.mapper.RecordModel()	CtConstructorImpl	public
coffeepot.bean.wr.typeHandler.DefaultFloatHandler.decimalSeparatorDefault	CtFieldReferenceImpl	protected
coffeepot.bean.wr.typeHandler.DefaultStringHandler.FILTER_NUMBER_ONLY	CtFieldReferenceImpl	public
coffeepot.bean.wr.writer.FixedLengthWriter.create(java.io.Writer)	CtMethodImpl	public
coffeepot.bean.wr.typeHandler.DefaultDoubleHandler.setGroupingSeparatorDefault(char)	CtMethodImpl	public
coffeepot.bean.wr.mapper.ObjectMapper.mappingField(java.lang.String,coffeepot.bean.wr.mapper.FieldModel,coffeepot.bean.wr.mapper.ObjectMapperFactory,java.lang.Class<?>,java.lang.String)	CtMethodImpl	private
coffeepot.bean.wr.typeHandler.DefaultIntegerHandler()	CtConstructorImpl	public
coffeepot.bean.wr.reader.FixedLengthReader.isCurrentRecordNull()	CtMethodImpl	protected
coffeepot.bean.wr.reader.AbstractReader.processRecord()	CtMethodImpl	private
coffeepot.bean.wr.writer.FixedLengthWriter	CtClassImpl	public
coffeepot.bean.wr.writer.DelimitedWriter.withVersion(int)	CtMethodImpl	public
coffeepot.bean.wr.writer.AbstractWriter.flush()	CtMethodImpl	public
coffeepot.bean.wr.typeHandler.DefaultDateHandler.parse(java.lang.String,coffeepot.bean.wr.mapper.Metadata)	CtMethodImpl	public
coffeepot.bean.wr.reader.DelimitedReader.mapperFactory	CtFieldReferenceImpl	private
coffeepot.bean.wr.writer.DelimitedWriter.writeRecord(java.util.List<java.lang.String>)	CtMethodImpl	protected
coffeepot.bean.wr.reader.DelimitedReader(java.io.Reader)	CtConstructorImpl	public
coffeepot.bean.wr.typeHandler.DefaultDateHandler.toString(java.util.Date,coffeepot.bean.wr.mapper.Metadata)	CtMethodImpl	public
coffeepot.bean.wr.typeHandler.DefaultFloatHandler.getDecimalSeparatorDefault()	CtMethodImpl	public
coffeepot.bean.wr.writer.DelimitedWriter	CtClassImpl	public
coffeepot.bean.wr.reader.FixedLengthReader.getValueByIndex(int)	CtMethodImpl	protected
coffeepot.bean.wr.reader.AbstractReader.version	CtFieldReferenceImpl	protected
coffeepot.bean.wr.reader.AbstractReader.removeRecordInitializator	CtFieldReferenceImpl	protected
coffeepot.bean.wr.reader.DelimitedReader.config()	CtMethodImpl	protected
coffeepot.bean.wr.mapper.RecordModel.setFields(java.util.List<coffeepot.bean.wr.mapper.FieldModel>)	CtMethodImpl	public
coffeepot.bean.wr.typeHandler.InternalCommand.execOnWrite(java.lang.String)	CtMethodImpl	protected
coffeepot.bean.wr.typeHandler.DefaultZonedDateTimeHandler.setDefaultValues()	CtMethodImpl	private
coffeepot.bean.wr.reader.FixedLengthReader.clear()	CtMethodImpl	protected
coffeepot.bean.wr.mapper.FieldModel.writeAs	CtFieldReferenceImpl	private
coffeepot.bean.wr.mapper.Metadata.fieldModel	CtFieldReferenceImpl	private
coffeepot.bean.wr.typeHandler.HandlerParseException	CtClassImpl	public
coffeepot.bean.wr.typeHandler.DefaultDoubleHandler	CtClassImpl	public
coffeepot.bean.wr.mapper.FieldModel.collectionType	CtFieldReferenceImpl	private
coffeepot.bean.wr.typeHandler.DefaultLongHandler.parse(java.lang.String,coffeepot.bean.wr.mapper.Metadata)	CtMethodImpl	public
coffeepot.bean.wr.typeHandler.DefaultBigDecimalHandler.parse(java.lang.String,coffeepot.bean.wr.mapper.Metadata)	CtMethodImpl	public
coffeepot.bean.wr.typeHandler.DefaultBooleanHandler.getFalseTextDefault()	CtMethodImpl	public
coffeepot.bean.wr.reader.AbstractReader.processRecordWithoutId(coffeepot.bean.wr.mapper.ObjectMapper)	CtMethodImpl	private
coffeepot.bean.wr.writer.DelimitedWriter.withRecordTerminator(java.lang.String)	CtMethodImpl	public
coffeepot.bean.wr.typeHandler.DefaultStringHandler.CMD_CHARCASE	CtFieldReferenceImpl	public
coffeepot.bean.wr.reader.AbstractReader.parseAsListOf(java.lang.Class<T>)	CtMethodImpl	public
coffeepot.bean.wr.reader.FixedLengthReader.readLine()	CtMethodImpl	protected
coffeepot.bean.wr.reader.AbstractReader.setTrim(boolean)	CtMethodImpl	public
coffeepot.bean.wr.typeHandler.DefaultLocalTimeHandler()	CtConstructorImpl	public
coffeepot.bean.wr.typeHandler.DefaultLongHandler.toString(java.lang.Long,coffeepot.bean.wr.mapper.Metadata)	CtMethodImpl	public
coffeepot.bean.wr.mapper.RecordModel.setForFormat(coffeepot.bean.wr.types.FormatType)	CtMethodImpl	public
coffeepot.bean.wr.reader.DelimitedReader.getDelimiter()	CtMethodImpl	public
coffeepot.bean.wr.typeHandler.DefaultInstantHandler.config(coffeepot.bean.wr.mapper.Command[])	CtMethodImpl	public
coffeepot.bean.wr.mapper.FieldModel()	CtConstructorImpl	public
coffeepot.bean.wr.reader.AbstractReader.withSearch	CtFieldReferenceImpl	protected
coffeepot.bean.wr.typeHandler.DefaultDateHandler.patternDefaultForDate	CtFieldReferenceImpl	protected
coffeepot.bean.wr.typeHandler.DefaultStringHandler.OPT_ONLY_ON_READ	CtFieldReferenceImpl	public
coffeepot.bean.wr.typeHandler.DefaultIntegerHandler.config(coffeepot.bean.wr.mapper.Command[])	CtMethodImpl	public
coffeepot.bean.wr.typeHandler.DefaultLocalTimeHandler.setPatternDefault(java.lang.String)	CtMethodImpl	public
coffeepot.bean.wr.typeHandler.DefaultZonedDateTimeHandler()	CtConstructorImpl	public
coffeepot.bean.wr.typeHandler.DefaultDoubleHandler.decimalFormat	CtFieldReferenceImpl	protected
coffeepot.bean.wr.mapper.Helpful.toFieldImpl(coffeepot.bean.wr.annotation.Field)	CtMethodImpl	public
coffeepot.bean.wr.reader.AbstractReader.unmarshalWithoutIdAsListOf(coffeepot.bean.wr.mapper.ObjectMapper)	CtMethodImpl	private
coffeepot.bean.wr.mapper.FieldModel.padding	CtFieldReferenceImpl	private
coffeepot.bean.wr.typeHandler.DefaultFloatHandler.pattern	CtFieldReferenceImpl	protected
coffeepot.bean.wr.typeHandler.DefaultLocalDateTimeHandler.parse(java.lang.String,coffeepot.bean.wr.mapper.Metadata)	CtMethodImpl	public
coffeepot.bean.wr.typeHandler.DefaultStringHandler.CHARCASE_UPPER	CtFieldReferenceImpl	public
coffeepot.bean.wr.reader.DelimitedReader.ID_POSITION	CtFieldReferenceImpl	protected
coffeepot.bean.wr.typeHandler.DefaultFloatHandler.parse(java.lang.String,coffeepot.bean.wr.mapper.Metadata)	CtMethodImpl	public
coffeepot.bean.wr.typeHandler.DefaultBooleanHandler.trueTextDefault	CtFieldReferenceImpl	protected
coffeepot.bean.wr.mapper.FieldModel.getterMethod	CtFieldReferenceImpl	private
coffeepot.bean.wr.reader.AbstractReader.setDeepScan(boolean)	CtMethodImpl	public
coffeepot.bean.wr.typeHandler.DefaultInstantHandler.toString(java.time.Instant,coffeepot.bean.wr.mapper.Metadata)	CtMethodImpl	public
coffeepot.bean.wr.typeHandler.DefaultDoubleHandler.locale	CtFieldReferenceImpl	protected
coffeepot.bean.wr.mapper.FieldModel.ignoreOnRead	CtFieldReferenceImpl	private
coffeepot.bean.wr.typeHandler.DefaultLocalTimeHandler.CMD_SET_PATTERN	CtFieldReferenceImpl	public
coffeepot.bean.wr.mapper.FieldModel.paddingIfNullOrEmpty	CtFieldReferenceImpl	private
coffeepot.bean.wr.writer.FixedLengthWriter.parserFactory	CtFieldReferenceImpl	protected
coffeepot.bean.wr.mapper.FieldModel.minLength	CtFieldReferenceImpl	private
coffeepot.bean.wr.mapper.RecordModel.forFormat	CtFieldReferenceImpl	private
coffeepot.bean.wr.reader.AbstractReader.recordInitializator	CtFieldReferenceImpl	protected
coffeepot.bean.wr.writer.DelimitedWriter.setRemoveDelimiter(boolean)	CtMethodImpl	public
coffeepot.bean.wr.mapper.Metadata	CtClassImpl	public
coffeepot.bean.wr.typeHandler.DefaultBigDecimalHandler.getLocale()	CtMethodImpl	public
coffeepot.bean.wr.mapper.ObjectMapperFactory.setHandlerFactory(coffeepot.bean.wr.typeHandler.TypeHandlerFactory)	CtMethodImpl	public
coffeepot.bean.wr.typeHandler.DefaultBigDecimalHandler.decimalSeparatorDefault	CtFieldReferenceImpl	protected
coffeepot.bean.wr.mapper.ImmutableFieldModel.getConstantValue()	CtMethodImpl	public
coffeepot.bean.wr.typeHandler.DefaultEnumHandler.toString(java.lang.Enum,coffeepot.bean.wr.mapper.Metadata)	CtMethodImpl	public
coffeepot.bean.wr.mapper.ImmutableFieldModel.getTypeHandlerClass()	CtMethodImpl	public
coffeepot.bean.wr.mapper.Metadata.__setFieldModel(coffeepot.bean.wr.mapper.FieldModel)	CtMethodImpl	public
coffeepot.bean.wr.typeHandler.DefaultOffsetDateTimeHandler.CMD_SET_PATTERN	CtFieldReferenceImpl	public
coffeepot.bean.wr.typeHandler.DefaultZonedDateTimeHandler.config(coffeepot.bean.wr.mapper.Command[])	CtMethodImpl	public
coffeepot.bean.wr.mapper.ObjectMapper.rootClass	CtFieldReferenceImpl	private
coffeepot.bean.wr.typeHandler.DefaultStringHandler.defReadWriteOnly(coffeepot.bean.wr.typeHandler.InternalCommand,java.lang.String)	CtMethodImpl	protected
coffeepot.bean.wr.reader.AbstractReader.findLineStartsWith(java.lang.String)	CtMethodImpl	public
coffeepot.bean.wr.typeHandler.DefaultDateHandler.getPatternDefaultForDate()	CtMethodImpl	public
coffeepot.bean.wr.types.AccessorType()	CtConstructorImpl	private
coffeepot.bean.wr.reader.AbstractReader.deepScan	CtFieldReferenceImpl	protected
coffeepot.bean.wr.mapper.Command.args	CtFieldReferenceImpl	package-private
coffeepot.bean.wr.typeHandler.DefaultFloatHandler.toString(java.lang.Float,coffeepot.bean.wr.mapper.Metadata)	CtMethodImpl	public
coffeepot.bean.wr.typeHandler.DefaultDateHandler.setPatternDefaultForDateTime(java.lang.String)	CtMethodImpl	public
coffeepot.bean.wr.reader.AbstractReader.currentLine	CtFieldReferenceImpl	protected
coffeepot.bean.wr.mapper.Command.clone()	CtMethodImpl	public
coffeepot.bean.wr.typeHandler.DefaultLocalDateTimeHandler()	CtConstructorImpl	public
coffeepot.bean.wr.writer.FixedLengthWriter.getFormatType()	CtMethodImpl	public
coffeepot.bean.wr.reader.AbstractReader.setRecordInitializator(java.lang.String)	CtMethodImpl	public
coffeepot.bean.wr.types.Align	CtEnumImpl	public
coffeepot.bean.wr.typeHandler.DefaultLocalDateHandler.parse(java.lang.String,coffeepot.bean.wr.mapper.Metadata)	CtMethodImpl	public
coffeepot.bean.wr.reader.AbstractReader.setValue(java.lang.Object,java.lang.Object,coffeepot.bean.wr.mapper.FieldModel)	CtMethodImpl	protected
coffeepot.bean.wr.typeHandler.DefaultOffsetDateTimeHandler.toString(java.time.OffsetDateTime,coffeepot.bean.wr.mapper.Metadata)	CtMethodImpl	public
coffeepot.bean.wr.typeHandler.InternalCommand	CtClassImpl	public
coffeepot.bean.wr.typeHandler.DefaultStringHandler	CtClassImpl	public
coffeepot.bean.wr.writer.DelimitedWriter.getRecordInitializator()	CtMethodImpl	public
coffeepot.bean.wr.typeHandler.DefaultStringHandler.CMD_REPLACE	CtFieldReferenceImpl	public
coffeepot.bean.wr.mapper.RecordModel.groupId	CtFieldReferenceImpl	private
coffeepot.bean.wr.reader.UnknownRecordException	CtClassImpl	public
coffeepot.bean.wr.types.CharCase	CtEnumImpl	public
coffeepot.bean.wr.typeHandler.DefaultEnumHandler.config(coffeepot.bean.wr.mapper.Command[])	CtMethodImpl	public
coffeepot.bean.wr.typeHandler.DefaultBooleanHandler.config(coffeepot.bean.wr.mapper.Command[])	CtMethodImpl	public
coffeepot.bean.wr.reader.AbstractReader(java.io.Reader)	CtConstructorImpl	public
coffeepot.bean.wr.reader.AbstractReader.isRemoveRecordInitializator()	CtMethodImpl	public
coffeepot.bean.wr.reader.FixedLengthReader.hasNext()	CtMethodImpl	protected
coffeepot.bean.wr.typeHandler.DefaultStringHandler.FILTER_NUMBER_LETTERS_ONLY	CtFieldReferenceImpl	public
coffeepot.bean.wr.typeHandler.DefaultOffsetDateTimeHandler.pattern	CtFieldReferenceImpl	protected
coffeepot.bean.wr.typeHandler.DefaultDoubleHandler.groupingSeparatorDefault	CtFieldReferenceImpl	protected
coffeepot.bean.wr.mapper.ObjectMapperFactory.create(java.lang.Class<?>,coffeepot.bean.wr.mapper.RecordModel)	CtMethodImpl	public
coffeepot.bean.wr.writer.AbstractWriter.createMapper(java.lang.Class<?>,java.lang.String)	CtMethodImpl	public
coffeepot.bean.wr.writer.DelimitedWriter.getObjectMapperFactory()	CtMethodImpl	public
coffeepot.bean.wr.mapper.FieldModel.accessorType	CtFieldReferenceImpl	private
coffeepot.bean.wr.mapper.ObjectMapperFactory.getUnresolved()	CtMethodImpl	public
coffeepot.bean.wr.typeHandler.DefaultDoubleHandler.setDefaultValues()	CtMethodImpl	private
coffeepot.bean.wr.mapper.ImmutableFieldModel.getClassType()	CtMethodImpl	public
coffeepot.bean.wr.mapper.ImmutableFieldModel.isId()	CtMethodImpl	public
coffeepot.bean.wr.reader.DelimitedReader.setEscape(java.lang.Character)	CtMethodImpl	public
coffeepot.bean.wr.writer.AbstractWriter.marshal(java.lang.Object,java.util.List<java.lang.String>,coffeepot.bean.wr.mapper.ObjectMapper)	CtMethodImpl	private
coffeepot.bean.wr.writer.FixedLengthWriter.setRecordInitializator(java.lang.String)	CtMethodImpl	public
coffeepot.bean.wr.types.FormatType()	CtConstructorImpl	private
coffeepot.bean.wr.writer.FixedLengthWriter.withAutoFlush(int)	CtMethodImpl	public
coffeepot.bean.wr.mapper.RecordModel.getAccessorType()	CtMethodImpl	public
coffeepot.bean.wr.reader.DelimitedReader.setDelimiter(char)	CtMethodImpl	public
coffeepot.bean.wr.typeHandler.DefaultIntegerHandler	CtClassImpl	public
coffeepot.bean.wr.writer.AbstractWriter.version	CtFieldReferenceImpl	protected
coffeepot.bean.wr.typeHandler.DefaultLocalDateHandler.formatter	CtFieldReferenceImpl	private
coffeepot.bean.wr.mapper.ImmutableFieldModel.getAlign()	CtMethodImpl	public
coffeepot.bean.wr.typeHandler.DefaultOffsetDateTimeHandler.setPatternDefault(java.lang.String)	CtMethodImpl	public
coffeepot.bean.wr.typeHandler.DefaultStringHandler.config(coffeepot.bean.wr.mapper.Command[])	CtMethodImpl	public
coffeepot.bean.wr.mapper.FieldConditionModel.always	CtFieldReferenceImpl	private
coffeepot.bean.wr.typeHandler.DefaultLocalDateHandler.patternDefault	CtFieldReferenceImpl	protected
coffeepot.bean.wr.mapper.ObjectMapperFactory.mappers	CtFieldReferenceImpl	private
coffeepot.bean.wr.reader.DelimitedReader.delimiter	CtFieldReferenceImpl	protected
coffeepot.bean.wr.typeHandler.DefaultInstantHandler	CtClassImpl	public
coffeepot.bean.wr.typeHandler.DefaultLocalDateHandler.setPatternDefault(java.lang.String)	CtMethodImpl	public
coffeepot.bean.wr.reader.AbstractReader.filterFieldsByVersion(coffeepot.bean.wr.mapper.ObjectMapper)	CtMethodImpl	protected
coffeepot.bean.wr.mapper.RecordModel.getFields()	CtMethodImpl	public
coffeepot.bean.wr.reader.DelimitedReader.isCurrentRecordNull()	CtMethodImpl	protected
coffeepot.bean.wr.typeHandler.DefaultBigDecimalHandler.patternDefault	CtFieldReferenceImpl	protected
coffeepot.bean.wr.reader.AbstractReader.clear()	CtMethodImpl	protected
coffeepot.bean.wr.typeHandler.DefaultBooleanHandler.setTrueTextDefault(java.lang.String)	CtMethodImpl	public
coffeepot.bean.wr.typeHandler.DefaultFloatHandler.setPatternDefault(java.lang.String)	CtMethodImpl	public
coffeepot.bean.wr.reader.DelimitedReader.delimNew	CtFieldReferenceImpl	private
coffeepot.bean.wr.mapper.Helpful	CtClassImpl	public
coffeepot.bean.wr.writer.DelimitedWriter.getDelimiter()	CtMethodImpl	public
coffeepot.bean.wr.mapper.ImmutableFieldModel.isTrim()	CtMethodImpl	public
coffeepot.bean.wr.reader.AbstractReader.processUpToTheLineStartsWith(java.lang.String)	CtMethodImpl	public
coffeepot.bean.wr.typeHandler.DefaultFloatHandler.setDecimalSeparatorDefault(char)	CtMethodImpl	public
coffeepot.bean.wr.reader.AbstractReader.ignoreUnknownRecords	CtFieldReferenceImpl	protected
coffeepot.bean.wr.mapper.FieldModel	CtClassImpl	public
coffeepot.bean.wr.mapper.UnresolvedObjectMapperException()	CtConstructorImpl	public
coffeepot.bean.wr.writer.AbstractWriter.writer	CtFieldReferenceImpl	protected
coffeepot.bean.wr.typeHandler.DefaultCharacterHandler	CtClassImpl	public
coffeepot.bean.wr.typeHandler.DefaultOffsetDateTimeHandler.patternDefault	CtFieldReferenceImpl	protected
coffeepot.bean.wr.typeHandler.DefaultBooleanHandler.falseText	CtFieldReferenceImpl	private
coffeepot.bean.wr.reader.AbstractReader.getRecordInitializator()	CtMethodImpl	public
coffeepot.bean.wr.writer.DelimitedWriter.withDelimiter(char)	CtMethodImpl	public
coffeepot.bean.wr.reader.DelimitedReader.nextRecord	CtFieldReferenceImpl	protected
coffeepot.bean.wr.writer.DelimitedWriter.getFormatType()	CtMethodImpl	public
coffeepot.bean.wr.writer.FixedLengthWriter.withRecordTerminator(java.lang.String)	CtMethodImpl	public
coffeepot.bean.wr.writer.DelimitedWriter.isRemoveDelimiter()	CtMethodImpl	public
coffeepot.bean.wr.typeHandler.DefaultLocalDateHandler.toString(java.time.LocalDate,coffeepot.bean.wr.mapper.Metadata)	CtMethodImpl	public
coffeepot.bean.wr.writer.AbstractWriter.getObjectMapper(java.lang.Object,java.lang.String)	CtMethodImpl	private
coffeepot.bean.wr.typeHandler.DefaultCharacterHandler()	CtConstructorImpl	public
coffeepot.bean.wr.reader.DelimitedReader.getObjectMapperFactory()	CtMethodImpl	public
coffeepot.bean.wr.writer.DelimitedWriter.delimiter	CtFieldReferenceImpl	protected
coffeepot.bean.wr.mapper.ObjectMapper.getFields()	CtMethodImpl	public
coffeepot.bean.wr.typeHandler.DefaultOffsetDateTimeHandler.getPatternDefault()	CtMethodImpl	public
coffeepot.bean.wr.reader.AbstractReader	CtClassImpl	public
coffeepot.bean.wr.typeHandler.DefaultStringHandler()	CtConstructorImpl	public
coffeepot.bean.wr.mapper.FieldModel.constantValue	CtFieldReferenceImpl	private
coffeepot.bean.wr.mapper.ImmutableFieldModel.getMinLength()	CtMethodImpl	public
coffeepot.bean.wr.typeHandler.DefaultLocalTimeHandler	CtClassImpl	public
coffeepot.bean.wr.mapper.ObjectMapperFactory.create(java.lang.Class<?>,java.lang.String,coffeepot.bean.wr.mapper.Callback<java.lang.Class, coffeepot.bean.wr.mapper.RecordModel>)	CtMethodImpl	public
coffeepot.bean.wr.mapper.ObjectMapperFactory.createHelper(java.lang.Class<?>,java.lang.String,coffeepot.bean.wr.mapper.Callback<java.lang.Class, coffeepot.bean.wr.mapper.RecordModel>)	CtMethodImpl	private
coffeepot.bean.wr.reader.AbstractReader.unmarshal(java.lang.Class<T>)	CtMethodImpl	private
coffeepot.bean.wr.writer.AbstractWriter.autoFlush	CtFieldReferenceImpl	protected
coffeepot.bean.wr.typeHandler.DefaultFloatHandler.CMD_SET_PATTERN	CtFieldReferenceImpl	public
coffeepot.bean.wr.writer.AbstractWriter.marshalCollection(java.lang.Object,java.util.List<java.lang.String>,coffeepot.bean.wr.mapper.FieldModel,coffeepot.bean.wr.mapper.ObjectMapper)	CtMethodImpl	private
coffeepot.bean.wr.writer.DelimitedWriter.recordTerminator	CtFieldReferenceImpl	protected
coffeepot.bean.wr.writer.FixedLengthWriter.writeRecord(java.util.List<java.lang.String>)	CtMethodImpl	public
coffeepot.bean.wr.mapper.ImmutableFieldModel.getSetter()	CtMethodImpl	public
coffeepot.bean.wr.typeHandler.DefaultStringHandler$ICommnand()	CtConstructorImpl	public
coffeepot.bean.wr.mapper.FieldConditionModel.clone()	CtMethodImpl	public
coffeepot.bean.wr.typeHandler.DefaultOffsetDateTimeHandler.setDefaultValues()	CtMethodImpl	private
coffeepot.bean.wr.mapper.ImmutableFieldModel.isPaddingIfNullOrEmpty()	CtMethodImpl	public
coffeepot.bean.wr.mapper.ObjectMapperFactory.unresolved	CtFieldReferenceImpl	private
coffeepot.bean.wr.reader.FixedLengthReader.idLength	CtFieldReferenceImpl	private
coffeepot.bean.wr.mapper.FieldModel.setter	CtFieldReferenceImpl	private
coffeepot.bean.wr.reader.AbstractReader.idResolver	CtFieldReferenceImpl	protected
coffeepot.bean.wr.mapper.Metadata.currentRawLine	CtFieldReferenceImpl	private
coffeepot.bean.wr.types.CharCase()	CtConstructorImpl	private
coffeepot.bean.wr.reader.AbstractReader.setIgnoreUnknownRecords(boolean)	CtMethodImpl	public
coffeepot.bean.wr.typeHandler.DefaultLocalTimeHandler.getPatternDefault()	CtMethodImpl	public
coffeepot.bean.wr.reader.AbstractReader.isIgnoreUnknownRecords()	CtMethodImpl	public
coffeepot.bean.wr.typeHandler.DefaultFloatHandler.setDefaultValues()	CtMethodImpl	private
coffeepot.bean.wr.typeHandler.DefaultStringHandler.CMD_REPLACE_ALL	CtFieldReferenceImpl	public
coffeepot.bean.wr.reader.FixedLengthReader.readNextLine()	CtMethodImpl	protected
coffeepot.bean.wr.typeHandler.DefaultDoubleHandler.parse(java.lang.String,coffeepot.bean.wr.mapper.Metadata)	CtMethodImpl	public
coffeepot.bean.wr.reader.AbstractReader.createMapper(java.lang.Class<?>)	CtMethodImpl	public
coffeepot.bean.wr.typeHandler.DefaultFloatHandler.groupingSeparatorDefault	CtFieldReferenceImpl	protected
coffeepot.bean.wr.mapper.FieldModel.typeHandler	CtFieldReferenceImpl	private
coffeepot.bean.wr.typeHandler.DefaultBigDecimalHandler.CMD_SET_PATTERN	CtFieldReferenceImpl	public
coffeepot.bean.wr.mapper.RecordModel.fields	CtFieldReferenceImpl	private
coffeepot.bean.wr.typeHandler.DefaultBooleanHandler.CMD_SET_FALSE_TEXT	CtFieldReferenceImpl	public
coffeepot.bean.wr.writer.FixedLengthWriter.withRecordInitializator(java.lang.String)	CtMethodImpl	public
coffeepot.bean.wr.writer.FixedLengthWriter.setRecordTerminator(java.lang.String)	CtMethodImpl	public
coffeepot.bean.wr.mapper.ImmutableFieldModel.getMaxLength()	CtMethodImpl	public
coffeepot.bean.wr.reader.AbstractReader.nextLine	CtFieldReferenceImpl	protected
coffeepot.bean.wr.reader.AbstractReader.isTrim()	CtMethodImpl	public
coffeepot.bean.wr.reader.AbstractReader.getCollection(java.lang.Object,coffeepot.bean.wr.mapper.FieldModel)	CtMethodImpl	protected
coffeepot.bean.wr.typeHandler.DefaultBigDecimalHandler.setLocale(java.util.Locale)	CtMethodImpl	public
coffeepot.bean.wr.mapper.ObjectMapper.accessorType	CtFieldReferenceImpl	private
coffeepot.bean.wr.mapper.FieldModel.align	CtFieldReferenceImpl	private
coffeepot.bean.wr.typeHandler.TypeHandlerFactoryImpl()	CtConstructorImpl	public
coffeepot.bean.wr.reader.AbstractReader.getLine()	CtMethodImpl	protected
coffeepot.bean.wr.writer.FixedLengthWriter.recordInitializator	CtFieldReferenceImpl	protected
coffeepot.bean.wr.typeHandler.DefaultLongHandler	CtClassImpl	public
