method	type	visibility
org.fusesource.leveldbjni.internal.NativeLogger.LoggerJNI.log_method	CtFieldReferenceImpl	package-private
org.fusesource.leveldbjni.internal.NativeIterator.seek(org.fusesource.leveldbjni.internal.NativeBuffer)	CtMethodImpl	private
org.fusesource.leveldbjni.internal.NativeSlice.set(org.fusesource.leveldbjni.internal.NativeBuffer)	CtMethodImpl	public
org.fusesource.leveldbjni.internal.NativeSlice.write(long,int)	CtMethodImpl	package-private
org.fusesource.leveldbjni.internal.JniDB	CtClassImpl	public
org.fusesource.leveldbjni.internal.NativeLogger$LoggerJNI()	CtConstructorImpl	public
org.fusesource.leveldbjni.internal.JniDB.cache	CtFieldReferenceImpl	private
org.fusesource.leveldbjni.internal.NativeIterator.prev()	CtMethodImpl	public
org.fusesource.leveldbjni.internal.NativeStdString.toByteArray()	CtMethodImpl	public
org.fusesource.leveldbjni.internal.NativeSlice.create(org.fusesource.leveldbjni.internal.NativeBuffer)	CtMethodImpl	public
org.fusesource.leveldbjni.internal.NativeSlice.set(org.fusesource.leveldbjni.internal.NativeSlice)	CtMethodImpl	public
org.fusesource.leveldbjni.JniDBFactory.OptionsResourceHolder.cache	CtFieldReferenceImpl	package-private
org.fusesource.leveldbjni.internal.JniDBIterator(org.fusesource.leveldbjni.internal.NativeIterator)	CtConstructorImpl	package-private
org.fusesource.leveldbjni.internal.NativeRange.limit()	CtMethodImpl	public
org.fusesource.leveldbjni.JniDBFactory()	CtConstructorImpl	public
org.fusesource.leveldbjni.internal.NativeRange.start	CtFieldReferenceImpl	private
org.fusesource.leveldbjni.internal.JniDB.getApproximateSizes(org.iq80.leveldb.Range[])	CtMethodImpl	public
org.fusesource.leveldbjni.internal.NativeOptions.comparator(org.fusesource.leveldbjni.internal.NativeComparator)	CtMethodImpl	public
org.fusesource.leveldbjni.internal.JniWriteBatch.close()	CtMethodImpl	public
org.fusesource.leveldbjni.internal.NativeSlice.size()	CtMethodImpl	public
org.fusesource.leveldbjni.internal.NativeSlice.toByteArray()	CtMethodImpl	public
org.fusesource.leveldbjni.internal.Util.strerror()	CtMethodImpl	package-private
org.fusesource.leveldbjni.internal.NativeIterator.key()	CtMethodImpl	public
org.fusesource.leveldbjni.internal.NativeOptions.create_if_missing	CtFieldReferenceImpl	private
org.fusesource.leveldbjni.internal.NativeBuffer.head(long)	CtMethodImpl	public
org.fusesource.leveldbjni.internal.NativeComparator.1	CtClassImpl	package-private
org.fusesource.leveldbjni.internal.NativeStatus.toString()	CtMethodImpl	public
org.fusesource.leveldbjni.internal.NativeComparator.compare(long,long)	CtMethodImpl	private
org.fusesource.leveldbjni.internal.JniSnapshot.snapshot	CtFieldReferenceImpl	private
org.fusesource.leveldbjni.internal.JniDBIterator.seekToLast()	CtMethodImpl	public
org.fusesource.leveldbjni.internal.DBException.isNotFound()	CtMethodImpl	public
org.fusesource.leveldbjni.internal.Util.UtilJNI	CtClassImpl	package-private
org.fusesource.leveldbjni.internal.NativeComparator()	CtConstructorImpl	public
org.fusesource.leveldbjni.internal.NativeComparator$ComparatorJNI()	CtConstructorImpl	public
org.fusesource.leveldbjni.internal.NativeOptions.errorIfExists()	CtMethodImpl	public
org.fusesource.leveldbjni.internal.Allocation.retain()	CtMethodImpl	package-private
org.fusesource.leveldbjni.internal.NativeDB.put(org.fusesource.leveldbjni.internal.NativeWriteOptions,org.fusesource.leveldbjni.internal.NativeSlice,org.fusesource.leveldbjni.internal.NativeSlice)	CtMethodImpl	private
org.fusesource.leveldbjni.internal.NativeSlice.size_	CtFieldReferenceImpl	private
org.fusesource.leveldbjni.internal.Util.UtilJNI.ON_WINDOWS	CtFieldImpl	package-private
org.fusesource.leveldbjni.internal.NativeOptions.comparatorObject	CtFieldReferenceImpl	private
org.fusesource.leveldbjni.internal.RangeJNI.delete()	CtMethodImpl	public
org.fusesource.leveldbjni.internal.JniDB.compactRange(byte[],byte[])	CtMethodImpl	public
org.fusesource.leveldbjni.internal.NativeOptions.info_log	CtFieldReferenceImpl	private
org.fusesource.leveldbjni.internal.NativeOptions.writeBufferSize()	CtMethodImpl	public
org.fusesource.leveldbjni.internal.JniWriteBatch.delete(byte[])	CtMethodImpl	public
org.fusesource.leveldbjni.internal.NativeDB.delete()	CtMethodImpl	public
org.fusesource.leveldbjni.internal.NativeIterator.checkStatus()	CtMethodImpl	private
org.fusesource.leveldbjni.internal.NativeWriteBatch()	CtConstructorImpl	public
org.fusesource.leveldbjni.internal.NativeBuffer.Pool.pos	CtFieldReferenceImpl	package-private
org.fusesource.leveldbjni.internal.NativeRange(byte[],byte[])	CtConstructorImpl	public
org.fusesource.leveldbjni.internal.NativeWriteBatch.delete()	CtMethodImpl	public
org.fusesource.leveldbjni.internal.NativeDB.put(org.fusesource.leveldbjni.internal.NativeWriteOptions,org.fusesource.leveldbjni.internal.NativeBuffer,org.fusesource.leveldbjni.internal.NativeBuffer)	CtMethodImpl	private
org.fusesource.leveldbjni.JniDBFactory.asString(byte[])	CtMethodImpl	public
org.fusesource.leveldbjni.internal.JniDB.comparator	CtFieldReferenceImpl	private
org.fusesource.leveldbjni.internal.JniWriteBatch.writeBatch()	CtMethodImpl	public
org.fusesource.leveldbjni.internal.JniDB.write(org.iq80.leveldb.WriteBatch)	CtMethodImpl	public
org.fusesource.leveldbjni.JniDBFactory.bytes(java.lang.String)	CtMethodImpl	public
org.fusesource.leveldbjni.internal.NativeOptions.paranoid_checks	CtFieldReferenceImpl	private
org.fusesource.leveldbjni.internal.NativeIterator.seekToLast()	CtMethodImpl	public
org.fusesource.leveldbjni.internal.NativeOptions.createIfMissing()	CtMethodImpl	public
org.fusesource.leveldbjni.internal.JniDB.close()	CtMethodImpl	public
org.fusesource.leveldbjni.internal.NativeBuffer.cbytes(java.lang.String)	CtMethodImpl	package-private
org.fusesource.leveldbjni.internal.NativeRange.RangeJNI.limit_buffer	CtFieldReferenceImpl	package-private
org.fusesource.leveldbjni.JniDBFactory.OptionsResourceHolder.1	CtClassImpl	package-private
org.fusesource.leveldbjni.JniDBFactory.OptionsResourceHolder.2	CtClassImpl	package-private
org.fusesource.leveldbjni.internal.NativeBuffer.Allocation.retained	CtFieldReferenceImpl	private
org.fusesource.leveldbjni.internal.NativeBuffer.toByteArray()	CtMethodImpl	public
org.fusesource.leveldbjni.internal.NativeBuffer.create(java.lang.String)	CtMethodImpl	public
org.fusesource.leveldbjni.JniDBFactory.OptionsResourceHolder	CtClassImpl	private
org.fusesource.leveldbjni.internal.JniDB.delete(byte[])	CtMethodImpl	public
org.fusesource.leveldbjni.internal.NativeDB.destroy(java.io.File,org.fusesource.leveldbjni.internal.NativeOptions)	CtMethodImpl	public
org.fusesource.leveldbjni.internal.JniDB.suspendCompactions()	CtMethodImpl	public
org.fusesource.leveldbjni.internal.Util.errno()	CtMethodImpl	package-private
org.fusesource.leveldbjni.internal.JniWriteBatch(org.fusesource.leveldbjni.internal.NativeWriteBatch)	CtConstructorImpl	package-private
org.fusesource.leveldbjni.internal.NativeObject.isAllocated()	CtMethodImpl	public
org.fusesource.leveldbjni.internal.NativeBuffer.create(byte[])	CtMethodImpl	public
org.fusesource.leveldbjni.internal.NativeBuffer$NativeBufferJNI()	CtConstructorImpl	package-private
org.fusesource.leveldbjni.internal.NativeDB.suspendCompactions()	CtMethodImpl	public
org.fusesource.leveldbjni.internal.NativeOptions.cache(org.fusesource.leveldbjni.internal.NativeCache)	CtMethodImpl	public
org.fusesource.leveldbjni.JniDBFactory.popMemoryPool()	CtMethodImpl	public
org.fusesource.leveldbjni.internal.NativeCompressionType	CtEnumImpl	public
org.fusesource.leveldbjni.internal.JniDB.get(byte[],org.iq80.leveldb.ReadOptions)	CtMethodImpl	public
org.fusesource.leveldbjni.internal.NativeReadOptions.verifyChecksums()	CtMethodImpl	public
org.fusesource.leveldbjni.internal.NativeOptions.comparator	CtFieldReferenceImpl	private
org.fusesource.leveldbjni.internal.NativeIterator.seek(byte[])	CtMethodImpl	public
org.fusesource.leveldbjni.JniDBFactory	CtClassImpl	public
org.fusesource.leveldbjni.internal.NativeOptions.block_size	CtFieldReferenceImpl	private
org.fusesource.leveldbjni.internal.NativeBuffer.NativeBufferJNI	CtClassImpl	package-private
org.fusesource.leveldbjni.internal.NativeComparator.ComparatorJNI.compare_method	CtFieldReferenceImpl	package-private
org.fusesource.leveldbjni.internal.NativeBuffer	CtClassImpl	public
org.fusesource.leveldbjni.internal.NativeDB.open(org.fusesource.leveldbjni.internal.NativeOptions,java.io.File)	CtMethodImpl	public
org.fusesource.leveldbjni.internal.NativeIterator.seekToFirst()	CtMethodImpl	public
org.fusesource.leveldbjni.internal.NativeStdString(long)	CtConstructorImpl	public
org.fusesource.leveldbjni.internal.NativeComparator	CtClassImpl	public
org.fusesource.leveldbjni.internal.NativeDB.get(org.fusesource.leveldbjni.internal.NativeReadOptions,org.fusesource.leveldbjni.internal.NativeBuffer)	CtMethodImpl	private
org.fusesource.leveldbjni.JniDBFactory.OptionsResourceHolder.options	CtFieldReferenceImpl	package-private
org.fusesource.leveldbjni.internal.NativeOptions.error_if_exists	CtFieldReferenceImpl	private
org.fusesource.leveldbjni.internal.NativeStatus(long)	CtConstructorImpl	public
org.fusesource.leveldbjni.internal.NativeIterator.next()	CtMethodImpl	public
org.fusesource.leveldbjni.internal.JniWriteBatch.writeBatch	CtFieldReferenceImpl	private
org.fusesource.leveldbjni.internal.NativeLogger.LoggerJNI.target	CtFieldReferenceImpl	package-private
org.fusesource.leveldbjni.internal.NativeReadOptions.fillCache()	CtMethodImpl	public
org.fusesource.leveldbjni.internal.NativeDB.checkArgNotNull(java.lang.Object,java.lang.String)	CtMethodImpl	package-private
org.fusesource.leveldbjni.internal.NativeDB.delete(org.fusesource.leveldbjni.internal.NativeWriteOptions,org.fusesource.leveldbjni.internal.NativeBuffer)	CtMethodImpl	private
org.fusesource.leveldbjni.internal.NativeWriteBatch.put(byte[],byte[])	CtMethodImpl	public
org.fusesource.leveldbjni.internal.NativeBuffer$Allocation(long)	CtConstructorImpl	private
org.fusesource.leveldbjni.internal.RangeJNI.arrayRead(long,int)	CtMethodImpl	package-private
org.fusesource.leveldbjni.internal.NativeSlice.size(long)	CtMethodImpl	public
org.fusesource.leveldbjni.internal.NativeSnapshot(long)	CtConstructorImpl	package-private
org.fusesource.leveldbjni.internal.NativeIterator.IteratorJNI	CtClassImpl	private
org.fusesource.leveldbjni.internal.NativeOptions.paranoidChecks(boolean)	CtMethodImpl	public
org.fusesource.leveldbjni.internal.JniDB.convert(org.iq80.leveldb.WriteOptions)	CtMethodImpl	private
org.fusesource.leveldbjni.internal.NativeRange.start()	CtMethodImpl	public
org.fusesource.leveldbjni.internal.NativeWriteOptions.sync()	CtMethodImpl	public
org.fusesource.leveldbjni.internal.JniDB.getProperty(java.lang.String)	CtMethodImpl	public
org.fusesource.leveldbjni.internal.NativeStatus	CtClassImpl	package-private
org.fusesource.leveldbjni.internal.JniWriteBatch.put(byte[],byte[])	CtMethodImpl	public
org.fusesource.leveldbjni.internal.JniDB.db	CtFieldReferenceImpl	private
org.fusesource.leveldbjni.internal.NativeRange.RangeJNI	CtClassImpl	public
org.fusesource.leveldbjni.internal.RangeJNI.arrayWrite(long,int)	CtMethodImpl	package-private
org.fusesource.leveldbjni.internal.NativeDB.put(org.fusesource.leveldbjni.internal.NativeWriteOptions,byte[],byte[])	CtMethodImpl	public
org.fusesource.leveldbjni.internal.NativeBuffer.delete()	CtMethodImpl	public
org.fusesource.leveldbjni.internal.NativeBuffer.read(long,byte[],int,int)	CtMethodImpl	public
org.fusesource.leveldbjni.internal.NativeDB.releaseSnapshot(org.fusesource.leveldbjni.internal.NativeSnapshot)	CtMethodImpl	public
org.fusesource.leveldbjni.internal.NativeOptions.infoLog()	CtMethodImpl	public
org.fusesource.leveldbjni.internal.NativeSnapshot	CtClassImpl	public
org.fusesource.leveldbjni.internal.JniDB.put(byte[],byte[])	CtMethodImpl	public
org.fusesource.leveldbjni.internal.NativeBuffer(org.fusesource.leveldbjni.internal.NativeBuffer.Allocation,long,long)	CtConstructorImpl	private
org.fusesource.leveldbjni.internal.NativeDB.LIBRARY	CtFieldReferenceImpl	public
org.fusesource.leveldbjni.internal.NativeLogger.LoggerJNI.SIZEOF	CtFieldImpl	package-private
org.fusesource.leveldbjni.internal.NativeDB.write(org.fusesource.leveldbjni.internal.NativeWriteOptions,org.fusesource.leveldbjni.internal.NativeWriteBatch)	CtMethodImpl	public
org.fusesource.leveldbjni.internal.NativeIterator.isValid()	CtMethodImpl	public
org.fusesource.leveldbjni.internal.NativeOptions.infoLog(org.fusesource.leveldbjni.internal.NativeLogger)	CtMethodImpl	public
org.fusesource.leveldbjni.internal.JniDBIterator.close()	CtMethodImpl	public
org.fusesource.leveldbjni.internal.NativeComparator(long)	CtConstructorImpl	package-private
org.fusesource.leveldbjni.internal.NativeCache$CacheJNI()	CtConstructorImpl	private
org.fusesource.leveldbjni.internal.NativeComparator.BYTEWISE_COMPARATOR	CtFieldReferenceImpl	public
org.fusesource.leveldbjni.internal.NativeDB.repair(java.io.File,org.fusesource.leveldbjni.internal.NativeOptions)	CtMethodImpl	public
org.fusesource.leveldbjni.internal.NativeIterator	CtClassImpl	public
org.fusesource.leveldbjni.internal.NativeSlice(org.fusesource.leveldbjni.internal.NativeBuffer)	CtConstructorImpl	public
org.fusesource.leveldbjni.internal.NativeWriteBatch$WriteBatchJNI()	CtConstructorImpl	private
org.fusesource.leveldbjni.internal.NativeDB.get(org.fusesource.leveldbjni.internal.NativeReadOptions,org.fusesource.leveldbjni.internal.NativeSlice)	CtMethodImpl	private
org.fusesource.leveldbjni.internal.NativeComparator.ComparatorJNI.target	CtFieldReferenceImpl	package-private
org.fusesource.leveldbjni.internal.NativeStatus.delete()	CtMethodImpl	public
org.fusesource.leveldbjni.internal.NativeBuffer.CURRENT_POOL	CtFieldReferenceImpl	private
org.fusesource.leveldbjni.internal.NativeRange.RangeJNI.SIZEOF	CtFieldImpl	package-private
org.fusesource.leveldbjni.internal.JniDB.get(byte[])	CtMethodImpl	public
org.fusesource.leveldbjni.internal.JniDBIterator.hasPrev()	CtMethodImpl	public
org.fusesource.leveldbjni.internal.NativeDB.iterator(org.fusesource.leveldbjni.internal.NativeReadOptions)	CtMethodImpl	public
org.fusesource.leveldbjni.internal.NativeDB.DBException.notFound	CtFieldReferenceImpl	private
org.fusesource.leveldbjni.internal.NativeStdString$StdStringJNI()	CtConstructorImpl	private
org.fusesource.leveldbjni.internal.JniDB(org.fusesource.leveldbjni.internal.NativeDB,org.fusesource.leveldbjni.internal.NativeCache,org.fusesource.leveldbjni.internal.NativeComparator,org.fusesource.leveldbjni.internal.NativeLogger)	CtConstructorImpl	public
org.fusesource.leveldbjni.internal.NativeDB.getProperty(org.fusesource.leveldbjni.internal.NativeBuffer)	CtMethodImpl	private
org.fusesource.leveldbjni.internal.NativeReadOptions.snapshot(org.fusesource.leveldbjni.internal.NativeSnapshot)	CtMethodImpl	public
org.fusesource.leveldbjni.internal.NativeStdString.delete()	CtMethodImpl	public
org.fusesource.leveldbjni.internal.JniDBIterator.hasNext()	CtMethodImpl	public
org.fusesource.leveldbjni.internal.Pool.delete()	CtMethodImpl	public
org.fusesource.leveldbjni.internal.NativeLogger	CtClassImpl	public
org.fusesource.leveldbjni.internal.RangeJNI.arrayCreate(int)	CtMethodImpl	package-private
org.fusesource.leveldbjni.internal.NativeWriteBatch.put(org.fusesource.leveldbjni.internal.NativeBuffer,org.fusesource.leveldbjni.internal.NativeBuffer)	CtMethodImpl	private
org.fusesource.leveldbjni.internal.NativeComparator.ComparatorJNI.name	CtFieldReferenceImpl	package-private
org.fusesource.leveldbjni.internal.NativeDB.checkStatus(long)	CtMethodImpl	package-private
org.fusesource.leveldbjni.internal.NativeOptions.compression()	CtMethodImpl	public
org.fusesource.leveldbjni.internal.JniDB.logger	CtFieldReferenceImpl	private
org.fusesource.leveldbjni.internal.NativeCache.CacheJNI	CtClassImpl	private
org.fusesource.leveldbjni.internal.NativeDB$DBException(java.lang.String,boolean)	CtConstructorImpl	package-private
org.fusesource.leveldbjni.internal.NativeBuffer.write(long,byte[],int,int)	CtMethodImpl	public
org.fusesource.leveldbjni.internal.NativeStdString()	CtConstructorImpl	public
org.fusesource.leveldbjni.JniDBFactory$OptionsResourceHolder()	CtConstructorImpl	private
org.fusesource.leveldbjni.internal.NativeCompressionType.value	CtFieldReferenceImpl	package-private
org.fusesource.leveldbjni.internal.NativeDB.getApproximateSizes(org.fusesource.leveldbjni.internal.NativeRange[])	CtMethodImpl	public
org.fusesource.leveldbjni.internal.NativeWriteBatch.WriteBatchJNI	CtClassImpl	private
org.fusesource.leveldbjni.internal.NativeOptions.writeBufferSize(long)	CtMethodImpl	public
org.fusesource.leveldbjni.internal.Util$EnvJNI()	CtConstructorImpl	package-private
org.fusesource.leveldbjni.internal.JniDBIterator.remove()	CtMethodImpl	public
org.fusesource.leveldbjni.internal.NativeBuffer.capacity	CtFieldReferenceImpl	private
org.fusesource.leveldbjni.internal.NativeIterator(long)	CtConstructorImpl	package-private
org.fusesource.leveldbjni.internal.JniSnapshot.snapshot()	CtMethodImpl	package-private
org.fusesource.leveldbjni.internal.Pool.allocate()	CtMethodImpl	private
org.fusesource.leveldbjni.JniDBFactory.VERSION	CtFieldReferenceImpl	public
org.fusesource.leveldbjni.internal.JniSnapshot.db	CtFieldReferenceImpl	private
org.fusesource.leveldbjni.JniDBFactory.factory	CtFieldReferenceImpl	public
org.fusesource.leveldbjni.internal.NativeOptions.infoLogObject	CtFieldReferenceImpl	private
org.fusesource.leveldbjni.internal.JniDB.delete(byte[],org.iq80.leveldb.WriteOptions)	CtMethodImpl	public
org.fusesource.leveldbjni.internal.NativeOptions.write_buffer_size	CtFieldReferenceImpl	private
org.fusesource.leveldbjni.internal.JniDB.createWriteBatch()	CtMethodImpl	public
org.fusesource.leveldbjni.internal.NativeWriteBatch.delete(byte[])	CtMethodImpl	public
org.fusesource.leveldbjni.JniDBFactory.repair(java.io.File,org.iq80.leveldb.Options)	CtMethodImpl	public
org.fusesource.leveldbjni.internal.NativeBuffer.Allocation	CtClassImpl	private
org.fusesource.leveldbjni.internal.NativeOptions.compression	CtFieldReferenceImpl	private
org.fusesource.leveldbjni.internal.NativeCache	CtClassImpl	public
org.fusesource.leveldbjni.internal.NativeDB.compactRange(org.fusesource.leveldbjni.internal.NativeSlice,org.fusesource.leveldbjni.internal.NativeSlice)	CtMethodImpl	private
org.fusesource.leveldbjni.internal.NativeComparator.ComparatorJNI.BYTEWISE_COMPARATOR	CtFieldImpl	private
org.fusesource.leveldbjni.internal.Util.link(java.io.File,java.io.File)	CtMethodImpl	public
org.fusesource.leveldbjni.internal.NativeWriteBatch.delete(org.fusesource.leveldbjni.internal.NativeSlice)	CtMethodImpl	private
org.fusesource.leveldbjni.internal.Util.UtilJNI.ON_WINDOWS	CtFieldReferenceImpl	package-private
org.fusesource.leveldbjni.internal.NativeLogger()	CtConstructorImpl	public
org.fusesource.leveldbjni.internal.NativeDB.DBJNI	CtClassImpl	package-private
org.fusesource.leveldbjni.internal.JniDBIterator.peekPrev()	CtMethodImpl	public
org.fusesource.leveldbjni.internal.NativeDB	CtClassImpl	public
org.fusesource.leveldbjni.internal.NativeDB(long)	CtConstructorImpl	private
org.fusesource.leveldbjni.internal.NativeBuffer$Pool(int,org.fusesource.leveldbjni.internal.NativeBuffer.Pool)	CtConstructorImpl	public
org.fusesource.leveldbjni.internal.NativeOptions()	CtConstructorImpl	public
org.fusesource.leveldbjni.JniDBFactory.open(java.io.File,org.iq80.leveldb.Options)	CtMethodImpl	public
org.fusesource.leveldbjni.internal.JniDB.iterator()	CtMethodImpl	public
org.fusesource.leveldbjni.internal.NativeBuffer.create(byte[],int,int)	CtMethodImpl	public
org.fusesource.leveldbjni.internal.NativeObject.pointer()	CtMethodImpl	package-private
org.fusesource.leveldbjni.internal.NativeIterator.seek(org.fusesource.leveldbjni.internal.NativeSlice)	CtMethodImpl	private
org.fusesource.leveldbjni.JniDBFactory.toString()	CtMethodImpl	public
org.fusesource.leveldbjni.internal.NativeRange.RangeJNI.SIZEOF	CtFieldReferenceImpl	package-private
org.fusesource.leveldbjni.internal.NativeDB.get(org.fusesource.leveldbjni.internal.NativeReadOptions,byte[])	CtMethodImpl	public
org.fusesource.leveldbjni.internal.JniDBIterator	CtClassImpl	public
org.fusesource.leveldbjni.internal.JniDB.write(org.iq80.leveldb.WriteBatch,org.iq80.leveldb.WriteOptions)	CtMethodImpl	public
org.fusesource.leveldbjni.internal.JniDB.put(byte[],byte[],org.iq80.leveldb.WriteOptions)	CtMethodImpl	public
org.fusesource.leveldbjni.internal.NativeBuffer.pushMemoryPool(int)	CtMethodImpl	public
org.fusesource.leveldbjni.internal.JniSnapshot(org.fusesource.leveldbjni.internal.NativeDB,org.fusesource.leveldbjni.internal.NativeSnapshot)	CtConstructorImpl	package-private
org.fusesource.leveldbjni.internal.NativeRange.limit	CtFieldReferenceImpl	private
org.fusesource.leveldbjni.internal.NativeSlice$SliceJNI()	CtConstructorImpl	package-private
org.fusesource.leveldbjni.internal.NativeOptions.DEFAULT_ENV	CtFieldReferenceImpl	private
org.fusesource.leveldbjni.internal.NativeDB.DBException	CtClassImpl	public
org.fusesource.leveldbjni.internal.NativeComparator.ComparatorJNI.BYTEWISE_COMPARATOR	CtFieldReferenceImpl	private
org.fusesource.leveldbjni.internal.NativeRange$RangeJNI(org.fusesource.leveldbjni.internal.NativeRange)	CtConstructorImpl	public
org.fusesource.leveldbjni.internal.NativeReadOptions.verifyChecksums(boolean)	CtMethodImpl	public
org.fusesource.leveldbjni.internal.NativeOptions.env	CtFieldReferenceImpl	private
org.fusesource.leveldbjni.internal.NativeSlice.read(long,int)	CtMethodImpl	package-private
org.fusesource.leveldbjni.internal.NativeStdString.toString()	CtMethodImpl	public
org.fusesource.leveldbjni.internal.NativeOptions.maxOpenFiles()	CtMethodImpl	public
org.fusesource.leveldbjni.JniDBFactory.OptionsResourceHolder.logger	CtFieldReferenceImpl	package-private
org.fusesource.leveldbjni.internal.NativeDB.delete(org.fusesource.leveldbjni.internal.NativeWriteOptions,org.fusesource.leveldbjni.internal.NativeSlice)	CtMethodImpl	private
org.fusesource.leveldbjni.internal.Util.EnvJNI	CtClassImpl	package-private
org.fusesource.leveldbjni.internal.NativeReadOptions.snapshot()	CtMethodImpl	public
org.fusesource.leveldbjni.internal.JniSnapshot.close()	CtMethodImpl	public
org.fusesource.leveldbjni.internal.NativeComparator.delete()	CtMethodImpl	public
org.fusesource.leveldbjni.internal.NativeBuffer.Pool.chunk	CtFieldReferenceImpl	package-private
org.fusesource.leveldbjni.internal.NativeCache.delete()	CtMethodImpl	public
org.fusesource.leveldbjni.internal.JniWriteBatch	CtClassImpl	public
org.fusesource.leveldbjni.internal.NativeBuffer.Pool.allocation	CtFieldReferenceImpl	package-private
org.fusesource.leveldbjni.internal.NativeLogger.delete()	CtMethodImpl	public
org.fusesource.leveldbjni.internal.NativeSlice.data_	CtFieldReferenceImpl	private
org.fusesource.leveldbjni.internal.NativeIterator.value()	CtMethodImpl	public
org.fusesource.leveldbjni.internal.NativeWriteOptions()	CtConstructorImpl	public
org.fusesource.leveldbjni.internal.NativeCompressionType.t	CtFieldReferenceImpl	package-private
org.fusesource.leveldbjni.internal.NativeDB.resumeCompactions()	CtMethodImpl	public
org.fusesource.leveldbjni.internal.NativeLogger.LoggerJNI.SIZEOF	CtFieldReferenceImpl	package-private
org.fusesource.leveldbjni.internal.NativeCompressionType(int)	CtConstructorImpl	private
org.fusesource.leveldbjni.internal.NativeDB$DBJNI()	CtConstructorImpl	package-private
org.fusesource.leveldbjni.OptionsResourceHolder.close()	CtMethodImpl	public
org.fusesource.leveldbjni.internal.NativeOptions.cache()	CtMethodImpl	public
org.fusesource.leveldbjni.internal.NativeBuffer.Pool.prev	CtFieldReferenceImpl	private
org.fusesource.leveldbjni.internal.NativeIterator$IteratorJNI()	CtConstructorImpl	private
org.fusesource.leveldbjni.internal.NativeLogger.LoggerJNI	CtClassImpl	public
org.fusesource.leveldbjni.internal.NativeOptions	CtClassImpl	public
org.fusesource.leveldbjni.internal.NativeStdString	CtClassImpl	package-private
org.fusesource.leveldbjni.internal.NativeOptions.maxOpenFiles(int)	CtMethodImpl	public
org.fusesource.leveldbjni.internal.NativeOptions.blockSize()	CtMethodImpl	public
org.fusesource.leveldbjni.internal.NativeStdString.length()	CtMethodImpl	public
org.fusesource.leveldbjni.internal.NativeDB.getSnapshot()	CtMethodImpl	public
org.fusesource.leveldbjni.internal.NativeOptions.paranoidChecks()	CtMethodImpl	public
org.fusesource.leveldbjni.internal.NativeObject.assertAllocated()	CtMethodImpl	protected
org.fusesource.leveldbjni.internal.Util()	CtConstructorImpl	public
org.fusesource.leveldbjni.internal.Pool.create(long)	CtMethodImpl	package-private
org.fusesource.leveldbjni.JniDBFactory.pushMemoryPool(int)	CtMethodImpl	public
org.fusesource.leveldbjni.internal.JniDB.convert(org.iq80.leveldb.ReadOptions)	CtMethodImpl	private
org.fusesource.leveldbjni.internal.JniDBIterator.seekToFirst()	CtMethodImpl	public
org.fusesource.leveldbjni.internal.JniDBIterator.iterator	CtFieldReferenceImpl	private
org.fusesource.leveldbjni.internal.NativeBuffer.Pool.remaining	CtFieldReferenceImpl	package-private
org.fusesource.leveldbjni.internal.NativeComparator.ComparatorJNI.SIZEOF	CtFieldImpl	package-private
org.fusesource.leveldbjni.internal.NativeComparator.ComparatorJNI.SIZEOF	CtFieldReferenceImpl	package-private
org.fusesource.leveldbjni.internal.NativeDB.getProperty(org.fusesource.leveldbjni.internal.NativeSlice)	CtMethodImpl	private
org.fusesource.leveldbjni.internal.NativeWriteBatch	CtClassImpl	public
org.fusesource.leveldbjni.internal.NativeCache(long)	CtConstructorImpl	public
org.fusesource.leveldbjni.internal.NativeComparator.ComparatorJNI	CtClassImpl	public
org.fusesource.leveldbjni.internal.JniDBIterator.peekNext()	CtMethodImpl	public
org.fusesource.leveldbjni.internal.NativeLogger.globalRef	CtFieldReferenceImpl	private
org.fusesource.leveldbjni.internal.NativeObject	CtClassImpl	package-private
org.fusesource.leveldbjni.internal.NativeWriteBatch.clear()	CtMethodImpl	public
org.fusesource.leveldbjni.internal.NativeComparator.name_buffer	CtFieldReferenceImpl	private
org.fusesource.leveldbjni.internal.NativeOptions.block_restart_interval	CtFieldReferenceImpl	private
org.fusesource.leveldbjni.internal.NativeRange.RangeJNI.start_buffer	CtFieldReferenceImpl	package-private
org.fusesource.leveldbjni.internal.JniDB.getSnapshot()	CtMethodImpl	public
org.fusesource.leveldbjni.internal.NativeRange.RangeJNI.limit	CtFieldReferenceImpl	package-private
org.fusesource.leveldbjni.internal.NativeBuffer.Pool	CtClassImpl	private
org.fusesource.leveldbjni.OptionsResourceHolder.init(org.iq80.leveldb.Options)	CtMethodImpl	public
org.fusesource.leveldbjni.internal.NativeBuffer.tail(long)	CtMethodImpl	public
org.fusesource.leveldbjni.internal.NativeStatus.isOk()	CtMethodImpl	public
org.fusesource.leveldbjni.internal.NativeOptions.comparator()	CtMethodImpl	public
org.fusesource.leveldbjni.internal.NativeLogger(long)	CtConstructorImpl	package-private
org.fusesource.leveldbjni.internal.NativeWriteBatch.put(org.fusesource.leveldbjni.internal.NativeSlice,org.fusesource.leveldbjni.internal.NativeSlice)	CtMethodImpl	private
org.fusesource.leveldbjni.internal.JniDB.iterator(org.iq80.leveldb.ReadOptions)	CtMethodImpl	public
org.fusesource.leveldbjni.internal.NativeSlice()	CtConstructorImpl	public
org.fusesource.leveldbjni.internal.JniDBIterator.seek(byte[])	CtMethodImpl	public
org.fusesource.leveldbjni.internal.NativeSlice.SliceJNI.SIZEOF	CtFieldReferenceImpl	package-private
org.fusesource.leveldbjni.internal.NativeReadOptions.fill_cache	CtFieldReferenceImpl	private
org.fusesource.leveldbjni.internal.NativeOptions.createIfMissing(boolean)	CtMethodImpl	public
org.fusesource.leveldbjni.internal.NativeStatus.isNotFound()	CtMethodImpl	public
org.fusesource.leveldbjni.internal.NativeOptions.blockRestartInterval(int)	CtMethodImpl	public
org.fusesource.leveldbjni.internal.NativeStatus.StatusJNI	CtClassImpl	package-private
org.fusesource.leveldbjni.internal.NativeBuffer.capacity()	CtMethodImpl	public
org.fusesource.leveldbjni.internal.NativeOptions.block_cache	CtFieldReferenceImpl	private
org.fusesource.leveldbjni.internal.NativeSlice.arrayCreate(int)	CtMethodImpl	package-private
org.fusesource.leveldbjni.internal.NativeOptions.compression(org.fusesource.leveldbjni.internal.NativeCompressionType)	CtMethodImpl	public
org.fusesource.leveldbjni.internal.JniDB.resumeCompactions()	CtMethodImpl	public
org.fusesource.leveldbjni.internal.NativeRange	CtClassImpl	public
org.fusesource.leveldbjni.internal.NativeComparator.globalRef	CtFieldReferenceImpl	private
org.fusesource.leveldbjni.internal.NativeOptions.blockSize(long)	CtMethodImpl	public
org.fusesource.leveldbjni.internal.NativeReadOptions	CtClassImpl	public
org.fusesource.leveldbjni.internal.NativeBuffer.allocation	CtFieldReferenceImpl	private
org.fusesource.leveldbjni.internal.NativeSlice.SliceJNI.SIZEOF	CtFieldImpl	package-private
org.fusesource.leveldbjni.internal.NativeSlice(long,long)	CtConstructorImpl	public
org.fusesource.leveldbjni.internal.NativeSlice.data(long)	CtMethodImpl	public
org.fusesource.leveldbjni.internal.Util$UtilJNI()	CtConstructorImpl	package-private
org.fusesource.leveldbjni.JniDBFactory.destroy(java.io.File,org.iq80.leveldb.Options)	CtMethodImpl	public
org.fusesource.leveldbjni.internal.NativeOptions.errorIfExists(boolean)	CtMethodImpl	public
org.fusesource.leveldbjni.internal.NativeReadOptions.snapshot	CtFieldReferenceImpl	private
org.fusesource.leveldbjni.internal.NativeSlice.SliceJNI	CtClassImpl	package-private
org.fusesource.leveldbjni.internal.JniDBIterator.prev()	CtMethodImpl	public
org.fusesource.leveldbjni.internal.NativeBuffer.create(long)	CtMethodImpl	public
org.fusesource.leveldbjni.internal.NativeStatus$StatusJNI()	CtConstructorImpl	package-private
org.fusesource.leveldbjni.internal.NativeIterator.delete()	CtMethodImpl	public
org.fusesource.leveldbjni.internal.NativeDB.compactRange(org.fusesource.leveldbjni.internal.NativeBuffer,org.fusesource.leveldbjni.internal.NativeBuffer)	CtMethodImpl	private
org.fusesource.leveldbjni.internal.NativeStdString.StdStringJNI	CtClassImpl	private
org.fusesource.leveldbjni.internal.JniDBIterator.next()	CtMethodImpl	public
org.fusesource.leveldbjni.internal.Util.string(long)	CtMethodImpl	package-private
org.fusesource.leveldbjni.JniDBFactory.OptionsResourceHolder.comparator	CtFieldReferenceImpl	package-private
org.fusesource.leveldbjni.internal.NativeWriteOptions.sync	CtFieldReferenceImpl	package-private
org.fusesource.leveldbjni.internal.NativeOptions.blockRestartInterval()	CtMethodImpl	public
org.fusesource.leveldbjni.internal.JniSnapshot	CtClassImpl	public
org.fusesource.leveldbjni.internal.NativeReadOptions.verify_checksums	CtFieldReferenceImpl	private
org.fusesource.leveldbjni.internal.NativeBuffer.popMemoryPool()	CtMethodImpl	public
org.fusesource.leveldbjni.internal.NativeDB.getProperty(java.lang.String)	CtMethodImpl	public
org.fusesource.leveldbjni.internal.NativeBuffer.slice(long,long)	CtMethodImpl	public
org.fusesource.leveldbjni.internal.NativeRange.RangeJNI.start	CtFieldReferenceImpl	package-private
org.fusesource.leveldbjni.internal.NativeObject(long)	CtConstructorImpl	protected
org.fusesource.leveldbjni.internal.NativeWriteBatch.delete(org.fusesource.leveldbjni.internal.NativeBuffer)	CtMethodImpl	private
org.fusesource.leveldbjni.internal.NativeObject.self	CtFieldReferenceImpl	protected
org.fusesource.leveldbjni.internal.NativeDB.compactRange(byte[],byte[])	CtMethodImpl	public
org.fusesource.leveldbjni.internal.NativeOptions.max_open_files	CtFieldReferenceImpl	private
org.fusesource.leveldbjni.internal.NativeReadOptions()	CtConstructorImpl	public
org.fusesource.leveldbjni.internal.NativeWriteOptions.sync(boolean)	CtMethodImpl	public
org.fusesource.leveldbjni.internal.NativeSlice	CtClassImpl	package-private
org.fusesource.leveldbjni.internal.NativeOptions.cache	CtFieldReferenceImpl	private
org.fusesource.leveldbjni.internal.Allocation.release()	CtMethodImpl	package-private
org.fusesource.leveldbjni.internal.NativeDB.delete(org.fusesource.leveldbjni.internal.NativeWriteOptions,byte[])	CtMethodImpl	public
org.fusesource.leveldbjni.internal.NativeSlice.data()	CtMethodImpl	public
org.fusesource.leveldbjni.internal.NativeWriteOptions	CtClassImpl	public
org.fusesource.leveldbjni.internal.Util	CtClassImpl	public
org.fusesource.leveldbjni.internal.NativeReadOptions.fillCache(boolean)	CtMethodImpl	public
