method	type	visibility
nl.gridshore.nosapi.DayGuide.day	CtFieldReferenceImpl	private
nl.gridshore.nosapi.mapping.VersionWrapper.setVersions(java.util.ArrayList<nl.gridshore.nosapi.mapping.Version>)	CtMethodImpl	public
nl.gridshore.nosapi.DayGuide.programs	CtFieldReferenceImpl	private
nl.gridshore.nosapi.ClientException.getType()	CtMethodImpl	public
nl.gridshore.nosapi.mapping.GuideItem.setChannelName(java.lang.String)	CtMethodImpl	public
nl.gridshore.nosapi.mapping.GuideItem.setStartTime(org.joda.time.DateTime)	CtMethodImpl	public
nl.gridshore.nosapi.impl.DataProviderImpl.serverBaseUrl	CtFieldReferenceImpl	private
nl.gridshore.nosapi.mapping.Search.setDocuments(java.util.ArrayList<nl.gridshore.nosapi.mapping.Document>)	CtMethodImpl	public
nl.gridshore.nosapi.Document.category	CtFieldReferenceImpl	private
nl.gridshore.nosapi.mapping.GuideItem.getChannelName()	CtMethodImpl	public
nl.gridshore.nosapi.mapping.Keyword.count	CtFieldReferenceImpl	private
nl.gridshore.nosapi.Article.getType()	CtMethodImpl	public
nl.gridshore.nosapi.impl.DataProviderImpl.obtainTVGuide()	CtMethodImpl	public
nl.gridshore.nosapi.mapping.Search	CtClassImpl	public
nl.gridshore.nosapi.DayGuide.getDay()	CtMethodImpl	public
nl.gridshore.nosapi.example.web.SearchController	CtClassImpl	public
nl.gridshore.nosapi.impl.DataProviderImpl.restTemplate	CtFieldReferenceImpl	private
nl.gridshore.nosapi.mapping.VersionWrapper()	CtConstructorImpl	public
nl.gridshore.nosapi.example.web.RadioGuideController.showGuide(org.springframework.ui.ModelMap)	CtMethodImpl	public
nl.gridshore.nosapi.example.web.LatestNewsController.showLatestSportNewsVideos(org.springframework.ui.ModelMap)	CtMethodImpl	public
nl.gridshore.nosapi.mapping.JsonDateTimeDeserializer	CtClassImpl	public
nl.gridshore.nosapi.Program.getTitle()	CtMethodImpl	public
nl.gridshore.nosapi.example.web.VersionController.showVersion(org.springframework.ui.ModelMap)	CtMethodImpl	public
nl.gridshore.nosapi.mapping.GuideItem.getEndTime()	CtMethodImpl	public
nl.gridshore.nosapi.Document.subCategory	CtFieldReferenceImpl	private
nl.gridshore.nosapi.Keyword.getTag()	CtMethodImpl	public
nl.gridshore.nosapi.example.web.RadioGuideController.showGuide(nl.gridshore.nosapi.RadioChannel,java.lang.String,java.lang.String,org.springframework.ui.ModelMap)	CtMethodImpl	public
nl.gridshore.nosapi.mapping.Document.category	CtFieldReferenceImpl	private
nl.gridshore.nosapi.Document.description	CtFieldReferenceImpl	private
nl.gridshore.nosapi.mapping.LatestArticle.getItems()	CtMethodImpl	public
nl.gridshore.nosapi.ClientException.getMessage()	CtMethodImpl	public
nl.gridshore.nosapi.Article.lastUpdate	CtFieldReferenceImpl	private
nl.gridshore.nosapi.mapping.Document.setCategory(java.lang.String)	CtMethodImpl	public
nl.gridshore.nosapi.mapping.Article.embedCode	CtFieldReferenceImpl	private
nl.gridshore.nosapi.example.web.LatestNewsController.showLatestNewsVideos(org.springframework.ui.ModelMap)	CtMethodImpl	public
nl.gridshore.nosapi.mapping.Article	CtClassImpl	public
nl.gridshore.nosapi.Version.getBuild()	CtMethodImpl	public
nl.gridshore.nosapi.mapping.JsonDateTimeDeserializer()	CtConstructorImpl	public
nl.gridshore.nosapi.example.web.LatestNewsController(nl.gridshore.nosapi.DataProvider)	CtConstructorImpl	public
nl.gridshore.nosapi.mapping.Article.thumbnail_m	CtFieldReferenceImpl	private
nl.gridshore.nosapi.SearchResults(java.util.List<nl.gridshore.nosapi.Document>,java.util.List<nl.gridshore.nosapi.Keyword>)	CtConstructorImpl	public
nl.gridshore.nosapi.impl.DataProviderImpl.obtainLatestSportsNewsAudio()	CtMethodImpl	public
nl.gridshore.nosapi.impl.DataProviderImpl.obtainLatestItemPerCategory(java.lang.String,java.lang.String,java.lang.Class<? extends nl.gridshore.nosapi.mapping.LatestItem>)	CtMethodImpl	private
nl.gridshore.nosapi.example.web.TVGuideController.showGuide(nl.gridshore.nosapi.TVChannel,java.lang.String,java.lang.String,org.springframework.ui.ModelMap)	CtMethodImpl	public
nl.gridshore.nosapi.mapping.Article.getId()	CtMethodImpl	public
nl.gridshore.nosapi.mapping.Document.setLink(java.lang.String)	CtMethodImpl	public
nl.gridshore.nosapi.mapping.Keyword.setTag(java.lang.String)	CtMethodImpl	public
nl.gridshore.nosapi.impl.NosApiResponseErrorHandler.hasError(org.springframework.http.client.ClientHttpResponse)	CtMethodImpl	public
nl.gridshore.nosapi.Article.keywords	CtFieldReferenceImpl	private
nl.gridshore.nosapi.Version.version	CtFieldReferenceImpl	private
nl.gridshore.nosapi.example.web.ExceptionController.handleUnknownClientException(nl.gridshore.nosapi.UnknownClientException,javax.servlet.http.HttpServletRequest)	CtMethodImpl	public
nl.gridshore.nosapi.Article.getDescription()	CtMethodImpl	public
nl.gridshore.nosapi.Article.thumbnailM	CtFieldReferenceImpl	private
nl.gridshore.nosapi.mapping.Document.setTitle(java.lang.String)	CtMethodImpl	public
nl.gridshore.nosapi.example.web.LatestNewsController.logger	CtFieldReferenceImpl	private
nl.gridshore.nosapi.mapping.Document()	CtConstructorImpl	public
nl.gridshore.nosapi.Program.getId()	CtMethodImpl	public
nl.gridshore.nosapi.mapping.GuideItem.getId()	CtMethodImpl	public
nl.gridshore.nosapi.Article(java.lang.String,java.lang.String,java.lang.String,java.lang.String,java.lang.String,java.util.List<java.lang.String>,org.joda.time.DateTime,org.joda.time.DateTime,java.lang.String,java.lang.String,java.lang.String)	CtConstructorImpl	public
nl.gridshore.nosapi.impl.NosApiResponseErrorHandler()	CtConstructorImpl	public
nl.gridshore.nosapi.mapping.GuideItem.getTitle()	CtMethodImpl	public
nl.gridshore.nosapi.mapping.SearchWrapper.getSearch()	CtMethodImpl	public
nl.gridshore.nosapi.impl.DataProviderImpl.obtainLatestSportsNewsVideos()	CtMethodImpl	public
nl.gridshore.nosapi.Article.getId()	CtMethodImpl	public
nl.gridshore.nosapi.mapping.LatestVideo.setItems(java.util.ArrayList<java.util.ArrayList<nl.gridshore.nosapi.mapping.Article>>)	CtMethodImpl	public
nl.gridshore.nosapi.mapping.Version.version	CtFieldReferenceImpl	private
nl.gridshore.nosapi.impl.NosApiResponseErrorHandler.logger	CtFieldReferenceImpl	private
nl.gridshore.nosapi.Program.getType()	CtMethodImpl	public
nl.gridshore.nosapi.mapping.GuideItem.genre	CtFieldReferenceImpl	private
nl.gridshore.nosapi.mapping.VersionWrapper.getVersions()	CtMethodImpl	public
nl.gridshore.nosapi.example.web.TVGuideController(nl.gridshore.nosapi.DataProvider)	CtConstructorImpl	public
nl.gridshore.nosapi.Program.getDescription()	CtMethodImpl	public
nl.gridshore.nosapi.mapping.Version.setBuild(java.lang.String)	CtMethodImpl	public
nl.gridshore.nosapi.example.web.TVGuideController	CtClassImpl	public
nl.gridshore.nosapi.ClientException.message	CtFieldReferenceImpl	private
nl.gridshore.nosapi.UnknownClientException(java.lang.String,java.lang.Throwable)	CtConstructorImpl	public
nl.gridshore.nosapi.mapping.Search.getKeywords()	CtMethodImpl	public
nl.gridshore.nosapi.mapping.LatestVideo.getItems()	CtMethodImpl	public
nl.gridshore.nosapi.mapping.Article.link	CtFieldReferenceImpl	private
nl.gridshore.nosapi.mapping.Document.getSubCategory()	CtMethodImpl	public
nl.gridshore.nosapi.mapping.SearchWrapper.setSearch(java.util.ArrayList<nl.gridshore.nosapi.mapping.Search>)	CtMethodImpl	public
nl.gridshore.nosapi.Article.getLink()	CtMethodImpl	public
nl.gridshore.nosapi.DayGuide	CtClassImpl	public
nl.gridshore.nosapi.mapping.Article()	CtConstructorImpl	public
nl.gridshore.nosapi.Document.published	CtFieldReferenceImpl	private
nl.gridshore.nosapi.Document.lastUpdate	CtFieldReferenceImpl	private
nl.gridshore.nosapi.impl.DataProviderImpl.obtainLatestNewsAudio()	CtMethodImpl	public
nl.gridshore.nosapi.mapping.Article.getKeywords()	CtMethodImpl	public
nl.gridshore.nosapi.example.web.SearchController(nl.gridshore.nosapi.DataProvider)	CtConstructorImpl	public
nl.gridshore.nosapi.mapping.Article.setLink(java.lang.String)	CtMethodImpl	public
nl.gridshore.nosapi.mapping.DayGuide	CtClassImpl	public
nl.gridshore.nosapi.mapping.Document.getLastUpdate()	CtMethodImpl	public
nl.gridshore.nosapi.Channel.getChannelName()	CtMethodImpl	public
nl.gridshore.nosapi.mapping.Article.setLastUpdate(org.joda.time.DateTime)	CtMethodImpl	public
nl.gridshore.nosapi.mapping.Document.setPublished(org.joda.time.DateTime)	CtMethodImpl	public
nl.gridshore.nosapi.mapping.GuideItem.description	CtFieldReferenceImpl	private
nl.gridshore.nosapi.DayGuide(org.joda.time.LocalDate,java.util.List<nl.gridshore.nosapi.Program>)	CtConstructorImpl	public
nl.gridshore.nosapi.mapping.Document.type	CtFieldReferenceImpl	private
nl.gridshore.nosapi.mapping.GuideItem.setChannelCode(java.lang.String)	CtMethodImpl	public
nl.gridshore.nosapi.Document.type	CtFieldReferenceImpl	private
nl.gridshore.nosapi.impl.DataProviderImpl.obtainGuide(java.lang.String,java.lang.String,java.lang.String,java.lang.String)	CtMethodImpl	private
nl.gridshore.nosapi.mapping.Article.setEmbedCode(java.lang.String)	CtMethodImpl	public
nl.gridshore.nosapi.mapping.LatestArticle.setItems(java.util.ArrayList<java.util.ArrayList<nl.gridshore.nosapi.mapping.Article>>)	CtMethodImpl	public
nl.gridshore.nosapi.Program.type	CtFieldReferenceImpl	private
nl.gridshore.nosapi.mapping.Document.setScore(int)	CtMethodImpl	public
nl.gridshore.nosapi.mapping.Article.setPublished(org.joda.time.DateTime)	CtMethodImpl	public
nl.gridshore.nosapi.mapping.JsonDateTimeDeserializer.formatter	CtFieldReferenceImpl	private
nl.gridshore.nosapi.Keyword(java.lang.String,int)	CtConstructorImpl	public
nl.gridshore.nosapi.mapping.Document.getCategory()	CtMethodImpl	public
nl.gridshore.nosapi.SearchResults.documents	CtFieldReferenceImpl	package-private
nl.gridshore.nosapi.mapping.Document.score	CtFieldReferenceImpl	private
nl.gridshore.nosapi.mapping.Search.keywords	CtFieldReferenceImpl	private
nl.gridshore.nosapi.mapping.Document.keywords	CtFieldReferenceImpl	private
nl.gridshore.nosapi.mapping.Search.getDocuments()	CtMethodImpl	public
nl.gridshore.nosapi.mapping.GuideItem.setDescription(java.lang.String)	CtMethodImpl	public
nl.gridshore.nosapi.Channel.channelIcon	CtFieldReferenceImpl	private
nl.gridshore.nosapi.example.web.LatestNewsController	CtClassImpl	public
nl.gridshore.nosapi.mapping.GuideItem.setType(java.lang.String)	CtMethodImpl	public
nl.gridshore.nosapi.impl.DataProviderImpl(java.lang.String)	CtConstructorImpl	public
nl.gridshore.nosapi.mapping.Article.getDescription()	CtMethodImpl	public
nl.gridshore.nosapi.mapping.GuideItem.id	CtFieldReferenceImpl	private
nl.gridshore.nosapi.mapping.Article.getPublished()	CtMethodImpl	public
nl.gridshore.nosapi.mapping.DayGuide()	CtConstructorImpl	public
nl.gridshore.nosapi.mapping.Document.setKeywords(java.util.ArrayList<java.lang.String>)	CtMethodImpl	public
nl.gridshore.nosapi.mapping.Article.published	CtFieldReferenceImpl	private
nl.gridshore.nosapi.mapping.Document.title	CtFieldReferenceImpl	private
nl.gridshore.nosapi.mapping.Guide.guide	CtFieldReferenceImpl	package-private
nl.gridshore.nosapi.Program.id	CtFieldReferenceImpl	private
nl.gridshore.nosapi.mapping.GuideItem.channelCode	CtFieldReferenceImpl	private
nl.gridshore.nosapi.mapping.JsonDateDeserializer.deserialize(org.codehaus.jackson.JsonParser,org.codehaus.jackson.map.DeserializationContext)	CtMethodImpl	public
nl.gridshore.nosapi.example.web.LatestNewsController.showLatestSportNewsAudios(org.springframework.ui.ModelMap)	CtMethodImpl	public
nl.gridshore.nosapi.mapping.Document.setSubCategory(java.lang.String)	CtMethodImpl	public
nl.gridshore.nosapi.mapping.Guide()	CtConstructorImpl	public
nl.gridshore.nosapi.Article.published	CtFieldReferenceImpl	private
nl.gridshore.nosapi.Article.id	CtFieldReferenceImpl	private
nl.gridshore.nosapi.SearchResults.getDocuments()	CtMethodImpl	public
nl.gridshore.nosapi.mapping.Article.setDescription(java.lang.String)	CtMethodImpl	public
nl.gridshore.nosapi.Document.getThumbnail()	CtMethodImpl	public
nl.gridshore.nosapi.mapping.Article.title	CtFieldReferenceImpl	private
nl.gridshore.nosapi.Document	CtClassImpl	public
nl.gridshore.nosapi.mapping.Document.lastUpdate	CtFieldReferenceImpl	private
nl.gridshore.nosapi.mapping.VersionWrapper	CtClassImpl	public
nl.gridshore.nosapi.mapping.Article.getEmbedCode()	CtMethodImpl	public
nl.gridshore.nosapi.mapping.Document.getScore()	CtMethodImpl	public
nl.gridshore.nosapi.mapping.Document.getTitle()	CtMethodImpl	public
nl.gridshore.nosapi.Program.startTime	CtFieldReferenceImpl	private
nl.gridshore.nosapi.Document.getTitle()	CtMethodImpl	public
nl.gridshore.nosapi.Document.getScore()	CtMethodImpl	public
nl.gridshore.nosapi.Article.thumbnailS	CtFieldReferenceImpl	private
nl.gridshore.nosapi.mapping.Document	CtClassImpl	public
nl.gridshore.nosapi.mapping.Article.getLink()	CtMethodImpl	public
nl.gridshore.nosapi.mapping.DayGuide.setDate(org.joda.time.LocalDate)	CtMethodImpl	public
nl.gridshore.nosapi.example.web.RadioGuideController.dataProvider	CtFieldReferenceImpl	private
nl.gridshore.nosapi.impl.DataProviderImpl.obtainGuide(java.lang.String)	CtMethodImpl	private
nl.gridshore.nosapi.mapping.GuideItem.type	CtFieldReferenceImpl	private
nl.gridshore.nosapi.mapping.Document.link	CtFieldReferenceImpl	private
nl.gridshore.nosapi.mapping.Article.keywords	CtFieldReferenceImpl	private
nl.gridshore.nosapi.mapping.LatestVideo	CtClassImpl	public
nl.gridshore.nosapi.impl.DataProviderImpl.obtainRadioGuide(nl.gridshore.nosapi.RadioChannel,java.lang.String,java.lang.String)	CtMethodImpl	public
nl.gridshore.nosapi.mapping.Search()	CtConstructorImpl	public
nl.gridshore.nosapi.impl.DataProviderImpl.logger	CtFieldReferenceImpl	private
nl.gridshore.nosapi.Program.description	CtFieldReferenceImpl	private
nl.gridshore.nosapi.mapping.DayGuide.setGuide(java.util.ArrayList<nl.gridshore.nosapi.mapping.GuideItem>)	CtMethodImpl	public
nl.gridshore.nosapi.ClientException	CtClassImpl	public
nl.gridshore.nosapi.example.web.LatestNewsController.showLatestNewsArticles(org.springframework.ui.ModelMap)	CtMethodImpl	public
nl.gridshore.nosapi.impl.DataProviderImpl.obtainLatestNewsArticles()	CtMethodImpl	public
nl.gridshore.nosapi.impl.DataProviderImpl	CtClassImpl	public
nl.gridshore.nosapi.RadioChannel	CtEnumImpl	public
nl.gridshore.nosapi.mapping.Document.getThumbnail()	CtMethodImpl	public
nl.gridshore.nosapi.impl.DataProviderImpl(java.lang.String,org.springframework.web.client.RestTemplate)	CtConstructorImpl	public
nl.gridshore.nosapi.mapping.Document.getDescription()	CtMethodImpl	public
nl.gridshore.nosapi.mapping.Guide.setGuide(java.util.ArrayList<java.util.ArrayList<nl.gridshore.nosapi.mapping.DayGuide>>)	CtMethodImpl	public
nl.gridshore.nosapi.Version.getVersion()	CtMethodImpl	public
nl.gridshore.nosapi.mapping.Article.getThumbnail_m()	CtMethodImpl	public
nl.gridshore.nosapi.mapping.Article.setTitle(java.lang.String)	CtMethodImpl	public
nl.gridshore.nosapi.Keyword.getCount()	CtMethodImpl	public
nl.gridshore.nosapi.example.web.TVGuideController.logger	CtFieldReferenceImpl	private
nl.gridshore.nosapi.mapping.Article.getThumbnail_xs()	CtMethodImpl	public
nl.gridshore.nosapi.impl.DataProviderImpl.apiKey	CtFieldReferenceImpl	private
nl.gridshore.nosapi.mapping.JsonDateDeserializer.formatter	CtFieldReferenceImpl	private
nl.gridshore.nosapi.mapping.SearchWrapper()	CtConstructorImpl	public
nl.gridshore.nosapi.Article.getThumbnailM()	CtMethodImpl	public
nl.gridshore.nosapi.impl.DataProviderImpl.searchForDocuments(java.lang.String,nl.gridshore.nosapi.SearchSort)	CtMethodImpl	public
nl.gridshore.nosapi.mapping.Keyword	CtClassImpl	public
nl.gridshore.nosapi.mapping.JsonDateDeserializer()	CtConstructorImpl	public
nl.gridshore.nosapi.mapping.Document.getId()	CtMethodImpl	public
nl.gridshore.nosapi.mapping.DayGuide.getDate()	CtMethodImpl	public
nl.gridshore.nosapi.example.web.RadioGuideController	CtClassImpl	public
nl.gridshore.nosapi.mapping.Article.setKeywords(java.util.ArrayList<java.lang.String>)	CtMethodImpl	public
nl.gridshore.nosapi.mapping.LatestVideo.items	CtFieldReferenceImpl	private
nl.gridshore.nosapi.mapping.Document.thumbnail	CtFieldReferenceImpl	private
nl.gridshore.nosapi.mapping.GuideItem.getGenre()	CtMethodImpl	public
nl.gridshore.nosapi.mapping.Document.getLink()	CtMethodImpl	public
nl.gridshore.nosapi.Article(java.lang.String,java.lang.String,java.lang.String,java.lang.String,java.lang.String,java.util.List<java.lang.String>,org.joda.time.DateTime,org.joda.time.DateTime,java.lang.String,java.lang.String,java.lang.String,java.lang.String)	CtConstructorImpl	public
nl.gridshore.nosapi.Document.getType()	CtMethodImpl	public
nl.gridshore.nosapi.Keyword	CtClassImpl	public
nl.gridshore.nosapi.Article.getEmbedCode()	CtMethodImpl	public
nl.gridshore.nosapi.UnknownClientException	CtClassImpl	public
nl.gridshore.nosapi.mapping.DayGuide.date	CtFieldReferenceImpl	private
nl.gridshore.nosapi.mapping.GuideItem	CtClassImpl	public
nl.gridshore.nosapi.mapping.GuideItem.channelName	CtFieldReferenceImpl	private
nl.gridshore.nosapi.mapping.Keyword.getCount()	CtMethodImpl	public
nl.gridshore.nosapi.Program.getStartTime()	CtMethodImpl	public
nl.gridshore.nosapi.Program.endTime	CtFieldReferenceImpl	private
nl.gridshore.nosapi.mapping.Keyword.setCount(int)	CtMethodImpl	public
nl.gridshore.nosapi.impl.DataProviderImpl.formatter	CtFieldReferenceImpl	private
nl.gridshore.nosapi.mapping.GuideItem.setEndTime(org.joda.time.DateTime)	CtMethodImpl	public
nl.gridshore.nosapi.impl.DataProviderImpl.searchForDocuments(java.lang.String)	CtMethodImpl	public
nl.gridshore.nosapi.example.web.VersionController	CtClassImpl	public
nl.gridshore.nosapi.impl.DataProviderImpl.validateStartEndDate(java.lang.String,java.lang.String)	CtMethodImpl	private
nl.gridshore.nosapi.example.web.SearchController.dataProvider	CtFieldReferenceImpl	private
nl.gridshore.nosapi.Article.getThumbnailS()	CtMethodImpl	public
nl.gridshore.nosapi.Channel	CtClassImpl	public
nl.gridshore.nosapi.Keyword.count	CtFieldReferenceImpl	private
nl.gridshore.nosapi.mapping.LatestVideo()	CtConstructorImpl	public
nl.gridshore.nosapi.Channel.channelName	CtFieldReferenceImpl	private
nl.gridshore.nosapi.impl.NosApiResponseErrorHandler.throwClientException(java.nio.charset.Charset,byte[])	CtMethodImpl	private
nl.gridshore.nosapi.impl.DataProviderImpl.obtainLatestNewsVideos()	CtMethodImpl	public
nl.gridshore.nosapi.mapping.Article.lastUpdate	CtFieldReferenceImpl	private
nl.gridshore.nosapi.mapping.Article.setId(java.lang.String)	CtMethodImpl	public
nl.gridshore.nosapi.Document.getId()	CtMethodImpl	public
nl.gridshore.nosapi.example.web.RadioGuideController(nl.gridshore.nosapi.DataProvider)	CtConstructorImpl	public
nl.gridshore.nosapi.mapping.GuideItem.title	CtFieldReferenceImpl	private
nl.gridshore.nosapi.impl.NosApiResponseErrorHandler.handleError(org.springframework.http.client.ClientHttpResponse)	CtMethodImpl	public
nl.gridshore.nosapi.mapping.GuideItem.setGenre(java.lang.String)	CtMethodImpl	public
nl.gridshore.nosapi.Program(java.lang.String,java.lang.String,java.lang.String,java.lang.String,java.lang.String,org.joda.time.DateTime,org.joda.time.DateTime,nl.gridshore.nosapi.Channel)	CtConstructorImpl	public
nl.gridshore.nosapi.Version.build	CtFieldReferenceImpl	private
nl.gridshore.nosapi.Program	CtClassImpl	public
nl.gridshore.nosapi.example.web.ExceptionController()	CtConstructorImpl	public
nl.gridshore.nosapi.ClientException(int,java.lang.String,java.lang.String)	CtConstructorImpl	public
nl.gridshore.nosapi.mapping.Document.setType(java.lang.String)	CtMethodImpl	public
nl.gridshore.nosapi.mapping.Document.published	CtFieldReferenceImpl	private
nl.gridshore.nosapi.mapping.Article.getTitle()	CtMethodImpl	public
nl.gridshore.nosapi.mapping.GuideItem()	CtConstructorImpl	public
nl.gridshore.nosapi.Program.getChannel()	CtMethodImpl	public
nl.gridshore.nosapi.mapping.JsonDateDeserializer	CtClassImpl	public
nl.gridshore.nosapi.Program.getEndTime()	CtMethodImpl	public
nl.gridshore.nosapi.impl.NosApiResponseErrorHandler	CtClassImpl	public
nl.gridshore.nosapi.mapping.Article.thumbnail_xs	CtFieldReferenceImpl	private
nl.gridshore.nosapi.Channel.getChannelCode()	CtMethodImpl	public
nl.gridshore.nosapi.mapping.GuideItem.startTime	CtFieldReferenceImpl	private
nl.gridshore.nosapi.mapping.GuideItem.setChannelIcon(java.lang.String)	CtMethodImpl	public
nl.gridshore.nosapi.Document.getDescription()	CtMethodImpl	public
nl.gridshore.nosapi.example.web.TVGuideController.showGuide(org.springframework.ui.ModelMap)	CtMethodImpl	public
nl.gridshore.nosapi.mapping.GuideItem.getDescription()	CtMethodImpl	public
nl.gridshore.nosapi.Channel(java.lang.String,java.lang.String,java.lang.String)	CtConstructorImpl	public
nl.gridshore.nosapi.example.web.LatestNewsController.showLatestSportNewsArticles(org.springframework.ui.ModelMap)	CtMethodImpl	public
nl.gridshore.nosapi.mapping.GuideItem.getType()	CtMethodImpl	public
nl.gridshore.nosapi.example.web.LatestNewsController.showLatestNewsAudios(org.springframework.ui.ModelMap)	CtMethodImpl	public
nl.gridshore.nosapi.impl.DataProviderImpl.obtainVersion()	CtMethodImpl	public
nl.gridshore.nosapi.DayGuide.getPrograms()	CtMethodImpl	public
nl.gridshore.nosapi.mapping.Document.subCategory	CtFieldReferenceImpl	private
nl.gridshore.nosapi.mapping.Document.setDescription(java.lang.String)	CtMethodImpl	public
nl.gridshore.nosapi.TVChannel	CtEnumImpl	public
nl.gridshore.nosapi.mapping.Version.getVersion()	CtMethodImpl	public
nl.gridshore.nosapi.mapping.LatestAudio.getItems()	CtMethodImpl	public
nl.gridshore.nosapi.mapping.Document.getKeywords()	CtMethodImpl	public
nl.gridshore.nosapi.mapping.Search.setKeywords(java.util.ArrayList<nl.gridshore.nosapi.mapping.Keyword>)	CtMethodImpl	public
nl.gridshore.nosapi.mapping.GuideItem.getChannelCode()	CtMethodImpl	public
nl.gridshore.nosapi.ClientException.getCode()	CtMethodImpl	public
nl.gridshore.nosapi.mapping.Document.description	CtFieldReferenceImpl	private
nl.gridshore.nosapi.Article.description	CtFieldReferenceImpl	private
nl.gridshore.nosapi.mapping.Article.setThumbnail_xs(java.lang.String)	CtMethodImpl	public
nl.gridshore.nosapi.mapping.LatestArticle.items	CtFieldReferenceImpl	private
nl.gridshore.nosapi.mapping.Document.setThumbnail(java.lang.String)	CtMethodImpl	public
nl.gridshore.nosapi.mapping.GuideItem.setTitle(java.lang.String)	CtMethodImpl	public
nl.gridshore.nosapi.Document.getSubCategory()	CtMethodImpl	public
nl.gridshore.nosapi.mapping.Article.setThumbnail_s(java.lang.String)	CtMethodImpl	public
nl.gridshore.nosapi.example.web.RadioGuideController.logger	CtFieldReferenceImpl	private
nl.gridshore.nosapi.mapping.Keyword.tag	CtFieldReferenceImpl	private
nl.gridshore.nosapi.mapping.SearchWrapper	CtClassImpl	public
nl.gridshore.nosapi.Article.thumbnailXS	CtFieldReferenceImpl	private
nl.gridshore.nosapi.Article.link	CtFieldReferenceImpl	private
nl.gridshore.nosapi.Article.getThumbnailXS()	CtMethodImpl	public
nl.gridshore.nosapi.mapping.Document.getPublished()	CtMethodImpl	public
nl.gridshore.nosapi.mapping.Document.setId(java.lang.String)	CtMethodImpl	public
nl.gridshore.nosapi.Document.keywords	CtFieldReferenceImpl	private
nl.gridshore.nosapi.Document.getLink()	CtMethodImpl	public
nl.gridshore.nosapi.example.web.ExceptionController	CtClassImpl	public
nl.gridshore.nosapi.example.web.VersionController(nl.gridshore.nosapi.DataProvider)	CtConstructorImpl	public
nl.gridshore.nosapi.mapping.Article.setType(java.lang.String)	CtMethodImpl	public
nl.gridshore.nosapi.mapping.JsonDateTimeDeserializer.deserialize(org.codehaus.jackson.JsonParser,org.codehaus.jackson.map.DeserializationContext)	CtMethodImpl	public
nl.gridshore.nosapi.mapping.LatestAudio.items	CtFieldReferenceImpl	private
nl.gridshore.nosapi.Channel.channelCode	CtFieldReferenceImpl	private
nl.gridshore.nosapi.example.web.VersionController.dataProvider	CtFieldReferenceImpl	private
nl.gridshore.nosapi.mapping.GuideItem.getStartTime()	CtMethodImpl	public
nl.gridshore.nosapi.Channel.getChannelIcon()	CtMethodImpl	public
nl.gridshore.nosapi.mapping.Guide.getGuide()	CtMethodImpl	public
nl.gridshore.nosapi.Article.type	CtFieldReferenceImpl	private
nl.gridshore.nosapi.mapping.DayGuide.guide	CtFieldReferenceImpl	private
nl.gridshore.nosapi.mapping.Version.getBuild()	CtMethodImpl	public
nl.gridshore.nosapi.example.web.LatestNewsController.dataProvider	CtFieldReferenceImpl	private
nl.gridshore.nosapi.SearchResults.getKeywords()	CtMethodImpl	public
nl.gridshore.nosapi.mapping.Article.setThumbnail_m(java.lang.String)	CtMethodImpl	public
nl.gridshore.nosapi.mapping.Document.setLastUpdate(org.joda.time.DateTime)	CtMethodImpl	public
nl.gridshore.nosapi.ClientException.type	CtFieldReferenceImpl	private
nl.gridshore.nosapi.Article.getPublished()	CtMethodImpl	public
nl.gridshore.nosapi.Document.link	CtFieldReferenceImpl	private
nl.gridshore.nosapi.mapping.Article.id	CtFieldReferenceImpl	private
nl.gridshore.nosapi.RadioChannel()	CtConstructorImpl	private
nl.gridshore.nosapi.Document.id	CtFieldReferenceImpl	private
nl.gridshore.nosapi.SearchResults	CtClassImpl	public
nl.gridshore.nosapi.mapping.Article.getThumbnail_s()	CtMethodImpl	public
nl.gridshore.nosapi.example.web.SearchController.search(java.lang.String,org.springframework.ui.ModelMap)	CtMethodImpl	public
nl.gridshore.nosapi.mapping.Version()	CtConstructorImpl	public
nl.gridshore.nosapi.Document(java.lang.String,java.lang.String,java.lang.String,java.lang.String,java.lang.String,java.lang.String,org.joda.time.DateTime,org.joda.time.DateTime,java.lang.String,java.lang.String,int,java.util.ArrayList<java.lang.String>)	CtConstructorImpl	public
nl.gridshore.nosapi.mapping.VersionWrapper.versions	CtFieldReferenceImpl	private
nl.gridshore.nosapi.Document.title	CtFieldReferenceImpl	private
nl.gridshore.nosapi.Article.getLastUpdate()	CtMethodImpl	public
nl.gridshore.nosapi.mapping.LatestAudio.setItems(java.util.ArrayList<java.util.ArrayList<nl.gridshore.nosapi.mapping.Article>>)	CtMethodImpl	public
nl.gridshore.nosapi.Article.getKeywords()	CtMethodImpl	public
nl.gridshore.nosapi.mapping.Article.getType()	CtMethodImpl	public
nl.gridshore.nosapi.mapping.Keyword.getTag()	CtMethodImpl	public
nl.gridshore.nosapi.mapping.LatestArticle()	CtConstructorImpl	public
nl.gridshore.nosapi.Document.getLastUpdate()	CtMethodImpl	public
nl.gridshore.nosapi.mapping.SearchWrapper.search	CtFieldReferenceImpl	private
nl.gridshore.nosapi.Program.channel	CtFieldReferenceImpl	private
nl.gridshore.nosapi.Document.thumbnail	CtFieldReferenceImpl	private
nl.gridshore.nosapi.Article.embedCode	CtFieldReferenceImpl	private
nl.gridshore.nosapi.SearchResults.keywords	CtFieldReferenceImpl	package-private
nl.gridshore.nosapi.SearchSort	CtEnumImpl	public
nl.gridshore.nosapi.mapping.Article.thumbnail_s	CtFieldReferenceImpl	private
nl.gridshore.nosapi.Article.title	CtFieldReferenceImpl	private
nl.gridshore.nosapi.impl.DataProviderImpl.obtainRadioGuide()	CtMethodImpl	public
nl.gridshore.nosapi.mapping.LatestAudio()	CtConstructorImpl	public
nl.gridshore.nosapi.mapping.Version.build	CtFieldReferenceImpl	private
nl.gridshore.nosapi.mapping.Keyword()	CtConstructorImpl	public
nl.gridshore.nosapi.mapping.Article.type	CtFieldReferenceImpl	private
nl.gridshore.nosapi.Version	CtClassImpl	public
nl.gridshore.nosapi.Document.score	CtFieldReferenceImpl	private
nl.gridshore.nosapi.mapping.Search.documents	CtFieldReferenceImpl	private
nl.gridshore.nosapi.mapping.Version	CtClassImpl	public
nl.gridshore.nosapi.TVChannel()	CtConstructorImpl	private
nl.gridshore.nosapi.mapping.LatestAudio	CtClassImpl	public
nl.gridshore.nosapi.impl.DataProviderImpl.obtainTVGuide(nl.gridshore.nosapi.TVChannel,java.lang.String,java.lang.String)	CtMethodImpl	public
nl.gridshore.nosapi.Document.getCategory()	CtMethodImpl	public
nl.gridshore.nosapi.impl.DataProviderImpl.mapJSONGuideToOurGuide(nl.gridshore.nosapi.mapping.Guide)	CtMethodImpl	private
nl.gridshore.nosapi.ClientException.code	CtFieldReferenceImpl	private
nl.gridshore.nosapi.mapping.Version.setVersion(java.lang.String)	CtMethodImpl	public
nl.gridshore.nosapi.Program.getGenre()	CtMethodImpl	public
nl.gridshore.nosapi.mapping.DayGuide.getGuide()	CtMethodImpl	public
nl.gridshore.nosapi.mapping.GuideItem.channelIcon	CtFieldReferenceImpl	private
nl.gridshore.nosapi.mapping.Article.description	CtFieldReferenceImpl	private
nl.gridshore.nosapi.mapping.GuideItem.setId(java.lang.String)	CtMethodImpl	public
nl.gridshore.nosapi.mapping.Guide	CtClassImpl	public
nl.gridshore.nosapi.SearchSort()	CtConstructorImpl	private
nl.gridshore.nosapi.mapping.Article.getLastUpdate()	CtMethodImpl	public
nl.gridshore.nosapi.Article	CtClassImpl	public
nl.gridshore.nosapi.Program.title	CtFieldReferenceImpl	private
nl.gridshore.nosapi.example.web.TVGuideController.dataProvider	CtFieldReferenceImpl	private
nl.gridshore.nosapi.impl.DataProviderImpl.obtainLatestSportsNewsArticles()	CtMethodImpl	public
nl.gridshore.nosapi.mapping.LatestArticle	CtClassImpl	public
nl.gridshore.nosapi.mapping.GuideItem.endTime	CtFieldReferenceImpl	private
nl.gridshore.nosapi.Document.getKeywords()	CtMethodImpl	public
nl.gridshore.nosapi.Document.getPublished()	CtMethodImpl	public
nl.gridshore.nosapi.Article.getTitle()	CtMethodImpl	public
nl.gridshore.nosapi.Program.genre	CtFieldReferenceImpl	private
nl.gridshore.nosapi.mapping.Document.getType()	CtMethodImpl	public
nl.gridshore.nosapi.UnknownClientException(java.lang.String)	CtConstructorImpl	public
nl.gridshore.nosapi.mapping.GuideItem.getChannelIcon()	CtMethodImpl	public
nl.gridshore.nosapi.Version(java.lang.String,java.lang.String)	CtConstructorImpl	public
nl.gridshore.nosapi.mapping.Document.id	CtFieldReferenceImpl	private
nl.gridshore.nosapi.Keyword.tag	CtFieldReferenceImpl	private
