method	type	visibility
com.joehalliwell.jgeoplanet.GeoPlanet.serviceUri	CtFieldReferenceImpl	private
com.joehalliwell.jgeoplanet.Location.getLatitude()	CtMethodImpl	public
com.joehalliwell.jgeoplanet.Place.equals(java.lang.Object)	CtMethodImpl	public
com.joehalliwell.jgeoplanet.PlaceCollection.appendDegree(java.lang.StringBuilder)	CtMethodImpl	private
com.joehalliwell.jgeoplanet.Location.longitude	CtFieldReferenceImpl	package-private
com.joehalliwell.jgeoplanet.Location.hashCode()	CtMethodImpl	public
com.joehalliwell.jgeoplanet.Place.name	CtFieldReferenceImpl	private
com.joehalliwell.jgeoplanet.AdminRegion.name	CtFieldReferenceImpl	private
com.joehalliwell.jgeoplanet.BoundingBox.southWest	CtFieldReferenceImpl	package-private
com.joehalliwell.jgeoplanet.PlaceCollection.type(com.joehalliwell.jgeoplanet.PlaceType[])	CtMethodImpl	public
com.joehalliwell.jgeoplanet.Place.postal	CtFieldReferenceImpl	private
com.joehalliwell.jgeoplanet.Place.hashCode()	CtMethodImpl	public
com.joehalliwell.jgeoplanet.Place.getChildren()	CtMethodImpl	public
com.joehalliwell.jgeoplanet.Place.admin1	CtFieldReferenceImpl	private
com.joehalliwell.jgeoplanet.Place.getCountry()	CtMethodImpl	public
com.joehalliwell.jgeoplanet.GeoPlanet(java.lang.String,java.lang.String)	CtConstructorImpl	public
com.joehalliwell.jgeoplanet.PlaceType.getCode()	CtMethodImpl	public
com.joehalliwell.jgeoplanet.Place.admin2	CtFieldReferenceImpl	private
com.joehalliwell.jgeoplanet.InvalidPlaceTypeException	CtClassImpl	public
com.joehalliwell.jgeoplanet.PlaceCollection.total	CtFieldReferenceImpl	package-private
com.joehalliwell.jgeoplanet.BoundingBox.toString()	CtMethodImpl	public
com.joehalliwell.jgeoplanet.GeoPlanet.getPlaceType(int)	CtMethodImpl	public
com.joehalliwell.jgeoplanet.Place.placeTypeNameVariant	CtFieldReferenceImpl	private
com.joehalliwell.jgeoplanet.PlaceCollection.degree(java.lang.Integer)	CtMethodImpl	public
com.joehalliwell.jgeoplanet.InvalidAppIdException.serialVersionUID	CtFieldReferenceImpl	private
com.joehalliwell.jgeoplanet.Location.getLongitude()	CtMethodImpl	public
com.joehalliwell.jgeoplanet.InvalidPlaceTypeException.serialVersionUID	CtFieldReferenceImpl	private
com.joehalliwell.jgeoplanet.PlaceType.code	CtFieldReferenceImpl	private
com.joehalliwell.jgeoplanet.InvalidPlaceTypeException(java.lang.String)	CtConstructorImpl	public
com.joehalliwell.jgeoplanet.GeoPlanetResource.client	CtFieldReferenceImpl	private
com.joehalliwell.jgeoplanet.PlaceType.toString()	CtMethodImpl	public
com.joehalliwell.jgeoplanet.Place.2	CtClassImpl	package-private
com.joehalliwell.jgeoplanet.Place.1	CtClassImpl	package-private
com.joehalliwell.jgeoplanet.GeoPlanet(java.lang.String)	CtConstructorImpl	public
com.joehalliwell.jgeoplanet.Place.popRank	CtFieldReferenceImpl	private
com.joehalliwell.jgeoplanet.GeoPlanetResource	CtClassImpl	public
com.joehalliwell.jgeoplanet.Place.woeId	CtFieldReferenceImpl	private
com.joehalliwell.jgeoplanet.GeoPlanet.toString()	CtMethodImpl	public
com.joehalliwell.jgeoplanet.PlaceCollection.appendTypes(java.lang.StringBuilder)	CtMethodImpl	private
com.joehalliwell.jgeoplanet.GeoPlanet.defaultLanguage	CtFieldReferenceImpl	public
com.joehalliwell.jgeoplanet.Place.locality1	CtFieldReferenceImpl	private
com.joehalliwell.jgeoplanet.Place.getBoundingBox()	CtMethodImpl	public
com.joehalliwell.jgeoplanet.AdminRegion(com.joehalliwell.jgeoplanet.GeoPlanet,org.json.JSONObject,java.lang.String)	CtConstructorImpl	package-private
com.joehalliwell.jgeoplanet.Place.getAdmin3()	CtMethodImpl	public
com.joehalliwell.jgeoplanet.Place.getWoeId()	CtMethodImpl	public
com.joehalliwell.jgeoplanet.BoundingBox.intersects(com.joehalliwell.jgeoplanet.BoundingBox)	CtMethodImpl	public
com.joehalliwell.jgeoplanet.Place.locality2	CtFieldReferenceImpl	private
com.joehalliwell.jgeoplanet.GeoPlanet.placeTypeNameCache	CtFieldReferenceImpl	private
com.joehalliwell.jgeoplanet.PlaceCollection.isShortForm()	CtMethodImpl	public
com.joehalliwell.jgeoplanet.PlaceType.name	CtFieldReferenceImpl	private
com.joehalliwell.jgeoplanet.GeoPlanet.doGet(java.lang.String,boolean)	CtMethodImpl	package-private
com.joehalliwell.jgeoplanet.AdminRegion.getName()	CtMethodImpl	public
com.joehalliwell.jgeoplanet.AdminRegion.code	CtFieldReferenceImpl	private
com.joehalliwell.jgeoplanet.PlaceCollection.appendQuery(java.lang.StringBuilder)	CtMethodImpl	private
com.joehalliwell.jgeoplanet.PlaceNotFoundException.serialVersionUID	CtFieldReferenceImpl	private
com.joehalliwell.jgeoplanet.Place.getName()	CtMethodImpl	public
com.joehalliwell.jgeoplanet.PlaceCollection.get(int,int)	CtMethodImpl	public
com.joehalliwell.jgeoplanet.Place.admin3	CtFieldReferenceImpl	private
com.joehalliwell.jgeoplanet.PlaceCollection.getTypes()	CtMethodImpl	public
com.joehalliwell.jgeoplanet.GeoPlanet.placeTypeCodeCache	CtFieldReferenceImpl	private
com.joehalliwell.jgeoplanet.GeoPlanet.appIdUrl	CtFieldReferenceImpl	public
com.joehalliwell.jgeoplanet.BoundingBox.getNorthEast()	CtMethodImpl	public
com.joehalliwell.jgeoplanet.PlaceCollection(com.joehalliwell.jgeoplanet.GeoPlanet,java.lang.String)	CtConstructorImpl	package-private
com.joehalliwell.jgeoplanet.GeoPlanet.appId	CtFieldReferenceImpl	private
com.joehalliwell.jgeoplanet.PlaceType.getDescription()	CtMethodImpl	public
com.joehalliwell.jgeoplanet.AdminRegion.getCode()	CtMethodImpl	public
com.joehalliwell.jgeoplanet.Place.country	CtFieldReferenceImpl	private
com.joehalliwell.jgeoplanet.GeoPlanetResource(com.joehalliwell.jgeoplanet.GeoPlanet)	CtConstructorImpl	package-private
com.joehalliwell.jgeoplanet.Place	CtClassImpl	public
com.joehalliwell.jgeoplanet.GeoPlanet.defaultServiceUri	CtFieldReferenceImpl	public
com.joehalliwell.jgeoplanet.Place.areaRank	CtFieldReferenceImpl	private
com.joehalliwell.jgeoplanet.PlaceCollection.processResults(org.json.JSONObject)	CtMethodImpl	private
com.joehalliwell.jgeoplanet.Place.getAdminRegion(org.json.JSONObject,java.lang.String)	CtMethodImpl	private
com.joehalliwell.jgeoplanet.Place.isLongForm()	CtMethodImpl	public
com.joehalliwell.jgeoplanet.BoundingBox.contains(com.joehalliwell.jgeoplanet.Location)	CtMethodImpl	public
com.joehalliwell.jgeoplanet.BoundingBox.getSouthEast()	CtMethodImpl	public
com.joehalliwell.jgeoplanet.Place.getParent()	CtMethodImpl	public
com.joehalliwell.jgeoplanet.PlaceCollection.types	CtFieldReferenceImpl	package-private
com.joehalliwell.jgeoplanet.PlaceCollection.base	CtFieldReferenceImpl	package-private
com.joehalliwell.jgeoplanet.Place.getBelongTos()	CtMethodImpl	public
com.joehalliwell.jgeoplanet.PlaceNotFoundException.getPlaceName()	CtMethodImpl	public
com.joehalliwell.jgeoplanet.PlaceType.getUri()	CtMethodImpl	public
com.joehalliwell.jgeoplanet.GeoPlanet.getPlace(java.lang.String)	CtMethodImpl	public
com.joehalliwell.jgeoplanet.GeoPlanet.getPlaceType(java.lang.String)	CtMethodImpl	public
com.joehalliwell.jgeoplanet.Location	CtClassImpl	public
com.joehalliwell.jgeoplanet.Location(double,double)	CtConstructorImpl	public
com.joehalliwell.jgeoplanet.PlaceNotFoundException	CtClassImpl	public
com.joehalliwell.jgeoplanet.Place.getPostal()	CtMethodImpl	public
com.joehalliwell.jgeoplanet.GeoPlanet.getApplicationId()	CtMethodImpl	public
com.joehalliwell.jgeoplanet.Place.POPULATION_ORDER	CtFieldReferenceImpl	public
com.joehalliwell.jgeoplanet.Place.getCentroid()	CtMethodImpl	public
com.joehalliwell.jgeoplanet.PlaceCollection	CtClassImpl	public
com.joehalliwell.jgeoplanet.PlaceCollection.iterator()	CtMethodImpl	public
com.joehalliwell.jgeoplanet.Place.getPopulationRank()	CtMethodImpl	public
com.joehalliwell.jgeoplanet.Location.distance(com.joehalliwell.jgeoplanet.Location)	CtMethodImpl	public
com.joehalliwell.jgeoplanet.GeoPlanet.getLanguage()	CtMethodImpl	public
com.joehalliwell.jgeoplanet.Place.getLongForm()	CtMethodImpl	public
com.joehalliwell.jgeoplanet.PlaceType.getName()	CtMethodImpl	public
com.joehalliwell.jgeoplanet.Place.getLocality2()	CtMethodImpl	public
com.joehalliwell.jgeoplanet.InvalidAppIdException.getInvalidAppId()	CtMethodImpl	public
com.joehalliwell.jgeoplanet.Location.toString()	CtMethodImpl	public
com.joehalliwell.jgeoplanet.PlaceCollection.getBase()	CtMethodImpl	public
com.joehalliwell.jgeoplanet.PlaceCollection.size()	CtMethodImpl	public
com.joehalliwell.jgeoplanet.Place(com.joehalliwell.jgeoplanet.GeoPlanet,org.json.JSONObject)	CtConstructorImpl	package-private
com.joehalliwell.jgeoplanet.BoundingBox	CtClassImpl	public
com.joehalliwell.jgeoplanet.GeoPlanet.getPlaceTypes()	CtMethodImpl	public
com.joehalliwell.jgeoplanet.BoundingBox.getSouthWest()	CtMethodImpl	public
com.joehalliwell.jgeoplanet.PlaceCollection.useShortForm	CtFieldReferenceImpl	package-private
com.joehalliwell.jgeoplanet.GeoPlanet	CtClassImpl	public
com.joehalliwell.jgeoplanet.PlaceCollection.getRelation()	CtMethodImpl	public
com.joehalliwell.jgeoplanet.Place.getAdmin1()	CtMethodImpl	public
com.joehalliwell.jgeoplanet.PlaceCollection.query	CtFieldReferenceImpl	package-private
com.joehalliwell.jgeoplanet.BoundingBox.hashCode()	CtMethodImpl	public
com.joehalliwell.jgeoplanet.BoundingBox.contains(com.joehalliwell.jgeoplanet.BoundingBox)	CtMethodImpl	public
com.joehalliwell.jgeoplanet.Place.contains(com.joehalliwell.jgeoplanet.Location)	CtMethodImpl	public
com.joehalliwell.jgeoplanet.AdminRegion.type	CtFieldReferenceImpl	private
com.joehalliwell.jgeoplanet.PlaceType	CtClassImpl	public
com.joehalliwell.jgeoplanet.AdminRegion.hashCode()	CtMethodImpl	public
com.joehalliwell.jgeoplanet.InvalidAppIdException	CtClassImpl	public
com.joehalliwell.jgeoplanet.PlaceCollection(com.joehalliwell.jgeoplanet.Place,java.lang.String)	CtConstructorImpl	package-private
com.joehalliwell.jgeoplanet.GeoPlanet(java.lang.String,java.lang.String,java.lang.String)	CtConstructorImpl	public
com.joehalliwell.jgeoplanet.Place.centroid	CtFieldReferenceImpl	private
com.joehalliwell.jgeoplanet.BoundingBox.northEast	CtFieldReferenceImpl	package-private
com.joehalliwell.jgeoplanet.Location.latitude	CtFieldReferenceImpl	package-private
com.joehalliwell.jgeoplanet.PlaceType(com.joehalliwell.jgeoplanet.GeoPlanet,org.json.JSONObject)	CtConstructorImpl	package-private
com.joehalliwell.jgeoplanet.BoundingBox.getNorthWest()	CtMethodImpl	public
com.joehalliwell.jgeoplanet.Place.contains(com.joehalliwell.jgeoplanet.Place)	CtMethodImpl	public
com.joehalliwell.jgeoplanet.PlaceType.description	CtFieldReferenceImpl	private
com.joehalliwell.jgeoplanet.GeoPlanetException	CtClassImpl	public
com.joehalliwell.jgeoplanet.Place.getLocality1()	CtMethodImpl	public
com.joehalliwell.jgeoplanet.InvalidPlaceTypeException.placeTypeName	CtFieldReferenceImpl	private
com.joehalliwell.jgeoplanet.GeoPlanet.doHttpGet(java.lang.String)	CtMethodImpl	private
com.joehalliwell.jgeoplanet.GeoPlanet.cachePlaceTypes()	CtMethodImpl	private
com.joehalliwell.jgeoplanet.InvalidAppIdException(java.lang.String)	CtConstructorImpl	public
com.joehalliwell.jgeoplanet.InvalidAppIdException.appId	CtFieldReferenceImpl	private
com.joehalliwell.jgeoplanet.PlaceCollection.degree	CtFieldReferenceImpl	package-private
com.joehalliwell.jgeoplanet.PlaceType.hashCode()	CtMethodImpl	public
com.joehalliwell.jgeoplanet.Place.getDescendents()	CtMethodImpl	public
com.joehalliwell.jgeoplanet.PlaceNotFoundException(java.lang.String)	CtConstructorImpl	package-private
com.joehalliwell.jgeoplanet.PlaceCollection(com.joehalliwell.jgeoplanet.PlaceCollection)	CtConstructorImpl	package-private
com.joehalliwell.jgeoplanet.Place.AREA_ORDER	CtFieldReferenceImpl	public
com.joehalliwell.jgeoplanet.PlaceCollection.getType()	CtMethodImpl	public
com.joehalliwell.jgeoplanet.GeoPlanet.getPlaces(java.lang.String)	CtMethodImpl	public
com.joehalliwell.jgeoplanet.BoundingBox(com.joehalliwell.jgeoplanet.Location,com.joehalliwell.jgeoplanet.Location)	CtConstructorImpl	public
com.joehalliwell.jgeoplanet.InvalidPlaceTypeException.getInvalidPlaceTypeName()	CtMethodImpl	public
com.joehalliwell.jgeoplanet.GeoPlanet.log	CtFieldReferenceImpl	protected
com.joehalliwell.jgeoplanet.GeoPlanetException(java.lang.String)	CtConstructorImpl	package-private
com.joehalliwell.jgeoplanet.BoundingBox(org.json.JSONObject)	CtConstructorImpl	package-private
com.joehalliwell.jgeoplanet.AdminRegion.toString()	CtMethodImpl	public
com.joehalliwell.jgeoplanet.GeoPlanetResource.getClient()	CtMethodImpl	public
com.joehalliwell.jgeoplanet.PlaceCollection.shortForm(boolean)	CtMethodImpl	public
com.joehalliwell.jgeoplanet.GeoPlanet.getServiceUri()	CtMethodImpl	public
com.joehalliwell.jgeoplanet.Place.getAncestors()	CtMethodImpl	public
com.joehalliwell.jgeoplanet.Place.toString()	CtMethodImpl	public
com.joehalliwell.jgeoplanet.Place.placeType	CtFieldReferenceImpl	private
com.joehalliwell.jgeoplanet.Place.getPlaceType()	CtMethodImpl	public
com.joehalliwell.jgeoplanet.Location(org.json.JSONObject)	CtConstructorImpl	package-private
com.joehalliwell.jgeoplanet.AdminRegion.equals(java.lang.Object)	CtMethodImpl	public
com.joehalliwell.jgeoplanet.GeoPlanet.language	CtFieldReferenceImpl	private
com.joehalliwell.jgeoplanet.Place.getSiblings()	CtMethodImpl	public
com.joehalliwell.jgeoplanet.PlaceCollection.get()	CtMethodImpl	public
com.joehalliwell.jgeoplanet.GeoPlanet.getPlace(com.joehalliwell.jgeoplanet.Location)	CtMethodImpl	public
com.joehalliwell.jgeoplanet.PlaceType.equals(java.lang.Object)	CtMethodImpl	public
com.joehalliwell.jgeoplanet.BoundingBox.equals(java.lang.Object)	CtMethodImpl	public
com.joehalliwell.jgeoplanet.Location.DIAMETER_OF_EARTH	CtFieldReferenceImpl	private
com.joehalliwell.jgeoplanet.Place.getAreaRank()	CtMethodImpl	public
com.joehalliwell.jgeoplanet.Place.getNeighbors()	CtMethodImpl	public
com.joehalliwell.jgeoplanet.AdminRegion	CtClassImpl	public
com.joehalliwell.jgeoplanet.PlaceNotFoundException.placeName	CtFieldReferenceImpl	private
com.joehalliwell.jgeoplanet.Place.getCommonAncestor(com.joehalliwell.jgeoplanet.Place[])	CtMethodImpl	public
com.joehalliwell.jgeoplanet.Place.getPlaceTypeNameVariant()	CtMethodImpl	public
com.joehalliwell.jgeoplanet.Place.getAdmin2()	CtMethodImpl	public
com.joehalliwell.jgeoplanet.Location.equals(java.lang.Object)	CtMethodImpl	public
com.joehalliwell.jgeoplanet.AdminRegion.getType()	CtMethodImpl	public
com.joehalliwell.jgeoplanet.GeoPlanet.getPlace(long)	CtMethodImpl	public
com.joehalliwell.jgeoplanet.PlaceCollection.get(int)	CtMethodImpl	public
com.joehalliwell.jgeoplanet.Place.bbox	CtFieldReferenceImpl	private
com.joehalliwell.jgeoplanet.GeoPlanetException.serialVersionUID	CtFieldReferenceImpl	private
com.joehalliwell.jgeoplanet.PlaceCollection.typename(java.lang.String[])	CtMethodImpl	public
com.joehalliwell.jgeoplanet.GeoPlanet.prepQueryTerm(java.lang.String)	CtMethodImpl	private
com.joehalliwell.jgeoplanet.GeoPlanetException(java.lang.Exception)	CtConstructorImpl	package-private
