method	type	visibility
io.github.josevjunior.livereload4j.DynamicClassLoader.dirLoader(java.io.File)	CtMethodImpl	public
io.github.josevjunior.livereload4j.Project.hashCode()	CtMethodImpl	public
io.github.josevjunior.livereload4j.AggressiveClassLoader()	CtConstructorImpl	public
io.github.josevjunior.livereload4j.FolderChangeScanner.keys	CtFieldReferenceImpl	private
io.github.josevjunior.livereload4j.LiveReloadService(io.github.josevjunior.livereload4j.Project,io.github.josevjunior.livereload4j.ApplicationRunner)	CtConstructorImpl	public
io.github.josevjunior.livereload4j.LiveReloadService.registerFileWatcher()	CtMethodImpl	private
io.github.josevjunior.livereload4j.Project	CtClassImpl	public
io.github.josevjunior.livereload4j.TempFileProvider	CtClassImpl	public
io.github.josevjunior.livereload4j.Project.setTempOutputPath(java.nio.file.Path)	CtMethodImpl	public
io.github.josevjunior.livereload4j.DynamicClassLoader.loaders	CtFieldReferenceImpl	package-private
io.github.josevjunior.livereload4j.PlainApplication()	CtConstructorImpl	public
io.github.josevjunior.livereload4j.LiveReloadService.compilerRunner	CtFieldReferenceImpl	private
io.github.josevjunior.livereload4j.FolderChangeScanner.registerObserver(io.github.josevjunior.livereload4j.Project,java.util.function.Consumer<io.github.josevjunior.livereload4j.FileChangeEvent>)	CtMethodImpl	public
io.github.josevjunior.livereload4j.LiveReloadService.moveFilesToTempFolder()	CtMethodImpl	private
io.github.josevjunior.livereload4j.utils.Env.isFileEnvironment()	CtMethodImpl	public
io.github.josevjunior.livereload4j.TempFileProvider.returnAvailableLockedFile(java.nio.file.Path)	CtMethodImpl	private
io.github.josevjunior.livereload4j.CompilerRunner.getEnconding()	CtMethodImpl	public
io.github.josevjunior.livereload4j.TickWaiter.waitUntilAdviceInMillis	CtFieldReferenceImpl	private
io.github.josevjunior.livereload4j.ApplicationRunner.getApplicationClassName()	CtMethodImpl	public
io.github.josevjunior.livereload4j.ObserverKey.1	CtClassImpl	package-private
io.github.josevjunior.livereload4j.CompilerRunner.getSourcePath()	CtMethodImpl	public
io.github.josevjunior.livereload4j.Project.setRootPath(java.nio.file.Path)	CtMethodImpl	public
io.github.josevjunior.livereload4j.FileChangeEvent.eventKind	CtFieldReferenceImpl	private
io.github.josevjunior.livereload4j.ClasspathLoader.load()	CtMethodImpl	public
io.github.josevjunior.livereload4j.ApplicationRunner.applicationClassName	CtFieldReferenceImpl	private
io.github.josevjunior.livereload4j.FileChangeEvent(java.nio.file.Path,java.nio.file.WatchEvent.Kind)	CtConstructorImpl	public
io.github.josevjunior.livereload4j.utils.FileUtils	CtClassImpl	public
io.github.josevjunior.livereload4j.ApplicationRunner(io.github.josevjunior.livereload4j.Project,java.lang.String[],java.lang.Thread,java.lang.ClassLoader)	CtConstructorImpl	public
io.github.josevjunior.livereload4j.ApplicationRunner.runnerClassLoader	CtFieldReferenceImpl	private
io.github.josevjunior.livereload4j.utils.PathUtils()	CtConstructorImpl	public
io.github.josevjunior.livereload4j.TempFileProvider()	CtConstructorImpl	public
io.github.josevjunior.livereload4j.utils.FileUtils.readFileToBytes(java.io.File)	CtMethodImpl	public
io.github.josevjunior.livereload4j.CompilerRunner.enconding	CtFieldReferenceImpl	private
io.github.josevjunior.livereload4j.LiveReloadService.deleteFile(java.nio.file.Path)	CtMethodImpl	private
io.github.josevjunior.livereload4j.utils.IOUtils()	CtConstructorImpl	public
io.github.josevjunior.livereload4j.Project.determineProject()	CtMethodImpl	public
io.github.josevjunior.livereload4j.utils.FileUtils()	CtConstructorImpl	public
io.github.josevjunior.livereload4j.TickWaiter(java.lang.Runnable)	CtConstructorImpl	public
io.github.josevjunior.livereload4j.utils.Logger.pattern	CtFieldReferenceImpl	private
io.github.josevjunior.livereload4j.DynamicClassLoader.loadNewClass(java.lang.String)	CtMethodImpl	protected
io.github.josevjunior.livereload4j.ClasspathLoader.reload()	CtMethodImpl	public
io.github.josevjunior.livereload4j.DynamicClassLoader.jarLoader(java.util.jar.JarFile)	CtMethodImpl	private
io.github.josevjunior.livereload4j.utils.Logger.debug(java.lang.String,java.lang.Throwable)	CtMethodImpl	public
io.github.josevjunior.livereload4j.TempFileProvider.TEMP_FOLDER_PREFIX	CtFieldReferenceImpl	private
io.github.josevjunior.livereload4j.CompilerRunner	CtClassImpl	public
io.github.josevjunior.livereload4j.FileChangeEvent	CtClassImpl	public
io.github.josevjunior.livereload4j.Project.getTempOutputPath()	CtMethodImpl	public
io.github.josevjunior.livereload4j.AggressiveClassLoader.unavaiClasses	CtFieldReferenceImpl	package-private
io.github.josevjunior.livereload4j.FileChangeEvent.getPathChanged()	CtMethodImpl	public
io.github.josevjunior.livereload4j.Project.tempOutputPath	CtFieldReferenceImpl	private
io.github.josevjunior.livereload4j.Project()	CtConstructorImpl	public
io.github.josevjunior.livereload4j.LiveReloadService.getMainClassPath()	CtMethodImpl	private
io.github.josevjunior.livereload4j.ApplicationRunner.project	CtFieldReferenceImpl	private
io.github.josevjunior.livereload4j.ObserverKey.canceled	CtFieldReferenceImpl	private
io.github.josevjunior.livereload4j.LiveReloadService	CtClassImpl	public
io.github.josevjunior.livereload4j.ObserverKey	CtClassImpl	public
io.github.josevjunior.livereload4j.ObserverKey.run()	CtMethodImpl	public
io.github.josevjunior.livereload4j.TempFileProvider.delete(java.io.File)	CtMethodImpl	private
io.github.josevjunior.livereload4j.utils.IOUtils.close(java.io.Closeable)	CtMethodImpl	public
io.github.josevjunior.livereload4j.CompilerRunner.javacPath	CtFieldReferenceImpl	private
io.github.josevjunior.livereload4j.utils.Logger.logger	CtFieldReferenceImpl	private
io.github.josevjunior.livereload4j.ObserverKey.LOGGER	CtFieldReferenceImpl	private
io.github.josevjunior.livereload4j.TickWaiter.SLEEP_FLAG	CtFieldReferenceImpl	private
io.github.josevjunior.livereload4j.LiveReloadService.accept(io.github.josevjunior.livereload4j.FileChangeEvent)	CtMethodImpl	public
io.github.josevjunior.livereload4j.ObserverKey.watchKeys	CtFieldReferenceImpl	private
io.github.josevjunior.livereload4j.Project.setUseResourcePath(boolean)	CtMethodImpl	public
io.github.josevjunior.livereload4j.utils.StringUtils.getNullAsEmpty(java.lang.String)	CtMethodImpl	public
io.github.josevjunior.livereload4j.ClasspathLoader.args	CtFieldReferenceImpl	private
io.github.josevjunior.livereload4j.utils.StringUtils.getEmptyAsNull(java.lang.String)	CtMethodImpl	public
io.github.josevjunior.livereload4j.Project.getRootPath()	CtMethodImpl	public
io.github.josevjunior.livereload4j.DynamicClassLoader(java.lang.ClassLoader,java.lang.String[])	CtConstructorImpl	public
io.github.josevjunior.livereload4j.LiveReloadService.LOGGER	CtFieldReferenceImpl	private
io.github.josevjunior.livereload4j.ClasspathLoader(java.lang.String,java.lang.String[])	CtConstructorImpl	public
io.github.josevjunior.livereload4j.utils.PathUtils.FILE_SEPARATOR	CtFieldReferenceImpl	public
io.github.josevjunior.livereload4j.utils.PathUtils.getJavacPath(java.lang.String)	CtMethodImpl	public
io.github.josevjunior.livereload4j.utils.StringUtils	CtClassImpl	public
io.github.josevjunior.livereload4j.TempFileProvider.createTempFolder()	CtMethodImpl	public
io.github.josevjunior.livereload4j.DynamicClassLoader(java.util.Collection<java.io.File>)	CtConstructorImpl	public
io.github.josevjunior.livereload4j.DynamicClassLoader.findFile(java.lang.String,java.io.File)	CtMethodImpl	private
io.github.josevjunior.livereload4j.DynamicClassLoader.1	CtClassImpl	package-private
io.github.josevjunior.livereload4j.AggressiveClassLoader.loadClass(java.lang.String)	CtMethodImpl	public
io.github.josevjunior.livereload4j.utils.Logger.debug(java.lang.String)	CtMethodImpl	public
io.github.josevjunior.livereload4j.utils.IOUtils.readData(java.io.InputStream)	CtMethodImpl	public
io.github.josevjunior.livereload4j.AggressiveClassLoader(java.lang.ClassLoader)	CtConstructorImpl	public
io.github.josevjunior.livereload4j.Project.getResourcePath()	CtMethodImpl	public
io.github.josevjunior.livereload4j.ObserverKey.unregister()	CtMethodImpl	public
io.github.josevjunior.livereload4j.FolderChangeScanner()	CtConstructorImpl	public
io.github.josevjunior.livereload4j.CompilerRunner.mainClass	CtFieldReferenceImpl	private
io.github.josevjunior.livereload4j.TickWaiter.WILLNOTIFY_FLAG	CtFieldReferenceImpl	private
io.github.josevjunior.livereload4j.LiveReloadService.stop()	CtMethodImpl	public
io.github.josevjunior.livereload4j.ObserverKey.register()	CtMethodImpl	public
io.github.josevjunior.livereload4j.utils.Logger.getLogger(java.lang.Class<?>,java.lang.String)	CtMethodImpl	public
io.github.josevjunior.livereload4j.AggressiveClassLoader.load(java.lang.String)	CtMethodImpl	public
io.github.josevjunior.livereload4j.AggressiveClassLoader.toFilePath(java.lang.String)	CtMethodImpl	public
io.github.josevjunior.livereload4j.TempFileProvider.cleanDirectoryContent(java.nio.file.Path)	CtMethodImpl	private
io.github.josevjunior.livereload4j.TickWaiter.WAIT_FLAG	CtFieldReferenceImpl	private
io.github.josevjunior.livereload4j.PlainApplication.launch(java.lang.String[])	CtMethodImpl	public
io.github.josevjunior.livereload4j.CompilerRunner.getClassPath()	CtMethodImpl	public
io.github.josevjunior.livereload4j.TickWaiter.LOGGER	CtFieldReferenceImpl	private
io.github.josevjunior.livereload4j.LiveReloadService.compileClassesAndRun()	CtMethodImpl	private
io.github.josevjunior.livereload4j.ApplicationRunner.executeStartMethod(java.lang.Object,java.lang.String[])	CtMethodImpl	public
io.github.josevjunior.livereload4j.ObserverKey.onChange	CtFieldReferenceImpl	private
io.github.josevjunior.livereload4j.ConfProvider.getFileEncode()	CtMethodImpl	public
io.github.josevjunior.livereload4j.Project.setResourcePath(java.nio.file.Path)	CtMethodImpl	public
io.github.josevjunior.livereload4j.CompilerRunner.setClassPath(java.lang.String)	CtMethodImpl	public
io.github.josevjunior.livereload4j.CompilerRunner.setEnconding(java.lang.String)	CtMethodImpl	public
io.github.josevjunior.livereload4j.TempFileProvider.TEMP_FILE_PREFIX	CtFieldReferenceImpl	private
io.github.josevjunior.livereload4j.ApplicationRunner	CtClassImpl	public
io.github.josevjunior.livereload4j.utils.Logger(java.lang.Class<?>,java.lang.String)	CtConstructorImpl	private
io.github.josevjunior.livereload4j.FileChangeEvent.fileChanged	CtFieldReferenceImpl	private
io.github.josevjunior.livereload4j.AggressiveClassLoader.loadClass(byte[],java.lang.String)	CtMethodImpl	public
io.github.josevjunior.livereload4j.ObserverKey(io.github.josevjunior.livereload4j.Project,java.util.function.Consumer<io.github.josevjunior.livereload4j.FileChangeEvent>)	CtConstructorImpl	public
io.github.josevjunior.livereload4j.CompilerRunner.sourcePath	CtFieldReferenceImpl	private
io.github.josevjunior.livereload4j.Project.toString()	CtMethodImpl	public
io.github.josevjunior.livereload4j.ConfProvider.getFileIgnoreRegex()	CtMethodImpl	public
io.github.josevjunior.livereload4j.CompilerRunner(java.nio.file.Path,java.nio.file.Path,java.nio.file.Path)	CtConstructorImpl	public
io.github.josevjunior.livereload4j.LiveReloadService.shouldIgnore(io.github.josevjunior.livereload4j.FileChangeEvent)	CtMethodImpl	private
io.github.josevjunior.livereload4j.CompilerRunner.getMainClass()	CtMethodImpl	public
io.github.josevjunior.livereload4j.utils.Logger	CtClassImpl	public
io.github.josevjunior.livereload4j.ApplicationRunner.appArgs	CtFieldReferenceImpl	private
io.github.josevjunior.livereload4j.TickWaiter	CtClassImpl	public
io.github.josevjunior.livereload4j.ApplicationRunner.runnerThread	CtFieldReferenceImpl	private
io.github.josevjunior.livereload4j.utils.Env	CtClassImpl	public
io.github.josevjunior.livereload4j.Project.equals(java.lang.Object)	CtMethodImpl	public
io.github.josevjunior.livereload4j.LiveReloadService.1SimpleFileVisitorImpl	CtClassImpl	package-private
io.github.josevjunior.livereload4j.LiveReloadService.start()	CtMethodImpl	public
io.github.josevjunior.livereload4j.AggressiveClassLoader.loadedClasses	CtFieldReferenceImpl	package-private
io.github.josevjunior.livereload4j.ObserverKey.watchService	CtFieldReferenceImpl	private
io.github.josevjunior.livereload4j.ApplicationRunner.executeStopMethod(java.lang.Object)	CtMethodImpl	public
io.github.josevjunior.livereload4j.utils.Logger.enabled	CtFieldReferenceImpl	private
io.github.josevjunior.livereload4j.CompilerRunner.getJavacPath()	CtMethodImpl	public
io.github.josevjunior.livereload4j.FolderChangeScanner	CtClassImpl	public
io.github.josevjunior.livereload4j.Project.setSourcePath(java.nio.file.Path)	CtMethodImpl	public
io.github.josevjunior.livereload4j.utils.PathUtils	CtClassImpl	public
io.github.josevjunior.livereload4j.PlainApplication	CtClassImpl	public
io.github.josevjunior.livereload4j.FileChangeEvent.getEventKind()	CtMethodImpl	public
io.github.josevjunior.livereload4j.Project.isUseResourcePath()	CtMethodImpl	public
io.github.josevjunior.livereload4j.ClasspathLoader.path	CtFieldReferenceImpl	private
io.github.josevjunior.livereload4j.ConfProvider	CtClassImpl	public
io.github.josevjunior.livereload4j.Project.useResourcePath	CtFieldReferenceImpl	private
io.github.josevjunior.livereload4j.ConfProvider.getEnabledLogRegex()	CtMethodImpl	public
io.github.josevjunior.livereload4j.LiveReloadService.ignorePattern	CtFieldReferenceImpl	private
io.github.josevjunior.livereload4j.ObserverKey.project	CtFieldReferenceImpl	private
io.github.josevjunior.livereload4j.utils.IOUtils	CtClassImpl	public
io.github.josevjunior.livereload4j.Project.resourcePath	CtFieldReferenceImpl	private
io.github.josevjunior.livereload4j.TickWaiter.notifyOrWait()	CtMethodImpl	public
io.github.josevjunior.livereload4j.AggressiveClassLoader	CtClassImpl	public
io.github.josevjunior.livereload4j.LiveReloadService.tickWaiter	CtFieldReferenceImpl	private
io.github.josevjunior.livereload4j.ApplicationRunner.lastApplicationObject	CtFieldReferenceImpl	private
io.github.josevjunior.livereload4j.LiveReloadService.runner	CtFieldReferenceImpl	private
io.github.josevjunior.livereload4j.CompilerRunner.run()	CtMethodImpl	public
io.github.josevjunior.livereload4j.utils.StringUtils()	CtConstructorImpl	public
io.github.josevjunior.livereload4j.Project.sourcePath	CtFieldReferenceImpl	private
io.github.josevjunior.livereload4j.utils.Logger.type	CtFieldReferenceImpl	private
io.github.josevjunior.livereload4j.ClasspathLoader	CtClassImpl	public
io.github.josevjunior.livereload4j.LiveReloadService.observerKey	CtFieldReferenceImpl	private
io.github.josevjunior.livereload4j.ConfProvider()	CtConstructorImpl	public
io.github.josevjunior.livereload4j.TickWaiter.monitor	CtFieldReferenceImpl	private
io.github.josevjunior.livereload4j.ApplicationRunner.run()	CtMethodImpl	public
io.github.josevjunior.livereload4j.LiveReloadService.copyFile(java.nio.file.Path,java.nio.file.Path)	CtMethodImpl	private
io.github.josevjunior.livereload4j.DynamicClassLoader.loader(java.io.File)	CtMethodImpl	public
SimpleFileVisitorImpl.sourcePath	CtFieldReferenceImpl	private
io.github.josevjunior.livereload4j.DynamicClassLoader	CtClassImpl	public
SimpleFileVisitorImpl.tempOutputPath	CtFieldReferenceImpl	private
io.github.josevjunior.livereload4j.Project.getSourcePath()	CtMethodImpl	public
io.github.josevjunior.livereload4j.Project.rootPath	CtFieldReferenceImpl	private
io.github.josevjunior.livereload4j.utils.Env()	CtConstructorImpl	public
io.github.josevjunior.livereload4j.CompilerRunner.classPath	CtFieldReferenceImpl	private
io.github.josevjunior.livereload4j.LiveReloadService.project	CtFieldReferenceImpl	private
