method	type	visibility
com.jptangchina.jxcel.JxcelGenrator.getSheetHeaderWithOrder(java.lang.Class<?>)	CtMethodImpl	private
com.jptangchina.jxcel.JxcelParser.removeSuffix(java.lang.String,com.jptangchina.jxcel.annotation.JxcelCell)	CtMethodImpl	private
com.jptangchina.jxcel.JxcelParser.parseStringToBasicDataType(java.lang.String,java.lang.Class<?>)	CtMethodImpl	private
com.jptangchina.jxcel.JxcelParser.isValidLong(java.lang.String)	CtMethodImpl	private
com.jptangchina.jxcel.JxcelParser.getCellValueAsString(org.apache.poi.ss.usermodel.Cell)	CtMethodImpl	private
com.jptangchina.jxcel.JxcelGenrator()	CtConstructorImpl	public
com.jptangchina.jxcel.JxcelParser.parseStringWithMatchedType(java.lang.String,java.lang.reflect.Field)	CtMethodImpl	private
com.jptangchina.jxcel.JxcelGenrator.createSheet(java.lang.Class<?>,org.apache.poi.ss.usermodel.Workbook)	CtMethodImpl	private
com.jptangchina.jxcel.JxcelParser.parseFromFile(java.lang.Class<T>,java.io.File)	CtMethodImpl	public
com.jptangchina.jxcel.exception.JxcelGenerateException	CtClassImpl	public
com.jptangchina.jxcel.JxcelGenrator.createHeaderRow(org.apache.poi.ss.usermodel.Sheet,java.util.Map<java.lang.String, java.lang.reflect.Field>,java.util.concurrent.atomic.AtomicInteger,org.apache.poi.ss.usermodel.CellStyle)	CtMethodImpl	private
com.jptangchina.jxcel.JxcelGenrator.createHeaderStyle(java.lang.Class<?>,org.apache.poi.ss.usermodel.Workbook)	CtMethodImpl	private
com.jptangchina.jxcel.exception.JxcelParseException	CtClassImpl	public
com.jptangchina.jxcel.JxcelParser.invokeDataSet(java.lang.Object,java.lang.reflect.Field,java.lang.String)	CtMethodImpl	private
com.jptangchina.jxcel.JxcelGenrator.createDataRows(java.util.List<?>,java.util.Map<java.lang.String, java.lang.reflect.Field>,java.util.concurrent.atomic.AtomicInteger,java.util.concurrent.atomic.AtomicInteger,org.apache.poi.ss.usermodel.Sheet)	CtMethodImpl	private
com.jptangchina.jxcel.JxcelGenrator.workbook	CtFieldReferenceImpl	private
com.jptangchina.jxcel.JxcelParser.parser()	CtMethodImpl	public
com.jptangchina.jxcel.exception.JxcelGenerateException(java.lang.String)	CtConstructorImpl	public
com.jptangchina.jxcel.JxcelGenrator.setStringCellValue(java.lang.Object,org.apache.poi.ss.usermodel.Cell,java.lang.reflect.Field)	CtMethodImpl	private
com.jptangchina.jxcel.JxcelGenrator	CtClassImpl	public
com.jptangchina.jxcel.JxcelGenrator.generateWorkbook(java.util.List<?>)	CtMethodImpl	public
com.jptangchina.jxcel.JxcelGenrator.xlsxGenrator()	CtMethodImpl	public
com.jptangchina.jxcel.JxcelParser	CtClassImpl	public
com.jptangchina.jxcel.JxcelParser.parseFromWorkbook(java.lang.Class<T>,org.apache.poi.ss.usermodel.Workbook)	CtMethodImpl	public
com.jptangchina.jxcel.JxcelGenrator.xlsGenrator()	CtMethodImpl	public
com.jptangchina.jxcel.exception.JxcelParseException(java.lang.String)	CtConstructorImpl	public
com.jptangchina.jxcel.JxcelGenrator.resizeColumn(java.util.Map<java.lang.String, java.lang.reflect.Field>,org.apache.poi.ss.usermodel.Sheet)	CtMethodImpl	private
com.jptangchina.jxcel.JxcelParser()	CtConstructorImpl	public
com.jptangchina.jxcel.exception.JxcelException	CtClassImpl	public
com.jptangchina.jxcel.exception.JxcelException(java.lang.String)	CtConstructorImpl	public
com.jptangchina.jxcel.JxcelGenrator.generateFile(java.util.List<?>,java.lang.String)	CtMethodImpl	public
