method	type	visibility
com.sibilantsolutions.iptools.event.ReceiveEvt.getTimestamp()	CtMethodImpl	public
com.sibilantsolutions.iptools.net.ReceiveQueue.shutdownNow()	CtMethodImpl	public
com.sibilantsolutions.iptools.net.LineParserBuffer.onLostConnection(com.sibilantsolutions.iptools.event.LostConnectionEvt)	CtMethodImpl	public
com.sibilantsolutions.iptools.net.SocketUtils.1	CtClassImpl	package-private
com.sibilantsolutions.iptools.net.SocketUtils.send(byte[],int,java.net.Socket)	CtMethodImpl	public
com.sibilantsolutions.iptools.net.ReceiveQueue(com.sibilantsolutions.iptools.event.SocketListenerI)	CtConstructorImpl	public
com.sibilantsolutions.iptools.redir.RedirPeer.run()	CtMethodImpl	public
com.sibilantsolutions.iptools.net.LengthByteBuffer.byteOrder	CtFieldReferenceImpl	private
com.sibilantsolutions.iptools.event.ConnectEvent.getSocket()	CtMethodImpl	public
com.sibilantsolutions.iptools.net.ExactLengthBuffer	CtClassImpl	public
com.sibilantsolutions.iptools.net.ReceiveQueue(com.sibilantsolutions.iptools.event.SocketListenerI,java.lang.String)	CtConstructorImpl	public
com.sibilantsolutions.iptools.event.LostConnectionEvt.timestamp	CtFieldReferenceImpl	private
com.sibilantsolutions.iptools.util.CertDuplicator.duplicate(java.security.cert.X509Certificate)	CtMethodImpl	public
com.sibilantsolutions.iptools.event.ConnectEvent	CtClassImpl	public
com.sibilantsolutions.iptools.net.LineParserBuffer.doReceiveBuffer(com.sibilantsolutions.iptools.event.ReceiveEvt)	CtMethodImpl	private
com.sibilantsolutions.iptools.redir.RedirPeer.1	CtClassImpl	package-private
com.sibilantsolutions.iptools.redir.RedirPeer.close()	CtMethodImpl	public
com.sibilantsolutions.iptools.net.SocketUtils	CtClassImpl	public
com.sibilantsolutions.iptools.net.LengthByteBuffer.onReceive(com.sibilantsolutions.iptools.event.ReceiveEvt)	CtMethodImpl	public
com.sibilantsolutions.iptools.redir.RedirPeer.setPeer(com.sibilantsolutions.iptools.redir.RedirPeer)	CtMethodImpl	public
com.sibilantsolutions.iptools.net.SocketUtils.connect(java.net.InetSocketAddress)	CtMethodImpl	public
com.sibilantsolutions.iptools.net.ReceiveQueue.1.1	CtClassImpl	package-private
com.sibilantsolutions.iptools.net.ExactLengthBuffer.onLostConnection(com.sibilantsolutions.iptools.event.LostConnectionEvt)	CtMethodImpl	public
com.sibilantsolutions.iptools.redir.Redirector.incomingPeer	CtFieldReferenceImpl	private
com.sibilantsolutions.iptools.net.ReceiveQueue.1	CtClassImpl	package-private
com.sibilantsolutions.iptools.net.ExactLengthBuffer.log	CtFieldReferenceImpl	private
com.sibilantsolutions.iptools.net.ReceiveQueue.onReceive(com.sibilantsolutions.iptools.event.ReceiveEvt)	CtMethodImpl	public
com.sibilantsolutions.iptools.net.SocketUtils.send(byte[],int,int,java.net.Socket)	CtMethodImpl	public
com.sibilantsolutions.iptools.event.ConnectEvent(java.net.Socket,java.net.ServerSocket)	CtConstructorImpl	public
com.sibilantsolutions.iptools.event.ReceiveEvt(byte[],int,int,java.net.Socket)	CtConstructorImpl	public
com.sibilantsolutions.iptools.net.LengthByteBuffer.padBytes	CtFieldReferenceImpl	private
com.sibilantsolutions.iptools.net.SocketUtils.connect(java.net.InetSocketAddress,boolean)	CtMethodImpl	public
com.sibilantsolutions.iptools.net.LengthByteBuffer.doReceiveArray(com.sibilantsolutions.iptools.event.ReceiveEvt)	CtMethodImpl	private
com.sibilantsolutions.iptools.net.SocketUtils.readLoopThread(java.net.Socket,com.sibilantsolutions.iptools.event.SocketListenerI)	CtMethodImpl	public
com.sibilantsolutions.iptools.net.ReceiveQueue.2	CtClassImpl	package-private
com.sibilantsolutions.iptools.net.LineParserBuffer.log	CtFieldReferenceImpl	private
com.sibilantsolutions.iptools.net.SocketUtils.readLoopThread(int,java.net.Socket,com.sibilantsolutions.iptools.event.SocketListenerI)	CtMethodImpl	public
com.sibilantsolutions.iptools.test.IpToolsTester.log	CtFieldReferenceImpl	private
com.sibilantsolutions.iptools.redir.Redirector.targetPort	CtFieldReferenceImpl	private
com.sibilantsolutions.iptools.gui.SocketTwoPane.1.1	CtClassImpl	package-private
com.sibilantsolutions.iptools.net.SocketUtils.2	CtClassImpl	package-private
com.sibilantsolutions.iptools.event.ConnectEvent.timestamp	CtFieldReferenceImpl	private
com.sibilantsolutions.iptools.net.SocketUtils.3	CtClassImpl	package-private
com.sibilantsolutions.iptools.redir.RedirPeer.socket	CtFieldReferenceImpl	private
com.sibilantsolutions.iptools.redir.RedirPeer.getSocket()	CtMethodImpl	public
com.sibilantsolutions.iptools.gui.SocketTwoPane()	CtConstructorImpl	public
com.sibilantsolutions.iptools.event.LostConnectionEvt.getTimestamp()	CtMethodImpl	public
com.sibilantsolutions.iptools.net.LengthByteBuffer.LengthByteType.LENGTH_OF_ENTIRE_PACKET	CtEnumValueImpl	public
com.sibilantsolutions.iptools.net.SocketUtils.connect(java.lang.String,int,boolean)	CtMethodImpl	public
com.sibilantsolutions.iptools.redir.RedirPeer.peer	CtFieldReferenceImpl	private
com.sibilantsolutions.iptools.gui.SocketTwoPane.1	CtClassImpl	package-private
com.sibilantsolutions.iptools.gui.SocketTwoPane.2	CtClassImpl	package-private
com.sibilantsolutions.iptools.net.SocketUtils.datastreamMarker	CtFieldReferenceImpl	private
com.sibilantsolutions.iptools.redir.RedirPeer()	CtConstructorImpl	public
com.sibilantsolutions.iptools.test.IpToolsTester	CtClassImpl	public
com.sibilantsolutions.iptools.event.ReceiveEvt	CtClassImpl	public
com.sibilantsolutions.iptools.util.CertDuplicator	CtClassImpl	public
com.sibilantsolutions.iptools.net.ExactLengthBuffer.onReceive(com.sibilantsolutions.iptools.event.ReceiveEvt)	CtMethodImpl	public
com.sibilantsolutions.iptools.event.DatagramReceiveEvt.timestamp	CtFieldReferenceImpl	private
com.sibilantsolutions.iptools.net.LengthByteBuffer	CtClassImpl	public
com.sibilantsolutions.iptools.net.LineParserBuffer()	CtConstructorImpl	public
com.sibilantsolutions.iptools.net.LineParserBuffer.setReceiver(com.sibilantsolutions.iptools.event.SocketListenerI)	CtMethodImpl	public
com.sibilantsolutions.iptools.net.ReceiveQueue.createExecutorService()	CtMethodImpl	private
com.sibilantsolutions.iptools.net.SocketUtils.readLoop(int,java.net.Socket,com.sibilantsolutions.iptools.event.SocketListenerI)	CtMethodImpl	public
com.sibilantsolutions.iptools.redir.Redirector()	CtConstructorImpl	public
com.sibilantsolutions.iptools.net.LengthByteBuffer.buf	CtFieldReferenceImpl	private
com.sibilantsolutions.iptools.gui.SocketTwoPane.1.1.1	CtClassImpl	package-private
com.sibilantsolutions.iptools.redir.RedirPeer.send(byte[],int,int)	CtMethodImpl	public
com.sibilantsolutions.iptools.event.DatagramReceiveEvt.getPacket()	CtMethodImpl	public
com.sibilantsolutions.iptools.event.DatagramReceiveEvt.getTimestamp()	CtMethodImpl	public
com.sibilantsolutions.iptools.net.SocketUtils.sendNoLog(byte[],int,int,java.net.Socket)	CtMethodImpl	public
com.sibilantsolutions.iptools.util.CertDuplicator.log	CtFieldReferenceImpl	private
com.sibilantsolutions.iptools.net.LengthByteBuffer.onLostConnection(com.sibilantsolutions.iptools.event.LostConnectionEvt)	CtMethodImpl	public
com.sibilantsolutions.iptools.event.ReceiveEvt(byte[],int,java.net.Socket)	CtConstructorImpl	public
com.sibilantsolutions.iptools.net.ReceiveQueue.executorService	CtFieldReferenceImpl	private
com.sibilantsolutions.iptools.redir.Redirector.setTargetPort(int)	CtMethodImpl	public
com.sibilantsolutions.iptools.redir.RedirPeer.log	CtFieldReferenceImpl	private
com.sibilantsolutions.iptools.gui.SocketTwoPane	CtClassImpl	public
com.sibilantsolutions.iptools.net.LengthByteBuffer.lengthByteType	CtFieldReferenceImpl	private
com.sibilantsolutions.iptools.net.ReceiveQueue.dest	CtFieldReferenceImpl	private
com.sibilantsolutions.iptools.redir.Redirector.setTargetSsl(boolean)	CtMethodImpl	public
com.sibilantsolutions.iptools.net.SocketUtils.send(java.net.DatagramPacket,java.net.DatagramSocket)	CtMethodImpl	public
com.sibilantsolutions.iptools.net.SocketUtils.receiveLoop(java.net.DatagramPacket,java.net.DatagramSocket,com.sibilantsolutions.iptools.event.DatagramReceiverI)	CtMethodImpl	public
com.sibilantsolutions.iptools.event.ReceiveEvt.length	CtFieldReferenceImpl	private
com.sibilantsolutions.iptools.test.IpToolsTester.1	CtClassImpl	package-private
com.sibilantsolutions.iptools.net.ExactLengthBuffer(int,com.sibilantsolutions.iptools.event.SocketListenerI)	CtConstructorImpl	public
com.sibilantsolutions.iptools.test.IpToolsTester()	CtConstructorImpl	public
com.sibilantsolutions.iptools.redir.RedirPeer	CtClassImpl	public
com.sibilantsolutions.iptools.redir.Redirector.getTargetPort()	CtMethodImpl	public
com.sibilantsolutions.iptools.net.LengthByteBuffer(int,int,com.sibilantsolutions.iptools.net.LengthByteBuffer.LengthByteType,java.nio.ByteOrder,int,int,com.sibilantsolutions.iptools.event.SocketListenerI)	CtConstructorImpl	public
com.sibilantsolutions.iptools.redir.Redirector.onConnect(com.sibilantsolutions.iptools.event.ConnectEvent)	CtMethodImpl	public
com.sibilantsolutions.iptools.net.ReceiveQueue.shutdownAndAwaitTermination(java.util.concurrent.ExecutorService,int)	CtMethodImpl	private
com.sibilantsolutions.iptools.net.ReceiveQueue.log	CtFieldReferenceImpl	private
com.sibilantsolutions.iptools.redir.RedirPeer.setSocket(java.net.Socket)	CtMethodImpl	public
com.sibilantsolutions.iptools.event.ReceiveEvt.getOffset()	CtMethodImpl	public
com.sibilantsolutions.iptools.redir.Redirector	CtClassImpl	public
com.sibilantsolutions.iptools.event.LostConnectionEvt.getSource()	CtMethodImpl	public
com.sibilantsolutions.iptools.event.ReceiveEvt.offset	CtFieldReferenceImpl	private
com.sibilantsolutions.iptools.gui.SocketTwoPane.log	CtFieldReferenceImpl	private
com.sibilantsolutions.iptools.net.LengthByteBuffer.lengthBytesOffset	CtFieldReferenceImpl	private
com.sibilantsolutions.iptools.event.ReceiveEvt.getData()	CtMethodImpl	public
com.sibilantsolutions.iptools.net.LengthByteBuffer.receiver	CtFieldReferenceImpl	private
com.sibilantsolutions.iptools.net.LengthByteBuffer.LengthByteType.LENGTH_OF_PAYLOAD	CtEnumValueImpl	public
com.sibilantsolutions.iptools.event.ConnectEvent.getTimestamp()	CtMethodImpl	public
com.sibilantsolutions.iptools.event.ConnectEvent.server	CtFieldReferenceImpl	private
com.sibilantsolutions.iptools.redir.Redirector.targetPeer	CtFieldReferenceImpl	private
com.sibilantsolutions.iptools.net.SocketUtils.connect(java.lang.String,int)	CtMethodImpl	public
com.sibilantsolutions.iptools.event.DatagramReceiveEvt.getSource()	CtMethodImpl	public
com.sibilantsolutions.iptools.event.ReceiveEvt(byte[],java.net.Socket)	CtConstructorImpl	public
com.sibilantsolutions.iptools.net.SocketUtils()	CtConstructorImpl	public
com.sibilantsolutions.iptools.net.SocketUtils.send(byte[],java.net.Socket)	CtMethodImpl	public
com.sibilantsolutions.iptools.net.SocketUtils.receiveLoopThread(java.net.DatagramPacket,java.net.DatagramSocket,com.sibilantsolutions.iptools.event.DatagramReceiverI)	CtMethodImpl	public
com.sibilantsolutions.iptools.event.LostConnectionEvt.getCause()	CtMethodImpl	public
com.sibilantsolutions.iptools.net.LengthByteBuffer$LengthByteType()	CtConstructorImpl	private
com.sibilantsolutions.iptools.net.LineParserBuffer.receiver	CtFieldReferenceImpl	private
com.sibilantsolutions.iptools.event.ReceiveEvt.getSource()	CtMethodImpl	public
com.sibilantsolutions.iptools.net.LengthByteBuffer.numLengthBytes	CtFieldReferenceImpl	private
com.sibilantsolutions.iptools.gui.SocketTwoPane.doUi()	CtMethodImpl	private
com.sibilantsolutions.iptools.event.ReceiveEvt.getLength()	CtMethodImpl	public
com.sibilantsolutions.iptools.net.ReceiveQueue.shutdownAndAwaitTermination()	CtMethodImpl	public
com.sibilantsolutions.iptools.redir.Redirector.isTargetSsl	CtFieldReferenceImpl	private
com.sibilantsolutions.iptools.net.LengthByteBuffer.curOff	CtFieldReferenceImpl	private
com.sibilantsolutions.iptools.event.ReceiveEvt.source	CtFieldReferenceImpl	private
com.sibilantsolutions.iptools.net.SocketUtils.sendNoLog(java.net.DatagramPacket,java.net.DatagramSocket)	CtMethodImpl	public
com.sibilantsolutions.iptools.event.ConnectEvent.getServer()	CtMethodImpl	public
com.sibilantsolutions.iptools.event.DatagramReceiveEvt.packet	CtFieldReferenceImpl	private
com.sibilantsolutions.iptools.event.LostConnectionEvt.source	CtFieldReferenceImpl	private
com.sibilantsolutions.iptools.redir.Redirector.isTargetSsl()	CtMethodImpl	public
com.sibilantsolutions.iptools.net.LengthByteBuffer.LengthByteType	CtEnumImpl	public
com.sibilantsolutions.iptools.net.ExactLengthBuffer.buf	CtFieldReferenceImpl	private
com.sibilantsolutions.iptools.redir.Redirector.setTargetHost(java.lang.String)	CtMethodImpl	public
com.sibilantsolutions.iptools.util.CertDuplicator()	CtConstructorImpl	private
com.sibilantsolutions.iptools.event.ConnectEvent.socket	CtFieldReferenceImpl	private
com.sibilantsolutions.iptools.event.DatagramReceiveEvt	CtClassImpl	public
com.sibilantsolutions.iptools.net.SocketUtils.send(java.lang.String,java.net.Socket)	CtMethodImpl	public
com.sibilantsolutions.iptools.event.LostConnectionEvt	CtClassImpl	public
com.sibilantsolutions.iptools.net.LineParserBuffer	CtClassImpl	public
com.sibilantsolutions.iptools.net.LineParserBuffer.buf	CtFieldReferenceImpl	private
com.sibilantsolutions.iptools.net.LineParserBuffer.getReceiver()	CtMethodImpl	public
com.sibilantsolutions.iptools.net.ReceiveQueue.name	CtFieldReferenceImpl	private
com.sibilantsolutions.iptools.net.ReceiveQueue	CtClassImpl	public
com.sibilantsolutions.iptools.event.DatagramReceiveEvt.source	CtFieldReferenceImpl	private
com.sibilantsolutions.iptools.net.SocketUtils.log	CtFieldReferenceImpl	private
com.sibilantsolutions.iptools.test.IpToolsTester.main(java.lang.String[])	CtMethodImpl	public
com.sibilantsolutions.iptools.net.ExactLengthBuffer.doReceiveBuffer(com.sibilantsolutions.iptools.event.ReceiveEvt)	CtMethodImpl	private
com.sibilantsolutions.iptools.event.LostConnectionEvt(java.io.IOException,java.net.Socket)	CtConstructorImpl	public
com.sibilantsolutions.iptools.net.LengthByteBuffer.log	CtFieldReferenceImpl	private
com.sibilantsolutions.iptools.gui.SocketTwoPane.buildUi()	CtMethodImpl	public
com.sibilantsolutions.iptools.redir.RedirPeer.getPeer()	CtMethodImpl	public
com.sibilantsolutions.iptools.redir.Redirector.targetHost	CtFieldReferenceImpl	private
com.sibilantsolutions.iptools.event.ReceiveEvt.timestamp	CtFieldReferenceImpl	private
com.sibilantsolutions.iptools.redir.Redirector.getTargetHost()	CtMethodImpl	public
com.sibilantsolutions.iptools.event.LostConnectionEvt.cause	CtFieldReferenceImpl	private
com.sibilantsolutions.iptools.event.ReceiveEvt.data	CtFieldReferenceImpl	private
com.sibilantsolutions.iptools.net.ReceiveQueue.onLostConnection(com.sibilantsolutions.iptools.event.LostConnectionEvt)	CtMethodImpl	public
com.sibilantsolutions.iptools.event.DatagramReceiveEvt(java.net.DatagramPacket,java.net.DatagramSocket)	CtConstructorImpl	public
com.sibilantsolutions.iptools.net.LineParserBuffer.onReceive(com.sibilantsolutions.iptools.event.ReceiveEvt)	CtMethodImpl	public
com.sibilantsolutions.iptools.net.ExactLengthBuffer.receiver	CtFieldReferenceImpl	private
com.sibilantsolutions.iptools.net.ExactLengthBuffer.exactLength	CtFieldReferenceImpl	private
