method	type	visibility
javax.swing.JComponent.paintingChild	CtFieldReferenceImpl	package-private
com.badlogic.gdx.scenes.scene2d.utils.ClickListener.touchDownY	CtFieldReferenceImpl	private
com.badlogic.gdx.graphics.g2d.SpriteBatch.color	CtFieldReferenceImpl	package-private
com.bytebreakstudios.animagic.animation.Animator.switchToAnimation(java.lang.String)	CtMethodImpl	public
com.badlogic.gdx.graphics.g2d.SpriteBatch.invTexHeight	CtFieldReferenceImpl	package-private
com.bytebreakstudios.animagic.animation.Animation.perFrameRateDuration	CtFieldReferenceImpl	private
com.bytebreakstudios.animagic.texture.AnimagicSpriteBatch.draw(com.badlogic.gdx.graphics.Texture,float,float,float,float)	CtMethodImpl	public
com.badlogic.gdx.scenes.scene2d.utils.ClickListener.tapSquareSize	CtFieldReferenceImpl	private
javax.swing.JComponent.WHEN_ANCESTOR_OF_FOCUSED_COMPONENT	CtFieldReferenceImpl	public
com.bytebreakstudios.animagic.utils.SerializationUtils.toJson(java.lang.Object)	CtMethodImpl	public
com.bytebreakstudios.animagic.animation.SingleFrame.totalFrameRateDuration	CtFieldReferenceImpl	private
com.bytebreakstudios.animagic.editor.EditorScreen.textureEditCamera	CtFieldReferenceImpl	package-private
com.bytebreakstudios.animagic.animation.AnimationBlend.frameCount	CtFieldReferenceImpl	private
com.bytebreakstudios.animagic.texture.AnimagicTextureAtlasLoader.data	CtFieldReferenceImpl	package-private
javax.swing.JFileChooser.SELECTED_FILES_CHANGED_PROPERTY	CtFieldReferenceImpl	public
javax.swing.JFileChooser.dialogType	CtFieldReferenceImpl	private
javax.swing.JComponent.WHEN_FOCUSED	CtFieldReferenceImpl	public
com.bytebreakstudios.animagic.texture.AnimagicSpriteBatch.isShaderOn	CtFieldReferenceImpl	private
com.bytebreakstudios.animagic.animation.SingleFrame(java.lang.String,com.badlogic.gdx.graphics.g2d.TextureRegion)	CtConstructorImpl	public
com.bytebreakstudios.animagic.texture.AnimagicTextureAtlas.mapper	CtFieldReferenceImpl	private
com.bytebreakstudios.animagic.texture.AnimagicTextureRegion.meta()	CtMethodImpl	public
javax.swing.JComponent.WHEN_IN_FOCUSED_WINDOW	CtFieldReferenceImpl	public
com.bytebreakstudios.animagic.texture.AnimagicTextureAtlas(com.badlogic.gdx.files.FileHandle)	CtConstructorImpl	public
com.bytebreakstudios.animagic.texture.AnimagicSpriteBatch.setNextLight(float,float,float,float,com.badlogic.gdx.graphics.Color)	CtMethodImpl	public
com.bytebreakstudios.animagic.editor.EditorScreen.currentAnimation	CtFieldReferenceImpl	private
com.bytebreakstudios.animagic.texture.AnimagicTextureAtlas.findMetaFile(java.lang.String)	CtMethodImpl	private
javax.swing.JComponent.PARTIALLY_OBSCURED	CtFieldReferenceImpl	private
javax.swing.JComponent.autoscrolls	CtFieldReferenceImpl	private
javax.swing.JComponent.focusInputMap	CtFieldReferenceImpl	private
com.bytebreakstudios.animagic.animation.Animation.name	CtFieldReferenceImpl	private
com.bytebreakstudios.animagic.editor.EditorScreen.animatorPanelArea	CtFieldReferenceImpl	private
javax.swing.JComponent.FOCUS_INPUTMAP_CREATED	CtFieldReferenceImpl	private
javax.swing.JFileChooser.FILE_HIDING_CHANGED_PROPERTY	CtFieldReferenceImpl	public
com.bytebreakstudios.animagic.texture.AnimagicTextureRegion(com.badlogic.gdx.graphics.Texture,com.badlogic.gdx.graphics.Texture,com.badlogic.gdx.graphics.g2d.TextureRegion,com.badlogic.gdx.graphics.g2d.TextureRegion,com.bytebreakstudios.animagic.texture.data.AnimagicTextureData)	CtConstructorImpl	private
javax.swing.JComponent.border	CtFieldReferenceImpl	private
com.badlogic.gdx.scenes.scene2d.utils.ClickListener.tapCount	CtFieldReferenceImpl	private
javax.swing.JFileChooser.CANCEL_OPTION	CtFieldReferenceImpl	public
com.badlogic.gdx.graphics.g2d.SpriteBatch.idx	CtFieldReferenceImpl	package-private
com.bytebreakstudios.animagic.texture.data.AnimagicAtlasData()	CtConstructorImpl	public
com.bytebreakstudios.animagic.texture.data.AnimagicTextureData(int,int)	CtConstructorImpl	public
com.bytebreakstudios.animagic.texture.AnimagicTextureAtlas.findRegion(java.lang.String,int)	CtMethodImpl	public
com.badlogic.gdx.graphics.g2d.TextureRegion.regionHeight	CtFieldReferenceImpl	package-private
com.bytebreakstudios.animagic.editor.EditorScreen.setFrameOrigin(com.badlogic.gdx.math.Vector2)	CtMethodImpl	public
javax.swing.JComponent.KEY_EVENTS_ENABLED	CtFieldReferenceImpl	private
com.bytebreakstudios.animagic.animation.SingleFrame.setFrameRate(com.bytebreakstudios.animagic.animation.FrameRate)	CtMethodImpl	public
com.bytebreakstudios.animagic.texture.AnimagicSpriteBatch.draw(com.badlogic.gdx.graphics.Texture,float,float)	CtMethodImpl	public
com.bytebreakstudios.animagic.texture.AnimagicSpriteBatch.setAmbientIntensity(float)	CtMethodImpl	public
com.badlogic.gdx.scenes.scene2d.utils.ClickListener.touchDownX	CtFieldReferenceImpl	private
javax.swing.JFileChooser.SELECTED_FILE_CHANGED_PROPERTY	CtFieldReferenceImpl	public
com.badlogic.gdx.assets.AssetLoaderParameters.loadedCallback	CtFieldReferenceImpl	public
com.bytebreakstudios.animagic.texture.AnimagicTextureRegion.getRegionOrigin()	CtMethodImpl	public
com.bytebreakstudios.animagic.animation.Animation.listeners	CtFieldReferenceImpl	private
javax.swing.JComponent.popupMenu	CtFieldReferenceImpl	private
com.bytebreakstudios.animagic.texture.AnimagicTextureRegion(com.badlogic.gdx.graphics.g2d.TextureRegion,com.badlogic.gdx.graphics.g2d.TextureRegion)	CtConstructorImpl	public
javax.swing.JComponent.verifyInputWhenFocusTarget	CtFieldReferenceImpl	private
com.bytebreakstudios.animagic.texture.AnimagicSpriteBatch.draw(com.badlogic.gdx.graphics.Texture,float,float,float,float,float,float,float,float,float,int,int,int,int,boolean,boolean)	CtMethodImpl	public
com.bytebreakstudios.animagic.animation.Animation.notify(com.bytebreakstudios.animagic.animation.Animation.AnimationListenerState)	CtMethodImpl	private
com.bytebreakstudios.animagic.texture.data.AnimagicAnimationData.toString()	CtMethodImpl	public
com.bytebreakstudios.animagic.animation.FrameRate	CtClassImpl	public
com.bytebreakstudios.animagic.texture.data.AnimagicTextureData.hashCode()	CtMethodImpl	public
com.bytebreakstudios.animagic.animation.AnimationBlend.getFrameIndex()	CtMethodImpl	public
javax.swing.JFileChooser.returnValue	CtFieldReferenceImpl	private
com.badlogic.gdx.assets.loaders.AssetLoader.resolver	CtFieldReferenceImpl	private
com.bytebreakstudios.animagic.animation.AnimationBlend.addAnimation(com.bytebreakstudios.animagic.animation.Animation)	CtMethodImpl	public
com.bytebreakstudios.animagic.editor.EditorScreen.refreshCurrentAnimation(com.bytebreakstudios.animagic.texture.data.AnimagicAnimationData,int)	CtMethodImpl	public
com.badlogic.gdx.scenes.scene2d.utils.ClickListener.over	CtFieldReferenceImpl	private
com.badlogic.gdx.graphics.g2d.SpriteBatch.invTexWidth	CtFieldReferenceImpl	package-private
com.bytebreakstudios.animagic.texture.AnimagicSpriteBatch.Light.y	CtFieldReferenceImpl	private
com.badlogic.gdx.graphics.g2d.TextureRegion.u	CtFieldReferenceImpl	package-private
com.bytebreakstudios.animagic.animation.Animator(java.lang.String)	CtConstructorImpl	public
com.bytebreakstudios.animagic.texture.AnimagicTextureRegion(com.badlogic.gdx.graphics.Texture,com.badlogic.gdx.graphics.Texture,com.bytebreakstudios.animagic.texture.data.AnimagicTextureData)	CtConstructorImpl	public
javax.swing.JComponent.WHEN_IN_FOCUSED_WINDOW_BINDINGS	CtFieldReferenceImpl	private
com.bytebreakstudios.animagic.animation.Animator.getAnimation()	CtMethodImpl	private
javax.swing.JFileChooser.showFilesListener	CtFieldReferenceImpl	private
com.bytebreakstudios.animagic.animation.FrameRate.total	CtFieldReferenceImpl	private
com.bytebreakstudios.animagic.texture.AnimagicSpriteBatch.normalIntensity	CtFieldReferenceImpl	private
com.bytebreakstudios.animagic.animation.AnimationBlend.getFrame()	CtMethodImpl	public
javax.swing.JComponent.RESERVED_5	CtFieldReferenceImpl	private
com.badlogic.gdx.graphics.g2d.Batch.U1	CtFieldReferenceImpl	package-private
com.bytebreakstudios.animagic.animation.AnimationBlend(int)	CtConstructorImpl	public
com.bytebreakstudios.animagic.animation.Animation.AnimationListenerState.FINISHED	CtEnumValueImpl	public
javax.swing.JFileChooser.dialog	CtFieldReferenceImpl	private
com.bytebreakstudios.animagic.texture.AnimagicTextureAtlasLoader$AnimagicTextureAtlasParameter(boolean)	CtConstructorImpl	public
com.bytebreakstudios.animagic.texture.AnimagicSpriteBatch.Light.attenuation	CtFieldReferenceImpl	private
com.bytebreakstudios.animagic.texture.AnimagicTextureRegion(com.badlogic.gdx.graphics.Texture,com.badlogic.gdx.graphics.Texture,int,int,int,int)	CtConstructorImpl	public
com.badlogic.gdx.graphics.g2d.Batch.U4	CtFieldReferenceImpl	package-private
com.badlogic.gdx.graphics.g2d.Batch.V1	CtFieldReferenceImpl	package-private
com.badlogic.gdx.graphics.g2d.SpriteBatch.maxSpritesInBatch	CtFieldReferenceImpl	public
com.bytebreakstudios.animagic.editor.EditorScreen.animationSpeedScale	CtFieldReferenceImpl	private
com.bytebreakstudios.animagic.editor.EditorScreen.maybeLoadTexture()	CtMethodImpl	private
com.bytebreakstudios.animagic.texture.AnimagicTextureRegion(com.badlogic.gdx.graphics.g2d.TextureRegion,com.badlogic.gdx.graphics.g2d.TextureRegion,com.bytebreakstudios.animagic.texture.data.AnimagicTextureData)	CtConstructorImpl	public
javax.swing.JFileChooser.approveButtonMnemonic	CtFieldReferenceImpl	private
com.bytebreakstudios.animagic.texture.AnimagicSpriteBatch.useShadow(boolean)	CtMethodImpl	public
com.badlogic.gdx.graphics.g2d.Batch.Y1	CtFieldReferenceImpl	package-private
javax.swing.JFileChooser.FILE_FILTER_CHANGED_PROPERTY	CtFieldReferenceImpl	public
com.bytebreakstudios.animagic.animation.Animator.getFrameIndex()	CtMethodImpl	public
com.bytebreakstudios.animagic.texture.AnimagicTextureRegion$AnimagicTextureRegionShaderData(float,float,float,float,float,float,float,float)	CtConstructorImpl	public
javax.swing.JComponent.FOCUS_TRAVERSAL_KEYS_BACKWARD_SET	CtFieldReferenceImpl	private
com.bytebreakstudios.animagic.animation.SingleFrame.name	CtFieldReferenceImpl	private
com.bytebreakstudios.animagic.animation.Animator.hasAnimation(java.lang.String)	CtMethodImpl	public
com.bytebreakstudios.animagic.editor.EditorScreen.skin	CtFieldReferenceImpl	private
javax.swing.JFileChooser.DIRECTORY_CHANGED_PROPERTY	CtFieldReferenceImpl	public
com.bytebreakstudios.animagic.texture.AnimagicTextureAtlas.findRegion(java.lang.String,int,boolean)	CtMethodImpl	public
com.bytebreakstudios.animagic.texture.AnimagicTextureAtlasLoader	CtClassImpl	public
com.bytebreakstudios.animagic.texture.AnimagicSpriteBatch.debugNormals	CtFieldReferenceImpl	private
com.badlogic.gdx.graphics.g2d.SpriteBatch.blendDstFunc	CtFieldReferenceImpl	private
com.bytebreakstudios.animagic.texture.AnimagicTextureRegion.AnimagicTextureRegionShaderData.yNorCoordMin	CtFieldReferenceImpl	public
com.bytebreakstudios.animagic.animation.AnimationBlend.currentAnimationName	CtFieldReferenceImpl	private
com.badlogic.gdx.graphics.g2d.Batch.V3	CtFieldReferenceImpl	package-private
com.badlogic.gdx.graphics.g2d.TextureRegion.texture	CtFieldReferenceImpl	package-private
javax.swing.JFileChooser.OPEN_DIALOG	CtFieldReferenceImpl	public
com.bytebreakstudios.animagic.texture.data.AnimagicAtlasData	CtClassImpl	public
com.bytebreakstudios.animagic.editor.EditorScreen.scrollPanel	CtFieldReferenceImpl	private
javax.swing.JComponent.IS_PRINTING	CtFieldReferenceImpl	private
com.bytebreakstudios.animagic.texture.AnimagicTextureRegion.AnimagicTextureRegionShaderData	CtClassImpl	public
com.bytebreakstudios.animagic.texture.AnimagicSpriteBatch.setAmbientColor(com.badlogic.gdx.graphics.Color)	CtMethodImpl	public
com.bytebreakstudios.animagic.texture.data.AnimagicAnimationData.get(int)	CtMethodImpl	public
com.bytebreakstudios.animagic.texture.AnimagicSpriteBatch.useShadow	CtFieldReferenceImpl	private
javax.swing.JComponent.UNDEFINED_CONDITION	CtFieldReferenceImpl	public
javax.swing.JFileChooser.APPROVE_BUTTON_TEXT_CHANGED_PROPERTY	CtFieldReferenceImpl	public
javax.swing.JFileChooser.accessory	CtFieldReferenceImpl	private
javax.swing.JComponent.isAlignmentXSet	CtFieldReferenceImpl	private
com.badlogic.gdx.graphics.g2d.SpriteBatch.transformMatrix	CtFieldReferenceImpl	private
com.bytebreakstudios.animagic.texture.AnimagicTextureRegion.AnimagicTextureRegionShaderData.xCoordDiff	CtFieldReferenceImpl	public
com.bytebreakstudios.animagic.editor.MetaDataEditorLauncher.main(java.lang.String[])	CtMethodImpl	public
com.bytebreakstudios.animagic.animation.SingleFrame.textureRegion	CtFieldReferenceImpl	private
com.bytebreakstudios.animagic.texture.data.AnimagicAtlasData.equals(java.lang.Object)	CtMethodImpl	public
javax.swing.JFileChooser.CUSTOM_DIALOG	CtFieldReferenceImpl	public
com.bytebreakstudios.animagic.animation.Animation.setFrameRate(com.bytebreakstudios.animagic.animation.FrameRate)	CtMethodImpl	public
com.bytebreakstudios.animagic.animation.Animation.keyframes	CtFieldReferenceImpl	private
com.bytebreakstudios.animagic.editor.EditorScreen()	CtConstructorImpl	public
com.bytebreakstudios.animagic.texture.AnimagicSpriteBatch.draw(com.badlogic.gdx.graphics.Texture,float,float,float,float,int,int,int,int,boolean,boolean)	CtMethodImpl	public
com.badlogic.gdx.graphics.g2d.SpriteBatch.shader	CtFieldReferenceImpl	private
com.bytebreakstudios.animagic.texture.Light.isDirty(boolean)	CtMethodImpl	private
com.bytebreakstudios.animagic.texture.AnimagicTextureAtlasLoader.AnimagicTextureAtlasParameter	CtClassImpl	public
com.badlogic.gdx.graphics.g2d.TextureRegion.regionWidth	CtFieldReferenceImpl	package-private
javax.swing.JComponent.FOCUS_TRAVERSAL_KEYS_FORWARD_SET	CtFieldReferenceImpl	private
com.bytebreakstudios.animagic.texture.AnimagicSpriteBatch.Light	CtClassImpl	public
com.bytebreakstudios.animagic.animation.FrameRate.seconds()	CtMethodImpl	public
javax.swing.JComponent.INPUT_VERIFIER_SOURCE_KEY	CtFieldReferenceImpl	private
javax.swing.JComponent.COMPLETELY_OBSCURED	CtFieldReferenceImpl	private
com.badlogic.gdx.graphics.g2d.Batch.Y2	CtFieldReferenceImpl	package-private
com.bytebreakstudios.animagic.utils.AnimagicException	CtClassImpl	public
com.bytebreakstudios.animagic.utils.FileUtils.saveToFile(java.lang.Object)	CtMethodImpl	public
com.bytebreakstudios.animagic.texture.AnimagicSpriteBatch.preDraw(com.badlogic.gdx.graphics.Texture)	CtMethodImpl	private
com.bytebreakstudios.animagic.editor.EditorScreen.buildUI()	CtMethodImpl	private
com.bytebreakstudios.animagic.texture.AnimagicTexturePacker.main(java.lang.String[])	CtMethodImpl	public
com.bytebreakstudios.animagic.animation.AnimationBlend.switchToAnimation(java.lang.String)	CtMethodImpl	public
com.bytebreakstudios.animagic.texture.AnimagicTexturePacker	CtClassImpl	public
javax.swing.JComponent.uiClassID	CtFieldReferenceImpl	private
com.bytebreakstudios.animagic.texture.AnimagicTextureAtlasLoader$AnimagicTextureAtlasParameter()	CtConstructorImpl	public
com.bytebreakstudios.animagic.animation.Animation.currentDuration	CtFieldReferenceImpl	private
com.bytebreakstudios.animagic.texture.AnimagicTextureRegion(com.badlogic.gdx.graphics.Texture,com.badlogic.gdx.graphics.Texture)	CtConstructorImpl	public
com.bytebreakstudios.animagic.animation.SingleFrame.stopListening(com.bytebreakstudios.animagic.animation.AnimationListener)	CtMethodImpl	public
javax.swing.JFileChooser.FILE_SYSTEM_VIEW_CHANGED_PROPERTY	CtFieldReferenceImpl	public
com.bytebreakstudios.animagic.editor.EditorScreen.resume()	CtMethodImpl	public
javax.swing.JComponent.ACTIONMAP_CREATED	CtFieldReferenceImpl	private
javax.swing.JComponent.clientProperties	CtFieldReferenceImpl	private
com.bytebreakstudios.animagic.animation.Animation.AnimationListenerState.PINGED	CtEnumValueImpl	public
javax.swing.JComponent.RESERVED_2	CtFieldReferenceImpl	private
javax.swing.JFileChooser.FILES_AND_DIRECTORIES	CtFieldReferenceImpl	public
com.bytebreakstudios.animagic.texture.AnimagicTextureAtlas	CtClassImpl	public
javax.swing.JFileChooser.APPROVE_BUTTON_MNEMONIC_CHANGED_PROPERTY	CtFieldReferenceImpl	public
javax.swing.JComponent.ANCESTOR_USING_BUFFER	CtFieldReferenceImpl	private
com.bytebreakstudios.animagic.texture.data.AnimagicAtlasData.get(java.lang.Object)	CtMethodImpl	public
com.badlogic.gdx.graphics.g2d.Batch.U3	CtFieldReferenceImpl	package-private
com.bytebreakstudios.animagic.texture.AnimagicTextureRegion.getRegionOriginY()	CtMethodImpl	public
com.bytebreakstudios.animagic.animation.AnimationBlend.hasAnimation(java.lang.String)	CtMethodImpl	public
com.bytebreakstudios.animagic.texture.AnimagicSpriteBatch.draw(com.badlogic.gdx.graphics.g2d.TextureRegion,float,float,float,float,float,float,float,float,float,boolean)	CtMethodImpl	public
javax.swing.JComponent.managingFocusForwardTraversalKeys	CtFieldReferenceImpl	private
com.bytebreakstudios.animagic.texture.AnimagicSpriteBatch.useShadow()	CtMethodImpl	public
com.bytebreakstudios.animagic.animation.AnimationBlend	CtClassImpl	public
javax.swing.JComponent.managingFocusBackwardTraversalKeys	CtFieldReferenceImpl	private
javax.swing.JFileChooser.SHOW_HIDDEN_PROP	CtFieldReferenceImpl	private
com.bytebreakstudios.animagic.animation.Animation.update(float)	CtMethodImpl	public
com.badlogic.gdx.graphics.g2d.SpriteBatch.combinedMatrix	CtFieldReferenceImpl	private
com.bytebreakstudios.animagic.texture.AnimagicTextureRegion$AnimagicTextureRegionShaderData(com.bytebreakstudios.animagic.texture.AnimagicTextureRegion)	CtConstructorImpl	public
com.bytebreakstudios.animagic.texture.AnimagicSpriteBatch.MAX_LIGHTS	CtFieldReferenceImpl	public
com.bytebreakstudios.animagic.texture.AnimagicSpriteBatch.lights	CtFieldReferenceImpl	private
javax.swing.JFileChooser.fileSystemView	CtFieldReferenceImpl	private
javax.swing.JComponent.RESERVED_3	CtFieldReferenceImpl	private
com.bytebreakstudios.animagic.editor.EditorScreen.pngFilter	CtFieldReferenceImpl	package-private
com.badlogic.gdx.graphics.g2d.TextureRegion.v	CtFieldReferenceImpl	package-private
com.bytebreakstudios.animagic.animation.Animation$AnimationPlayState()	CtConstructorImpl	private
com.bytebreakstudios.animagic.editor.EditorScreen.2	CtClassImpl	package-private
com.bytebreakstudios.animagic.utils.SerializationUtils	CtClassImpl	public
javax.swing.JFileChooser.fileFilter	CtFieldReferenceImpl	private
com.badlogic.gdx.scenes.scene2d.utils.ClickListener.pressed	CtFieldReferenceImpl	private
javax.swing.JFileChooser.DIALOG_TYPE_CHANGED_PROPERTY	CtFieldReferenceImpl	public
javax.swing.JComponent.IS_DOUBLE_BUFFERED	CtFieldReferenceImpl	private
com.bytebreakstudios.animagic.editor.EditorScreen.animationCamera	CtFieldReferenceImpl	package-private
com.badlogic.gdx.graphics.g2d.Batch.C2	CtFieldReferenceImpl	package-private
javax.swing.JComponent.focusController	CtFieldReferenceImpl	package-private
javax.swing.JComponent.WIF_INPUTMAP_CREATED	CtFieldReferenceImpl	private
com.bytebreakstudios.animagic.animation.Animation.setFrameIndex(int)	CtMethodImpl	public
com.bytebreakstudios.animagic.animation.SingleFrame.currentDuration	CtFieldReferenceImpl	private
com.bytebreakstudios.animagic.animation.Animation.AnimationListenerState.KEYFRAME	CtEnumValueImpl	public
com.badlogic.gdx.Game.screen	CtFieldReferenceImpl	protected
javax.swing.JComponent.CREATED_DOUBLE_BUFFER	CtFieldReferenceImpl	private
javax.swing.JFileChooser.approveButtonToolTipText	CtFieldReferenceImpl	private
com.bytebreakstudios.animagic.texture.data.AnimagicTextureData.equals(java.lang.Object)	CtMethodImpl	public
com.bytebreakstudios.animagic.animation.SingleFrame.getFrame()	CtMethodImpl	public
com.bytebreakstudios.animagic.animation.SingleFrame.notify(com.bytebreakstudios.animagic.animation.Animation.AnimationListenerState)	CtMethodImpl	private
com.bytebreakstudios.animagic.texture.AnimagicTextureAtlas.LAST_INT_PATTERN	CtFieldReferenceImpl	private
javax.swing.JComponent.AUTOSCROLLS_SET	CtFieldReferenceImpl	private
com.badlogic.gdx.graphics.g2d.Batch.X1	CtFieldReferenceImpl	package-private
com.bytebreakstudios.animagic.animation.Animator.animations	CtFieldReferenceImpl	private
com.bytebreakstudios.animagic.texture.AnimagicSpriteBatch.camera	CtFieldReferenceImpl	private
javax.swing.JComponent.IS_OPAQUE	CtFieldReferenceImpl	private
javax.swing.JFileChooser.selectedFile	CtFieldReferenceImpl	private
com.bytebreakstudios.animagic.editor.EditorScreen.pause()	CtMethodImpl	public
com.bytebreakstudios.animagic.editor.EditorScreen.frameScale	CtFieldReferenceImpl	private
javax.swing.JComponent.ancestorInputMap	CtFieldReferenceImpl	private
com.bytebreakstudios.animagic.editor.EditorScreen.resize(int,int)	CtMethodImpl	public
com.bytebreakstudios.animagic.texture.AnimagicSpriteBatch.draw(com.badlogic.gdx.graphics.Texture,float,float,float,float,float,float,float,float)	CtMethodImpl	public
javax.swing.JFileChooser.FILES_ONLY	CtFieldReferenceImpl	public
com.bytebreakstudios.animagic.texture.AnimagicSpriteBatch.isShaderOn()	CtMethodImpl	public
javax.swing.JFileChooser.useFileHiding	CtFieldReferenceImpl	private
com.badlogic.gdx.graphics.g2d.SpriteBatch.projectionMatrix	CtFieldReferenceImpl	private
com.bytebreakstudios.animagic.texture.AnimagicTexturePacker.pack(java.io.File,java.io.File)	CtMethodImpl	public
com.bytebreakstudios.animagic.animation.SingleFrame.finishedPlaying	CtFieldReferenceImpl	private
com.bytebreakstudios.animagic.texture.AnimagicTextureAtlasLoader.getDependencies(java.lang.String,com.badlogic.gdx.files.FileHandle,com.bytebreakstudios.animagic.texture.AnimagicTextureAtlasLoader.AnimagicTextureAtlasParameter)	CtMethodImpl	public
com.bytebreakstudios.animagic.texture.AnimagicSpriteBatch.draw(com.badlogic.gdx.graphics.Texture,float,float,int,int,int,int)	CtMethodImpl	public
com.badlogic.gdx.graphics.g2d.Batch.V4	CtFieldReferenceImpl	package-private
javax.swing.JComponent.RESERVED_6	CtFieldReferenceImpl	private
javax.swing.JComponent.aaTextInfo	CtFieldReferenceImpl	private
javax.swing.JFileChooser.currentDirectory	CtFieldReferenceImpl	private
com.bytebreakstudios.animagic.texture.AnimagicSpriteBatch.draw(com.badlogic.gdx.graphics.g2d.TextureRegion,float,float,com.badlogic.gdx.math.Affine2)	CtMethodImpl	public
com.bytebreakstudios.animagic.texture.data.AnimagicAnimationData()	CtConstructorImpl	public
com.bytebreakstudios.animagic.texture.AnimagicTextureRegion	CtClassImpl	public
com.bytebreakstudios.animagic.texture.AnimagicSpriteBatch	CtClassImpl	public
com.bytebreakstudios.animagic.texture.AnimagicTextureAtlas.findRegion(java.lang.String)	CtMethodImpl	public
javax.swing.JFileChooser.ACCESSORY_CHANGED_PROPERTY	CtFieldReferenceImpl	public
com.bytebreakstudios.animagic.texture.AnimagicSpriteBatch.isShaderOn(boolean)	CtMethodImpl	public
com.bytebreakstudios.animagic.animation.Animator.currentAnimationName	CtFieldReferenceImpl	private
com.badlogic.gdx.graphics.g2d.SpriteBatch.tempColor	CtFieldReferenceImpl	private
com.bytebreakstudios.animagic.texture.AnimagicTextureAtlasLoader.load(com.badlogic.gdx.assets.AssetManager,java.lang.String,com.badlogic.gdx.files.FileHandle,com.bytebreakstudios.animagic.texture.AnimagicTextureAtlasLoader.AnimagicTextureAtlasParameter)	CtMethodImpl	public
javax.swing.JFileChooser.ERROR_OPTION	CtFieldReferenceImpl	public
javax.swing.JFileChooser.approveButtonText	CtFieldReferenceImpl	private
com.bytebreakstudios.animagic.utils.FileUtils.1	CtClassImpl	package-private
javax.swing.JComponent.ui	CtFieldReferenceImpl	protected
com.bytebreakstudios.animagic.animation.Animation.AnimationListenerState	CtEnumImpl	public
com.bytebreakstudios.animagic.utils.FileUtils.loadFile(java.io.File)	CtMethodImpl	public
javax.swing.JComponent.componentObtainingGraphicsFrom	CtFieldReferenceImpl	private
com.bytebreakstudios.animagic.utils.FileUtils.saveToFile(java.lang.Object,java.lang.String)	CtMethodImpl	public
com.badlogic.gdx.scenes.scene2d.utils.ClickListener.lastTapTime	CtFieldReferenceImpl	private
com.bytebreakstudios.animagic.texture.AnimagicTextureRegion.getRegionOriginX()	CtMethodImpl	public
com.bytebreakstudios.animagic.editor.EditorScreen.touchDown(int,int,int,int)	CtMethodImpl	public
com.badlogic.gdx.scenes.scene2d.utils.ClickListener.tapCountInterval	CtFieldReferenceImpl	private
com.badlogic.gdx.scenes.scene2d.InputListener.tmpCoords	CtFieldReferenceImpl	private
com.bytebreakstudios.animagic.animation.Animator.currentAnimationName()	CtMethodImpl	public
com.bytebreakstudios.animagic.texture.AnimagicSpriteBatch.Light.x	CtFieldReferenceImpl	private
javax.swing.JFileChooser.FILE_VIEW_CHANGED_PROPERTY	CtFieldReferenceImpl	public
com.bytebreakstudios.animagic.animation.Animation.AnimationPlayState	CtEnumImpl	public
com.bytebreakstudios.animagic.texture.data.AnimagicTextureData.originY	CtFieldReferenceImpl	public
com.bytebreakstudios.animagic.utils.FileUtils.lastDirectory	CtFieldReferenceImpl	private
com.bytebreakstudios.animagic.editor.MetaDataEditorApp()	CtConstructorImpl	public
com.bytebreakstudios.animagic.editor.MetaDataEditorApp	CtClassImpl	public
com.badlogic.gdx.graphics.g2d.SpriteBatch.customShader	CtFieldReferenceImpl	private
com.bytebreakstudios.animagic.texture.AnimagicTexturePacker()	CtConstructorImpl	public
com.bytebreakstudios.animagic.editor.EditorScreen.editorPanelArea	CtFieldReferenceImpl	private
com.bytebreakstudios.animagic.editor.EditorScreen.hide()	CtMethodImpl	public
com.bytebreakstudios.animagic.editor.EditorScreen.dispose()	CtMethodImpl	public
com.bytebreakstudios.animagic.animation.SingleFrame.listen(com.bytebreakstudios.animagic.animation.AnimationListener)	CtMethodImpl	public
com.bytebreakstudios.animagic.editor.EditorScreen.setInputControls()	CtMethodImpl	private
javax.swing.JFileChooser.DIRECTORIES_ONLY	CtFieldReferenceImpl	public
com.bytebreakstudios.animagic.animation.Animation.AnimationPlayState.REPEAT	CtEnumValueImpl	public
com.bytebreakstudios.animagic.texture.AnimagicSpriteBatch.setCamera(com.badlogic.gdx.graphics.Camera)	CtMethodImpl	public
com.bytebreakstudios.animagic.texture.data.AnimagicTextureData.originX	CtFieldReferenceImpl	public
com.badlogic.gdx.graphics.g2d.TextureRegion.v2	CtFieldReferenceImpl	package-private
com.bytebreakstudios.animagic.animation.AnimationBlend.blendData	CtFieldReferenceImpl	private
com.bytebreakstudios.animagic.texture.Light.color(float,float,float)	CtMethodImpl	public
com.bytebreakstudios.animagic.texture.AnimagicSpriteBatch.draw(com.badlogic.gdx.graphics.g2d.TextureRegion,float,float)	CtMethodImpl	public
com.bytebreakstudios.animagic.texture.AnimagicSpriteBatch.createShader()	CtMethodImpl	private
com.bytebreakstudios.animagic.animation.SingleFrame.getFrameIndex()	CtMethodImpl	public
com.bytebreakstudios.animagic.texture.AnimagicTextureAtlas(java.lang.String)	CtConstructorImpl	public
javax.swing.JFileChooser.APPROVE_SELECTION	CtFieldReferenceImpl	public
com.bytebreakstudios.animagic.texture.AnimagicTextureAtlas.getNormal(java.lang.String,int)	CtMethodImpl	private
com.bytebreakstudios.animagic.texture.data.AnimagicTextureData(com.bytebreakstudios.animagic.texture.data.AnimagicTextureData)	CtConstructorImpl	public
com.bytebreakstudios.animagic.animation.Animation	CtClassImpl	public
com.bytebreakstudios.animagic.animation.SingleFrame.update(float)	CtMethodImpl	public
com.bytebreakstudios.animagic.editor.EditorScreen.refreshCurrentAnimation()	CtMethodImpl	public
javax.swing.JFileChooser.CANCEL_SELECTION	CtFieldReferenceImpl	public
com.bytebreakstudios.animagic.animation.AnimationBlend.currentAnimation()	CtMethodImpl	private
com.bytebreakstudios.animagic.texture.AnimagicTextureRegion.AnimagicTextureRegionShaderData.xCoordMin	CtFieldReferenceImpl	public
com.bytebreakstudios.animagic.editor.EditorScreen.selectedRegion	CtFieldReferenceImpl	private
com.bytebreakstudios.animagic.texture.AnimagicTextureAtlasLoader.AnimagicTextureAtlasParameter.flip	CtFieldReferenceImpl	public
com.bytebreakstudios.animagic.utils.FileUtils.loadFileAs(java.lang.Class<T>,java.io.File)	CtMethodImpl	public
com.bytebreakstudios.animagic.texture.AnimagicTextureRegion.AnimagicTextureRegionShaderData.yNorCoordDiff	CtFieldReferenceImpl	public
com.bytebreakstudios.animagic.texture.AnimagicSpriteBatch.normalIntensity(float)	CtMethodImpl	public
com.bytebreakstudios.animagic.texture.AnimagicTexturePacker.directoryFilter	CtFieldReferenceImpl	private
com.bytebreakstudios.animagic.texture.AnimagicTextureAtlas.getRegion(java.lang.String,int)	CtMethodImpl	private
javax.swing.JFileChooser.filters	CtFieldReferenceImpl	private
com.bytebreakstudios.animagic.animation.Animation.reset()	CtMethodImpl	public
com.bytebreakstudios.animagic.editor.EditorScreen.loadAnimation(java.lang.String)	CtMethodImpl	private
com.bytebreakstudios.animagic.utils.FileUtils.createDirectoryStructure(java.io.File)	CtMethodImpl	public
com.bytebreakstudios.animagic.animation.Animation.AnimationPlayState.PINGPONG	CtEnumValueImpl	public
com.badlogic.gdx.scenes.scene2d.utils.ClickListener.pressedPointer	CtFieldReferenceImpl	private
javax.swing.JComponent.isAlignmentYSet	CtFieldReferenceImpl	private
javax.swing.JFileChooser.SAVE_DIALOG	CtFieldReferenceImpl	public
com.bytebreakstudios.animagic.utils.FileUtils.nextSaveDir	CtFieldReferenceImpl	private
com.bytebreakstudios.animagic.texture.AnimagicTextureAtlas.trimTrailingNumber(java.lang.String)	CtMethodImpl	private
com.badlogic.gdx.scenes.scene2d.utils.ClickListener.cancelled	CtFieldReferenceImpl	private
com.bytebreakstudios.animagic.utils.FileUtils	CtClassImpl	public
com.bytebreakstudios.animagic.texture.AnimagicSpriteBatch.Light.g	CtFieldReferenceImpl	private
com.badlogic.gdx.graphics.g2d.SpriteBatch.lastTexture	CtFieldReferenceImpl	package-private
com.bytebreakstudios.animagic.utils.FileUtils.saveToFile(java.lang.String)	CtMethodImpl	public
com.bytebreakstudios.animagic.texture.data.AnimagicTextureData.toString()	CtMethodImpl	public
com.badlogic.gdx.graphics.g2d.Batch.C3	CtFieldReferenceImpl	package-private
com.bytebreakstudios.animagic.texture.AnimagicSpriteBatch.getCamera()	CtMethodImpl	public
com.bytebreakstudios.animagic.editor.EditorScreen.show()	CtMethodImpl	public
com.badlogic.gdx.graphics.g2d.SpriteBatch.renderCalls	CtFieldReferenceImpl	public
com.bytebreakstudios.animagic.texture.AnimagicTextureAtlas(com.badlogic.gdx.files.FileHandle,boolean)	CtConstructorImpl	public
com.bytebreakstudios.animagic.texture.AnimagicTextureRegion(com.badlogic.gdx.graphics.Texture,com.badlogic.gdx.graphics.Texture,int,int,int,int,com.bytebreakstudios.animagic.texture.data.AnimagicTextureData)	CtConstructorImpl	public
com.bytebreakstudios.animagic.animation.Animation.name()	CtMethodImpl	public
com.bytebreakstudios.animagic.animation.AnimationBlend.reset()	CtMethodImpl	public
com.bytebreakstudios.animagic.texture.AnimagicTexturePacker.recursiveFindAndCopyMeta(java.io.File,int,com.badlogic.gdx.utils.Array<java.lang.String>,com.bytebreakstudios.animagic.texture.data.AnimagicAtlasData)	CtMethodImpl	private
com.bytebreakstudios.animagic.animation.Animation.getFrame()	CtMethodImpl	public
com.bytebreakstudios.animagic.editor.EditorScreen.3	CtClassImpl	package-private
javax.swing.JComponent.ANCESTOR_INPUTMAP_CREATED	CtFieldReferenceImpl	private
com.bytebreakstudios.animagic.editor.EditorScreen.buildAnimationPanel()	CtMethodImpl	private
javax.swing.JFileChooser.dragEnabled	CtFieldReferenceImpl	private
com.bytebreakstudios.animagic.animation.Animation.finishedPlaying	CtFieldReferenceImpl	private
com.badlogic.gdx.graphics.g2d.SpriteBatch.drawing	CtFieldReferenceImpl	package-private
com.bytebreakstudios.animagic.animation.Animator.getAnimationByName(java.lang.String)	CtMethodImpl	public
com.bytebreakstudios.animagic.texture.AnimagicTextureAtlas.findRegions(java.lang.String)	CtMethodImpl	public
com.bytebreakstudios.animagic.editor.EditorScreen.1	CtClassImpl	package-private
com.bytebreakstudios.animagic.utils.FileUtils.copyFile(java.io.File,java.io.File)	CtMethodImpl	public
javax.swing.JFileChooser.CHOOSABLE_FILE_FILTER_CHANGED_PROPERTY	CtFieldReferenceImpl	public
com.bytebreakstudios.animagic.animation.Animator.name	CtFieldReferenceImpl	private
com.bytebreakstudios.animagic.texture.AnimagicTextureRegion.getOriginPercentage()	CtMethodImpl	public
com.bytebreakstudios.animagic.utils.FileUtils.2	CtClassImpl	package-private
com.bytebreakstudios.animagic.editor.EditorScreen.buildFrameScrollPanel()	CtMethodImpl	private
com.bytebreakstudios.animagic.animation.SingleFrame.name()	CtMethodImpl	public
com.bytebreakstudios.animagic.editor.MetaDataEditorLauncher	CtClassImpl	public
com.bytebreakstudios.animagic.animation.Animation.totalFrameRateDuration	CtFieldReferenceImpl	private
com.bytebreakstudios.animagic.editor.EditorScreen.animationScale	CtFieldReferenceImpl	private
com.badlogic.gdx.graphics.g2d.SpriteBatch.blendSrcFunc	CtFieldReferenceImpl	private
javax.swing.JFileChooser.ACCEPT_ALL_FILE_FILTER_USED_CHANGED_PROPERTY	CtFieldReferenceImpl	public
com.bytebreakstudios.animagic.texture.AnimagicTextureRegion.AnimagicTextureRegionShaderData.xNorCoordMin	CtFieldReferenceImpl	public
com.badlogic.gdx.graphics.g2d.SpriteBatch.ownsShader	CtFieldReferenceImpl	private
com.badlogic.gdx.graphics.g2d.Batch.C4	CtFieldReferenceImpl	package-private
com.bytebreakstudios.animagic.texture.AnimagicTextureRegion.FLAT_NORMAL_MAP	CtFieldReferenceImpl	public
com.bytebreakstudios.animagic.texture.AnimagicTexturePacker.metaFilter	CtFieldReferenceImpl	private
com.bytebreakstudios.animagic.texture.AnimagicTextureRegion.getOriginPercentageY()	CtMethodImpl	public
com.bytebreakstudios.animagic.editor.EditorScreen.buttonPanel	CtFieldReferenceImpl	private
com.bytebreakstudios.animagic.editor.EditorScreen.animationPanel	CtFieldReferenceImpl	private
javax.swing.JComponent.defaultLocale	CtFieldReferenceImpl	private
com.bytebreakstudios.animagic.editor.MetaDataEditorApp.create()	CtMethodImpl	public
com.bytebreakstudios.animagic.texture.AnimagicTextureAtlasLoader(com.badlogic.gdx.assets.loaders.FileHandleResolver)	CtConstructorImpl	public
com.bytebreakstudios.animagic.texture.Light.color(com.badlogic.gdx.graphics.Color)	CtMethodImpl	public
com.bytebreakstudios.animagic.texture.AnimagicTextureRegion.getOriginPercentageX()	CtMethodImpl	public
com.badlogic.gdx.graphics.g2d.Batch.C1	CtFieldReferenceImpl	package-private
javax.swing.JComponent.listenerList	CtFieldReferenceImpl	protected
javax.swing.JComponent.actionMap	CtFieldReferenceImpl	private
com.bytebreakstudios.animagic.texture.AnimagicSpriteBatch.Light.r	CtFieldReferenceImpl	private
javax.swing.JComponent.REQUEST_FOCUS_DISABLED	CtFieldReferenceImpl	private
javax.swing.JComponent.readObjectCallbacks	CtFieldReferenceImpl	private
com.badlogic.gdx.graphics.g2d.Batch.X2	CtFieldReferenceImpl	package-private
javax.swing.JComponent.IS_PAINTING_TILE	CtFieldReferenceImpl	private
com.bytebreakstudios.animagic.animation.Animation.AnimationPlayState.ONCE	CtEnumValueImpl	public
com.bytebreakstudios.animagic.editor.EditorScreen.stage	CtFieldReferenceImpl	private
javax.swing.JFileChooser.MULTI_SELECTION_ENABLED_CHANGED_PROPERTY	CtFieldReferenceImpl	public
javax.swing.JFileChooser.FILE_SELECTION_MODE_CHANGED_PROPERTY	CtFieldReferenceImpl	public
com.bytebreakstudios.animagic.animation.FrameRate.perFrame(float)	CtMethodImpl	public
javax.swing.JComponent.tempRectangles	CtFieldReferenceImpl	private
com.bytebreakstudios.animagic.texture.AnimagicSpriteBatch.Light.b	CtFieldReferenceImpl	private
com.badlogic.gdx.graphics.g2d.SpriteBatch.totalRenderCalls	CtFieldReferenceImpl	public
com.bytebreakstudios.animagic.texture.AnimagicSpriteBatch.resetLights()	CtMethodImpl	private
javax.swing.JComponent.IS_REPAINTING	CtFieldReferenceImpl	private
com.bytebreakstudios.animagic.utils.FileUtils.selectDirectory()	CtMethodImpl	public
com.bytebreakstudios.animagic.animation.SingleFrame(java.lang.String,com.bytebreakstudios.animagic.animation.FrameRate,com.badlogic.gdx.graphics.g2d.TextureRegion)	CtConstructorImpl	public
com.bytebreakstudios.animagic.animation.Animation.getFrameIndex()	CtMethodImpl	public
com.badlogic.gdx.graphics.g2d.Batch.X4	CtFieldReferenceImpl	package-private
com.bytebreakstudios.animagic.texture.AnimagicSpriteBatch(com.badlogic.gdx.graphics.Camera)	CtConstructorImpl	public
javax.swing.JComponent.inputVerifier	CtFieldReferenceImpl	private
com.bytebreakstudios.animagic.editor.EditorScreen.renderAnimationPanel(float)	CtMethodImpl	private
com.bytebreakstudios.animagic.animation.Animator.update(float)	CtMethodImpl	public
javax.swing.JComponent.alignmentY	CtFieldReferenceImpl	private
com.bytebreakstudios.animagic.texture.data.AnimagicTextureData	CtClassImpl	public
javax.swing.JFileChooser.fileView	CtFieldReferenceImpl	private
com.bytebreakstudios.animagic.utils.SerializationUtils.fromJson(java.lang.Class<T>,java.lang.String)	CtMethodImpl	public
com.bytebreakstudios.animagic.animation.Animation.percentagePerFrame	CtFieldReferenceImpl	private
com.bytebreakstudios.animagic.texture.AnimagicSpriteBatch.Light.index	CtFieldReferenceImpl	public
com.bytebreakstudios.animagic.animation.Animation.AnimationListenerState.PONGED	CtEnumValueImpl	public
com.bytebreakstudios.animagic.texture.AnimagicTextureAtlas.getMeta(java.lang.String,int)	CtMethodImpl	private
com.bytebreakstudios.animagic.texture.AnimagicSpriteBatch$Light(int)	CtConstructorImpl	protected
com.bytebreakstudios.animagic.editor.EditorScreen.render(float)	CtMethodImpl	public
com.bytebreakstudios.animagic.animation.Animation.AnimationListenerState.REPEATED	CtEnumValueImpl	public
com.bytebreakstudios.animagic.animation.Animation.playDirectionModifier	CtFieldReferenceImpl	private
com.bytebreakstudios.animagic.texture.AnimagicSpriteBatch.debugNormals(boolean)	CtMethodImpl	public
com.bytebreakstudios.animagic.texture.AnimagicTextureRegion.meta	CtFieldReferenceImpl	private
com.badlogic.gdx.graphics.g2d.TextureRegion.u2	CtFieldReferenceImpl	package-private
com.badlogic.gdx.scenes.scene2d.utils.ClickListener.visualPressedTime	CtFieldReferenceImpl	private
com.bytebreakstudios.animagic.animation.SingleFrame.reset()	CtMethodImpl	public
com.bytebreakstudios.animagic.texture.AnimagicTextureRegion(com.bytebreakstudios.animagic.texture.AnimagicTextureRegion,com.bytebreakstudios.animagic.texture.data.AnimagicTextureData)	CtConstructorImpl	public
com.bytebreakstudios.animagic.texture.AnimagicTexturePacker.findAndCopyMetaFiles(java.io.File,java.io.File)	CtMethodImpl	private
javax.swing.JFileChooser.accessibleContext	CtFieldReferenceImpl	protected
com.bytebreakstudios.animagic.animation.FrameRate.seconds	CtFieldReferenceImpl	private
com.bytebreakstudios.animagic.animation.Animation.stopListening(com.bytebreakstudios.animagic.animation.AnimationListener)	CtMethodImpl	public
javax.swing.JComponent.revalidateRunnableScheduled	CtFieldReferenceImpl	private
com.bytebreakstudios.animagic.animation.FrameRate.total(float)	CtMethodImpl	public
javax.swing.JFileChooser.controlsShown	CtFieldReferenceImpl	private
javax.swing.JFileChooser.fileSelectionMode	CtFieldReferenceImpl	private
com.bytebreakstudios.animagic.editor.EditorScreen.buildButtons()	CtMethodImpl	private
com.bytebreakstudios.animagic.texture.AnimagicSpriteBatch.Light.dirty	CtFieldReferenceImpl	private
javax.swing.JFileChooser.APPROVE_BUTTON_TOOL_TIP_TEXT_CHANGED_PROPERTY	CtFieldReferenceImpl	public
com.bytebreakstudios.animagic.animation.AnimationBlend.names()	CtMethodImpl	public
com.badlogic.gdx.scenes.scene2d.utils.ClickListener.pressedButton	CtFieldReferenceImpl	private
com.bytebreakstudios.animagic.utils.SerializationUtils.mapper	CtFieldReferenceImpl	private
javax.swing.JFileChooser.uiClassID	CtFieldReferenceImpl	private
com.bytebreakstudios.animagic.animation.SingleFrame.listeners	CtFieldReferenceImpl	private
com.bytebreakstudios.animagic.texture.AnimagicSpriteBatch.setLight(int,float,float,float,float,com.badlogic.gdx.graphics.Color)	CtMethodImpl	public
javax.swing.JComponent.windowInputMap	CtFieldReferenceImpl	private
com.bytebreakstudios.animagic.texture.Light.isDirty()	CtMethodImpl	public
javax.swing.JFileChooser.useAcceptAllFileFilter	CtFieldReferenceImpl	private
com.bytebreakstudios.animagic.texture.AnimagicSpriteBatch()	CtConstructorImpl	public
com.bytebreakstudios.animagic.animation.Animator.addAnimation(com.bytebreakstudios.animagic.animation.IFrameByFrameAnimation)	CtMethodImpl	public
com.badlogic.gdx.scenes.scene2d.utils.ClickListener.visualPressedDuration	CtFieldReferenceImpl	public
com.badlogic.gdx.graphics.g2d.SpriteBatch.mesh	CtFieldReferenceImpl	private
com.bytebreakstudios.animagic.texture.AnimagicSpriteBatch.debugNormals()	CtMethodImpl	public
com.bytebreakstudios.animagic.texture.AnimagicTextureAtlas.meta	CtFieldReferenceImpl	private
com.bytebreakstudios.animagic.editor.EditorScreen.renderSelectedRegion(float)	CtMethodImpl	private
javax.swing.JFileChooser.dialogTitle	CtFieldReferenceImpl	private
javax.swing.JComponent.WRITE_OBJ_COUNTER_FIRST	CtFieldReferenceImpl	private
com.bytebreakstudios.animagic.utils.AnimagicException(java.lang.String)	CtConstructorImpl	public
javax.swing.JComponent.flags	CtFieldReferenceImpl	private
javax.swing.JComponent.IS_PRINTING_ALL	CtFieldReferenceImpl	private
com.bytebreakstudios.animagic.texture.AnimagicSpriteBatch.normalIntensity()	CtMethodImpl	public
com.bytebreakstudios.animagic.animation.SingleFrame.perFrameRateDuration	CtFieldReferenceImpl	private
com.badlogic.gdx.graphics.g2d.Batch.Y3	CtFieldReferenceImpl	package-private
com.bytebreakstudios.animagic.animation.Animation(java.lang.String,com.bytebreakstudios.animagic.animation.Animation.AnimationPlayState,com.bytebreakstudios.animagic.animation.FrameRate,com.badlogic.gdx.graphics.g2d.TextureRegion[],int[])	CtConstructorImpl	public
com.bytebreakstudios.animagic.utils.FileUtils()	CtConstructorImpl	public
com.bytebreakstudios.animagic.editor.EditorScreen.shaper	CtFieldReferenceImpl	private
com.badlogic.gdx.scenes.scene2d.utils.ClickListener.button	CtFieldReferenceImpl	private
javax.swing.JFileChooser.selectedFiles	CtFieldReferenceImpl	private
javax.swing.JComponent.WRITE_OBJ_COUNTER_LAST	CtFieldReferenceImpl	private
com.bytebreakstudios.animagic.texture.AnimagicSpriteBatch.BLACK	CtFieldReferenceImpl	private
com.bytebreakstudios.animagic.texture.AnimagicSpriteBatch.draw(com.badlogic.gdx.graphics.Texture,float[],int,int)	CtMethodImpl	public
com.badlogic.gdx.graphics.g2d.Batch.Y4	CtFieldReferenceImpl	package-private
javax.swing.JComponent.DEBUG_GRAPHICS_LOADED	CtFieldReferenceImpl	package-private
com.bytebreakstudios.animagic.animation.SingleFrame.perFrameDuration()	CtMethodImpl	public
com.bytebreakstudios.animagic.animation.Animation.perFrameDuration()	CtMethodImpl	public
javax.swing.JFileChooser.multiSelectionEnabled	CtFieldReferenceImpl	private
javax.swing.JComponent.componentObtainingGraphicsFromLock	CtFieldReferenceImpl	private
com.badlogic.gdx.graphics.g2d.Batch.U2	CtFieldReferenceImpl	package-private
com.bytebreakstudios.animagic.texture.Light.resetDirty()	CtMethodImpl	public
com.bytebreakstudios.animagic.texture.AnimagicSpriteBatch.Light.z	CtFieldReferenceImpl	private
com.bytebreakstudios.animagic.editor.EditorScreen	CtClassImpl	public
javax.swing.JComponent.alignmentX	CtFieldReferenceImpl	private
com.bytebreakstudios.animagic.texture.data.AnimagicAnimationData	CtClassImpl	public
javax.swing.JComponent.NEXT_FOCUS	CtFieldReferenceImpl	private
com.bytebreakstudios.animagic.texture.data.AnimagicAnimationData.equals(java.lang.Object)	CtMethodImpl	public
com.bytebreakstudios.animagic.animation.Animation.textures	CtFieldReferenceImpl	private
javax.swing.JComponent.RESERVED_4	CtFieldReferenceImpl	private
com.badlogic.gdx.graphics.g2d.Batch.V2	CtFieldReferenceImpl	package-private
com.bytebreakstudios.animagic.texture.data.AnimagicAnimationData.putting(java.lang.Integer,com.bytebreakstudios.animagic.texture.data.AnimagicTextureData)	CtMethodImpl	public
com.bytebreakstudios.animagic.texture.AnimagicTextureRegion.shaderData	CtFieldReferenceImpl	public
javax.swing.JComponent.KEYBOARD_BINDINGS_KEY	CtFieldReferenceImpl	private
com.bytebreakstudios.animagic.animation.SingleFrame	CtClassImpl	public
com.bytebreakstudios.animagic.editor.EditorScreen.currentAnimationDir	CtFieldReferenceImpl	private
com.bytebreakstudios.animagic.texture.AnimagicSpriteBatch.draw(com.badlogic.gdx.graphics.g2d.TextureRegion,float,float,float,float,float,float,float,float,float)	CtMethodImpl	public
javax.swing.JComponent.OPAQUE_SET	CtFieldReferenceImpl	private
com.bytebreakstudios.animagic.animation.AnimationBlend.update(float)	CtMethodImpl	public
com.badlogic.gdx.graphics.g2d.SpriteBatch.vertices	CtFieldReferenceImpl	package-private
com.bytebreakstudios.animagic.animation.Animator	CtClassImpl	public
com.bytebreakstudios.animagic.animation.Animation.totalFrames()	CtMethodImpl	public
javax.swing.JComponent.INHERITS_POPUP_MENU	CtFieldReferenceImpl	private
com.badlogic.gdx.graphics.g2d.SpriteBatch.blendingDisabled	CtFieldReferenceImpl	private
com.bytebreakstudios.animagic.animation.Animation.getFrames()	CtMethodImpl	public
com.bytebreakstudios.animagic.animation.Animator.getFrame()	CtMethodImpl	public
com.bytebreakstudios.animagic.texture.AnimagicTextureRegion.normals	CtFieldReferenceImpl	private
com.bytebreakstudios.animagic.editor.EditorScreen.4	CtClassImpl	package-private
com.bytebreakstudios.animagic.animation.Animation$AnimationListenerState()	CtConstructorImpl	private
com.bytebreakstudios.animagic.texture.AnimagicTextureRegion(com.bytebreakstudios.animagic.texture.AnimagicTextureRegion)	CtConstructorImpl	public
com.bytebreakstudios.animagic.texture.AnimagicTextureRegion.AnimagicTextureRegionShaderData.yCoordDiff	CtFieldReferenceImpl	public
com.bytebreakstudios.animagic.texture.AnimagicTextureAtlas.atlas	CtFieldReferenceImpl	private
javax.swing.JComponent.RESERVED_1	CtFieldReferenceImpl	private
com.bytebreakstudios.animagic.animation.FrameRate.total()	CtMethodImpl	public
com.bytebreakstudios.animagic.texture.AnimagicTextureRegion.getNormalTextureRegion()	CtMethodImpl	public
com.bytebreakstudios.animagic.animation.Animation.totalDuration()	CtMethodImpl	public
com.bytebreakstudios.animagic.animation.Animation.listen(com.bytebreakstudios.animagic.animation.AnimationListener)	CtMethodImpl	public
com.bytebreakstudios.animagic.editor.MetaDataEditorLauncher()	CtConstructorImpl	public
com.bytebreakstudios.animagic.texture.Light.attenuation(float)	CtMethodImpl	public
com.badlogic.gdx.graphics.g2d.Batch.X3	CtFieldReferenceImpl	package-private
com.bytebreakstudios.animagic.utils.SerializationUtils()	CtConstructorImpl	private
com.bytebreakstudios.animagic.animation.FrameRate(float,boolean)	CtConstructorImpl	private
com.bytebreakstudios.animagic.texture.AnimagicTextureAtlas.findMetaFile(com.badlogic.gdx.files.FileHandle)	CtMethodImpl	private
com.bytebreakstudios.animagic.animation.Animation(java.lang.String,com.bytebreakstudios.animagic.animation.Animation.AnimationPlayState,com.bytebreakstudios.animagic.animation.FrameRate,com.badlogic.gdx.graphics.g2d.TextureRegion[])	CtConstructorImpl	public
com.bytebreakstudios.animagic.texture.AnimagicTextureRegion.AnimagicTextureRegionShaderData.xNorCoordDiff	CtFieldReferenceImpl	public
com.bytebreakstudios.animagic.animation.SingleFrame.totalDuration()	CtMethodImpl	public
com.bytebreakstudios.animagic.texture.AnimagicSpriteBatch.draw(com.badlogic.gdx.graphics.g2d.TextureRegion,float,float,float,float)	CtMethodImpl	public
com.bytebreakstudios.animagic.animation.Animation.playState	CtFieldReferenceImpl	private
com.bytebreakstudios.animagic.texture.AnimagicSpriteBatch.begin()	CtMethodImpl	public
javax.swing.JComponent.TOOL_TIP_TEXT_KEY	CtFieldReferenceImpl	public
javax.swing.JFileChooser.CONTROL_BUTTONS_ARE_SHOWN_CHANGED_PROPERTY	CtFieldReferenceImpl	public
com.bytebreakstudios.animagic.texture.AnimagicSpriteBatch.preDraw(com.badlogic.gdx.graphics.g2d.TextureRegion,float,float,float,float)	CtMethodImpl	private
javax.swing.JFileChooser.DIALOG_TITLE_CHANGED_PROPERTY	CtFieldReferenceImpl	public
javax.swing.JComponent.NOT_OBSCURED	CtFieldReferenceImpl	private
javax.swing.JFileChooser.APPROVE_OPTION	CtFieldReferenceImpl	public
javax.swing.JComponent.vetoableChangeSupport	CtFieldReferenceImpl	private
com.bytebreakstudios.animagic.texture.AnimagicTextureRegion.AnimagicTextureRegionShaderData.yCoordMin	CtFieldReferenceImpl	public
com.bytebreakstudios.animagic.editor.EditorScreen.batch	CtFieldReferenceImpl	private
com.bytebreakstudios.animagic.texture.Light.position(float,float,float)	CtMethodImpl	public
com.bytebreakstudios.animagic.animation.Animation.percentComplete()	CtMethodImpl	public
com.bytebreakstudios.animagic.texture.data.AnimagicAtlasData.toString()	CtMethodImpl	public
