method	type	visibility
org.corpus_tools.peppermodules.paula.util.xPointer.XPtrInterpreter.TOKENTYPE.SIMPLE_XML_FILE	CtEnumValueImpl	package-private
org.corpus_tools.peppermodules.paula.PAULA2SaltMapper.paulaMARK_TOKConnector(java.io.File,java.lang.String,java.lang.String,java.lang.String,java.lang.String,java.lang.String,java.lang.String)	CtMethodImpl	public
org.corpus_tools.peppermodules.paula.PAULA_TYPE.fileInfix	CtFieldReferenceImpl	private
org.corpus_tools.peppermodules.paula.PAULAXMLDictionary.PAULA_FEAT_DOCTYPE_TAG	CtFieldReferenceImpl	public
org.corpus_tools.peppermodules.paula.PAULAExporter()	CtConstructorImpl	public
org.corpus_tools.peppermodules.paula.readers.PAULATextReader()	CtConstructorImpl	public
org.corpus_tools.peppermodules.paula.PAULAXMLDictionary.TAG_MULTI_MULTIFEAT	CtFieldReferenceImpl	public
org.corpus_tools.peppermodules.paula.PAULAXMLDictionary.ATT_FEAT_FEAT_TAR	CtFieldReferenceImpl	public
org.corpus_tools.peppermodules.paula.PAULAFileDelegator.startPaulaFiles()	CtMethodImpl	public
org.corpus_tools.peppermodules.paula.readers.PAULAFeatReader()	CtConstructorImpl	public
org.corpus_tools.peppermodules.paula.PAULAXMLDictionary.TAG_MARK_MARK	CtFieldReferenceImpl	public
org.corpus_tools.peppermodules.paula.PAULAXMLDictionary.TAG_FEAT_FEATLIST	CtFieldReferenceImpl	public
org.corpus_tools.pepper.impl.PepperModuleImpl.mapperThreadGroup	CtFieldReferenceImpl	private
org.corpus_tools.pepper.modules.PepperModuleProperties.pepperModuleProperties	CtFieldReferenceImpl	protected
org.corpus_tools.peppermodules.paula.Salt2PAULAMapper.generateXPointer(org.corpus_tools.salt.graph.IdentifiableElement,java.io.File)	CtMethodImpl	public
org.corpus_tools.peppermodules.paula.Salt2PAULAMapper.generateFileName(org.corpus_tools.salt.core.SRelation<? extends org.corpus_tools.salt.core.SNode, ? extends org.corpus_tools.salt.core.SNode>)	CtMethodImpl	public
org.corpus_tools.peppermodules.paula.util.xPointer.XPtrInterpreter.getResult()	CtMethodImpl	public
org.corpus_tools.peppermodules.paula.readers.PAULAReader	CtClassImpl	public
org.corpus_tools.pepper.modules.PepperModule.ENDING_FOLDER	CtFieldReferenceImpl	package-private
org.corpus_tools.peppermodules.paula.util.xPointer.XPtrInterpreter.ERR_EMPTY_EX	CtFieldReferenceImpl	private
org.corpus_tools.peppermodules.paula.util.xPointer.XPtrInterpreter.xPtr	CtFieldReferenceImpl	private
org.corpus_tools.peppermodules.paula.PAULA_TYPE	CtEnumImpl	public
org.corpus_tools.pepper.modules.PepperModuleProperties.PREFIX_PEPPER	CtFieldReferenceImpl	private
org.corpus_tools.peppermodules.paula.PAULAFileDelegator.getMapper()	CtMethodImpl	public
org.corpus_tools.peppermodules.paula.PAULAImporterProperties.PROP_TOK_NAMESPACE_FROM_FILE	CtFieldReferenceImpl	public
org.corpus_tools.peppermodules.paula.PAULAXMLDictionary.TAG_PAULA	CtFieldReferenceImpl	public
org.corpus_tools.peppermodules.paula.PAULA2SaltMapper.DominanceRelationContainer.paulaId	CtFieldReferenceImpl	public
org.corpus_tools.peppermodules.paula.readers.PAULAMultiFeatReader	CtClassImpl	public
org.corpus_tools.peppermodules.paula.readers.PAULASpecificReader.setPaulaID(java.lang.String)	CtMethodImpl	public
org.corpus_tools.peppermodules.paula.readers.PAULAFeatReader.KW_ANNO	CtFieldReferenceImpl	private
org.corpus_tools.peppermodules.paula.PAULA2SaltMapper.logger	CtFieldReferenceImpl	private
org.corpus_tools.peppermodules.paula.util.xPointer.XPtrInterpreter.getFromTokenRange(java.lang.String)	CtMethodImpl	private
org.corpus_tools.peppermodules.paula.util.xPointer.XPtrInterpreter(java.lang.String,java.lang.String)	CtConstructorImpl	public
org.corpus_tools.peppermodules.paula.util.xPointer.XPtrInterpreter.getXPtr()	CtMethodImpl	public
org.corpus_tools.peppermodules.paula.PAULAImporter.PAULA_FILE_ENDINGS	CtFieldReferenceImpl	private
org.corpus_tools.peppermodules.paula.Salt2PAULAMapper.xmlFactory	CtFieldReferenceImpl	private
org.corpus_tools.peppermodules.paula.readers.PAULAReader.currentDTD	CtFieldReferenceImpl	private
org.corpus_tools.peppermodules.paula.readers.PAULATextReader.characters(char[],int,int)	CtMethodImpl	public
org.corpus_tools.peppermodules.paula.readers.PAULATextReader.startElement(java.lang.String,java.lang.String,java.lang.String,org.xml.sax.Attributes)	CtMethodImpl	public
org.corpus_tools.peppermodules.paula.PAULAFileDelegator.setPaulaPath(java.io.File)	CtMethodImpl	public
org.corpus_tools.peppermodules.paula.util.xPointer.XPtrInterpreter.ERR_WRONG_EX	CtFieldReferenceImpl	private
org.corpus_tools.peppermodules.paula.readers.PAULAStructReader	CtClassImpl	public
org.corpus_tools.peppermodules.paula.PAULAXMLDictionary.TAG_MARK_MARKLIST	CtFieldReferenceImpl	public
org.corpus_tools.peppermodules.paula.PAULA2SaltMapper.paulaFEAT_METAConnector(java.io.File,java.lang.String,java.lang.String,java.lang.String,java.lang.String,java.lang.String,java.lang.String,java.lang.String,java.lang.String,java.lang.String)	CtMethodImpl	public
org.corpus_tools.peppermodules.paula.PAULAXMLDictionary.TAG_MULTI_FEAT	CtFieldReferenceImpl	public
org.corpus_tools.peppermodules.paula.util.xPointer.XPtrInterpreter.KW_XML_ENDING	CtFieldReferenceImpl	private
org.corpus_tools.pepper.impl.PepperModuleImpl.logger	CtFieldReferenceImpl	protected
org.corpus_tools.peppermodules.paula.readers.PAULASpecificReader.setPaulaType(java.lang.String)	CtMethodImpl	public
org.corpus_tools.peppermodules.paula.util.xPointer.XPtrRef.POINTERTYPE.NOTSET	CtEnumValueImpl	public
org.corpus_tools.peppermodules.paula.Salt2PAULAMapper.ID_PREFIX	CtFieldReferenceImpl	public
org.corpus_tools.peppermodules.paula.PAULA2SaltMapper.paulaSTRUCTConnector(java.io.File,java.lang.String,java.lang.String,java.lang.String,java.lang.String,java.lang.String,java.lang.String,java.lang.String)	CtMethodImpl	public
org.corpus_tools.peppermodules.paula.PAULAXMLDictionary.ATT_STRUCT_REL_TYPE	CtFieldReferenceImpl	public
org.corpus_tools.peppermodules.paula.readers.PAULASpecificReader.getPaulaFileDelegator()	CtMethodImpl	public
org.corpus_tools.peppermodules.paula.PAULA2SaltMapper.attachSNode2SLayer(org.corpus_tools.salt.core.SNode,java.lang.String)	CtMethodImpl	private
org.corpus_tools.peppermodules.paula.readers.PAULASpecificReader.getPaulaID()	CtMethodImpl	public
org.corpus_tools.peppermodules.paula.util.xPointer.XPtrRef.POINTERTYPE.XMLFILE	CtEnumValueImpl	public
org.corpus_tools.peppermodules.paula.readers.PAULAMultiFeatReader.multiFeatHref	CtFieldReferenceImpl	private
org.corpus_tools.peppermodules.paula.readers.PAULAFeatReader.KW_ANNO_2	CtFieldReferenceImpl	private
org.corpus_tools.peppermodules.paula.PAULAXMLDictionary.STRUCT_LIST_CLOSE_TAG	CtFieldReferenceImpl	public
org.corpus_tools.peppermodules.paula.readers.PAULATextReader.startText	CtFieldReferenceImpl	private
org.corpus_tools.pepper.modules.PepperModuleProperties.PROP_AFTER_REMOVE_ANNOTATIONS_DESC	CtFieldReferenceImpl	private
org.corpus_tools.pepper.impl.PepperModuleImpl.saltProject	CtFieldReferenceImpl	protected
org.corpus_tools.peppermodules.paula.Salt2PAULAMapper.copyFile(org.eclipse.emf.common.util.URI,java.lang.String)	CtMethodImpl	private
org.corpus_tools.peppermodules.paula.PAULAXMLDictionary.ATT_REL_REL_TARGET	CtFieldReferenceImpl	public
org.corpus_tools.peppermodules.paula.Salt2PAULAMapper.generateFileName(org.corpus_tools.salt.graph.Label)	CtMethodImpl	public
org.corpus_tools.peppermodules.paula.readers.PAULASpecificReader.paulaFileDelegator	CtFieldReferenceImpl	private
org.corpus_tools.peppermodules.paula.PAULA2SaltMapper.attachSRelation2SLayer(org.corpus_tools.salt.core.SRelation,java.lang.String)	CtMethodImpl	private
org.corpus_tools.peppermodules.paula.util.xPointer.XPtrInterpreter.REGEX_ID_PRTR	CtFieldReferenceImpl	private
org.corpus_tools.peppermodules.paula.readers.PAULAStructReader.isAnnoSet	CtFieldReferenceImpl	private
org.corpus_tools.peppermodules.paula.PAULAXMLDictionary.ATT_FEAT_FEAT_DESC	CtFieldReferenceImpl	public
org.corpus_tools.pepper.modules.PepperModuleProperties.PROP_AFTER_REMOVE_ANNOTATIONS	CtFieldReferenceImpl	public
org.corpus_tools.peppermodules.paula.readers.PAULAStructReader()	CtConstructorImpl	public
org.corpus_tools.pepper.modules.PepperModuleProperties.PROP_AFTER_ADD_SLAYER	CtFieldReferenceImpl	public
org.corpus_tools.peppermodules.paula.readers.PAULASpecificReader.setPaulaFileDelegator(org.corpus_tools.peppermodules.paula.PAULAFileDelegator)	CtMethodImpl	public
org.corpus_tools.peppermodules.paula.readers.PAULASpecificReader.getMapper()	CtMethodImpl	public
org.corpus_tools.peppermodules.paula.Salt2PAULAMapper.checkId(java.lang.String)	CtMethodImpl	public
org.corpus_tools.peppermodules.paula.readers.PAULASpecificReader	CtClassImpl	public
org.corpus_tools.peppermodules.paula.PAULA2SaltMapper.DominanceRelationContainer	CtClassImpl	private
org.corpus_tools.pepper.impl.PepperMapperImpl.mappingSubjects	CtFieldReferenceImpl	private
org.corpus_tools.pepper.impl.PepperModuleImpl.moduleController	CtFieldReferenceImpl	protected
org.corpus_tools.peppermodules.paula.util.xPointer.XPtrRef.ERR_IS_RANGE	CtFieldReferenceImpl	private
org.corpus_tools.peppermodules.paula.PAULA2SaltMapper.paulaMARKConnector(java.io.File,java.lang.String,java.lang.String,java.lang.String,java.lang.String,java.lang.String,java.lang.String)	CtMethodImpl	public
org.corpus_tools.pepper.impl.PepperImporterImpl.corpusPathResolver	CtFieldReferenceImpl	private
org.corpus_tools.peppermodules.paula.PAULAFileDelegator.processedPAULAFiles	CtFieldReferenceImpl	private
org.corpus_tools.pepper.impl.PepperMapperImpl.props	CtFieldReferenceImpl	protected
org.corpus_tools.pepper.impl.PepperImporterImpl.corpusDesc	CtFieldReferenceImpl	protected
org.corpus_tools.peppermodules.paula.PAULAXMLDictionary.LINE_SEPARATOR	CtFieldReferenceImpl	public
org.corpus_tools.peppermodules.paula.PAULAFileDelegator	CtClassImpl	public
org.corpus_tools.peppermodules.paula.readers.PAULAStructReader.KW_ANNO_TYPE	CtFieldReferenceImpl	private
org.corpus_tools.peppermodules.paula.PAULAImporterProperties.PROP_EMPTY_NAMESPACE	CtFieldReferenceImpl	public
org.corpus_tools.peppermodules.paula.PAULAXMLDictionary.XLINK_URI	CtFieldReferenceImpl	public
org.corpus_tools.peppermodules.paula.util.xPointer.XPtrRef	CtClassImpl	public
org.corpus_tools.peppermodules.paula.Salt2PAULAMapper.mapAnnotations(org.corpus_tools.salt.core.SAnnotationContainer)	CtMethodImpl	private
org.corpus_tools.peppermodules.paula.util.xPointer.XPtrInterpreter.getFromSimpleXMLFile(java.lang.String)	CtMethodImpl	private
org.corpus_tools.peppermodules.paula.PAULAXMLDictionary.ATT_HEADER_PAULA_ID	CtFieldReferenceImpl	public
org.corpus_tools.pepper.modules.PepperModuleProperties.PROP_AFTER_RENAME_ANNOTATIONS_DESC	CtFieldReferenceImpl	private
org.corpus_tools.peppermodules.paula.readers.PAULAReader.paulaFileDelegator	CtFieldReferenceImpl	private
org.corpus_tools.peppermodules.paula.util.xPointer.XPtrInterpreter.setXPtr(java.lang.String)	CtMethodImpl	public
org.corpus_tools.pepper.impl.PepperModuleImpl.componentContext	CtFieldReferenceImpl	private
org.corpus_tools.pepper.impl.PepperMapperImpl.progress	CtFieldReferenceImpl	protected
org.corpus_tools.peppermodules.paula.PAULAXMLDictionary.ATT_PAULA_ID	CtFieldReferenceImpl	public
org.corpus_tools.peppermodules.paula.util.xPointer.XPtrInterpreter.getFromSimpleToken(java.lang.String)	CtMethodImpl	private
org.corpus_tools.peppermodules.paula.PAULAXMLDictionary.TAG_REL_RELLIST	CtFieldReferenceImpl	public
org.corpus_tools.peppermodules.paula.util.xPointer.XPtrInterpreter.REGEX_RANGE_PTR	CtFieldReferenceImpl	private
org.corpus_tools.peppermodules.paula.PAULAFileDelegator.factory	CtFieldReferenceImpl	private
org.corpus_tools.peppermodules.paula.PAULAXMLDictionary.ATT_ID	CtFieldReferenceImpl	public
org.corpus_tools.peppermodules.paula.PAULAImporter.FORMAT_NAME	CtFieldReferenceImpl	public
org.corpus_tools.peppermodules.paula.readers.PAULAMultiFeatReader.KW_ANNO	CtFieldReferenceImpl	private
org.corpus_tools.peppermodules.paula.PAULA2SaltMapper.dominanceRelationContainers	CtFieldReferenceImpl	private
org.corpus_tools.peppermodules.paula.readers.PAULAMarkReader	CtClassImpl	public
org.corpus_tools.peppermodules.paula.Salt2PAULAMapper.mapSpans()	CtMethodImpl	public
org.corpus_tools.peppermodules.paula.Salt2PAULAMapper.setResourcePath(org.eclipse.emf.common.util.URI)	CtMethodImpl	public
org.corpus_tools.peppermodules.paula.PAULA2SaltMapper.paulaRELConnector(java.io.File,java.lang.String,java.lang.String,java.lang.String,java.lang.String,java.lang.String,java.lang.String)	CtMethodImpl	public
org.corpus_tools.peppermodules.paula.Salt2PAULAMapper.PAULAPrinter	CtClassImpl	package-private
org.corpus_tools.peppermodules.paula.PAULA2SaltMapper.isArtificialSCorpus	CtFieldReferenceImpl	private
org.corpus_tools.peppermodules.paula.PAULAXMLDictionary.ATT_FEAT_FEAT_VAL	CtFieldReferenceImpl	public
org.corpus_tools.peppermodules.paula.util.xPointer.XPtrRef.ERR_EMPTY_ID	CtFieldReferenceImpl	private
org.corpus_tools.pepper.modules.PepperModuleProperties.PROP_AFTER_TOKENIZE_DESC	CtFieldReferenceImpl	private
org.corpus_tools.peppermodules.paula.util.xPointer.XPtrInterpreter.ERR_EMPTY_BASE	CtFieldReferenceImpl	private
org.corpus_tools.peppermodules.paula.PAULAExporterProperties.useAnnoNamespacePrefix()	CtMethodImpl	public
org.corpus_tools.peppermodules.paula.PAULAXMLDictionary.ATT_MULTI_FEAT_VALUE	CtFieldReferenceImpl	public
org.corpus_tools.peppermodules.paula.readers.PAULAMarkReader.startElement(java.lang.String,java.lang.String,java.lang.String,org.xml.sax.Attributes)	CtMethodImpl	public
org.corpus_tools.peppermodules.paula.PAULA_TYPE.getListElementName()	CtMethodImpl	public
org.corpus_tools.peppermodules.paula.readers.PAULAReader.PAULA_DTD_STRUCT	CtFieldReferenceImpl	public
org.corpus_tools.peppermodules.paula.util.xPointer.XPtrInterpreter.TOKENTYPE.TOKEN	CtEnumValueImpl	package-private
org.corpus_tools.peppermodules.paula.readers.PAULASpecificReader.setPaulaFile(java.io.File)	CtMethodImpl	public
org.corpus_tools.peppermodules.paula.PAULA2SaltMapper.KW_NAME_SEP	CtFieldReferenceImpl	private
org.corpus_tools.peppermodules.paula.Salt2PAULAMapper.accept(java.io.File,java.lang.String)	CtMethodImpl	public
org.corpus_tools.peppermodules.paula.PAULAImporterProperties.getTokNamespaceFromFile()	CtMethodImpl	public
org.corpus_tools.peppermodules.paula.PAULA2SaltMapper.mapSDocument()	CtMethodImpl	public
org.corpus_tools.peppermodules.paula.readers.PAULAFeatReader.startElement(java.lang.String,java.lang.String,java.lang.String,org.xml.sax.Attributes)	CtMethodImpl	public
org.corpus_tools.peppermodules.paula.util.xPointer.XPtrRef.setType(org.corpus_tools.peppermodules.paula.util.xPointer.XPtrRef.POINTERTYPE)	CtMethodImpl	public
org.corpus_tools.pepper.modules.PepperModuleProperties.PROP_BEFORE_ADD_SLAYER	CtFieldReferenceImpl	public
org.corpus_tools.peppermodules.paula.PAULAImporter.isImportable(org.eclipse.emf.common.util.URI)	CtMethodImpl	public
org.corpus_tools.pepper.modules.PepperImporter.NEGATIVE_FILE_EXTENSION_MARKER	CtFieldReferenceImpl	package-private
org.corpus_tools.pepper.impl.PepperExporterImpl.exportMode	CtFieldReferenceImpl	private
org.corpus_tools.peppermodules.paula.readers.PAULASpecificReader.mapper	CtFieldReferenceImpl	private
org.corpus_tools.pepper.modules.PepperModule.ENDING_ALL_FILES	CtFieldReferenceImpl	package-private
org.corpus_tools.peppermodules.paula.util.xPointer.XPtrRef.getID()	CtMethodImpl	public
org.corpus_tools.peppermodules.paula.PAULAXMLDictionary.PAULA_CLOSE_TAG	CtFieldReferenceImpl	public
org.corpus_tools.peppermodules.paula.PAULA2SaltMapper.endDocument(org.corpus_tools.peppermodules.paula.readers.PAULASpecificReader,java.io.File)	CtMethodImpl	public
org.corpus_tools.peppermodules.paula.PAULAXMLDictionary.ATT_HEADER_TYPE	CtFieldReferenceImpl	public
org.corpus_tools.peppermodules.paula.readers.PAULAStructReader.endDocument()	CtMethodImpl	public
org.corpus_tools.peppermodules.paula.util.xPointer.XPtrInterpreter.TOKENTYPE.ERROR	CtEnumValueImpl	package-private
org.corpus_tools.peppermodules.paula.util.xPointer.XPtrRef$POINTERTYPE()	CtConstructorImpl	private
org.corpus_tools.peppermodules.paula.PAULA2SaltMapper.elementNamingTable	CtFieldReferenceImpl	private
org.corpus_tools.peppermodules.paula.readers.PAULATextReader.text	CtFieldReferenceImpl	private
org.corpus_tools.pepper.modules.PepperModuleProperties.PROP_AFTER_REPORT_CORPUSGRAPH	CtFieldReferenceImpl	public
org.corpus_tools.peppermodules.paula.Salt2PAULAMapper.logger	CtFieldReferenceImpl	private
org.corpus_tools.peppermodules.paula.PAULA_TYPE.getDocTypeTag()	CtMethodImpl	public
org.corpus_tools.peppermodules.paula.PAULAExporter.MODULE_NAME	CtFieldReferenceImpl	public
org.corpus_tools.pepper.modules.PepperModuleProperties.PROP_BEFORE_READ_META_DESC	CtFieldReferenceImpl	private
org.corpus_tools.peppermodules.paula.PAULAXMLDictionary.VERSION	CtFieldReferenceImpl	public
org.corpus_tools.peppermodules.paula.util.xPointer.XPtrRef.ERR_EMPTY_RIGHT	CtFieldReferenceImpl	private
org.corpus_tools.peppermodules.paula.util.xPointer.XPtrInterpreter.getDoc()	CtMethodImpl	public
org.corpus_tools.peppermodules.paula.PAULAImporter.getSelfTestDesc()	CtMethodImpl	public
org.corpus_tools.peppermodules.paula.Salt2PAULAMapper.mapSDocument()	CtMethodImpl	public
org.corpus_tools.peppermodules.paula.PAULAImporterProperties()	CtConstructorImpl	public
org.corpus_tools.peppermodules.paula.readers.PAULASpecificReader.isTAGorAttribute(java.lang.String,java.lang.String[])	CtMethodImpl	public
org.corpus_tools.peppermodules.paula.PAULAFileDelegator()	CtConstructorImpl	public
org.corpus_tools.peppermodules.paula.readers.PAULAMarkReader.ATT_TOK	CtFieldReferenceImpl	private
org.corpus_tools.peppermodules.paula.readers.PAULARelReader	CtClassImpl	public
org.corpus_tools.peppermodules.paula.util.xPointer.XPtrInterpreter.ERR_NO_BASE	CtFieldReferenceImpl	private
org.corpus_tools.peppermodules.paula.util.xPointer.XPtrInterpreter.REGEX_ID_VAL	CtFieldReferenceImpl	private
org.corpus_tools.peppermodules.paula.PAULAXMLDictionary.PAULA_STRUCT_DOCTYPE_TAG	CtFieldReferenceImpl	public
org.corpus_tools.pepper.modules.PepperModuleProperties.PROP_AFTER_COPY_RES	CtFieldReferenceImpl	public
org.corpus_tools.peppermodules.paula.readers.PAULAReader.logger	CtFieldReferenceImpl	private
org.corpus_tools.peppermodules.paula.PAULAExporterProperties.PROP_ANNO_NS_PREFIX	CtFieldReferenceImpl	public
org.corpus_tools.peppermodules.paula.util.xPointer.XPtrRef.TOOLNAME	CtFieldReferenceImpl	private
org.corpus_tools.peppermodules.paula.util.xPointer.XPtrInterpreter$TOKENTYPE()	CtConstructorImpl	private
org.corpus_tools.peppermodules.paula.util.xPointer.XPtrInterpreter.TOKENTYPE.TOKENSEQ	CtEnumValueImpl	package-private
org.corpus_tools.peppermodules.paula.readers.PAULAReader.paulaFile	CtFieldReferenceImpl	private
org.corpus_tools.peppermodules.paula.Salt2PAULAMapper.PAULAPrinter.xml	CtFieldReferenceImpl	package-private
org.corpus_tools.peppermodules.paula.util.xPointer.XPtrRef.POINTERTYPE	CtEnumImpl	public
org.corpus_tools.peppermodules.paula.Salt2PAULAMapper.mapSCorpus()	CtMethodImpl	public
org.corpus_tools.peppermodules.paula.readers.PAULASpecificReader()	CtConstructorImpl	public
org.corpus_tools.peppermodules.paula.Salt2PAULAMapper.PAULAPrinter.hasPreamble	CtFieldReferenceImpl	package-private
org.corpus_tools.peppermodules.paula.readers.PAULASpecificReader.getPaulaFile()	CtMethodImpl	public
org.corpus_tools.peppermodules.paula.util.xPointer.XPtrRef.getType()	CtMethodImpl	public
org.corpus_tools.peppermodules.paula.readers.PAULAReader.setPaulaFileDelegator(org.corpus_tools.peppermodules.paula.PAULAFileDelegator)	CtMethodImpl	public
org.corpus_tools.peppermodules.paula.readers.PAULAReader.getMapper()	CtMethodImpl	public
org.corpus_tools.peppermodules.paula.util.xPointer.XPtrInterpreter.REGEX_RANGE	CtFieldReferenceImpl	private
org.corpus_tools.peppermodules.paula.Salt2PAULAMapper.getProps()	CtMethodImpl	public
org.corpus_tools.peppermodules.paula.PAULAExporter.getSelfTestDesc()	CtMethodImpl	public
org.corpus_tools.peppermodules.paula.Salt2PAULAMapper.generateXPointer(java.util.List<? extends org.corpus_tools.salt.graph.IdentifiableElement>,java.io.File)	CtMethodImpl	public
org.corpus_tools.peppermodules.paula.Salt2PAULAMapper.mapTextualDataSources()	CtMethodImpl	public
org.corpus_tools.peppermodules.paula.PAULAXMLDictionary.ATT_MULTI_FEAT_NAME	CtFieldReferenceImpl	public
org.corpus_tools.peppermodules.paula.PAULA2SaltMapper.getPAULA_FILE_ENDINGS()	CtMethodImpl	public
org.corpus_tools.peppermodules.paula.Salt2PAULAMapper.generatePaulaType(org.corpus_tools.salt.graph.IdentifiableElement)	CtMethodImpl	public
org.corpus_tools.peppermodules.paula.Salt2PAULAMapper.generateFileName(org.corpus_tools.salt.core.SNode)	CtMethodImpl	public
org.corpus_tools.peppermodules.paula.readers.PAULASpecificReader.startElement(java.lang.String,java.lang.String,java.lang.String,org.xml.sax.Attributes)	CtMethodImpl	public
org.corpus_tools.peppermodules.paula.Salt2PAULAMapper()	CtConstructorImpl	public
org.corpus_tools.peppermodules.paula.Salt2PAULAMapper.PAULAPrinter.output	CtFieldReferenceImpl	private
org.corpus_tools.peppermodules.paula.PAULA_TYPE.getElementName()	CtMethodImpl	public
org.corpus_tools.peppermodules.paula.util.xPointer.XPtrRef.getLeft()	CtMethodImpl	public
org.corpus_tools.pepper.modules.PepperModuleProperties.PROP_AFTER_COPY_RES_DESC	CtFieldReferenceImpl	private
org.corpus_tools.pepper.impl.PepperModuleImpl.sCorpusGraph	CtFieldReferenceImpl	protected
org.corpus_tools.peppermodules.paula.util.xPointer.XPtrInterpreter.logger	CtFieldReferenceImpl	private
org.corpus_tools.peppermodules.paula.util.xPointer.XPtrInterpreter()	CtConstructorImpl	public
org.corpus_tools.peppermodules.paula.Salt2PAULAMapper.copyDTDs()	CtMethodImpl	protected
org.corpus_tools.pepper.modules.PepperModuleProperties.PROP_AFTER_RENAME_ANNOTATIONS	CtFieldReferenceImpl	public
org.corpus_tools.peppermodules.paula.PAULAXMLDictionary.ATT_HREF	CtFieldReferenceImpl	public
org.corpus_tools.peppermodules.paula.Salt2PAULAMapper.PATH_DTD	CtFieldReferenceImpl	public
org.corpus_tools.peppermodules.paula.PAULAExporterProperties.PROP_EMPTY_NAMESPACE	CtFieldReferenceImpl	public
org.corpus_tools.peppermodules.paula.PAULAXMLDictionary.TAG_PAULA_OPEN	CtFieldReferenceImpl	public
org.corpus_tools.peppermodules.paula.util.xPointer.XPtrInterpreter.REGEX_NUM_VAL	CtFieldReferenceImpl	private
org.corpus_tools.peppermodules.paula.util.xPointer.XPtrInterpreter.ERR_NO_EX	CtFieldReferenceImpl	private
org.corpus_tools.peppermodules.paula.PAULAXMLDictionary.TAG_STRUCT_STRUCTLIST	CtFieldReferenceImpl	public
org.corpus_tools.pepper.impl.PepperModuleImpl.startProblems	CtFieldReferenceImpl	private
org.corpus_tools.pepper.modules.PepperModuleProperties.PREFIX_PEPPER_BEFORE	CtFieldReferenceImpl	private
org.corpus_tools.pepper.impl.PepperModuleImpl.mappedIds	CtFieldReferenceImpl	private
org.corpus_tools.peppermodules.paula.readers.PAULAFeatReader.isMetaFeat	CtFieldReferenceImpl	private
org.corpus_tools.peppermodules.paula.PAULA2SaltMapper.extractNSFromPAULAFile(java.io.File)	CtMethodImpl	private
org.corpus_tools.peppermodules.paula.Salt2PAULAMapper.resourcePath	CtFieldReferenceImpl	private
org.corpus_tools.peppermodules.paula.util.xPointer.XPtrRef.toString()	CtMethodImpl	public
org.corpus_tools.peppermodules.paula.PAULA2SaltMapper.getIsArtificialSCorpus()	CtMethodImpl	public
org.corpus_tools.pepper.impl.PepperModuleImpl.getMapperConnectorLock	CtFieldReferenceImpl	private
org.corpus_tools.peppermodules.paula.PAULA2SaltMapper.setPAULA_FILE_ENDINGS(java.lang.String[])	CtMethodImpl	public
org.corpus_tools.peppermodules.paula.PAULAExporter.mapCorpusStructure(org.corpus_tools.salt.common.SCorpusGraph,org.eclipse.emf.common.util.URI)	CtMethodImpl	public
org.corpus_tools.peppermodules.paula.util.xPointer.XPtrInterpreter.setBase(java.lang.String)	CtMethodImpl	public
org.corpus_tools.peppermodules.paula.readers.PAULAReader.mapper	CtFieldReferenceImpl	private
org.corpus_tools.pepper.impl.PepperImporterImpl.sElementId2ResourceTable	CtFieldReferenceImpl	private
org.corpus_tools.peppermodules.paula.Salt2PAULAMapper.paulaPrinters	CtFieldReferenceImpl	private
org.corpus_tools.peppermodules.paula.readers.PAULAReader.startElement(java.lang.String,java.lang.String,java.lang.String,org.xml.sax.Attributes)	CtMethodImpl	public
org.corpus_tools.peppermodules.paula.readers.PAULAFeatReader	CtClassImpl	public
org.corpus_tools.peppermodules.paula.Salt2PAULAMapper.getResourcePath()	CtMethodImpl	public
org.corpus_tools.peppermodules.paula.PAULAFileDelegator.getPaulaFiles()	CtMethodImpl	public
org.corpus_tools.peppermodules.paula.readers.PAULATextReader.endElement(java.lang.String,java.lang.String,java.lang.String)	CtMethodImpl	public
org.corpus_tools.peppermodules.paula.PAULA2SaltMapper.KW_FILE_VAL	CtFieldReferenceImpl	private
org.corpus_tools.peppermodules.paula.PAULA2SaltMapper.mapSCorpus()	CtMethodImpl	public
org.corpus_tools.peppermodules.paula.util.xPointer.XPtrInterpreter.getXPtrType(java.lang.String)	CtMethodImpl	private
org.corpus_tools.peppermodules.paula.util.xPointer.XPtrInterpreter.getFromStringRange(java.lang.String)	CtMethodImpl	private
org.corpus_tools.peppermodules.paula.Salt2PAULAMapper.mapPointingRelations()	CtMethodImpl	private
org.corpus_tools.peppermodules.paula.util.xPointer.XPtrRef.ERR_NO_RANGE	CtFieldReferenceImpl	private
org.corpus_tools.peppermodules.paula.readers.PAULAReader.getPaulaFileDelegator()	CtMethodImpl	public
org.corpus_tools.pepper.impl.PepperModuleImpl.temproraries	CtFieldReferenceImpl	protected
org.corpus_tools.peppermodules.paula.PAULAFileDelegator.setMapper(org.corpus_tools.peppermodules.paula.PAULA2SaltMapper)	CtMethodImpl	public
org.corpus_tools.peppermodules.paula.util.xPointer.XPtrInterpreter.TOKENTYPE.STRTOKENRANGE	CtEnumValueImpl	package-private
org.corpus_tools.peppermodules.paula.readers.PAULAStructReader.numRel	CtFieldReferenceImpl	private
org.corpus_tools.pepper.modules.PepperModuleProperties.PROP_BEFORE_READ_META	CtFieldReferenceImpl	public
org.corpus_tools.peppermodules.paula.PAULAXMLDictionary.PAULA_TOKEN_FILE_CLOSING	CtFieldReferenceImpl	public
org.corpus_tools.peppermodules.paula.util.xPointer.XPtrInterpreter.KW_BASE_DEL	CtFieldReferenceImpl	private
org.corpus_tools.peppermodules.paula.PAULA2SaltMapper	CtClassImpl	public
org.corpus_tools.peppermodules.paula.Salt2PAULAMapper.getPAULAPrinter(java.io.File)	CtMethodImpl	private
org.corpus_tools.peppermodules.paula.readers.PAULAFeatReader.KW_ANNO_FEAT	CtFieldReferenceImpl	private
org.corpus_tools.pepper.impl.PepperModuleImpl.corporaToEnd	CtFieldReferenceImpl	private
org.corpus_tools.peppermodules.paula.readers.PAULAMultiFeatReader()	CtConstructorImpl	public
org.corpus_tools.peppermodules.paula.PAULAXMLDictionary.ATT_VERSION	CtFieldReferenceImpl	public
org.corpus_tools.peppermodules.paula.util.xPointer.XPtrInterpreter.ERR_BASE_NOT_XML	CtFieldReferenceImpl	private
org.corpus_tools.peppermodules.paula.PAULAImporterProperties	CtClassImpl	public
org.corpus_tools.peppermodules.paula.Salt2PAULAMapper.mapSMetaAnnotations(org.corpus_tools.salt.core.SAnnotationContainer)	CtMethodImpl	private
org.corpus_tools.peppermodules.paula.PAULAFileDelegator.startPaulaFile(java.io.File)	CtMethodImpl	public
org.corpus_tools.pepper.impl.PepperImporterImpl.sDocumentEndings	CtFieldReferenceImpl	private
org.corpus_tools.peppermodules.paula.readers.PAULAReader.PAULA_DTD_FEAT	CtFieldReferenceImpl	public
org.corpus_tools.peppermodules.paula.readers.PAULAReader.getPaulaFile()	CtMethodImpl	public
org.corpus_tools.peppermodules.paula.util.xPointer.XPtrRef.getRight()	CtMethodImpl	public
org.corpus_tools.pepper.impl.PepperExporterImpl.corpusDefinition	CtFieldReferenceImpl	protected
org.corpus_tools.peppermodules.paula.readers.PAULAReader.startDocument()	CtMethodImpl	public
org.corpus_tools.pepper.modules.PepperModuleProperties.PREFIX_PEPPER_AFTER	CtFieldReferenceImpl	private
org.corpus_tools.peppermodules.paula.Salt2PAULAMapper.escapeComment(java.lang.String)	CtMethodImpl	private
org.corpus_tools.peppermodules.paula.util.xPointer.XPtrInterpreter.getXPtrRefs(java.lang.String)	CtMethodImpl	private
org.corpus_tools.peppermodules.paula.readers.PAULAReader.startDTD(java.lang.String,java.lang.String,java.lang.String)	CtMethodImpl	public
org.corpus_tools.pepper.modules.PepperModuleProperties.PROP_BEFORE_ADD_SLAYER_DESC	CtFieldReferenceImpl	private
org.corpus_tools.peppermodules.paula.util.xPointer.XPtrInterpreter.ERR_EMPTY_XPTR	CtFieldReferenceImpl	private
org.corpus_tools.peppermodules.paula.util.xPointer.XPtrRef.MSG_STD	CtFieldReferenceImpl	private
org.corpus_tools.peppermodules.paula.PAULA2SaltMapper.DominanceRelationContainer.relation	CtFieldReferenceImpl	public
org.corpus_tools.peppermodules.paula.PAULA_TYPE(java.lang.String,java.lang.String,java.lang.String,java.lang.String)	CtConstructorImpl	private
org.corpus_tools.peppermodules.paula.util.xPointer.XPtrInterpreter.REGEX_STRING_RANGE_CONT	CtFieldReferenceImpl	private
org.corpus_tools.peppermodules.paula.readers.PAULARelReader()	CtConstructorImpl	public
org.corpus_tools.peppermodules.paula.util.xPointer.XPtrRef.isRange()	CtMethodImpl	public
org.corpus_tools.peppermodules.paula.util.xPointer.XPtrInterpreter.TOKENTYPE	CtEnumImpl	package-private
org.corpus_tools.peppermodules.paula.readers.PAULATextReader	CtClassImpl	public
org.corpus_tools.peppermodules.paula.util.xPointer.XPtrRef.ERR_INCORRECT_TYPE	CtFieldReferenceImpl	private
org.corpus_tools.peppermodules.paula.PAULAImporterProperties.PROP_ANNO_NAMESPACE_FROM_FILE	CtFieldReferenceImpl	public
org.corpus_tools.pepper.impl.PepperExporterImpl.sDocumentEnding	CtFieldReferenceImpl	private
org.corpus_tools.peppermodules.paula.util.xPointer.XPtrInterpreter.REGEX_SEQ_PTR	CtFieldReferenceImpl	private
org.corpus_tools.peppermodules.paula.PAULAXMLDictionary.TAG_FEAT_FEAT	CtFieldReferenceImpl	public
org.corpus_tools.peppermodules.paula.PAULAExporterProperties.isHumanReadable()	CtMethodImpl	public
org.corpus_tools.peppermodules.paula.readers.PAULAStructReader.startElement(java.lang.String,java.lang.String,java.lang.String,org.xml.sax.Attributes)	CtMethodImpl	public
org.corpus_tools.peppermodules.paula.readers.PAULASpecificReader.setXmlBase(java.lang.String)	CtMethodImpl	public
org.corpus_tools.peppermodules.paula.util.xPointer.XPtrInterpreter.toString()	CtMethodImpl	public
org.corpus_tools.peppermodules.paula.PAULAFileDelegator.getPaulaPath()	CtMethodImpl	public
org.corpus_tools.peppermodules.paula.util.xPointer.XPtrRef.POINTERTYPE.TEXT	CtEnumValueImpl	public
org.corpus_tools.peppermodules.paula.PAULAXMLDictionary.TAG_TEXT_BODY	CtFieldReferenceImpl	public
org.corpus_tools.pepper.impl.PepperModuleImpl.documentId2DC	CtFieldReferenceImpl	private
org.corpus_tools.peppermodules.paula.PAULA2SaltMapper()	CtConstructorImpl	public
org.corpus_tools.peppermodules.paula.PAULAExporterProperties()	CtConstructorImpl	public
org.corpus_tools.peppermodules.paula.PAULAImporterProperties.getAnnoNamespaceFromFile()	CtMethodImpl	public
org.corpus_tools.peppermodules.paula.util.xPointer.XPtrInterpreter.REGEX_SHORTHAND_PTR	CtFieldReferenceImpl	private
org.corpus_tools.peppermodules.paula.PAULA2SaltMapper.DominanceRelationContainer.href	CtFieldReferenceImpl	public
org.corpus_tools.peppermodules.paula.PAULAXMLDictionary.TAG_STRUCT_STRUCT	CtFieldReferenceImpl	public
org.corpus_tools.pepper.modules.PepperModuleProperties.PROP_AFTER_ADD_SLAYER_DESC	CtFieldReferenceImpl	private
org.corpus_tools.peppermodules.paula.readers.PAULAStructReader.init()	CtMethodImpl	private
org.corpus_tools.peppermodules.paula.PAULAExporter.FORMAT_VERSION	CtFieldReferenceImpl	public
org.corpus_tools.peppermodules.paula.PAULAXMLDictionary.ATT_MARK_MARK_TYPE	CtFieldReferenceImpl	public
org.corpus_tools.pepper.impl.PepperMapperImpl.controller	CtFieldReferenceImpl	protected
org.corpus_tools.peppermodules.paula.PAULAFileDelegator.logger	CtFieldReferenceImpl	private
org.corpus_tools.peppermodules.paula.util.xPointer.XPtrInterpreter.base	CtFieldReferenceImpl	private
org.corpus_tools.peppermodules.paula.util.xPointer.XPtrInterpreter.getXPtrType()	CtMethodImpl	public
org.corpus_tools.peppermodules.paula.readers.PAULAReader.specificPAULAReader	CtFieldReferenceImpl	private
org.corpus_tools.pepper.modules.PepperModuleProperties.PROP_AFTER_TOKENIZE	CtFieldReferenceImpl	public
org.corpus_tools.peppermodules.paula.util.xPointer.XPtrInterpreter.REGEX_FULL_SHORTHAND_PTR	CtFieldReferenceImpl	private
org.corpus_tools.peppermodules.paula.readers.PAULASpecificReader.getXmlBase()	CtMethodImpl	public
org.corpus_tools.peppermodules.paula.util.xPointer.XPtrInterpreter.extractBaseXPtr(java.lang.String)	CtMethodImpl	private
org.corpus_tools.peppermodules.paula.PAULA2SaltMapper.getPAULAElementIds(java.lang.String,java.lang.String)	CtMethodImpl	private
org.corpus_tools.peppermodules.paula.readers.PAULASpecificReader.xmlBase	CtFieldReferenceImpl	private
org.corpus_tools.peppermodules.paula.readers.PAULASpecificReader.setMapper(org.corpus_tools.peppermodules.paula.PAULA2SaltMapper)	CtMethodImpl	public
org.corpus_tools.peppermodules.paula.PAULAXMLDictionary.PAULA_REL_DOCTYPE_TAG	CtFieldReferenceImpl	public
org.corpus_tools.peppermodules.paula.readers.PAULAReader.setMapper(org.corpus_tools.peppermodules.paula.PAULA2SaltMapper)	CtMethodImpl	public
org.corpus_tools.peppermodules.paula.PAULAExporter	CtClassImpl	public
org.corpus_tools.peppermodules.paula.PAULAImporterProperties.getEmptyNamespace()	CtMethodImpl	public
org.corpus_tools.peppermodules.paula.Salt2PAULAMapper.PAULAPrinter.base	CtFieldReferenceImpl	private
org.corpus_tools.peppermodules.paula.util.xPointer.XPtrInterpreter.REGEX_XML_FILE_PTR	CtFieldReferenceImpl	private
org.corpus_tools.peppermodules.paula.PAULAFileDelegator.paulaPath	CtFieldReferenceImpl	private
org.corpus_tools.peppermodules.paula.readers.PAULASpecificReader.paulaID	CtFieldReferenceImpl	private
org.corpus_tools.peppermodules.paula.util.xPointer.XPtrRef(java.lang.String,java.lang.String)	CtConstructorImpl	public
org.corpus_tools.peppermodules.paula.PAULAExporter.createPepperMapper(org.corpus_tools.salt.graph.Identifier)	CtMethodImpl	public
org.corpus_tools.peppermodules.paula.PAULA2SaltMapper.initialize()	CtMethodImpl	protected
org.corpus_tools.peppermodules.paula.util.xPointer.XPtrInterpreter	CtClassImpl	public
org.corpus_tools.peppermodules.paula.PAULAXMLDictionary.TAG_MULTI_MULTIFEATLIST	CtFieldReferenceImpl	public
org.corpus_tools.pepper.impl.PepperModuleImpl.resources	CtFieldReferenceImpl	protected
org.corpus_tools.peppermodules.paula.PAULA2SaltMapper.DominanceRelationContainer.xmlBase	CtFieldReferenceImpl	public
org.corpus_tools.peppermodules.paula.readers.PAULASpecificReader.paulaType	CtFieldReferenceImpl	private
org.corpus_tools.pepper.impl.PepperExporterImpl.sElementId2ResourceTable	CtFieldReferenceImpl	private
org.corpus_tools.peppermodules.paula.Salt2PAULAMapper.PAULAPrinter.paulaFile	CtFieldReferenceImpl	private
org.corpus_tools.peppermodules.paula.PAULAImporter.FORMAT_VERSION	CtFieldReferenceImpl	public
org.corpus_tools.peppermodules.paula.PAULAExporter.FORMAT_NAME	CtFieldReferenceImpl	public
org.corpus_tools.peppermodules.paula.readers.PAULAStructReader.numStruct	CtFieldReferenceImpl	private
org.corpus_tools.peppermodules.paula.PAULAXMLDictionary.ATT_FEAT_FEAT_EXP	CtFieldReferenceImpl	public
org.corpus_tools.peppermodules.paula.readers.PAULAMultiFeatReader.isMetaFeat	CtFieldReferenceImpl	private
org.corpus_tools.peppermodules.paula.PAULA2SaltMapper.getProps()	CtMethodImpl	public
org.corpus_tools.peppermodules.paula.PAULAExporterProperties.PROP_HUMAN_READABLE	CtFieldReferenceImpl	public
org.corpus_tools.peppermodules.paula.PAULAXMLDictionary.VALUE_MARK_MARK_TYPE	CtFieldReferenceImpl	public
org.corpus_tools.peppermodules.paula.Salt2PAULAMapper	CtClassImpl	public
org.corpus_tools.pepper.impl.PepperModuleImpl.isStartOverridden	CtFieldReferenceImpl	private
org.corpus_tools.peppermodules.paula.readers.PAULAReader.PAULA_DTD_MARK	CtFieldReferenceImpl	public
org.corpus_tools.pepper.impl.PepperModuleImpl.isMultithreaded	CtFieldReferenceImpl	protected
org.corpus_tools.peppermodules.paula.PAULA_TYPE.getFileInfix()	CtMethodImpl	public
org.corpus_tools.peppermodules.paula.readers.PAULASpecificReader.isTAGorAttribute(java.lang.String,java.lang.String)	CtMethodImpl	public
org.corpus_tools.peppermodules.paula.util.xPointer.XPtrRef.left	CtFieldReferenceImpl	private
org.corpus_tools.peppermodules.paula.PAULAXMLDictionary.TAG_REL_REL	CtFieldReferenceImpl	public
org.corpus_tools.peppermodules.paula.util.xPointer.XPtrRef.ERR_EMPTY_DOCNAME	CtFieldReferenceImpl	private
org.corpus_tools.peppermodules.paula.PAULAXMLDictionary.PAULA_TEXT_DOCTYPE_TAG	CtFieldReferenceImpl	public
org.corpus_tools.peppermodules.paula.PAULAPrinter.close()	CtMethodImpl	public
org.corpus_tools.peppermodules.paula.util.xPointer.XPtrRef.ERR_EMPTY_LEFT	CtFieldReferenceImpl	private
org.corpus_tools.peppermodules.paula.readers.PAULARelReader.startElement(java.lang.String,java.lang.String,java.lang.String,org.xml.sax.Attributes)	CtMethodImpl	public
org.corpus_tools.pepper.impl.PepperModuleImpl.symbolicName	CtFieldReferenceImpl	protected
org.corpus_tools.peppermodules.paula.Salt2PAULAMapper.getSTextForSToken(org.corpus_tools.salt.common.SToken)	CtMethodImpl	private
org.corpus_tools.pepper.modules.PepperModuleProperties.PROP_AFTER_REPORT_CORPUSGRAPH_DESC	CtFieldReferenceImpl	private
org.corpus_tools.peppermodules.paula.PAULAExporterProperties.getEmptyNamespace()	CtMethodImpl	public
org.corpus_tools.peppermodules.paula.util.xPointer.XPtrRef.id	CtFieldReferenceImpl	private
org.corpus_tools.peppermodules.paula.readers.PAULASpecificReader.getPaulaType()	CtMethodImpl	public
org.corpus_tools.peppermodules.paula.readers.PAULAStructReader.structID	CtFieldReferenceImpl	private
org.corpus_tools.peppermodules.paula.Salt2PAULAMapper.mapSMedialDS()	CtMethodImpl	public
org.corpus_tools.peppermodules.paula.PAULA2SaltMapper$DominanceRelationContainer()	CtConstructorImpl	private
org.corpus_tools.peppermodules.paula.util.xPointer.XPtrRef.getDoc()	CtMethodImpl	public
org.corpus_tools.peppermodules.paula.PAULA_TYPE.listElementName	CtFieldReferenceImpl	private
org.corpus_tools.peppermodules.paula.readers.PAULAReader.PAULA_DTD_TEXT	CtFieldReferenceImpl	public
org.corpus_tools.peppermodules.paula.PAULAImporter	CtClassImpl	public
org.corpus_tools.peppermodules.paula.PAULAImporter.createPepperMapper(org.corpus_tools.salt.graph.Identifier)	CtMethodImpl	public
org.corpus_tools.peppermodules.paula.readers.PAULAReader.PAULA_DTD_HEADER	CtFieldReferenceImpl	public
org.corpus_tools.peppermodules.paula.util.xPointer.XPtrInterpreter.TOKENTYPE.TOKENRANGE	CtEnumValueImpl	package-private
org.corpus_tools.peppermodules.paula.util.xPointer.XPtrRef.POINTERTYPE.ELEMENT	CtEnumValueImpl	public
org.corpus_tools.peppermodules.paula.util.xPointer.XPtrInterpreter.REGEX_STRING_RANGE	CtFieldReferenceImpl	private
org.corpus_tools.peppermodules.paula.PAULAXMLDictionary.KW_AUDIO	CtFieldReferenceImpl	public
org.corpus_tools.pepper.modules.PepperModuleProperties.serialVersionUID	CtFieldReferenceImpl	private
org.corpus_tools.peppermodules.paula.PAULAPrinter.printPreambel(org.corpus_tools.peppermodules.paula.PAULA_TYPE,java.lang.String,java.io.File)	CtMethodImpl	public
org.corpus_tools.peppermodules.paula.util.xPointer.XPtrRef.MSG_ERR	CtFieldReferenceImpl	private
org.corpus_tools.peppermodules.paula.readers.PAULAMultiFeatReader.multiFeatID	CtFieldReferenceImpl	private
org.corpus_tools.peppermodules.paula.readers.PAULAReader.endElement(java.lang.String,java.lang.String,java.lang.String)	CtMethodImpl	public
org.corpus_tools.pepper.modules.PepperModule.ENDING_XML	CtFieldReferenceImpl	package-private
org.corpus_tools.peppermodules.paula.util.xPointer.XPtrInterpreter.REGEX_STRING_RANGE_PTR	CtFieldReferenceImpl	private
org.corpus_tools.peppermodules.paula.PAULAXMLDictionary.MARK_LIST_CLOSE_TAG	CtFieldReferenceImpl	public
org.corpus_tools.peppermodules.paula.PAULAFileDelegator.notProcessedPAULAFiles	CtFieldReferenceImpl	private
org.corpus_tools.pepper.modules.PepperModule.ENDING_TXT	CtFieldReferenceImpl	package-private
org.corpus_tools.peppermodules.paula.PAULAImporter()	CtConstructorImpl	public
org.corpus_tools.pepper.impl.PepperImporterImpl.sCorpusEndings	CtFieldReferenceImpl	private
org.corpus_tools.peppermodules.paula.readers.PAULAMultiFeatReader.startElement(java.lang.String,java.lang.String,java.lang.String,org.xml.sax.Attributes)	CtMethodImpl	public
org.corpus_tools.peppermodules.paula.Salt2PAULAMapper.mapTokens()	CtMethodImpl	public
org.corpus_tools.peppermodules.paula.readers.PAULAReader.PAULA_DTD_REL	CtFieldReferenceImpl	public
org.corpus_tools.peppermodules.paula.PAULA2SaltMapper.paulaFEATConnector(java.io.File,java.lang.String,java.lang.String,java.lang.String,java.lang.String,java.lang.String,java.lang.String,java.lang.String,java.lang.String,java.lang.String)	CtMethodImpl	public
org.corpus_tools.peppermodules.paula.PAULAFileDelegator.paulaFiles	CtFieldReferenceImpl	private
org.corpus_tools.peppermodules.paula.util.xPointer.XPtrRef(java.lang.String,java.lang.String,java.lang.String)	CtConstructorImpl	public
org.corpus_tools.peppermodules.paula.util.xPointer.XPtrRef.isRange	CtFieldReferenceImpl	private
org.corpus_tools.peppermodules.paula.readers.PAULAMarkReader()	CtConstructorImpl	public
org.corpus_tools.peppermodules.paula.PAULA2SaltMapper.stagingArea	CtFieldReferenceImpl	private
org.corpus_tools.pepper.impl.PepperImporterImpl.importIgnoreList	CtFieldReferenceImpl	private
org.corpus_tools.peppermodules.paula.readers.PAULAReader.endDocument()	CtMethodImpl	public
org.corpus_tools.peppermodules.paula.util.xPointer.XPtrRef.right	CtFieldReferenceImpl	private
org.corpus_tools.peppermodules.paula.PAULAFileDelegator.mapper	CtFieldReferenceImpl	private
org.corpus_tools.peppermodules.paula.PAULA2SaltMapper.paulaTEXTConnector(java.io.File,java.lang.String,java.lang.String)	CtMethodImpl	public
org.corpus_tools.peppermodules.paula.PAULAPrinter.hasPreamble()	CtMethodImpl	public
org.corpus_tools.pepper.impl.PepperModuleImpl.mappersControllers	CtFieldReferenceImpl	private
org.corpus_tools.peppermodules.paula.Salt2PAULAMapper$PAULAPrinter(java.io.File)	CtConstructorImpl	public
org.corpus_tools.peppermodules.paula.PAULA2SaltMapper.PAULA_FILE_ENDINGS	CtFieldReferenceImpl	private
org.corpus_tools.peppermodules.paula.readers.PAULAReader.characters(char[],int,int)	CtMethodImpl	public
org.corpus_tools.peppermodules.paula.PAULAXMLDictionary.TAG_HEADER_XML	CtFieldReferenceImpl	public
org.corpus_tools.peppermodules.paula.PAULA_TYPE.docTypeTag	CtFieldReferenceImpl	private
org.corpus_tools.peppermodules.paula.readers.PAULAReader.PAULA_DTD_MULTIFEAT	CtFieldReferenceImpl	public
org.corpus_tools.peppermodules.paula.util.xPointer.XPtrRef.type	CtFieldReferenceImpl	private
org.corpus_tools.peppermodules.paula.PAULAExporterProperties	CtClassImpl	public
org.corpus_tools.peppermodules.paula.PAULAXMLDictionary.ATT_BASE	CtFieldReferenceImpl	public
org.corpus_tools.pepper.impl.PepperModuleImpl.fingerprint	CtFieldReferenceImpl	private
org.corpus_tools.peppermodules.paula.Salt2PAULAMapper.mapStructures()	CtMethodImpl	private
org.corpus_tools.peppermodules.paula.PAULAXMLDictionary.TAG_HEADER	CtFieldReferenceImpl	public
org.corpus_tools.peppermodules.paula.util.xPointer.XPtrRef.docName	CtFieldReferenceImpl	private
org.corpus_tools.peppermodules.paula.PAULA2SaltMapper.setIsArtificialSCorpus(java.lang.Boolean)	CtMethodImpl	public
org.corpus_tools.peppermodules.paula.PAULAExporter.exportCorpusStructure()	CtMethodImpl	public
org.corpus_tools.peppermodules.paula.PAULA_TYPE.elementName	CtFieldReferenceImpl	private
org.corpus_tools.peppermodules.paula.PAULAXMLDictionary.ATT_TYPE	CtFieldReferenceImpl	public
org.corpus_tools.peppermodules.paula.PAULA2SaltMapper.elementOrderTable	CtFieldReferenceImpl	private
org.corpus_tools.pepper.modules.PepperModule.ENDING_TAB	CtFieldReferenceImpl	package-private
org.corpus_tools.peppermodules.paula.PAULAXMLDictionary.PAULA_MARK_DOCTYPE_TAG	CtFieldReferenceImpl	public
org.corpus_tools.peppermodules.paula.readers.PAULASpecificReader.paulaFile	CtFieldReferenceImpl	private
org.corpus_tools.peppermodules.paula.readers.PAULAReader()	CtConstructorImpl	public
org.corpus_tools.peppermodules.paula.readers.PAULAReader.setPaulaFile(java.io.File)	CtMethodImpl	public
org.corpus_tools.peppermodules.paula.util.xPointer.XPtrInterpreter.setInterpreter(java.lang.String,java.lang.String)	CtMethodImpl	public
org.corpus_tools.peppermodules.paula.PAULAXMLDictionary.TAG_STRUCT_REL	CtFieldReferenceImpl	public
org.corpus_tools.pepper.modules.PepperModule.ENDING_LEAF_FOLDER	CtFieldReferenceImpl	package-private
org.corpus_tools.peppermodules.paula.readers.PAULATextReader.paulaID	CtFieldReferenceImpl	private
org.corpus_tools.peppermodules.paula.readers.PAULASpecificReader.checkForFileReference(java.lang.String)	CtMethodImpl	protected
