method	type	visibility
dk.kyuff.pomlint.rules.InherentDependencyRule.getName()	CtMethodImpl	public
dk.kyuff.pomlint.rules.TestScopeOutOfOrderRule.getName()	CtMethodImpl	public
dk.kyuff.pomlint.HelpMojo.findSingleChild(org.w3c.dom.Node,java.lang.String)	CtMethodImpl	private
dk.kyuff.pomlint.HelpMojo.build()	CtMethodImpl	private
dk.kyuff.pomlint.rules.MixedPropertyNamesRule.stateError(org.apache.maven.plugin.logging.Log)	CtMethodImpl	public
dk.kyuff.pomlint.HelpMojo.writeParameter(java.lang.StringBuilder,org.w3c.dom.Node,org.w3c.dom.Node)	CtMethodImpl	private
dk.kyuff.pomlint.SuperMojo.allowEmptyDescription	CtFieldReferenceImpl	package-private
dk.kyuff.pomlint.HelpMojo.goal	CtFieldReferenceImpl	private
dk.kyuff.pomlint.rules.InherentDependencyRule.size	CtFieldReferenceImpl	private
dk.kyuff.pomlint.HelpMojo.findNamedChild(org.w3c.dom.Node,java.lang.String)	CtMethodImpl	private
dk.kyuff.pomlint.SuperMojo.allowModuleNamesToDiffer	CtFieldReferenceImpl	package-private
dk.kyuff.pomlint.HelpMojo()	CtConstructorImpl	public
dk.kyuff.pomlint.LintMojo	CtClassImpl	public
dk.kyuff.pomlint.rules.TestScopeOutOfOrderRule.valid(org.apache.maven.project.MavenProject)	CtMethodImpl	public
dk.kyuff.pomlint.DisableRule()	CtConstructorImpl	public
dk.kyuff.pomlint.LintMojo.FAILURE	CtFieldReferenceImpl	private
dk.kyuff.pomlint.rules.ModuleNameRule.stateError(org.apache.maven.plugin.logging.Log)	CtMethodImpl	public
dk.kyuff.pomlint.rules.ModuleNameRule.valid(org.apache.maven.project.MavenProject)	CtMethodImpl	public
dk.kyuff.pomlint.rules.TestScopeOutOfOrderRule.outOfOrder	CtFieldReferenceImpl	private
dk.kyuff.pomlint.rules.ModuleNameRule()	CtConstructorImpl	public
dk.kyuff.pomlint.DisableRule.isDisabled()	CtMethodImpl	public
dk.kyuff.pomlint.HelpMojo.getSingleChild(org.w3c.dom.Node,java.lang.String)	CtMethodImpl	private
dk.kyuff.pomlint.SuperMojo.allowMixedPropertyNames	CtFieldReferenceImpl	package-private
dk.kyuff.pomlint.rules.InherentDependencyRule.stateError(org.apache.maven.plugin.logging.Log)	CtMethodImpl	public
dk.kyuff.pomlint.rules.ModuleNameRule.artifactId	CtFieldReferenceImpl	private
dk.kyuff.pomlint.DisableRule.disabled	CtFieldReferenceImpl	private
dk.kyuff.pomlint.DisableRule	CtClassImpl	public
dk.kyuff.pomlint.DisableRule.setDisabled(boolean)	CtMethodImpl	public
dk.kyuff.pomlint.SuperMojo.allowInherentDependency	CtFieldReferenceImpl	package-private
dk.kyuff.pomlint.HelpMojo.getValue(org.w3c.dom.Node,java.lang.String)	CtMethodImpl	private
dk.kyuff.pomlint.HelpMojo.DEFAULT_LINE_LENGTH	CtFieldReferenceImpl	private
org.apache.maven.plugin.AbstractMojo.log	CtFieldReferenceImpl	private
dk.kyuff.pomlint.rules.EmptyDescriptionRule.stateError(org.apache.maven.plugin.logging.Log)	CtMethodImpl	public
dk.kyuff.pomlint.HelpMojo.lineLength	CtFieldReferenceImpl	private
dk.kyuff.pomlint.rules.MixedPropertyNamesRule	CtClassImpl	public
dk.kyuff.pomlint.rules.ModuleNameRule.name	CtFieldReferenceImpl	private
dk.kyuff.pomlint.rules.TestScopeOutOfOrderRule	CtClassImpl	public
dk.kyuff.pomlint.rules.MixedPropertyNamesRule()	CtConstructorImpl	public
dk.kyuff.pomlint.SuperMojo()	CtConstructorImpl	public
dk.kyuff.pomlint.rules.MixedPropertyNamesRule.valid(org.apache.maven.project.MavenProject)	CtMethodImpl	public
dk.kyuff.pomlint.rules.ModuleNameRule.getName()	CtMethodImpl	public
dk.kyuff.pomlint.HelpMojo.getIndentLevel(java.lang.String)	CtMethodImpl	private
dk.kyuff.pomlint.rules.InherentDependencyRule.valid(org.apache.maven.project.MavenProject)	CtMethodImpl	public
dk.kyuff.pomlint.HelpMojo.indentSize	CtFieldReferenceImpl	private
dk.kyuff.pomlint.LintMojo.execute()	CtMethodImpl	public
dk.kyuff.pomlint.rules.MixedPropertyNamesRule.getName()	CtMethodImpl	public
dk.kyuff.pomlint.HelpMojo.getPropertyFromExpression(java.lang.String)	CtMethodImpl	private
dk.kyuff.pomlint.HelpMojo.toLines(java.lang.String,int,int,int)	CtMethodImpl	private
dk.kyuff.pomlint.rules.EmptyDescriptionRule.getName()	CtMethodImpl	public
dk.kyuff.pomlint.LintMojo.SUCCESS	CtFieldReferenceImpl	private
dk.kyuff.pomlint.SuperMojo.setProject(org.apache.maven.project.MavenProject)	CtMethodImpl	public
dk.kyuff.pomlint.HelpMojo	CtClassImpl	public
dk.kyuff.pomlint.LintMojo()	CtConstructorImpl	public
dk.kyuff.pomlint.rules.TestScopeOutOfOrderRule()	CtConstructorImpl	public
dk.kyuff.pomlint.SuperMojo	CtClassImpl	public
dk.kyuff.pomlint.SuperMojo.project	CtFieldReferenceImpl	protected
dk.kyuff.pomlint.HelpMojo.PLUGIN_HELP_PATH	CtFieldReferenceImpl	private
dk.kyuff.pomlint.HelpMojo.writeGoal(java.lang.StringBuilder,java.lang.String,org.w3c.dom.Element)	CtMethodImpl	private
dk.kyuff.pomlint.HelpMojo.append(java.lang.StringBuilder,java.lang.String,int)	CtMethodImpl	private
dk.kyuff.pomlint.HelpMojo.isNotEmpty(java.lang.String)	CtMethodImpl	private
dk.kyuff.pomlint.rules.EmptyDescriptionRule	CtClassImpl	public
dk.kyuff.pomlint.HelpMojo.toLines(java.util.List<java.lang.String>,java.lang.String,int,int)	CtMethodImpl	private
dk.kyuff.pomlint.rules.ModuleNameRule	CtClassImpl	public
dk.kyuff.pomlint.HelpMojo.detail	CtFieldReferenceImpl	private
org.apache.maven.plugin.AbstractMojo.pluginContext	CtFieldReferenceImpl	private
org.apache.maven.plugin.Mojo.ROLE	CtFieldReferenceImpl	package-private
dk.kyuff.pomlint.SuperMojo.allowTestScopeOutOfOrder	CtFieldReferenceImpl	package-private
dk.kyuff.pomlint.rules.EmptyDescriptionRule()	CtConstructorImpl	public
dk.kyuff.pomlint.rules.EmptyDescriptionRule.valid(org.apache.maven.project.MavenProject)	CtMethodImpl	public
dk.kyuff.pomlint.rules.TestScopeOutOfOrderRule.stateError(org.apache.maven.plugin.logging.Log)	CtMethodImpl	public
dk.kyuff.pomlint.HelpMojo.repeat(java.lang.String,int)	CtMethodImpl	private
dk.kyuff.pomlint.rules.InherentDependencyRule	CtClassImpl	public
dk.kyuff.pomlint.LintMojo.DISABLED	CtFieldReferenceImpl	private
dk.kyuff.pomlint.HelpMojo.execute()	CtMethodImpl	public
dk.kyuff.pomlint.rules.InherentDependencyRule()	CtConstructorImpl	public
