method	type	visibility
net.lecousin.framework.injection.InjectionSerializationRule(net.lecousin.framework.injection.InjectionContext)	CtConstructorImpl	public
net.lecousin.framework.injection.ObjectValueFromSingletonAttribute	CtClassImpl	public
net.lecousin.framework.injection.Injection.resolveProperties(net.lecousin.framework.injection.InjectionContext,net.lecousin.framework.application.Application,java.lang.CharSequence)	CtMethodImpl	public
net.lecousin.framework.injection.Singleton.provide()	CtMethodImpl	public
net.lecousin.framework.concurrent.Task.PRIORITY_RATHER_LOW	CtFieldReferenceImpl	public
net.lecousin.framework.injection.xml.InjectionXmlParser01()	CtConstructorImpl	public
net.lecousin.framework.concurrent.Task.ondone	CtFieldReferenceImpl	package-private
net.lecousin.framework.injection.ObjectValueFromSingletonAttribute.attributeName	CtFieldReferenceImpl	protected
net.lecousin.framework.concurrent.Task.NB_PRIORITES	CtFieldReferenceImpl	public
net.lecousin.framework.injection.InjectionContext.setParent(net.lecousin.framework.injection.InjectionContext)	CtMethodImpl	public
net.lecousin.framework.injection.ObjectValueFromSingletonAttribute.create(net.lecousin.framework.injection.InjectionContext,java.lang.Class<T>,java.lang.reflect.Type,java.lang.annotation.Annotation[])	CtMethodImpl	public
net.lecousin.framework.injection.ObjectValueFromSingletonAttributeByType.type	CtFieldReferenceImpl	private
net.lecousin.framework.injection.ObjectValueRefType.create(net.lecousin.framework.injection.InjectionContext,java.lang.Class<T>,java.lang.reflect.Type,java.lang.annotation.Annotation[])	CtMethodImpl	public
net.lecousin.framework.injection.Factory.provide()	CtMethodImpl	public
net.lecousin.framework.concurrent.Task.PRIORITY_TOP	CtFieldReferenceImpl	public
net.lecousin.framework.concurrent.Task.STATUS_RUNNING	CtFieldReferenceImpl	public
net.lecousin.framework.injection.xml.InjectionXmlParser01	CtClassImpl	public
net.lecousin.framework.injection.InjectionException(java.lang.String,java.lang.Throwable)	CtConstructorImpl	public
net.lecousin.framework.injection.Injection.resolveProperties(net.lecousin.framework.injection.InjectionContext,net.lecousin.framework.application.Application,java.lang.String)	CtMethodImpl	public
net.lecousin.framework.injection.ObjectValueMap.create(net.lecousin.framework.injection.InjectionContext,java.lang.Class<T>,java.lang.reflect.Type,java.lang.annotation.Annotation[])	CtMethodImpl	public
net.lecousin.framework.injection.InjectionContext.children	CtFieldReferenceImpl	private
net.lecousin.framework.injection.ObjectValueFromSingletonAttribute(java.lang.String)	CtConstructorImpl	public
net.lecousin.framework.injection.xml.InjectionXmlConfiguration	CtClassImpl	public
net.lecousin.framework.concurrent.Task.app	CtFieldReferenceImpl	package-private
net.lecousin.framework.injection.InjectionContext.properties	CtFieldReferenceImpl	private
net.lecousin.framework.injection.ObjectMethod(java.lang.String,java.util.List<net.lecousin.framework.injection.ObjectValue>)	CtConstructorImpl	public
net.lecousin.framework.injection.InjectionContext.add(net.lecousin.framework.injection.ObjectProvider)	CtMethodImpl	public
net.lecousin.framework.injection.InjectionSerializationRule.context	CtFieldReferenceImpl	private
net.lecousin.framework.injection.ObjectValueRefId(java.lang.String)	CtConstructorImpl	public
net.lecousin.framework.injection.ObjectMethod.getName()	CtMethodImpl	public
net.lecousin.framework.injection.xml.InjectionXmlConfiguration.configure(net.lecousin.framework.injection.InjectionContext,net.lecousin.framework.io.IO.Readable)	CtMethodImpl	public
net.lecousin.framework.injection.Factory.attributes	CtFieldReferenceImpl	protected
net.lecousin.framework.injection.Init	CtClassImpl	public
net.lecousin.framework.injection.xml.InjectionXmlConfiguration.NAMESPACE_URI_0_1	CtFieldReferenceImpl	public
net.lecousin.framework.concurrent.Task.description	CtFieldReferenceImpl	package-private
net.lecousin.framework.injection.ObjectValueClass.clazz	CtFieldReferenceImpl	private
net.lecousin.framework.concurrent.Task.manager	CtFieldReferenceImpl	package-private
net.lecousin.framework.injection.xml.InjectionXmlParser01.configureProperty(net.lecousin.framework.injection.InjectionContext,net.lecousin.framework.application.Application,net.lecousin.framework.xml.XMLStreamReader)	CtMethodImpl	private
net.lecousin.framework.concurrent.Task.STATUS_DONE	CtFieldReferenceImpl	public
net.lecousin.framework.injection.xml.InjectionXmlParser01.readObjectAttribute(net.lecousin.framework.injection.InjectionContext,net.lecousin.framework.xml.XMLStreamReader,net.lecousin.framework.application.Application)	CtMethodImpl	public
net.lecousin.framework.injection.InjectionContext.parent	CtFieldReferenceImpl	private
net.lecousin.framework.injection.xml.InjectionXmlParser01.configureImport(net.lecousin.framework.injection.InjectionContext,net.lecousin.framework.application.Application,net.lecousin.framework.xml.XMLStreamReader)	CtMethodImpl	private
net.lecousin.framework.injection.ObjectValueFromSingletonAttributeByType(java.lang.String,java.lang.Class<?>)	CtConstructorImpl	public
net.lecousin.framework.injection.Injection.createObjectFromString(java.lang.Class<T>,java.lang.reflect.Type,java.lang.String,java.lang.annotation.Annotation[])	CtMethodImpl	public
net.lecousin.framework.injection.ObjectValueFromSingletonAttributeByType	CtClassImpl	public
net.lecousin.framework.injection.Injection.inject(net.lecousin.framework.injection.InjectionContext,java.lang.Object)	CtMethodImpl	public
net.lecousin.framework.concurrent.Task.cancelling	CtFieldReferenceImpl	package-private
net.lecousin.framework.injection.ObjectValueList.elements	CtFieldReferenceImpl	private
net.lecousin.framework.injection.InjectionContext.searchObjectInChildren(java.lang.String)	CtMethodImpl	public
net.lecousin.framework.concurrent.Task.STATUS_NOT_STARTED	CtFieldReferenceImpl	public
net.lecousin.framework.injection.Factory	CtClassImpl	public
net.lecousin.framework.injection.ObjectValueRefId	CtClassImpl	public
net.lecousin.framework.injection.ObjectProvider.getId()	CtMethodImpl	public
net.lecousin.framework.injection.Injection.injectAttribute(net.lecousin.framework.injection.InjectionContext,java.lang.Object,net.lecousin.framework.injection.ObjectAttribute)	CtMethodImpl	public
net.lecousin.framework.injection.SingletonOnDemand(net.lecousin.framework.injection.InjectionContext,java.lang.Class<?>,net.lecousin.framework.util.Provider<?>,java.lang.String,net.lecousin.framework.injection.ObjectMethod)	CtConstructorImpl	public
net.lecousin.framework.injection.InjectionContext.getObjectById(java.lang.String,java.lang.Class<T>)	CtMethodImpl	public
net.lecousin.framework.concurrent.Task.nextExecution	CtFieldReferenceImpl	package-private
net.lecousin.framework.injection.ObjectValueFromString.value	CtFieldReferenceImpl	private
net.lecousin.framework.injection.InjectionContext.getParent()	CtMethodImpl	public
net.lecousin.framework.injection.ObjectProvider.type	CtFieldReferenceImpl	protected
net.lecousin.framework.injection.ObjectValueMap(java.util.List<net.lecousin.framework.injection.ObjectAttribute>)	CtConstructorImpl	public
net.lecousin.framework.concurrent.Task.priority	CtFieldReferenceImpl	package-private
net.lecousin.framework.concurrent.Task.PRIORITY_IMPORTANT	CtFieldReferenceImpl	public
net.lecousin.framework.injection.ObjectValueList	CtClassImpl	public
net.lecousin.framework.concurrent.Task.PRIORITY_RATHER_IMPORTANT	CtFieldReferenceImpl	public
net.lecousin.framework.injection.ObjectProvider.getType()	CtMethodImpl	public
net.lecousin.framework.injection.ObjectValueRefId.create(net.lecousin.framework.injection.InjectionContext,java.lang.Class<T>,java.lang.reflect.Type,java.lang.annotation.Annotation[])	CtMethodImpl	public
net.lecousin.framework.injection.InjectionContext()	CtConstructorImpl	public
net.lecousin.framework.injection.ObjectValueClass.ctorParameters	CtFieldReferenceImpl	private
net.lecousin.framework.injection.ObjectValueFromSingletonAttributeById(java.lang.String,java.lang.String)	CtConstructorImpl	public
net.lecousin.framework.injection.InjectionContext.providers	CtFieldReferenceImpl	private
net.lecousin.framework.injection.ObjectValueFromString(java.lang.String)	CtConstructorImpl	public
net.lecousin.framework.injection.Injection.create(net.lecousin.framework.injection.InjectionContext,java.lang.Class<?>,net.lecousin.framework.injection.ObjectMethod,java.util.List<net.lecousin.framework.injection.ObjectAttribute>)	CtMethodImpl	public
net.lecousin.framework.injection.ObjectValueFromSingletonAttributeByType.getInstance(net.lecousin.framework.injection.InjectionContext)	CtMethodImpl	protected
net.lecousin.framework.injection.InjectionContext(net.lecousin.framework.injection.InjectionContext)	CtConstructorImpl	public
net.lecousin.framework.injection.InjectionContext.getObjectById(java.lang.String)	CtMethodImpl	public
net.lecousin.framework.injection.ObjectValueList(java.util.List<net.lecousin.framework.injection.ObjectValue>)	CtConstructorImpl	public
net.lecousin.framework.injection.Factory(net.lecousin.framework.injection.InjectionContext,java.lang.Class<?>,java.lang.Class<?>,net.lecousin.framework.injection.ObjectMethod,java.util.List<net.lecousin.framework.injection.ObjectAttribute>,java.lang.String)	CtConstructorImpl	public
net.lecousin.framework.injection.Injection.create(net.lecousin.framework.injection.InjectionContext,java.lang.Class<T>,java.util.List<net.lecousin.framework.injection.ObjectValue>,net.lecousin.framework.injection.ObjectMethod,java.util.List<net.lecousin.framework.injection.ObjectAttribute>)	CtMethodImpl	public
net.lecousin.framework.injection.ObjectValueClass(java.lang.Class<?>,java.util.List<net.lecousin.framework.injection.ObjectValue>,java.util.List<net.lecousin.framework.injection.ObjectAttribute>)	CtConstructorImpl	public
net.lecousin.framework.injection.SingletonOnDemand.provider	CtFieldReferenceImpl	protected
net.lecousin.framework.concurrent.Task.taskJoin	CtFieldReferenceImpl	protected
net.lecousin.framework.injection.Factory.implType	CtFieldReferenceImpl	protected
net.lecousin.framework.concurrent.Task.STATUS_EXECUTED	CtFieldReferenceImpl	public
net.lecousin.framework.concurrent.Task.holdSP	CtFieldReferenceImpl	private
net.lecousin.framework.injection.Injection()	CtConstructorImpl	private
net.lecousin.framework.injection.InjectionSerializationRule.isEquivalent(net.lecousin.framework.io.serialization.rules.SerializationRule)	CtMethodImpl	public
net.lecousin.framework.injection.ObjectValueRefType(java.lang.Class<?>)	CtConstructorImpl	public
net.lecousin.framework.injection.ObjectAttribute	CtClassImpl	public
net.lecousin.framework.injection.ObjectAttribute(java.lang.String,net.lecousin.framework.injection.ObjectValue)	CtConstructorImpl	public
net.lecousin.framework.concurrent.Task.PRIORITY_BACKGROUND	CtFieldReferenceImpl	public
net.lecousin.framework.injection.Init()	CtConstructorImpl	public
net.lecousin.framework.injection.Singleton.destroy	CtFieldReferenceImpl	protected
net.lecousin.framework.injection.InjectionContext.setObject(java.lang.String,java.lang.Class<?>,java.lang.Object,net.lecousin.framework.injection.ObjectMethod)	CtMethodImpl	public
net.lecousin.framework.injection.Singleton(net.lecousin.framework.injection.InjectionContext,java.lang.Class<?>,java.lang.Object,java.lang.String,net.lecousin.framework.injection.ObjectMethod)	CtConstructorImpl	public
net.lecousin.framework.injection.Injection	CtClassImpl	public
net.lecousin.framework.injection.Injection.1	CtClassImpl	package-private
net.lecousin.framework.injection.ObjectValueClass.create(net.lecousin.framework.injection.InjectionContext,java.lang.Class<T>,java.lang.reflect.Type,java.lang.annotation.Annotation[])	CtMethodImpl	public
net.lecousin.framework.injection.ObjectAttribute.name	CtFieldReferenceImpl	private
net.lecousin.framework.injection.ObjectValueFromString.create(net.lecousin.framework.injection.InjectionContext,java.lang.Class<T>,java.lang.reflect.Type,java.lang.annotation.Annotation[])	CtMethodImpl	public
net.lecousin.framework.injection.ObjectAttribute.getName()	CtMethodImpl	public
net.lecousin.framework.injection.ObjectValueClass.attributes	CtFieldReferenceImpl	private
net.lecousin.framework.injection.ObjectMethod.name	CtFieldReferenceImpl	protected
net.lecousin.framework.injection.ObjectProvider(net.lecousin.framework.injection.InjectionContext,java.lang.Class<?>,java.lang.String)	CtConstructorImpl	public
net.lecousin.framework.injection.ObjectValueRefType	CtClassImpl	public
net.lecousin.framework.concurrent.Task.PRIORITY_NORMAL	CtFieldReferenceImpl	public
net.lecousin.framework.injection.InjectionContext.close()	CtMethodImpl	public
net.lecousin.framework.concurrent.Task.STATUS_STARTED_READY	CtFieldReferenceImpl	public
net.lecousin.framework.injection.xml.InjectionXmlParser01.configureInjection(net.lecousin.framework.injection.InjectionContext,net.lecousin.framework.xml.XMLStreamReader)	CtMethodImpl	public
net.lecousin.framework.concurrent.Task.result	CtFieldReferenceImpl	package-private
net.lecousin.framework.injection.Singleton.close()	CtMethodImpl	public
net.lecousin.framework.injection.ObjectAttribute.getValue()	CtMethodImpl	public
net.lecousin.framework.injection.ObjectProvider.id	CtFieldReferenceImpl	protected
net.lecousin.framework.injection.InjectionContext.providerById	CtFieldReferenceImpl	private
net.lecousin.framework.injection.ObjectMethod.parameters	CtFieldReferenceImpl	protected
net.lecousin.framework.injection.Factory.initMethod	CtFieldReferenceImpl	protected
net.lecousin.framework.injection.InjectionContext.setProperty(java.lang.String,java.lang.String)	CtMethodImpl	public
net.lecousin.framework.injection.xml.InjectionXmlConfiguration.1	CtClassImpl	package-private
net.lecousin.framework.injection.Injection.scanClass(net.lecousin.framework.injection.InjectionContext,net.lecousin.framework.application.Application,boolean,java.lang.Class<?>,net.lecousin.framework.log.Logger)	CtMethodImpl	private
net.lecousin.framework.injection.ObjectMethod	CtClassImpl	public
net.lecousin.framework.injection.ObjectValueFromSingletonAttributeById.getInstance(net.lecousin.framework.injection.InjectionContext)	CtMethodImpl	protected
net.lecousin.framework.injection.ObjectValueFromString	CtClassImpl	public
net.lecousin.framework.injection.ObjectValueList.create(net.lecousin.framework.injection.InjectionContext,java.lang.Class<T>,java.lang.reflect.Type,java.lang.annotation.Annotation[])	CtMethodImpl	public
net.lecousin.framework.injection.ObjectValueMap	CtClassImpl	public
net.lecousin.framework.injection.Injection.scanPackage(net.lecousin.framework.injection.InjectionContext,net.lecousin.framework.application.Application,java.lang.String,boolean)	CtMethodImpl	public
net.lecousin.framework.injection.ObjectValueMap.elements	CtFieldReferenceImpl	private
net.lecousin.framework.injection.Injection.call(net.lecousin.framework.injection.InjectionContext,java.lang.Object,net.lecousin.framework.injection.ObjectMethod)	CtMethodImpl	public
net.lecousin.framework.injection.SingletonOnDemand.provide()	CtMethodImpl	public
net.lecousin.framework.injection.InjectionSerializationRule.apply(net.lecousin.framework.io.serialization.SerializationClass,net.lecousin.framework.io.serialization.SerializationContext,java.util.List<net.lecousin.framework.io.serialization.rules.SerializationRule>,boolean)	CtMethodImpl	public
net.lecousin.framework.injection.InjectionSerializationRule	CtClassImpl	public
net.lecousin.framework.injection.SingletonOnDemand	CtClassImpl	public
net.lecousin.framework.injection.InjectionException(java.lang.String)	CtConstructorImpl	public
net.lecousin.framework.injection.xml.InjectionXmlConfiguration.configure(net.lecousin.framework.injection.InjectionContext,net.lecousin.framework.xml.XMLStreamReader)	CtMethodImpl	private
net.lecousin.framework.injection.xml.InjectionXmlParser01.readObjectMethod(net.lecousin.framework.injection.InjectionContext,net.lecousin.framework.xml.XMLStreamReader,net.lecousin.framework.application.Application)	CtMethodImpl	public
net.lecousin.framework.injection.Singleton	CtClassImpl	public
net.lecousin.framework.injection.Singleton.instance	CtFieldReferenceImpl	protected
net.lecousin.framework.injection.Injection.getProperty(net.lecousin.framework.application.Application,net.lecousin.framework.injection.InjectionContext,java.lang.String)	CtMethodImpl	public
net.lecousin.framework.injection.ObjectValueFromSingletonAttributeById.refId	CtFieldReferenceImpl	private
net.lecousin.framework.injection.InjectionContext.getProperty(java.lang.String)	CtMethodImpl	public
net.lecousin.framework.concurrent.Task.STATUS_BLOCKED	CtFieldReferenceImpl	public
net.lecousin.framework.injection.xml.InjectionXmlParser01.configureScanPackage(net.lecousin.framework.injection.InjectionContext,net.lecousin.framework.application.Application,net.lecousin.framework.xml.XMLStreamReader)	CtMethodImpl	private
net.lecousin.framework.injection.xml.InjectionXmlParser01.readObjectValue(net.lecousin.framework.injection.InjectionContext,net.lecousin.framework.xml.XMLStreamReader,net.lecousin.framework.application.Application)	CtMethodImpl	public
net.lecousin.framework.injection.ObjectMethod.getParameters()	CtMethodImpl	public
net.lecousin.framework.concurrent.Task.PRIORITY_URGENT	CtFieldReferenceImpl	public
net.lecousin.framework.concurrent.Task.STATUS_STARTED_WAITING	CtFieldReferenceImpl	public
net.lecousin.framework.injection.InjectionContext	CtClassImpl	public
net.lecousin.framework.injection.ObjectValueFromSingletonAttributeById	CtClassImpl	public
net.lecousin.framework.injection.xml.InjectionXmlConfiguration.configure(net.lecousin.framework.injection.InjectionContext,java.lang.String)	CtMethodImpl	public
net.lecousin.framework.concurrent.Task.PRIORITY_LOW	CtFieldReferenceImpl	public
net.lecousin.framework.injection.InjectionException.serialVersionUID	CtFieldReferenceImpl	private
net.lecousin.framework.injection.ObjectValueRefType.type	CtFieldReferenceImpl	private
net.lecousin.framework.injection.InjectionException	CtClassImpl	public
net.lecousin.framework.concurrent.Task.executeEvery	CtFieldReferenceImpl	package-private
net.lecousin.framework.injection.ObjectProvider.ctx	CtFieldReferenceImpl	protected
net.lecousin.framework.injection.ObjectAttribute.value	CtFieldReferenceImpl	private
net.lecousin.framework.injection.Factory.close()	CtMethodImpl	public
net.lecousin.framework.injection.ObjectValueClass	CtClassImpl	public
net.lecousin.framework.injection.ObjectProvider	CtClassImpl	public
net.lecousin.framework.injection.ObjectValueFromString.isExplicitlyNull()	CtMethodImpl	public
net.lecousin.framework.injection.ObjectValueRefId.refId	CtFieldReferenceImpl	private
net.lecousin.framework.injection.xml.InjectionXmlConfiguration()	CtConstructorImpl	private
net.lecousin.framework.injection.xml.InjectionXmlConfiguration.configureInjection(net.lecousin.framework.injection.InjectionContext,net.lecousin.framework.xml.XMLStreamReader)	CtMethodImpl	public
net.lecousin.framework.concurrent.Task.status	CtFieldReferenceImpl	package-private
net.lecousin.framework.injection.Init.keepAfterInit()	CtMethodImpl	public
net.lecousin.framework.injection.InjectionContext.getRoot()	CtMethodImpl	public
net.lecousin.framework.injection.xml.InjectionXmlParser01.configureObjectProvider(net.lecousin.framework.injection.InjectionContext,net.lecousin.framework.application.Application,net.lecousin.framework.xml.XMLStreamReader,boolean)	CtMethodImpl	private
net.lecousin.framework.injection.InjectionSerializationRule.onInstantiation(net.lecousin.framework.io.serialization.TypeDefinition,java.lang.Object,net.lecousin.framework.io.serialization.SerializationContext)	CtMethodImpl	public
net.lecousin.framework.injection.InjectionContext.getObject(java.lang.Class<T>)	CtMethodImpl	public
