method	type	visibility
com.makeandbuild.vessl.validation.proxy.SecurityValidationProxy	CtClassImpl	public
com.makeandbuild.vessl.validation.exception.BeanValidationException.setErrors(java.util.List<org.springframework.validation.ObjectError>)	CtMethodImpl	public
com.makeandbuild.vessl.propconfig.SpringEnvironmentPropertyPlaceholderConfigurer.getProperty(java.lang.String)	CtMethodImpl	public
com.makeandbuild.vessl.persistence.jdbc.BaseDaoImpl.find(com.makeandbuild.vessl.persistence.AbstractPagedRequest,java.util.List<com.makeandbuild.vessl.persistence.Criteria>)	CtMethodImpl	public
com.makeandbuild.vessl.persistence.jdbc.BaseDaoImpl._mapper	CtFieldReferenceImpl	protected
com.makeandbuild.vessl.persistence.jdbc.BaseDomainMapper.getLong(java.sql.ResultSet,java.lang.String)	CtMethodImpl	public
com.makeandbuild.vessl.fixture.DaoDumperImpl(java.lang.Class,java.lang.String,com.makeandbuild.vessl.fixture.EntityManager,java.io.File,java.lang.Object)	CtConstructorImpl	public
com.makeandbuild.vessl.persistence.AbstractPagedRequest.page	CtFieldReferenceImpl	private
com.makeandbuild.vessl.persistence.jdbc.ResultSetUtil.getShortOrNull(java.sql.ResultSet,java.lang.String)	CtMethodImpl	public
com.makeandbuild.vessl.persistence.ObjectNotFoundException(java.lang.String,java.lang.Throwable)	CtConstructorImpl	public
com.makeandbuild.vessl.persistence.couch.CouchDbJacksonImpl	CtClassImpl	public
com.makeandbuild.vessl.rest.ResourceSerializedBaseBare.uriInfo	CtFieldReferenceImpl	protected
com.makeandbuild.vessl.persistence.jdbc.BaseDomainMapper.setPrimaryKey(java.lang.Object,T)	CtMethodImpl	public
com.makeandbuild.vessl.persistence.Criteria.getValue()	CtMethodImpl	public
com.makeandbuild.vessl.fixture.FixtureImpl.getEntityLoader(java.lang.Class,java.lang.String)	CtMethodImpl	private
com.makeandbuild.vessl.rest.ResourceBase.buildExceptionResponse(javax.ws.rs.core.Response.Status,java.lang.Throwable,java.lang.String)	CtMethodImpl	protected
org.springframework.beans.factory.config.PlaceholderConfigurerSupport.placeholderPrefix	CtFieldReferenceImpl	protected
com.makeandbuild.vessl.persistence.couch.HttpEntityRequestCallback.doWithRequest(org.springframework.http.client.ClientHttpRequest)	CtMethodImpl	public
org.springframework.core.io.support.PropertiesLoaderSupport.logger	CtFieldReferenceImpl	protected
com.makeandbuild.vessl.rest.serializers.BeanValidationExceptionSerializer	CtClassImpl	public
org.springframework.core.io.support.PropertiesLoaderSupport.fileEncoding	CtFieldReferenceImpl	private
com.makeandbuild.vessl.persistence.jdbc.BaseDaoImpl.cascadeDeletes(ID,java.lang.String,com.makeandbuild.vessl.persistence.jdbc.BaseDao)	CtMethodImpl	protected
com.makeandbuild.vessl.rest.ResourceBase.objectMapper	CtFieldReferenceImpl	private
org.springframework.beans.factory.config.PropertyOverrideConfigurer.ignoreInvalidKeys	CtFieldReferenceImpl	private
com.makeandbuild.vessl.rest.ResourceBase	CtClassImpl	public
com.makeandbuild.vessl.fixture.DaoEntityManagerImpl.find(com.makeandbuild.vessl.persistence.AbstractPagedRequest,com.makeandbuild.vessl.persistence.Criteria[])	CtMethodImpl	public
com.makeandbuild.vessl.persistence.jdbc.ResultSetUtil.getBooleanOrNull(java.sql.ResultSet,java.lang.String)	CtMethodImpl	public
com.makeandbuild.vessl.rest.ResourceSerializedBaseBare	CtClassImpl	public
com.makeandbuild.vessl.persistence.jdbc.BaseDomainMapper.primaryKeyField	CtFieldReferenceImpl	protected
com.makeandbuild.vessl.fixture.IteratedInputStreamEntityLoaderImpl.logger	CtFieldReferenceImpl	protected
com.makeandbuild.vessl.rest.ResourceSerializedBaseBare.getValidationDao()	CtMethodImpl	protected
com.makeandbuild.vessl.persistence.couch.CouchId(java.lang.String)	CtConstructorImpl	public
com.makeandbuild.vessl.rest.ResourceBase.buildExceptionResponse(javax.ws.rs.core.Response.Status,java.lang.Throwable,java.lang.String,java.lang.String,java.lang.String,int)	CtMethodImpl	protected
com.makeandbuild.vessl.fixture.DaoDumperImpl.dump()	CtMethodImpl	public
com.makeandbuild.vessl.rest.ResourceBase.buildExceptionResponse(java.lang.Throwable,java.lang.String)	CtMethodImpl	protected
com.makeandbuild.vessl.fixture.ResourceEntityLoaderImpl.mapper	CtFieldReferenceImpl	protected
com.makeandbuild.vessl.persistence.jdbc.SortBy.attribute	CtFieldReferenceImpl	private
com.makeandbuild.vessl.fixture.IteratedInputStreamEntityLoaderImpl.setSubtype(java.lang.String)	CtMethodImpl	public
com.makeandbuild.vessl.fixture.FixtureImpl.getMiniumKey(java.lang.Class,java.lang.String)	CtMethodImpl	public
com.makeandbuild.vessl.persistence.jdbc.BaseDaoImpl.setIdClass(java.lang.Class)	CtMethodImpl	public
com.makeandbuild.vessl.validation.ValidationProxyManagerImpl.newSecurityValidatorProxy(com.makeandbuild.vessl.persistence.Dao)	CtMethodImpl	public
com.makeandbuild.vessl.persistence.jdbc.ReflectionBasedJdbcMapper.saveWhensMap	CtFieldReferenceImpl	private
com.makeandbuild.vessl.fixture.DaoEntityManagerImpl.getDao()	CtMethodImpl	public
com.makeandbuild.vessl.persistence.jdbc.BaseDaoImpl.innerJoins	CtFieldReferenceImpl	protected
com.makeandbuild.vessl.persistence.couch.CouchDbJacksonImpl.deleteAll()	CtMethodImpl	public
com.makeandbuild.vessl.persistence.jdbc.AttributeParser.getAttribute(java.lang.String)	CtMethodImpl	public
com.makeandbuild.vessl.fixture.DaoDumperImpl.logger	CtFieldReferenceImpl	package-private
com.makeandbuild.vessl.fixture.DaoEntityManagerImpl.getIdClass()	CtMethodImpl	public
com.makeandbuild.vessl.persistence.AbstractPagedResponse.items	CtFieldReferenceImpl	private
com.makeandbuild.vessl.persistence.AbstractPagedRequest(int,int)	CtConstructorImpl	public
com.makeandbuild.vessl.persistence.Criteria.getAttribute()	CtMethodImpl	public
com.makeandbuild.vessl.fixture.DaoEntityManagerImpl(com.makeandbuild.vessl.persistence.Dao)	CtConstructorImpl	public
com.makeandbuild.vessl.persistence.jdbc.SortBy	CtClassImpl	public
com.makeandbuild.vessl.persistence.jdbc.BaseDaoImpl.cascadeDeletes(ID)	CtMethodImpl	protected
com.makeandbuild.vessl.persistence.jdbc.BaseDaoImpl.find(com.makeandbuild.vessl.persistence.AbstractPagedRequest,com.makeandbuild.vessl.persistence.Criteria,java.util.List<com.makeandbuild.vessl.persistence.jdbc.SortBy>)	CtMethodImpl	public
com.makeandbuild.vessl.fixture.IteratedInputStreamEntityLoaderImpl(java.io.InputStream,java.lang.Class,java.lang.String)	CtConstructorImpl	public
com.makeandbuild.vessl.persistence.AbstractPagedResponse(C,int,int)	CtConstructorImpl	public
com.makeandbuild.vessl.persistence.couch.CouchDbJacksonImpl.getIdClass()	CtMethodImpl	public
com.makeandbuild.vessl.persistence.jdbc.BaseDaoImpl.toList(com.makeandbuild.vessl.persistence.Criteria[])	CtMethodImpl	protected
com.makeandbuild.vessl.persistence.jdbc.PagedResponse.totalPages	CtFieldReferenceImpl	private
com.makeandbuild.vessl.fixture.FixtureImpl.getEntityManagers()	CtMethodImpl	public
com.makeandbuild.vessl.persistence.jdbc.ReflectionBasedJdbcMapper.addFields(java.lang.Class,java.util.Map<java.lang.String, com.makeandbuild.vessl.persistence.jdbc.SaveWhen>)	CtMethodImpl	private
com.makeandbuild.vessl.persistence.couch.CouchDBBaseImpl.setTemplate(org.springframework.web.client.RestTemplate)	CtMethodImpl	public
com.makeandbuild.vessl.validation.ValidationProxyManagerImpl.applicationContext	CtFieldReferenceImpl	private
com.makeandbuild.vessl.persistence.couch.BasicAuthClientHttpRequestInterceptor	CtClassImpl	public
com.makeandbuild.vessl.persistence.jdbc.ReflectionBasedJdbcMapper.insertParameters(T)	CtMethodImpl	public
com.makeandbuild.vessl.validation.validator.JSR303BeanValidator.supports(java.lang.Class)	CtMethodImpl	public
com.makeandbuild.vessl.fixture.FixtureImpl.load(com.makeandbuild.vessl.fixture.EntityLoader)	CtMethodImpl	public
com.makeandbuild.vessl.persistence.couch.CouchDbJacksonImpl.mapper	CtFieldReferenceImpl	private
com.makeandbuild.vessl.persistence.AbstractPagedRequest.getPage()	CtMethodImpl	public
com.makeandbuild.vessl.fixture.IteratedInputStreamEntityLoaderImpl.getSubtype()	CtMethodImpl	public
com.makeandbuild.vessl.persistence.couch.CouchDBBaseImpl(org.springframework.web.client.RestTemplate)	CtConstructorImpl	public
com.makeandbuild.vessl.validation.proxy.BeanValidationProxy(com.makeandbuild.vessl.persistence.Dao,java.util.Map<java.lang.Class<?>, java.util.List<org.springframework.validation.Validator>>,java.lang.String[])	CtConstructorImpl	private
com.makeandbuild.vessl.fixture.FixtureImpl()	CtConstructorImpl	public
com.makeandbuild.vessl.persistence.couch.CouchDBBaseImpl.putForObject(java.lang.String,java.lang.Object,java.lang.Class<T>,java.util.Map<java.lang.String, ?>)	CtMethodImpl	public
com.makeandbuild.vessl.rest.AccessDeniedHandlerImpl.log	CtFieldReferenceImpl	package-private
com.makeandbuild.vessl.fixture.FixtureImpl.purge()	CtMethodImpl	public
com.makeandbuild.vessl.persistence.jdbc.PagedResponse	CtClassImpl	public
org.springframework.core.Ordered.LOWEST_PRECEDENCE	CtFieldReferenceImpl	package-private
org.springframework.beans.factory.config.PropertyPlaceholderConfigurer.searchSystemEnvironment	CtFieldReferenceImpl	private
org.springframework.beans.factory.config.PropertyResourceConfigurer.order	CtFieldReferenceImpl	private
com.makeandbuild.vessl.rest.serializers.RuntimeExceptionSerializer	CtClassImpl	public
com.makeandbuild.vessl.persistence.jdbc.AttributeParser.getDomainName(java.lang.String)	CtMethodImpl	public
com.makeandbuild.vessl.rest.AccessDeniedHandlerImpl	CtClassImpl	public
com.makeandbuild.vessl.fixture.DaoDumperImpl.dodump()	CtMethodImpl	private
com.makeandbuild.vessl.persistence.ObjectNotFoundException	CtClassImpl	public
org.springframework.beans.factory.config.PropertyPlaceholderConfigurer.systemPropertiesMode	CtFieldReferenceImpl	private
org.springframework.jdbc.core.support.JdbcDaoSupport.jdbcTemplate	CtFieldReferenceImpl	private
com.makeandbuild.vessl.fixture.IteratedInputStreamEntityLoaderImpl.jp	CtFieldReferenceImpl	protected
com.makeandbuild.vessl.persistence.couch.CouchDbJacksonImpl.getEntityClass()	CtMethodImpl	public
com.makeandbuild.vessl.persistence.jdbc.BaseDaoImpl.create(T)	CtMethodImpl	public
com.makeandbuild.vessl.validation.exception.BeanValidationException.errors	CtFieldReferenceImpl	private
com.makeandbuild.vessl.persistence.jdbc.BaseDaoImpl.delete(com.makeandbuild.vessl.persistence.Criteria[])	CtMethodImpl	public
com.makeandbuild.vessl.persistence.jdbc.BaseDaoImpl.getNonGeneratingInserter()	CtMethodImpl	protected
com.makeandbuild.vessl.persistence.jdbc.ReflectionBasedJdbcMapper.mapRow(java.sql.ResultSet,int)	CtMethodImpl	public
com.makeandbuild.vessl.fixture.FixtureImpl.getEntityLoaders()	CtMethodImpl	public
com.makeandbuild.vessl.fixture.DaoEntityManagerImpl.getId(java.lang.Object)	CtMethodImpl	public
com.makeandbuild.vessl.validation.proxy.BeanValidationProxy.invoke(java.lang.Object,java.lang.reflect.Method,java.lang.Object[])	CtMethodImpl	public
com.makeandbuild.vessl.persistence.jdbc.SortBy.setAttribute(java.lang.String)	CtMethodImpl	public
com.makeandbuild.vessl.propconfig.SpringEnvironmentPropertyPlaceholderConfigurer.setSilent(boolean)	CtMethodImpl	public
com.makeandbuild.vessl.persistence.DaoException(java.lang.Throwable)	CtConstructorImpl	public
org.springframework.core.io.support.PropertiesLoaderSupport.localOverride	CtFieldReferenceImpl	protected
com.makeandbuild.vessl.fixture.IteratedInputStreamEntityLoaderImpl.inputStream	CtFieldReferenceImpl	protected
com.makeandbuild.vessl.validation.ValidationProxyManagerImpl.cachedValidatorsMap	CtFieldReferenceImpl	private
com.makeandbuild.vessl.fixture.DumperFactoryImpl.directory	CtFieldReferenceImpl	protected
com.makeandbuild.vessl.fixture.FixtureImpl.compareTypes(java.lang.String,java.lang.String)	CtMethodImpl	private
com.makeandbuild.vessl.fixture.InputStreamEntityLoaderImpl.getInstance()	CtMethodImpl	protected
org.springframework.jdbc.core.namedparam.NamedParameterJdbcDaoSupport.namedParameterJdbcTemplate	CtFieldReferenceImpl	private
com.makeandbuild.vessl.persistence.jdbc.ReflectionBasedJdbcMapper.columnMapMap	CtFieldReferenceImpl	private
com.makeandbuild.vessl.persistence.jdbc.BaseDaoImpl(com.makeandbuild.vessl.persistence.jdbc.DomainMapper,java.lang.Class,java.lang.Class)	CtConstructorImpl	public
com.makeandbuild.vessl.persistence.jdbc.ReflectionBasedJdbcMapper.getSaveWhens(java.lang.Class)	CtMethodImpl	private
com.makeandbuild.vessl.persistence.couch.BasicAuthClientHttpRequestInterceptor(java.lang.String)	CtConstructorImpl	protected
com.makeandbuild.vessl.persistence.jdbc.BaseDaoImpl.lastSql	CtFieldReferenceImpl	protected
com.makeandbuild.vessl.fixture.ResourceEntityLoaderImpl	CtClassImpl	public
com.makeandbuild.vessl.persistence.jdbc.SortBy.isAscending()	CtMethodImpl	public
com.makeandbuild.vessl.validation.exception.BeanValidationException(java.lang.String,java.util.List<org.springframework.validation.ObjectError>,java.lang.Object)	CtConstructorImpl	public
com.makeandbuild.vessl.persistence.couch.CouchDbJacksonImpl.setDesignDocument(org.springframework.core.io.Resource)	CtMethodImpl	public
com.makeandbuild.vessl.fixture.DaoDumperImpl.directory	CtFieldReferenceImpl	protected
com.makeandbuild.vessl.rest.ResourceSerializedBaseBare.delete(ID)	CtMethodImpl	public
com.makeandbuild.vessl.fixture.InputStreamEntityLoaderImpl.entityClass	CtFieldReferenceImpl	protected
com.makeandbuild.vessl.persistence.couch.CouchDbJacksonImpl.getDesignDocument()	CtMethodImpl	public
com.makeandbuild.vessl.persistence.couch.CouchDbJacksonImpl.getDesignDocumentLocation()	CtMethodImpl	public
com.makeandbuild.vessl.persistence.Criteria.JoinLogic.OR	CtEnumValueImpl	public
com.makeandbuild.vessl.propconfig.SpringLoggingPropertyOverrideConfigurer()	CtConstructorImpl	public
com.makeandbuild.vessl.validation.proxy.SecurityValidationProxy.obj	CtFieldReferenceImpl	private
com.makeandbuild.vessl.persistence.couch.CouchDbJacksonImpl()	CtConstructorImpl	public
com.makeandbuild.vessl.rest.ResourceBase.failure(int,java.lang.String,java.lang.String,java.lang.Throwable,java.lang.String,java.lang.Integer)	CtMethodImpl	public
com.makeandbuild.vessl.rest.serializers.ObjectNotFoundExceptionSerializer()	CtConstructorImpl	public
com.makeandbuild.vessl.persistence.couch.Base64BasicAuthEncoder	CtClassImpl	public
com.makeandbuild.vessl.persistence.jdbc.BaseDaoImpl.getDomainMapper(java.lang.String)	CtMethodImpl	protected
com.makeandbuild.vessl.persistence.jdbc.BaseDomainMapper.tablename	CtFieldReferenceImpl	protected
com.makeandbuild.vessl.persistence.jdbc.ReflectionBasedJdbcMapper.getField(java.lang.Class,java.lang.String)	CtMethodImpl	private
com.makeandbuild.vessl.propconfig.SpringEnvironmentPropertyPlaceholderConfigurer.print(java.lang.String)	CtMethodImpl	private
com.makeandbuild.vessl.fixture.FixtureImpl.setEntityLoaders(java.util.List<com.makeandbuild.vessl.fixture.EntityLoader>)	CtMethodImpl	public
com.makeandbuild.vessl.persistence.couch.CouchDbJacksonImpl.init()	CtMethodImpl	public
com.makeandbuild.vessl.persistence.AbstractPagedResponse	CtClassImpl	public
com.makeandbuild.vessl.persistence.Criteria(com.makeandbuild.vessl.persistence.Criteria.JoinLogic,java.lang.String,java.lang.String,java.lang.Object)	CtConstructorImpl	public
com.makeandbuild.vessl.fixture.IteratedInputStreamEntityLoaderImpl.loadReverse()	CtMethodImpl	public
com.makeandbuild.vessl.fixture.ResourceEntityLoaderImpl.entityClass	CtFieldReferenceImpl	protected
com.makeandbuild.vessl.persistence.jdbc.BaseDomainMapper.getTablename()	CtMethodImpl	public
com.makeandbuild.vessl.persistence.jdbc.BaseDaoImpl.idClass	CtFieldReferenceImpl	protected
com.makeandbuild.vessl.persistence.couch.CouchId.getId()	CtMethodImpl	public
com.makeandbuild.vessl.persistence.Criteria(java.lang.String,java.lang.String,java.lang.Object)	CtConstructorImpl	public
com.makeandbuild.vessl.persistence.couch.CouchDBBaseImpl$HttpEntityRequestCallback(java.lang.Object)	CtConstructorImpl	private
com.makeandbuild.vessl.fixture.DaoDumperImpl.file	CtFieldReferenceImpl	protected
org.springframework.beans.factory.config.PlaceholderConfigurerSupport.DEFAULT_PLACEHOLDER_SUFFIX	CtFieldReferenceImpl	public
org.springframework.beans.factory.config.PlaceholderConfigurerSupport.valueSeparator	CtFieldReferenceImpl	protected
com.makeandbuild.vessl.validation.proxy.BeanValidationProxy.validationTypes	CtFieldReferenceImpl	private
com.makeandbuild.vessl.validation.proxy.BeanValidationProxy.newInstance(com.makeandbuild.vessl.persistence.Dao,java.util.Map<java.lang.Class<?>, java.util.List<org.springframework.validation.Validator>>)	CtMethodImpl	public
com.makeandbuild.vessl.persistence.couch.CouchId.revision	CtFieldReferenceImpl	private
com.makeandbuild.vessl.rest.serializers.BaseSerializer.writeObjectField(com.fasterxml.jackson.core.JsonGenerator,java.lang.String,java.lang.Object)	CtMethodImpl	protected
org.springframework.beans.factory.config.PlaceholderConfigurerSupport.placeholderSuffix	CtFieldReferenceImpl	protected
org.springframework.beans.factory.config.PlaceholderConfigurerSupport.beanFactory	CtFieldReferenceImpl	private
com.makeandbuild.vessl.validation.validator.JSR303BeanValidator.validate(java.lang.Object,org.springframework.validation.Errors)	CtMethodImpl	public
com.makeandbuild.vessl.fixture.DaoEntityManagerImpl.getEntityClass()	CtMethodImpl	public
com.makeandbuild.vessl.rest.serializers.ObjectNotFoundExceptionSerializer.serialize(com.makeandbuild.vessl.persistence.ObjectNotFoundException,com.fasterxml.jackson.core.JsonGenerator,com.fasterxml.jackson.databind.SerializerProvider)	CtMethodImpl	public
com.makeandbuild.vessl.persistence.couch.CouchDbJacksonImpl.delete(com.makeandbuild.vessl.persistence.Criteria)	CtMethodImpl	public
com.makeandbuild.vessl.persistence.jdbc.ResultSetUtil.getDoubleOrNull(java.sql.ResultSet,java.lang.String)	CtMethodImpl	public
com.makeandbuild.vessl.persistence.Criteria.getOperation()	CtMethodImpl	public
com.makeandbuild.vessl.validation.proxy.BeanValidationProxy.newInstance(com.makeandbuild.vessl.persistence.Dao,java.util.Map<java.lang.Class<?>, java.util.List<org.springframework.validation.Validator>>,java.lang.String[])	CtMethodImpl	public
com.makeandbuild.vessl.persistence.couch.CouchDbJacksonImpl.save(com.fasterxml.jackson.databind.node.ObjectNode)	CtMethodImpl	public
com.makeandbuild.vessl.fixture.InputStreamEntityLoaderImpl	CtClassImpl	public
com.makeandbuild.vessl.fixture.IteratedInputStreamEntityLoaderImpl.subtype	CtFieldReferenceImpl	protected
com.makeandbuild.vessl.persistence.couch.CouchDBBaseImpl.AcceptHeaderRequestCallback	CtClassImpl	protected
com.makeandbuild.vessl.persistence.couch.BasicAuthClientHttpRequestInterceptor.process(org.apache.http.HttpRequest,org.apache.http.protocol.HttpContext)	CtMethodImpl	public
com.makeandbuild.vessl.fixture.DaoDumperImpl.writeObject(java.lang.Object)	CtMethodImpl	protected
com.makeandbuild.vessl.persistence.couch.CouchDBBaseImpl.execute(java.lang.String,java.lang.Object,org.springframework.http.HttpMethod,java.lang.Class<T>,java.util.Map<java.lang.String, ?>)	CtMethodImpl	protected
com.makeandbuild.vessl.persistence.couch.CouchDbJacksonImpl.toQueryParam(com.makeandbuild.vessl.persistence.Criteria)	CtMethodImpl	private
com.makeandbuild.vessl.persistence.couch.CouchDbJacksonImpl.getIdName()	CtMethodImpl	public
com.makeandbuild.vessl.fixture.InputStreamEntityLoaderImpl(java.io.InputStream,java.lang.Class,java.lang.String)	CtConstructorImpl	public
com.makeandbuild.vessl.persistence.jdbc.BaseDomainMapper.getBoolean(java.sql.ResultSet,java.lang.String)	CtMethodImpl	public
com.makeandbuild.vessl.persistence.AbstractPagedRequest.pageSize	CtFieldReferenceImpl	private
com.makeandbuild.vessl.fixture.FixtureImpl.load(java.lang.String)	CtMethodImpl	public
com.makeandbuild.vessl.rest.ResourceBase.buildExceptionResponse(javax.ws.rs.core.Response.Status,java.lang.Throwable,java.lang.String,java.lang.String,int)	CtMethodImpl	protected
com.makeandbuild.vessl.persistence.AbstractPagedResponse.getItems()	CtMethodImpl	public
com.makeandbuild.vessl.rest.ResourceSerializedBaseBare.getOne(ID)	CtMethodImpl	public
org.springframework.dao.support.DaoSupport.logger	CtFieldReferenceImpl	protected
com.makeandbuild.vessl.fixture.DaoEntityManagerImpl.getSubtype()	CtMethodImpl	public
com.makeandbuild.vessl.persistence.couch.CouchDbJacksonImpl.dbUrl(java.lang.String)	CtMethodImpl	private
com.makeandbuild.vessl.rest.ResourceSerializedBase.getOne(ID)	CtMethodImpl	public
com.makeandbuild.vessl.persistence.Criteria.value	CtFieldReferenceImpl	private
com.makeandbuild.vessl.persistence.couch.CouchDBBaseImpl.HttpEntityRequestCallback	CtClassImpl	protected
com.makeandbuild.vessl.persistence.couch.CouchDbJacksonImpl.update(com.fasterxml.jackson.databind.node.ObjectNode)	CtMethodImpl	public
com.makeandbuild.vessl.validation.proxy.BeanValidationProxy.obj	CtFieldReferenceImpl	private
com.makeandbuild.vessl.fixture.FixtureImpl.load()	CtMethodImpl	public
com.makeandbuild.vessl.fixture.ResourceEntityLoaderImpl.subtype	CtFieldReferenceImpl	protected
com.makeandbuild.vessl.persistence.couch.CouchDbJacksonImpl.baseUrl(java.lang.String)	CtMethodImpl	private
com.makeandbuild.vessl.persistence.couch.BasicAuthClientHttpRequestInterceptor.intercept(org.springframework.http.HttpRequest,byte[],org.springframework.http.client.ClientHttpRequestExecution)	CtMethodImpl	public
com.makeandbuild.vessl.persistence.jdbc.SortBy.setAscending(boolean)	CtMethodImpl	public
com.makeandbuild.vessl.persistence.jdbc.BaseDaoImpl.entityClass	CtFieldReferenceImpl	protected
com.makeandbuild.vessl.propconfig.SpringEnvironmentPropertyPlaceholderConfigurer.instance	CtFieldReferenceImpl	private
com.makeandbuild.vessl.persistence.jdbc.ReflectionBasedJdbcMapper.getBeanValue(T,java.lang.String)	CtMethodImpl	private
com.makeandbuild.vessl.persistence.jdbc.ResultSetUtil()	CtConstructorImpl	public
com.makeandbuild.vessl.persistence.jdbc.BaseDaoImpl.exists(ID)	CtMethodImpl	public
com.makeandbuild.vessl.persistence.jdbc.BaseDomainMapper	CtClassImpl	public
com.makeandbuild.vessl.persistence.jdbc.ReflectionBasedJdbcMapper.invoke(java.lang.Object,java.lang.reflect.Method,java.lang.Object[])	CtMethodImpl	public
com.makeandbuild.vessl.rest.ResourceBase.getStackTrace(java.lang.Throwable)	CtMethodImpl	public
com.makeandbuild.vessl.validation.validator.JSR303BeanValidator()	CtConstructorImpl	public
com.makeandbuild.vessl.fixture.FixtureImpl.doPurge(com.makeandbuild.vessl.fixture.EntityManager,com.makeandbuild.vessl.fixture.EntityLoader)	CtMethodImpl	private
com.makeandbuild.vessl.rest.ResourceBase.getPageSize(javax.ws.rs.core.MultivaluedMap<java.lang.String, java.lang.String>)	CtMethodImpl	protected
com.makeandbuild.vessl.fixture.IteratedInputStreamEntityLoaderImpl.setEntityClass(java.lang.Class)	CtMethodImpl	public
com.makeandbuild.vessl.persistence.Criteria.joinLogic	CtFieldReferenceImpl	private
com.makeandbuild.vessl.fixture.IteratedInputStreamEntityLoaderImpl.getInstance()	CtMethodImpl	protected
com.makeandbuild.vessl.propconfig.SpringEnvironmentPropertyPlaceholderConfigurer.printProperties()	CtMethodImpl	public
com.makeandbuild.vessl.rest.ResourceBase.logger	CtFieldReferenceImpl	protected
com.makeandbuild.vessl.persistence.jdbc.ResultSetUtil	CtClassImpl	public
com.makeandbuild.vessl.propconfig.SpringEnvironmentPropertyPlaceholderConfigurer.silent	CtFieldReferenceImpl	private
com.makeandbuild.vessl.rest.ResourceSerializedBaseBare(java.lang.Class)	CtConstructorImpl	public
org.springframework.beans.factory.config.PropertyOverrideConfigurer.DEFAULT_BEAN_NAME_SEPARATOR	CtFieldReferenceImpl	public
com.makeandbuild.vessl.rest.ResourceSerializedBaseBare.update(java.lang.String,boolean)	CtMethodImpl	public
com.makeandbuild.vessl.persistence.couch.CouchDbJacksonImpl.setDesignDocumentLocation(java.lang.String)	CtMethodImpl	public
com.makeandbuild.vessl.persistence.jdbc.BaseDomainMapper.buildMap(java.lang.Class<T>)	CtMethodImpl	protected
com.makeandbuild.vessl.rest.serializers.ObjectNotFoundExceptionSerializer	CtClassImpl	public
com.makeandbuild.vessl.persistence.jdbc.PagedResponse.getTotalPages()	CtMethodImpl	public
com.makeandbuild.vessl.persistence.couch.CouchDbJacksonImpl.create(com.fasterxml.jackson.databind.node.ObjectNode)	CtMethodImpl	public
com.makeandbuild.vessl.persistence.couch.CouchDbJacksonImpl.deleteById(com.makeandbuild.vessl.persistence.couch.CouchId)	CtMethodImpl	public
com.makeandbuild.vessl.fixture.FixtureImpl.setEntityManagers(java.util.List<com.makeandbuild.vessl.fixture.EntityManager>)	CtMethodImpl	public
com.makeandbuild.vessl.fixture.InputStreamEntityLoaderImpl.getSubtype()	CtMethodImpl	public
com.makeandbuild.vessl.persistence.couch.CouchDBBaseImpl$AcceptHeaderRequestCallback(java.lang.Class<?>)	CtConstructorImpl	private
com.makeandbuild.vessl.persistence.AbstractPagedRequest.setPage(int)	CtMethodImpl	public
com.makeandbuild.vessl.fixture.ValidatedDaoEntityManagerImpl.getDao()	CtMethodImpl	public
com.makeandbuild.vessl.fixture.IteratedInputStreamEntityLoaderImpl.resource	CtFieldReferenceImpl	package-private
com.makeandbuild.vessl.persistence.couch.CouchDbJacksonImpl.exists(com.makeandbuild.vessl.persistence.Criteria[])	CtMethodImpl	public
com.makeandbuild.vessl.rest.ErrorCode	CtClassImpl	public
com.makeandbuild.vessl.persistence.jdbc.ReflectionBasedJdbcMapper.proxy(java.lang.Class)	CtMethodImpl	public
com.makeandbuild.vessl.persistence.Criteria.setJoinLogic(com.makeandbuild.vessl.persistence.Criteria.JoinLogic)	CtMethodImpl	public
com.makeandbuild.vessl.persistence.couch.CouchDbJacksonImpl.createDatabase()	CtMethodImpl	public
com.makeandbuild.vessl.persistence.couch.CouchDBBaseImpl.setDatabaseName(java.lang.String)	CtMethodImpl	public
com.makeandbuild.vessl.persistence.jdbc.BaseDaoImpl.save(T)	CtMethodImpl	public
com.makeandbuild.vessl.persistence.ObjectNotFoundException(java.lang.String)	CtConstructorImpl	public
com.makeandbuild.vessl.fixture.DaoEntityManagerImpl.save(java.lang.Object)	CtMethodImpl	public
com.makeandbuild.vessl.persistence.jdbc.BaseDomainMapper.getShort(java.sql.ResultSet,java.lang.String)	CtMethodImpl	public
com.makeandbuild.vessl.rest.ResourceSerializedBaseBare.getList(javax.ws.rs.core.UriInfo)	CtMethodImpl	public
com.makeandbuild.vessl.fixture.DaoDumperImpl.dump(java.io.OutputStream)	CtMethodImpl	public
com.makeandbuild.vessl.persistence.jdbc.BaseDaoImpl.nonGeneratingInserter	CtFieldReferenceImpl	protected
com.makeandbuild.vessl.fixture.FixtureImpl.logger	CtFieldReferenceImpl	protected
com.makeandbuild.vessl.persistence.jdbc.AttributeParser()	CtConstructorImpl	public
com.makeandbuild.vessl.propconfig.SpringLoggingPropertyOverrideConfigurer.processProperties(org.springframework.beans.factory.config.ConfigurableListableBeanFactory,java.util.Properties)	CtMethodImpl	protected
com.makeandbuild.vessl.fixture.InputStreamEntityLoaderImpl.loadReverse()	CtMethodImpl	public
com.makeandbuild.vessl.persistence.couch.BasicAuthClientHttpRequestInterceptor(java.lang.String,java.lang.String,com.makeandbuild.vessl.persistence.couch.Encoder<java.lang.String>)	CtConstructorImpl	public
com.makeandbuild.vessl.validation.ValidationProxyManagerImpl.logger	CtFieldReferenceImpl	package-private
com.makeandbuild.vessl.persistence.Criteria.operation	CtFieldReferenceImpl	private
com.makeandbuild.vessl.persistence.jdbc.BaseDomainMapper.getDouble(java.sql.ResultSet,java.lang.String)	CtMethodImpl	public
org.springframework.beans.factory.config.PropertyPlaceholderConfigurer.SYSTEM_PROPERTIES_MODE_OVERRIDE	CtFieldReferenceImpl	public
com.makeandbuild.vessl.persistence.couch.BasicAuthClientHttpRequestInterceptor.encodedCredentials	CtFieldReferenceImpl	private
com.makeandbuild.vessl.persistence.jdbc.AttributeParser	CtClassImpl	public
com.makeandbuild.vessl.fixture.DaoDumperImpl.start()	CtMethodImpl	protected
com.makeandbuild.vessl.persistence.jdbc.BaseDaoImpl.find(com.makeandbuild.vessl.persistence.AbstractPagedRequest,com.makeandbuild.vessl.persistence.Criteria[])	CtMethodImpl	public
org.springframework.beans.factory.config.PlaceholderConfigurerSupport.nullValue	CtFieldReferenceImpl	protected
com.makeandbuild.vessl.persistence.jdbc.BaseDaoImpl.getIdName()	CtMethodImpl	public
com.makeandbuild.vessl.fixture.DaoEntityManagerImpl.deleteAll()	CtMethodImpl	public
com.makeandbuild.vessl.persistence.jdbc.BaseDomainMapper.getPrimaryKeyName()	CtMethodImpl	public
com.makeandbuild.vessl.validation.validator.JSR303BeanValidator.afterPropertiesSet()	CtMethodImpl	public
com.makeandbuild.vessl.persistence.jdbc.ReflectionBasedJdbcMapper.specialize	CtFieldReferenceImpl	private
com.makeandbuild.vessl.propconfig.SpringEnvironmentPropertyPlaceholderConfigurer.createInstance(java.util.Map<java.lang.String, java.lang.String>)	CtMethodImpl	public
com.makeandbuild.vessl.validation.ValidationProxyManagerImpl.setApplicationContext(org.springframework.context.ApplicationContext)	CtMethodImpl	public
com.makeandbuild.vessl.persistence.couch.CouchDBBaseImpl.getBaseUrl()	CtMethodImpl	public
com.makeandbuild.vessl.persistence.jdbc.SortBy(java.lang.String)	CtConstructorImpl	public
com.makeandbuild.vessl.fixture.FixtureImpl.dump(java.lang.Class,java.lang.String,java.io.File)	CtMethodImpl	public
com.makeandbuild.vessl.persistence.couch.CouchDbJacksonImpl(org.springframework.web.client.RestTemplate)	CtConstructorImpl	public
com.makeandbuild.vessl.propconfig.SpringEnvironmentPropertyPlaceholderConfigurer.printOptional(java.lang.String)	CtMethodImpl	private
com.makeandbuild.vessl.propconfig.SpringEnvironmentPropertyPlaceholderConfigurer.getMerged()	CtMethodImpl	public
com.makeandbuild.vessl.persistence.jdbc.BaseDaoImpl.find(ID)	CtMethodImpl	public
com.makeandbuild.vessl.rest.ResourceSerializedBaseBare.validationDao	CtFieldReferenceImpl	private
com.makeandbuild.vessl.persistence.AbstractPagedRequest()	CtConstructorImpl	public
com.makeandbuild.vessl.persistence.couch.CouchDBBaseImpl.setBaseUrl(java.lang.String)	CtMethodImpl	public
com.makeandbuild.vessl.persistence.couch.Base64BasicAuthEncoder.encode(java.lang.String[])	CtMethodImpl	public
com.makeandbuild.vessl.persistence.jdbc.BaseDaoImpl.delete(java.util.List<com.makeandbuild.vessl.persistence.Criteria>)	CtMethodImpl	public
com.makeandbuild.vessl.fixture.FixtureImpl.load(java.lang.Class,java.lang.String)	CtMethodImpl	public
com.makeandbuild.vessl.rest.ResourceBase.handleException(java.lang.Throwable,java.lang.String)	CtMethodImpl	protected
com.makeandbuild.vessl.rest.ResourceSerializedBaseBare.create(java.lang.String,boolean)	CtMethodImpl	public
com.makeandbuild.vessl.fixture.IteratedInputStreamEntityLoaderImpl.countRead	CtFieldReferenceImpl	protected
com.makeandbuild.vessl.fixture.IteratedInputStreamEntityLoaderImpl.initialized	CtFieldReferenceImpl	protected
com.makeandbuild.vessl.persistence.jdbc.BaseDaoImpl.getIdField(java.lang.Object)	CtMethodImpl	protected
org.springframework.core.io.support.PropertiesLoaderSupport.localProperties	CtFieldReferenceImpl	protected
com.makeandbuild.vessl.rest.ResourceBase.getObjectMapper()	CtMethodImpl	protected
com.makeandbuild.vessl.fixture.DaoEntityManagerImpl.getIdName()	CtMethodImpl	public
com.makeandbuild.vessl.persistence.couch.CouchDbJacksonImpl.listDatabases()	CtMethodImpl	public
com.makeandbuild.vessl.persistence.Criteria.setOperation(java.lang.String)	CtMethodImpl	public
com.makeandbuild.vessl.persistence.couch.CouchDBBaseImpl.getDatabaseName()	CtMethodImpl	public
com.makeandbuild.vessl.persistence.couch.CouchDbJacksonImpl.getId(com.fasterxml.jackson.databind.node.ObjectNode)	CtMethodImpl	public
com.makeandbuild.vessl.persistence.couch.CouchDbJacksonImpl.toList(com.makeandbuild.vessl.persistence.Criteria[])	CtMethodImpl	private
com.makeandbuild.vessl.fixture.ValidatedDaoEntityManagerImpl(com.makeandbuild.vessl.persistence.Dao,java.lang.String,java.lang.String[])	CtConstructorImpl	public
com.makeandbuild.vessl.persistence.couch.CouchDbJacksonImpl.delete(com.makeandbuild.vessl.persistence.Criteria[])	CtMethodImpl	public
com.makeandbuild.vessl.validation.exception.BeanValidationException.getValidatedBean()	CtMethodImpl	public
com.makeandbuild.vessl.persistence.couch.CouchId.getRevision()	CtMethodImpl	public
com.makeandbuild.vessl.persistence.jdbc.BaseDaoImpl.mappers	CtFieldReferenceImpl	protected
com.makeandbuild.vessl.persistence.jdbc.BaseDomainMapper.getColumn(java.lang.String)	CtMethodImpl	public
com.makeandbuild.vessl.persistence.couch.CouchDbJacksonImpl.find(com.makeandbuild.vessl.persistence.couch.CouchId)	CtMethodImpl	public
com.makeandbuild.vessl.persistence.jdbc.BaseDaoImpl.inserter	CtFieldReferenceImpl	protected
com.makeandbuild.vessl.persistence.Criteria.setValue(java.lang.Object)	CtMethodImpl	public
org.springframework.beans.factory.config.PlaceholderConfigurerSupport.beanName	CtFieldReferenceImpl	private
com.makeandbuild.vessl.fixture.ValidatedDaoEntityManagerImpl	CtClassImpl	public
com.makeandbuild.vessl.persistence.couch.Base64BasicAuthEncoder()	CtConstructorImpl	public
com.makeandbuild.vessl.propconfig.SpringEnvironmentPropertyPlaceholderConfigurer.isSilent()	CtMethodImpl	public
com.makeandbuild.vessl.fixture.ValidatedDaoEntityManagerImpl.validationTypes	CtFieldReferenceImpl	protected
com.makeandbuild.vessl.fixture.DumperFactoryImpl()	CtConstructorImpl	public
com.makeandbuild.vessl.persistence.Criteria.attribute	CtFieldReferenceImpl	private
com.makeandbuild.vessl.propconfig.SpringLoggingPropertyPlaceholderConfigurer()	CtConstructorImpl	public
com.makeandbuild.vessl.fixture.DumperFactoryImpl.setDirectory(java.io.File)	CtMethodImpl	public
com.makeandbuild.vessl.rest.ResourceSerializedBase(java.lang.Class)	CtConstructorImpl	public
com.makeandbuild.vessl.persistence.Criteria.getJoinLogic()	CtMethodImpl	public
com.makeandbuild.vessl.fixture.ResourceEntityLoaderImpl.load()	CtMethodImpl	public
com.makeandbuild.vessl.rest.ResourceSerializedBaseBare.validationProxyManager	CtFieldReferenceImpl	package-private
org.springframework.beans.factory.config.PlaceholderConfigurerSupport.ignoreUnresolvablePlaceholders	CtFieldReferenceImpl	protected
com.makeandbuild.vessl.persistence.jdbc.BaseDaoImpl.addPaging(com.makeandbuild.vessl.persistence.AbstractPagedRequest,com.makeandbuild.vessl.persistence.jdbc.PagedResponse<T>,java.util.List<java.lang.String>,java.util.ArrayList<java.lang.Object>,java.lang.String)	CtMethodImpl	protected
com.makeandbuild.vessl.persistence.couch.CouchDbJacksonImpl.designDocumentLocation	CtFieldReferenceImpl	private
com.makeandbuild.vessl.fixture.FixtureImpl.entityManagers	CtFieldReferenceImpl	protected
com.makeandbuild.vessl.persistence.jdbc.BaseDaoImpl.toArray(java.util.List<java.lang.Object>)	CtMethodImpl	protected
com.makeandbuild.vessl.fixture.InputStreamEntityLoaderImpl.mapper	CtFieldReferenceImpl	protected
com.makeandbuild.vessl.validation.proxy.SecurityValidationProxy.logger	CtFieldReferenceImpl	package-private
com.makeandbuild.vessl.persistence.jdbc.ReflectionBasedJdbcMapper.getResultsetValue(java.lang.String,java.lang.Class,java.sql.ResultSet)	CtMethodImpl	private
com.makeandbuild.vessl.persistence.couch.CouchDbJacksonImpl.find(com.makeandbuild.vessl.persistence.AbstractPagedRequest,com.makeandbuild.vessl.persistence.Criteria[])	CtMethodImpl	public
com.makeandbuild.vessl.fixture.FixtureImpl.getDumperFactory()	CtMethodImpl	public
com.makeandbuild.vessl.persistence.Criteria.setAttribute(java.lang.String)	CtMethodImpl	public
com.makeandbuild.vessl.persistence.jdbc.PagedResponse.totalItems	CtFieldReferenceImpl	private
org.springframework.beans.factory.config.PlaceholderConfigurerSupport.DEFAULT_PLACEHOLDER_PREFIX	CtFieldReferenceImpl	public
com.makeandbuild.vessl.rest.ErrorCode.UNAUTHORIZED_GENERAL	CtFieldReferenceImpl	public
com.makeandbuild.vessl.validation.ValidationProxyManagerImpl.newBeanValidatorProxy(com.makeandbuild.vessl.persistence.Dao,java.lang.String[])	CtMethodImpl	public
com.makeandbuild.vessl.fixture.IteratedInputStreamEntityLoaderImpl.entityClass	CtFieldReferenceImpl	protected
com.makeandbuild.vessl.persistence.jdbc.BaseDaoImpl.exists(java.util.List<com.makeandbuild.vessl.persistence.Criteria>)	CtMethodImpl	public
com.makeandbuild.vessl.persistence.jdbc.ReflectionBasedJdbcMapper.getColumnMap(java.lang.Class)	CtMethodImpl	private
com.makeandbuild.vessl.persistence.Criteria$JoinLogic()	CtConstructorImpl	private
com.makeandbuild.vessl.rest.ResourceBase.getPage(javax.ws.rs.core.MultivaluedMap<java.lang.String, java.lang.String>)	CtMethodImpl	protected
com.makeandbuild.vessl.fixture.InputStreamEntityLoaderImpl.inputStream	CtFieldReferenceImpl	protected
com.makeandbuild.vessl.fixture.DaoDumperImpl.minKey	CtFieldReferenceImpl	protected
com.makeandbuild.vessl.persistence.jdbc.BaseDaoImpl.getEntityClass()	CtMethodImpl	public
com.makeandbuild.vessl.validation.exception.BeanValidationException.setValidatedBean(java.lang.Object)	CtMethodImpl	public
com.makeandbuild.vessl.validation.proxy.BeanValidationProxy.cachedValidatorsMap	CtFieldReferenceImpl	private
com.makeandbuild.vessl.fixture.ValidatedDaoEntityManagerImpl(com.makeandbuild.vessl.persistence.Dao)	CtConstructorImpl	public
com.makeandbuild.vessl.fixture.ValidatedDaoEntityManagerImpl.validationProxyManager	CtFieldReferenceImpl	package-private
com.makeandbuild.vessl.fixture.IteratedInputStreamEntityLoaderImpl.mapper	CtFieldReferenceImpl	protected
com.makeandbuild.vessl.rest.ResourceBase.getSortBys(javax.ws.rs.core.MultivaluedMap<java.lang.String, java.lang.String>)	CtMethodImpl	protected
com.makeandbuild.vessl.persistence.AbstractPagedRequest.setPageSize(int)	CtMethodImpl	public
com.makeandbuild.vessl.propconfig.SpringEnvironmentPropertyPlaceholderConfigurer.init(java.util.Map<java.lang.String, java.lang.String>)	CtMethodImpl	private
com.makeandbuild.vessl.fixture.DaoEntityManagerImpl.dao	CtFieldReferenceImpl	protected
com.makeandbuild.vessl.propconfig.SpringEnvironmentPropertyPlaceholderConfigurer	CtClassImpl	public
com.makeandbuild.vessl.propconfig.SpringLoggingPropertyOverrideConfigurer	CtClassImpl	public
com.makeandbuild.vessl.propconfig.SpringLoggingPropertyPlaceholderConfigurer	CtClassImpl	public
com.makeandbuild.vessl.persistence.jdbc.BaseDaoImpl	CtClassImpl	public
org.springframework.core.Ordered.HIGHEST_PRECEDENCE	CtFieldReferenceImpl	package-private
com.makeandbuild.vessl.fixture.ValidatedDaoEntityManagerImpl.validationDao	CtFieldReferenceImpl	protected
com.makeandbuild.vessl.persistence.couch.CouchDbJacksonImpl.designDocument	CtFieldReferenceImpl	private
com.makeandbuild.vessl.persistence.jdbc.ResultSetUtil.getIntOrNull(java.sql.ResultSet,java.lang.String)	CtMethodImpl	public
com.makeandbuild.vessl.persistence.jdbc.BaseDomainMapper.columnMap	CtFieldReferenceImpl	protected
com.makeandbuild.vessl.fixture.IteratedInputStreamEntityLoaderImpl.read()	CtMethodImpl	public
com.makeandbuild.vessl.persistence.jdbc.PagedResponse.setTotalItems(long)	CtMethodImpl	public
com.makeandbuild.vessl.rest.ResourceBase()	CtConstructorImpl	public
org.springframework.beans.factory.config.PropertyPlaceholderConfigurer.SYSTEM_PROPERTIES_MODE_NEVER	CtFieldReferenceImpl	public
com.makeandbuild.vessl.persistence.couch.CouchDBBaseImpl.HttpEntityRequestCallback.requestEntity	CtFieldReferenceImpl	private
com.makeandbuild.vessl.persistence.AbstractPagedResponse.setItems(C)	CtMethodImpl	public
com.makeandbuild.vessl.fixture.FixtureImpl.dump(java.lang.Class,java.lang.String,java.io.OutputStream)	CtMethodImpl	public
com.makeandbuild.vessl.propconfig.SpringLoggingPropertyPlaceholderConfigurer.processProperties(org.springframework.beans.factory.config.ConfigurableListableBeanFactory,java.util.Properties)	CtMethodImpl	protected
com.makeandbuild.vessl.rest.ErrorCode()	CtConstructorImpl	public
com.makeandbuild.vessl.rest.ResourceSerializedBase.create(java.lang.String,boolean)	CtMethodImpl	public
com.makeandbuild.vessl.fixture.DaoDumperImpl.objectMapper	CtFieldReferenceImpl	protected
com.makeandbuild.vessl.fixture.ResourceEntityLoaderImpl.logger	CtFieldReferenceImpl	protected
com.makeandbuild.vessl.rest.ErrorCode.INTERNAL_SERVER_ERROR_GENERAL	CtFieldReferenceImpl	public
com.makeandbuild.vessl.validation.ValidationProxyManagerImpl	CtClassImpl	public
com.makeandbuild.vessl.persistence.couch.CouchDBBaseImpl.template	CtFieldReferenceImpl	protected
com.makeandbuild.vessl.persistence.DaoException(java.lang.String,java.lang.Throwable)	CtConstructorImpl	public
com.makeandbuild.vessl.persistence.couch.CouchDbJacksonImpl.exists(com.makeandbuild.vessl.persistence.couch.CouchId)	CtMethodImpl	public
com.makeandbuild.vessl.fixture.InputStreamEntityLoaderImpl.getEntityClass()	CtMethodImpl	public
com.makeandbuild.vessl.persistence.couch.CouchDbJacksonImpl.delete(java.util.List<com.makeandbuild.vessl.persistence.Criteria>)	CtMethodImpl	public
com.makeandbuild.vessl.fixture.ResourceEntityLoaderImpl.resourcePath	CtFieldReferenceImpl	protected
com.makeandbuild.vessl.rest.ResourceBase.addModuleSerializers(com.fasterxml.jackson.databind.module.SimpleModule)	CtMethodImpl	protected
com.makeandbuild.vessl.persistence.jdbc.BaseDaoImpl.getIdField(java.lang.Class)	CtMethodImpl	protected
com.makeandbuild.vessl.fixture.InputStreamEntityLoaderImpl.load()	CtMethodImpl	public
com.makeandbuild.vessl.persistence.jdbc.PagedResponse.getTotalItems()	CtMethodImpl	public
com.makeandbuild.vessl.validation.proxy.SecurityValidationProxy(com.makeandbuild.vessl.persistence.Dao)	CtConstructorImpl	private
com.makeandbuild.vessl.validation.proxy.BeanValidationProxy	CtClassImpl	public
com.makeandbuild.vessl.persistence.jdbc.ReflectionBasedJdbcMapper.getBaseClass(java.lang.Class)	CtMethodImpl	private
com.makeandbuild.vessl.rest.serializers.BeanValidationExceptionSerializer()	CtConstructorImpl	public
com.makeandbuild.vessl.fixture.DaoEntityManagerImpl.setSubtype(java.lang.String)	CtMethodImpl	public
com.makeandbuild.vessl.validation.proxy.SecurityValidationProxy.newInstance(com.makeandbuild.vessl.persistence.Dao)	CtMethodImpl	public
com.makeandbuild.vessl.validation.validator.JSR303BeanValidator.validator	CtFieldReferenceImpl	private
com.makeandbuild.vessl.validation.ValidationProxyManagerImpl.newBeanValidatorProxy(com.makeandbuild.vessl.persistence.Dao)	CtMethodImpl	public
com.makeandbuild.vessl.validation.proxy.BeanValidationProxy.logger	CtFieldReferenceImpl	package-private
com.makeandbuild.vessl.rest.ResourceBase.buildOkResponse(org.json.JSONObject)	CtMethodImpl	protected
com.makeandbuild.vessl.validation.proxy.BeanValidationProxy.skip(org.springframework.validation.Validator)	CtMethodImpl	private
com.makeandbuild.vessl.persistence.couch.CouchDbJacksonImpl.dbUrl()	CtMethodImpl	private
com.makeandbuild.vessl.persistence.couch.CouchId(java.lang.String,java.lang.String)	CtConstructorImpl	public
org.springframework.core.io.support.PropertiesLoaderSupport.locations	CtFieldReferenceImpl	private
com.makeandbuild.vessl.rest.ResourceSerializedBase.delete(ID)	CtMethodImpl	public
com.makeandbuild.vessl.persistence.jdbc.SortBy(java.lang.String,boolean)	CtConstructorImpl	public
com.makeandbuild.vessl.rest.ResourceSerializedBase.update(java.lang.String,boolean)	CtMethodImpl	public
com.makeandbuild.vessl.persistence.couch.CouchDbJacksonImpl.toValue(java.lang.Object)	CtMethodImpl	private
com.makeandbuild.vessl.validation.exception.BeanValidationException	CtClassImpl	public
com.makeandbuild.vessl.persistence.couch.CouchDBBaseImpl()	CtConstructorImpl	public
com.makeandbuild.vessl.persistence.jdbc.BaseDaoImpl.deleteAll()	CtMethodImpl	public
com.makeandbuild.vessl.propconfig.SpringEnvironmentPropertyPlaceholderConfigurer.merged	CtFieldReferenceImpl	private
com.makeandbuild.vessl.fixture.IteratedInputStreamEntityLoaderImpl()	CtConstructorImpl	public
com.makeandbuild.vessl.rest.ResourceSerializedBase.getList(javax.ws.rs.core.UriInfo)	CtMethodImpl	public
com.makeandbuild.vessl.fixture.IteratedInputStreamEntityLoaderImpl.reInitialize()	CtMethodImpl	public
com.makeandbuild.vessl.fixture.ResourceEntityLoaderImpl(java.lang.String)	CtConstructorImpl	public
org.springframework.beans.factory.config.PropertyPlaceholderConfigurer.constants	CtFieldReferenceImpl	private
com.makeandbuild.vessl.persistence.jdbc.BaseDomainMapper()	CtConstructorImpl	public
com.makeandbuild.vessl.fixture.DaoDumperImpl.subtype	CtFieldReferenceImpl	protected
com.makeandbuild.vessl.rest.AccessDeniedHandlerImpl.handle(javax.servlet.http.HttpServletRequest,javax.servlet.http.HttpServletResponse,org.springframework.security.access.AccessDeniedException)	CtMethodImpl	public
com.makeandbuild.vessl.persistence.jdbc.BaseDaoImpl.delete(com.makeandbuild.vessl.persistence.Criteria)	CtMethodImpl	public
com.makeandbuild.vessl.fixture.DaoEntityManagerImpl.setDao(com.makeandbuild.vessl.persistence.Dao)	CtMethodImpl	public
com.makeandbuild.vessl.persistence.couch.CouchId.id	CtFieldReferenceImpl	private
com.makeandbuild.vessl.fixture.FixtureImpl.setDumperFactory(com.makeandbuild.vessl.fixture.DumperFactory)	CtMethodImpl	public
com.makeandbuild.vessl.persistence.couch.CouchDBBaseImpl.AcceptHeaderRequestCallback.responseType	CtFieldReferenceImpl	private
com.makeandbuild.vessl.persistence.jdbc.PagedResponse()	CtConstructorImpl	public
com.makeandbuild.vessl.fixture.IteratedInputStreamEntityLoaderImpl(org.springframework.core.io.Resource,java.lang.Class,java.lang.String)	CtConstructorImpl	public
com.makeandbuild.vessl.persistence.couch.CouchId.setId(java.lang.String)	CtMethodImpl	public
com.makeandbuild.vessl.fixture.FixtureImpl.dumperFactory	CtFieldReferenceImpl	protected
com.makeandbuild.vessl.persistence.jdbc.BaseDaoImpl.update(T)	CtMethodImpl	public
com.makeandbuild.vessl.persistence.jdbc.BaseDaoImpl.addPaging(com.makeandbuild.vessl.persistence.AbstractPagedRequest,com.makeandbuild.vessl.persistence.jdbc.PagedResponse<T>,java.util.List<java.lang.String>,org.springframework.jdbc.core.namedparam.MapSqlParameterSource,java.lang.String)	CtMethodImpl	protected
com.makeandbuild.vessl.fixture.DaoDumperImpl	CtClassImpl	public
com.makeandbuild.vessl.fixture.FixtureImpl.dump(java.io.File)	CtMethodImpl	public
com.makeandbuild.vessl.fixture.DaoEntityManagerImpl.subtype	CtFieldReferenceImpl	protected
com.makeandbuild.vessl.propconfig.SpringEnvironmentPropertyPlaceholderConfigurer(java.util.Map<java.lang.String, java.lang.String>)	CtConstructorImpl	private
com.makeandbuild.vessl.persistence.couch.CouchDbJacksonImpl.deleteDocument(com.fasterxml.jackson.databind.node.ObjectNode)	CtMethodImpl	private
com.makeandbuild.vessl.persistence.jdbc.BaseDaoImpl.logger	CtFieldReferenceImpl	package-private
com.makeandbuild.vessl.fixture.DaoDumperImpl.jGenerator	CtFieldReferenceImpl	protected
com.makeandbuild.vessl.persistence.jdbc.BaseDaoImpl.addQueryJoinSupport(java.lang.String,java.lang.String,com.makeandbuild.vessl.persistence.jdbc.DomainMapper)	CtMethodImpl	protected
com.makeandbuild.vessl.persistence.DaoException(java.lang.String)	CtConstructorImpl	public
com.makeandbuild.vessl.persistence.jdbc.BaseDaoImpl.innerJoins(java.util.List<com.makeandbuild.vessl.persistence.jdbc.SortBy>,java.util.List<com.makeandbuild.vessl.persistence.Criteria>)	CtMethodImpl	protected
com.makeandbuild.vessl.fixture.InputStreamEntityLoaderImpl.logger	CtFieldReferenceImpl	protected
com.makeandbuild.vessl.persistence.jdbc.BaseDaoImpl(java.lang.Class<? extends com.makeandbuild.vessl.persistence.jdbc.DomainMapper<T>>,java.lang.Class,java.lang.Class)	CtConstructorImpl	public
com.makeandbuild.vessl.persistence.AbstractPagedRequest.getPageSize()	CtMethodImpl	public
org.springframework.beans.factory.config.PropertyOverrideConfigurer.beanNameSeparator	CtFieldReferenceImpl	private
com.makeandbuild.vessl.persistence.jdbc.BaseDaoImpl.createWhere(java.util.List<com.makeandbuild.vessl.persistence.Criteria>,java.util.ArrayList<java.lang.Object>)	CtMethodImpl	protected
com.makeandbuild.vessl.persistence.jdbc.BaseDaoImpl.deleteById(ID)	CtMethodImpl	public
com.makeandbuild.vessl.fixture.DaoDumperImpl.manager	CtFieldReferenceImpl	protected
com.makeandbuild.vessl.persistence.couch.CouchDbJacksonImpl.logger	CtFieldReferenceImpl	private
com.makeandbuild.vessl.persistence.couch.CouchDBBaseImpl	CtClassImpl	public
com.makeandbuild.vessl.fixture.FixtureImpl.getManager(java.lang.Class,java.lang.String)	CtMethodImpl	private
com.makeandbuild.vessl.persistence.AbstractPagedResponse()	CtConstructorImpl	public
org.springframework.beans.factory.config.PropertyOverrideConfigurer.beanNames	CtFieldReferenceImpl	private
com.makeandbuild.vessl.validation.validator.JSR303BeanValidator	CtClassImpl	public
com.makeandbuild.vessl.persistence.couch.CouchDBBaseImpl.baseUrl	CtFieldReferenceImpl	protected
com.makeandbuild.vessl.rest.ResourceBase.getAbstractPagedRequest(javax.ws.rs.core.MultivaluedMap<java.lang.String, java.lang.String>)	CtMethodImpl	protected
com.makeandbuild.vessl.fixture.ResourceEntityLoaderImpl.getInstance()	CtMethodImpl	protected
com.makeandbuild.vessl.persistence.jdbc.PagedResponse.setTotalPages(int)	CtMethodImpl	public
com.makeandbuild.vessl.persistence.jdbc.BaseDomainMapper.getPrimaryKeyValue(T)	CtMethodImpl	public
com.makeandbuild.vessl.persistence.jdbc.BaseDaoImpl.createOrderBy(java.util.List<com.makeandbuild.vessl.persistence.jdbc.SortBy>)	CtMethodImpl	protected
com.makeandbuild.vessl.persistence.Criteria.JoinLogic.AND	CtEnumValueImpl	public
com.makeandbuild.vessl.fixture.DumperFactoryImpl.create(java.lang.Class,java.lang.String,com.makeandbuild.vessl.fixture.EntityManager,java.lang.Object)	CtMethodImpl	public
com.makeandbuild.vessl.rest.ResourceSerializedBase	CtClassImpl	public
com.makeandbuild.vessl.rest.ResourceSerializedBaseBare.resourceClass	CtFieldReferenceImpl	protected
com.makeandbuild.vessl.fixture.DaoEntityManagerImpl(com.makeandbuild.vessl.persistence.Dao,java.lang.String)	CtConstructorImpl	public
com.makeandbuild.vessl.persistence.Criteria	CtClassImpl	public
com.makeandbuild.vessl.rest.serializers.RuntimeExceptionSerializer.serialize(java.lang.RuntimeException,com.fasterxml.jackson.core.JsonGenerator,com.fasterxml.jackson.databind.SerializerProvider)	CtMethodImpl	public
com.makeandbuild.vessl.fixture.DaoDumperImpl.end()	CtMethodImpl	protected
com.makeandbuild.vessl.fixture.DumperFactoryImpl	CtClassImpl	public
com.makeandbuild.vessl.rest.serializers.BeanValidationExceptionSerializer.serialize(com.makeandbuild.vessl.validation.exception.BeanValidationException,com.fasterxml.jackson.core.JsonGenerator,com.fasterxml.jackson.databind.SerializerProvider)	CtMethodImpl	public
com.makeandbuild.vessl.persistence.jdbc.BaseDaoImpl.getInserter()	CtMethodImpl	protected
com.makeandbuild.vessl.persistence.couch.AcceptHeaderRequestCallback.doWithRequest(org.springframework.http.client.ClientHttpRequest)	CtMethodImpl	public
com.makeandbuild.vessl.persistence.jdbc.ReflectionBasedJdbcMapper.domainClass	CtFieldReferenceImpl	private
com.makeandbuild.vessl.validation.ValidationProxyManagerImpl()	CtConstructorImpl	public
com.makeandbuild.vessl.persistence.jdbc.BaseDaoImpl.exists(com.makeandbuild.vessl.persistence.Criteria[])	CtMethodImpl	public
org.springframework.beans.factory.config.PropertyPlaceholderConfigurer.SYSTEM_PROPERTIES_MODE_FALLBACK	CtFieldReferenceImpl	public
com.makeandbuild.vessl.validation.proxy.SecurityValidationProxy.invoke(java.lang.Object,java.lang.reflect.Method,java.lang.Object[])	CtMethodImpl	public
com.makeandbuild.vessl.rest.ResourceBase.getCriterias(javax.ws.rs.core.MultivaluedMap<java.lang.String, java.lang.String>)	CtMethodImpl	protected
com.makeandbuild.vessl.persistence.jdbc.ResultSetUtil.getFloatOfNull(java.sql.ResultSet,java.lang.String)	CtMethodImpl	public
com.makeandbuild.vessl.fixture.FixtureImpl.entityLoaders	CtFieldReferenceImpl	protected
com.makeandbuild.vessl.rest.AccessDeniedHandlerImpl()	CtConstructorImpl	public
com.makeandbuild.vessl.fixture.IteratedInputStreamEntityLoaderImpl	CtClassImpl	public
com.makeandbuild.vessl.fixture.FixtureImpl	CtClassImpl	public
com.makeandbuild.vessl.persistence.jdbc.BaseDaoImpl.getId(T)	CtMethodImpl	public
com.makeandbuild.vessl.persistence.jdbc.BaseDaoImpl.getIdClass()	CtMethodImpl	public
com.makeandbuild.vessl.persistence.DaoException	CtClassImpl	public
com.makeandbuild.vessl.persistence.Criteria(java.lang.String,java.lang.Object)	CtConstructorImpl	public
com.makeandbuild.vessl.persistence.couch.CouchId.setRevision(java.lang.String)	CtMethodImpl	public
com.makeandbuild.vessl.persistence.jdbc.ReflectionBasedJdbcMapper.getColumn(java.lang.String,T)	CtMethodImpl	private
com.makeandbuild.vessl.persistence.couch.CouchDBBaseImpl.databaseName	CtFieldReferenceImpl	protected
com.makeandbuild.vessl.persistence.couch.CouchDbJacksonImpl.exists(java.util.List<com.makeandbuild.vessl.persistence.Criteria>)	CtMethodImpl	public
com.makeandbuild.vessl.persistence.jdbc.ReflectionBasedJdbcMapper(java.lang.Class)	CtConstructorImpl	public
com.makeandbuild.vessl.fixture.IteratedInputStreamEntityLoaderImpl.setup()	CtMethodImpl	protected
com.makeandbuild.vessl.fixture.IteratedInputStreamEntityLoaderImpl.getEntityClass()	CtMethodImpl	public
com.makeandbuild.vessl.fixture.DaoDumperImpl.entityClass	CtFieldReferenceImpl	protected
com.makeandbuild.vessl.fixture.InputStreamEntityLoaderImpl.subtype	CtFieldReferenceImpl	protected
com.makeandbuild.vessl.persistence.jdbc.SortBy.getAttribute()	CtMethodImpl	public
com.makeandbuild.vessl.fixture.IteratedInputStreamEntityLoaderImpl.load()	CtMethodImpl	public
com.makeandbuild.vessl.persistence.couch.CouchDbJacksonImpl.deleteDatabase()	CtMethodImpl	public
com.makeandbuild.vessl.fixture.FixtureImpl.doLoad(com.makeandbuild.vessl.fixture.EntityLoader,com.makeandbuild.vessl.fixture.EntityManager)	CtMethodImpl	private
com.makeandbuild.vessl.fixture.ResourceEntityLoaderImpl.getEntityClass()	CtMethodImpl	public
com.makeandbuild.vessl.persistence.couch.CouchDBBaseImpl$HttpEntityRequestCallback(java.lang.Object,java.lang.Class<?>)	CtConstructorImpl	private
com.makeandbuild.vessl.persistence.jdbc.BaseDomainMapper.getFloat(java.sql.ResultSet,java.lang.String)	CtMethodImpl	public
com.makeandbuild.vessl.fixture.ResourceEntityLoaderImpl.loadReverse()	CtMethodImpl	public
com.makeandbuild.vessl.persistence.couch.CouchId	CtClassImpl	public
org.springframework.beans.factory.config.PlaceholderConfigurerSupport.DEFAULT_VALUE_SEPARATOR	CtFieldReferenceImpl	public
com.makeandbuild.vessl.rest.serializers.BaseSerializer	CtClassImpl	public
com.makeandbuild.vessl.persistence.jdbc.BaseDaoImpl.setEntityClass(java.lang.Class)	CtMethodImpl	public
com.makeandbuild.vessl.persistence.ObjectNotFoundException(java.lang.Throwable)	CtConstructorImpl	public
com.makeandbuild.vessl.persistence.jdbc.ResultSetUtil.getLongOrNull(java.sql.ResultSet,java.lang.String)	CtMethodImpl	public
com.makeandbuild.vessl.rest.ResourceSerializedBaseBare.getDao(boolean)	CtMethodImpl	protected
com.makeandbuild.vessl.rest.serializers.RuntimeExceptionSerializer()	CtConstructorImpl	public
com.makeandbuild.vessl.persistence.Criteria.JoinLogic	CtEnumImpl	public
com.makeandbuild.vessl.rest.serializers.BaseSerializer()	CtConstructorImpl	public
com.makeandbuild.vessl.persistence.couch.CouchDbJacksonImpl.getDocument(java.lang.String)	CtMethodImpl	private
com.makeandbuild.vessl.persistence.couch.CouchDBBaseImpl.getLock()	CtMethodImpl	protected
com.makeandbuild.vessl.propconfig.SpringEnvironmentPropertyPlaceholderConfigurer()	CtConstructorImpl	public
com.makeandbuild.vessl.persistence.couch.CouchDbJacksonImpl.getAll()	CtMethodImpl	private
com.makeandbuild.vessl.persistence.jdbc.ReflectionBasedJdbcMapper	CtClassImpl	public
com.makeandbuild.vessl.propconfig.SpringEnvironmentPropertyPlaceholderConfigurer.getEnvironmentPropertyResource(java.lang.String,java.lang.String)	CtMethodImpl	public
com.makeandbuild.vessl.persistence.couch.CouchDbJacksonImpl.find(com.makeandbuild.vessl.persistence.AbstractPagedRequest,java.util.List<com.makeandbuild.vessl.persistence.Criteria>)	CtMethodImpl	public
com.makeandbuild.vessl.fixture.IteratedInputStreamEntityLoaderImpl.setInputStream(org.springframework.core.io.Resource)	CtMethodImpl	public
org.springframework.core.io.support.PropertiesLoaderSupport.propertiesPersister	CtFieldReferenceImpl	private
org.springframework.core.io.support.PropertiesLoaderSupport.ignoreResourceNotFound	CtFieldReferenceImpl	private
com.makeandbuild.vessl.fixture.FixtureImpl.purge(java.lang.Class,java.lang.String)	CtMethodImpl	public
com.makeandbuild.vessl.fixture.ResourceEntityLoaderImpl.getSubtype()	CtMethodImpl	public
com.makeandbuild.vessl.persistence.AbstractPagedRequest	CtClassImpl	public
com.makeandbuild.vessl.persistence.couch.CouchDBBaseImpl.myLock	CtFieldReferenceImpl	protected
com.makeandbuild.vessl.persistence.jdbc.BaseDaoImpl.getDomainMapper()	CtMethodImpl	protected
com.makeandbuild.vessl.propconfig.SpringEnvironmentPropertyPlaceholderConfigurer.getInstance()	CtMethodImpl	public
com.makeandbuild.vessl.persistence.jdbc.BaseDaoImpl.find(com.makeandbuild.vessl.persistence.AbstractPagedRequest,java.util.List<com.makeandbuild.vessl.persistence.Criteria>,java.util.List<com.makeandbuild.vessl.persistence.jdbc.SortBy>)	CtMethodImpl	public
com.makeandbuild.vessl.validation.exception.BeanValidationException.validatedBean	CtFieldReferenceImpl	private
com.makeandbuild.vessl.fixture.ResourceEntityLoaderImpl(java.lang.String,java.lang.Class,java.lang.String)	CtConstructorImpl	public
com.makeandbuild.vessl.fixture.DaoEntityManagerImpl	CtClassImpl	public
com.makeandbuild.vessl.persistence.couch.CouchDbJacksonImpl.getCriteria(java.util.List<com.makeandbuild.vessl.persistence.Criteria>,java.lang.String)	CtMethodImpl	private
com.makeandbuild.vessl.persistence.jdbc.ReflectionBasedJdbcMapper.updateParameters(T)	CtMethodImpl	public
com.makeandbuild.vessl.validation.exception.BeanValidationException.getErrors()	CtMethodImpl	public
com.makeandbuild.vessl.fixture.DaoEntityManagerImpl.delete(java.lang.Object)	CtMethodImpl	public
com.makeandbuild.vessl.persistence.jdbc.SortBy.ascending	CtFieldReferenceImpl	private
com.makeandbuild.vessl.persistence.jdbc.BaseDomainMapper.primaryKeyName	CtFieldReferenceImpl	protected
com.makeandbuild.vessl.persistence.jdbc.BaseDomainMapper.getInt(java.sql.ResultSet,java.lang.String)	CtMethodImpl	public
com.makeandbuild.vessl.persistence.couch.CouchDBBaseImpl.getTemplate()	CtMethodImpl	public
