method	type	visibility
org.hobsoft.microbrowser.tck.FormTck.getControlGroupReturnsControlGroup()	CtMethodImpl	public
org.hobsoft.microbrowser.tck.MicrodataDocumentTck.getItemsWhenItemsReturnsItems()	CtMethodImpl	public
org.hobsoft.microbrowser.tck.ControlGroupTck.getValuesWhenValuedCheckedCheckboxControlReturnsInitialValue()	CtMethodImpl	public
org.hobsoft.microbrowser.selenium.SeleniumMicrodataItem.getType()	CtMethodImpl	public
org.hobsoft.microbrowser.jsoup.JsoupMicrodataItem.getLinks(java.lang.String)	CtMethodImpl	public
org.hobsoft.microbrowser.tck.MicrobrowserTck.getWhenNotFoundReturnsResponse()	CtMethodImpl	public
org.hobsoft.microbrowser.spi.AbstractForm.getControlValue(java.lang.String)	CtMethodImpl	public
org.hobsoft.microbrowser.tck.FormPostTck()	CtConstructorImpl	public
org.hobsoft.microbrowser.spi.DefaultControlGroup.getControl(java.lang.String)	CtMethodImpl	public
org.hobsoft.microbrowser.tck.support.mockwebserver.MockWebServerMatchers.1	CtClassImpl	package-private
org.hobsoft.microbrowser.spi.AbstractForm()	CtConstructorImpl	public
org.hobsoft.microbrowser.tck.ControlTck.setValueWhenValuedCheckboxControlWithCheckedSetsValue()	CtMethodImpl	public
org.hobsoft.microbrowser.tck.FormMethodTck.submitSendsPreviousCookie()	CtMethodImpl	public
org.hobsoft.microbrowser.jsoup.JsoupCheckboxControl	CtClassImpl	package-private
org.hobsoft.microbrowser.tck.MicrodataItemTck.getIdWhenNotFoundReturnsNull()	CtMethodImpl	public
org.hobsoft.microbrowser.tck.MicrodataDocumentTck.getLinkWhenAnchorsReturnsFirstLink()	CtMethodImpl	public
org.hobsoft.microbrowser.tck.AbstractMicrobrowserTest.getServerRule()	CtMethodImpl	public
org.hobsoft.microbrowser.jsoup.JsoupMicrodataDocument()	CtConstructorImpl	package-private
org.hobsoft.microbrowser.ControlNotFoundException(java.lang.String)	CtConstructorImpl	public
org.hobsoft.microbrowser.tck.MicrodataPropertyTck.getValueWhenAreaAndNoHrefReturnsEmpty()	CtMethodImpl	public
org.hobsoft.microbrowser.selenium.SeleniumCheckboxControl.isCheckboxValue(java.lang.String)	CtMethodImpl	private
org.hobsoft.microbrowser.selenium.SeleniumMicrodataItem	CtClassImpl	package-private
org.hobsoft.microbrowser.MicrobrowserException	CtClassImpl	public
org.hobsoft.microbrowser.selenium.SeleniumForm.bySubmit()	CtMethodImpl	private
org.hobsoft.microbrowser.tck.MicrobrowserTck()	CtConstructorImpl	public
org.hobsoft.microbrowser.tck.MicrodataPropertyTck.getValueWhenAudioAndRelativeSrcReturnsAbsoluteSrc()	CtMethodImpl	public
org.hobsoft.microbrowser.selenium.SeleniumMicrodataItem.getProperty(java.lang.String)	CtMethodImpl	public
org.hobsoft.microbrowser.tck.MicrodataPropertyTck.getValueWhenMeterAndNoValueReturnsZero()	CtMethodImpl	public
org.hobsoft.microbrowser.tck.MicrodataPropertyTck.getValueWhenTimeReturnsDatetime()	CtMethodImpl	public
org.hobsoft.microbrowser.MicrodataPropertyNotFoundException(java.lang.String)	CtConstructorImpl	public
org.hobsoft.microbrowser.tck.MicrodataPropertyTck.getValueWhenAudioAndNoSrcReturnsEmpty()	CtMethodImpl	public
org.hobsoft.microbrowser.jsoup.JsoupForm(org.hobsoft.microbrowser.jsoup.JsoupMicrodataDocument,org.jsoup.nodes.FormElement)	CtConstructorImpl	package-private
org.hobsoft.microbrowser.tck.FormMethodTck()	CtConstructorImpl	public
org.hobsoft.microbrowser.tck.ControlGroupTck()	CtConstructorImpl	public
org.hobsoft.microbrowser.tck.MicrodataPropertyTck.getDoubleValueReturnsDouble()	CtMethodImpl	public
org.hobsoft.microbrowser.tck.MicrodataDocumentTck.getItemsWithUnknownTypeReturnsEmptyList()	CtMethodImpl	public
org.hobsoft.microbrowser.tck.ControlTck.getValueWhenTextAreaControlReturnsInitialValue()	CtMethodImpl	public
org.hobsoft.microbrowser.tck.FormMethodTck.submitSendsCookie()	CtMethodImpl	public
org.hobsoft.microbrowser.jsoup.JsoupMicrodataDocument.DEFAULT_BASE_URI	CtFieldReferenceImpl	private
org.hobsoft.microbrowser.tck.MicrodataPropertyTck.getValueWhenUnknownAndNoTextReturnsEmpty()	CtMethodImpl	public
org.hobsoft.microbrowser.spi.AbstractMicrodataProperty.VALUE_ATTRIBUTES_BY_ELEMENT	CtFieldReferenceImpl	private
org.hobsoft.microbrowser.tck.LinkTck.followWhenInvalidUrlThrowsException()	CtMethodImpl	public
org.hobsoft.microbrowser.jsoup.JsoupLink.getHref()	CtMethodImpl	public
org.hobsoft.microbrowser.tck.FormTck.submitWhenNoActionSubmitsRequest()	CtMethodImpl	public
org.hobsoft.microbrowser.jsoup.JsoupForm.getControlGroup(java.lang.String)	CtMethodImpl	public
org.hobsoft.microbrowser.spi.Urls()	CtConstructorImpl	private
org.hobsoft.microbrowser.tck.FormMethodTck.submitSubmitsCheckedRadioControlsLastValue()	CtMethodImpl	public
org.hobsoft.microbrowser.tck.MicrodataDocumentTck.getItemsWhenItemReturnsItem()	CtMethodImpl	public
org.hobsoft.microbrowser.spi.AbstractForm.getControl(java.lang.String)	CtMethodImpl	public
org.hobsoft.microbrowser.jsoup.JsoupMicrodataItem.document	CtFieldReferenceImpl	private
org.hobsoft.microbrowser.tck.FormMethodTck.submitSubmitsValuedCheckedRadioControlSetValue()	CtMethodImpl	public
org.hobsoft.microbrowser.tck.MicrodataPropertyTck.getNameReturnsName()	CtMethodImpl	public
org.hobsoft.microbrowser.jsoup.JsoupRadioControl.isUncheckable()	CtMethodImpl	public
org.hobsoft.microbrowser.spi.AbstractMicrodataProperty.getName()	CtMethodImpl	public
org.hobsoft.microbrowser.tck.FormPostTck	CtClassImpl	public
org.hobsoft.microbrowser.tck.FormGetTck()	CtConstructorImpl	public
org.hobsoft.microbrowser.spi.AbstractMicrodataDocument	CtClassImpl	public
org.hobsoft.microbrowser.tck.ControlGroupTck.setValuesWhenValuedCheckboxControlsWithCheckedValuesSetsValues()	CtMethodImpl	public
org.hobsoft.microbrowser.tck.FormMethodTck.submitSubmitsCheckedCheckboxControlSetValue()	CtMethodImpl	public
org.hobsoft.microbrowser.selenium.SeleniumHiddenControl.setValue(java.lang.String)	CtMethodImpl	public
org.hobsoft.microbrowser.tck.FormMethodTck.submitSubmitsTextControlSetValue()	CtMethodImpl	public
org.hobsoft.microbrowser.tck.LinkTck.followWhenAnchorSendsCookie()	CtMethodImpl	public
org.hobsoft.microbrowser.tck.ControlTck.getValueWhenTextControlReturnsInitialValue()	CtMethodImpl	public
org.hobsoft.microbrowser.tck.ControlTck.setValueWhenTextAreaControlSetsValue()	CtMethodImpl	public
org.hobsoft.microbrowser.spi.AbstractHypermedia.getLink(java.lang.String)	CtMethodImpl	public
org.hobsoft.microbrowser.tck.MicrodataPropertyTck.getBooleanValueWhenFalseReturnsFalse()	CtMethodImpl	public
org.hobsoft.microbrowser.tck.ControlTck	CtClassImpl	public
org.hobsoft.microbrowser.tck.FormMethodTck.submitSubmitsRequest()	CtMethodImpl	public
org.hobsoft.microbrowser.selenium.SeleniumTextControl(org.openqa.selenium.WebElement)	CtConstructorImpl	package-private
org.hobsoft.microbrowser.tck.LinkTck.getHrefWhenAnchorAndAbsoluteHrefReturnsUrl()	CtMethodImpl	public
org.hobsoft.microbrowser.tck.MicrodataItemTck.getIdReturnsTrimmedId()	CtMethodImpl	public
org.hobsoft.microbrowser.selenium.SeleniumMicrodataProperty.element	CtFieldReferenceImpl	private
org.hobsoft.microbrowser.tck.MicrodataDocumentTck.getFormWithUnknownNameThrowsException()	CtMethodImpl	public
org.hobsoft.microbrowser.tck.ControlGroupTck.getControlWithInvalidValueThrowsException()	CtMethodImpl	public
org.hobsoft.microbrowser.tck.LinkTck	CtClassImpl	public
org.hobsoft.microbrowser.CookieNotFoundException	CtClassImpl	public
org.hobsoft.microbrowser.tck.MicrodataItemTck.unwrapWithUnknownTypeThrowsException()	CtMethodImpl	public
org.hobsoft.microbrowser.jsoup.AbstractJsoupControl.getName()	CtMethodImpl	public
org.hobsoft.microbrowser.tck.ControlTck.getValueWhenPasswordControlReturnsInitialValue()	CtMethodImpl	public
org.hobsoft.microbrowser.tck.ControlGroupTck.getValuesWhenValuedCheckedRadioControlReturnsInitialValue()	CtMethodImpl	public
org.hobsoft.microbrowser.jsoup.JsoupCheckboxControl.isUncheckable()	CtMethodImpl	public
org.hobsoft.microbrowser.tck.LinkTck.getHrefWhenLinkAndAbsoluteHrefReturnsUrl()	CtMethodImpl	public
org.hobsoft.microbrowser.tck.MicrobrowserTck.getSetsCookie()	CtMethodImpl	public
org.hobsoft.microbrowser.selenium.SeleniumForm.getAction()	CtMethodImpl	private
org.hobsoft.microbrowser.spi.DefaultControlGroup.setValues(java.lang.String[])	CtMethodImpl	public
org.hobsoft.microbrowser.tck.MicrodataPropertyTck.getBooleanValueWhenInvalidReturnsFalse()	CtMethodImpl	public
org.hobsoft.microbrowser.jsoup.JsoupMicrodataItem(org.hobsoft.microbrowser.jsoup.JsoupMicrodataDocument,org.jsoup.nodes.Element)	CtConstructorImpl	package-private
org.hobsoft.microbrowser.jsoup.JsoupForm.bySubmit()	CtMethodImpl	private
org.hobsoft.microbrowser.tck.ControlGroupTck.getValuesWhenValuedCheckedCheckboxControlsReturnsInitialValues()	CtMethodImpl	public
org.hobsoft.microbrowser.selenium.SeleniumCheckboxControl.isUncheckable()	CtMethodImpl	public
org.hobsoft.microbrowser.selenium.SeleniumCheckboxControl.getCheckedValue()	CtMethodImpl	public
org.hobsoft.microbrowser.tck.FormTck.submitWhenInvalidActionThrowsException()	CtMethodImpl	public
org.hobsoft.microbrowser.selenium.SeleniumForm.getSubmit()	CtMethodImpl	private
org.hobsoft.microbrowser.jsoup.AbstractJsoupControl.element	CtFieldReferenceImpl	private
org.hamcrest.FeatureMatcher.featureName	CtFieldReferenceImpl	private
org.hobsoft.microbrowser.tck.support.mockwebserver.MockWebServerUtils	CtClassImpl	public
org.hobsoft.microbrowser.tck.MicrodataItemTck()	CtConstructorImpl	public
org.hobsoft.microbrowser.jsoup.JsoupMicrodataDocument.getCookies()	CtMethodImpl	public
org.hobsoft.microbrowser.jsoup.JsoupRadioControl	CtClassImpl	package-private
org.hobsoft.microbrowser.tck.LinkTck.unwrapWithUnknownTypeThrowsException()	CtMethodImpl	public
org.hobsoft.microbrowser.selenium.SeleniumForm.getName()	CtMethodImpl	public
org.hobsoft.microbrowser.selenium.SeleniumMicrodataItem.getForm(java.lang.String)	CtMethodImpl	public
org.hobsoft.microbrowser.tck.ControlTck.getValueWhenValuedUncheckedCheckboxControlReturnsInitialValue()	CtMethodImpl	public
org.hobsoft.microbrowser.jsoup.JsoupCheckboxControl.getCheckedValue()	CtMethodImpl	public
org.hobsoft.microbrowser.tck.FormMethodTck.submitSubmitsHiddenControlInitialValue()	CtMethodImpl	public
org.hobsoft.microbrowser.spi.AbstractMicrodataProperty.DEFAULT_METER_VALUE	CtFieldReferenceImpl	private
org.hobsoft.microbrowser.spi.Urls.newUrl(java.lang.String)	CtMethodImpl	public
org.hobsoft.microbrowser.selenium.SeleniumMicrodataItem.byForm(java.lang.String)	CtMethodImpl	private
org.hobsoft.microbrowser.selenium.SeleniumMicrodataDocument(org.openqa.selenium.WebDriver)	CtConstructorImpl	package-private
org.hobsoft.microbrowser.selenium.SeleniumMicrobrowser.get(java.lang.String)	CtMethodImpl	public
org.hobsoft.microbrowser.tck.FormMethodTck.submitSetsCookie()	CtMethodImpl	public
org.hobsoft.microbrowser.jsoup.JsoupLink	CtClassImpl	package-private
org.hobsoft.microbrowser.tck.ControlTck.getValueWhenCheckedRadioControlReturnsInitialValue()	CtMethodImpl	public
org.hobsoft.microbrowser.jsoup.JsoupMicrodataProperty	CtClassImpl	package-private
org.hobsoft.microbrowser.jsoup.JsoupMicrodataDocument.sanitizeRadioControls(org.jsoup.nodes.FormElement)	CtMethodImpl	private
org.hobsoft.microbrowser.selenium.SeleniumCheckboxControl	CtClassImpl	package-private
org.hobsoft.microbrowser.tck.FormMethodTck.submitDoesNotSubmitValuedUncheckedCheckboxControlInitialValue()	CtMethodImpl	public
org.hobsoft.microbrowser.tck.MicrodataPropertyTck.getValueWhenAudioAndAbsoluteSrcReturnsSrc()	CtMethodImpl	public
org.hobsoft.microbrowser.tck.ControlGroupTck.getNameReturnsName()	CtMethodImpl	public
org.hobsoft.microbrowser.jsoup.JsoupForm	CtClassImpl	package-private
org.hobsoft.microbrowser.tck.FormPostTck.method(java.lang.String,java.lang.String)	CtMethodImpl	protected
org.hobsoft.microbrowser.tck.ControlTck.getValueWhenUncheckedRadioControlReturnsInitialValue()	CtMethodImpl	public
org.hobsoft.microbrowser.tck.AbstractMicrobrowserTest()	CtConstructorImpl	public
org.hamcrest.TypeSafeDiagnosingMatcher.expectedType	CtFieldReferenceImpl	private
org.hobsoft.microbrowser.tck.FormMethodTck.submitSubmitsValuedCheckedCheckboxControlSetValue()	CtMethodImpl	public
org.hobsoft.microbrowser.tck.FormMethodTck.submitSubmitsCheckedRadioControlSetValue()	CtMethodImpl	public
org.hobsoft.microbrowser.tck.AbstractMicrobrowserTest.thrown()	CtMethodImpl	public
org.hobsoft.microbrowser.tck.FormTck.submitWhenSubmitInputSubmitsRequest()	CtMethodImpl	public
org.hobsoft.microbrowser.selenium.SeleniumMicrodataItem.unwrap(java.lang.Class<T>)	CtMethodImpl	public
org.hobsoft.microbrowser.tck.ControlGroupTck.getControlsReturnsControl()	CtMethodImpl	public
org.hobsoft.microbrowser.selenium.SeleniumMicrodataItem.byItemProp(java.lang.String)	CtMethodImpl	private
org.hobsoft.microbrowser.tck.MicrodataDocumentTck.getLinkWhenLinksReturnsFirstLink()	CtMethodImpl	public
org.hobsoft.microbrowser.selenium.SeleniumMicrodataDocument	CtClassImpl	package-private
org.hobsoft.microbrowser.jsoup.JsoupMicrodataDocument.sanitize(org.jsoup.nodes.Document)	CtMethodImpl	private
org.hobsoft.microbrowser.tck.MicrodataDocumentTck.getLinksWhenAnchorReturnsLink()	CtMethodImpl	public
org.hobsoft.microbrowser.tck.FormTck.setControlValueSetsValue()	CtMethodImpl	public
org.hobsoft.microbrowser.tck.MicrodataItemTck.getLinksWithUnknownRelReturnsEmptyList()	CtMethodImpl	public
org.hobsoft.microbrowser.jsoup.JsoupMicrodataItem.1	CtClassImpl	package-private
org.hobsoft.microbrowser.tck.FormMethodTck.submitDoesNotSubmitUncheckedCheckboxControlSetValue()	CtMethodImpl	public
org.hobsoft.microbrowser.jsoup.JsoupMicrodataDocument(java.util.Map<java.lang.String, java.lang.String>,org.jsoup.Connection.Response)	CtConstructorImpl	package-private
org.hobsoft.microbrowser.tck.MicrobrowserTck.getReturnsResponse()	CtMethodImpl	public
org.hobsoft.microbrowser.selenium.SeleniumMicrodataProperty(org.openqa.selenium.WebElement)	CtConstructorImpl	package-private
org.hobsoft.microbrowser.tck.MicrodataItemTck.getLinksWhenAnchorsReturnsLinks()	CtMethodImpl	public
org.hobsoft.microbrowser.tck.MicrodataPropertyTck.getValueWhenAreaAndAbsoluteHrefReturnsUrl()	CtMethodImpl	public
org.hobsoft.microbrowser.selenium.SeleniumMicrodataItem.driver	CtFieldReferenceImpl	private
org.hobsoft.microbrowser.spi.AbstractMicrodataProperty.getIntValue()	CtMethodImpl	public
org.hobsoft.microbrowser.tck.LinkTck.followWhenAnchorSubmitsRequest()	CtMethodImpl	public
org.hobsoft.microbrowser.selenium.SeleniumCheckboxControl(org.openqa.selenium.WebElement)	CtConstructorImpl	package-private
org.hobsoft.microbrowser.jsoup.JsoupMicrodataDocument.byForm(java.lang.String)	CtMethodImpl	private
org.hobsoft.microbrowser.spi.DefaultControlGroup(java.util.List<org.hobsoft.microbrowser.Control>)	CtConstructorImpl	public
org.hobsoft.microbrowser.tck.MicrodataPropertyTck.getValueWhenTrackAndNoSrcReturnsEmpty()	CtMethodImpl	public
org.hobsoft.microbrowser.jsoup.JsoupHiddenControl.setValue(java.lang.String)	CtMethodImpl	public
org.hobsoft.microbrowser.tck.FormMethodTck.submitDoesNotSubmitValuedUncheckedCheckboxControlSetValue()	CtMethodImpl	public
org.hobsoft.microbrowser.jsoup.JsoupMicrodataItem	CtClassImpl	package-private
org.hobsoft.microbrowser.tck.ControlGroupTck.getControlWhenValuedUncheckedCheckboxControlReturnsControl()	CtMethodImpl	public
org.hobsoft.microbrowser.jsoup.JsoupForm.1	CtClassImpl	package-private
org.hobsoft.microbrowser.selenium.SeleniumMicrodataItem(org.openqa.selenium.WebDriver,org.openqa.selenium.WebElement)	CtConstructorImpl	package-private
org.hobsoft.microbrowser.selenium.SeleniumMicrodataItem.element	CtFieldReferenceImpl	private
org.hobsoft.microbrowser.tck.LinkTck.getRelWhenLinkReturnsRelationship()	CtMethodImpl	public
org.hobsoft.microbrowser.tck.MicrobrowserTck	CtClassImpl	public
org.hobsoft.microbrowser.tck.MicrodataDocumentTck.getLinkWhenLinkReturnsLink()	CtMethodImpl	public
org.hobsoft.microbrowser.jsoup.JsoupLink.getRel()	CtMethodImpl	public
org.hobsoft.microbrowser.spi.DefaultControlGroup.getName()	CtMethodImpl	public
org.hobsoft.microbrowser.jsoup.JsoupMicrodataItem.byForm(java.lang.String)	CtMethodImpl	private
org.hobsoft.microbrowser.tck.ControlTck.setValueWhenPasswordControlSetsValue()	CtMethodImpl	public
org.hobsoft.microbrowser.spi.AbstractHypermedia()	CtConstructorImpl	public
org.hobsoft.microbrowser.tck.support.mockwebserver.MockWebServerMatchers()	CtConstructorImpl	private
org.hobsoft.microbrowser.tck.MicrodataPropertyTck.getValueWhenImgAndAbsoluteSrcReturnsSrc()	CtMethodImpl	public
org.hobsoft.microbrowser.tck.FormMethodTck.submitSubmitsTextAreaControlSetValue()	CtMethodImpl	public
org.hobsoft.microbrowser.jsoup.JsoupForm.getAction()	CtMethodImpl	private
org.hobsoft.microbrowser.tck.MicrodataPropertyTck.getDoubleValueWhenInvalidReturnsZero()	CtMethodImpl	public
org.hobsoft.microbrowser.selenium.SeleniumMicrobrowser.driver	CtFieldReferenceImpl	private
org.hobsoft.microbrowser.tck.MicrodataPropertyTck.unwrapWithUnknownTypeThrowsException()	CtMethodImpl	public
org.hobsoft.microbrowser.tck.MicrodataPropertyTck.getValueWhenAnchorAndNoHrefReturnsEmpty()	CtMethodImpl	public
org.hobsoft.microbrowser.spi.AbstractMicrodataProperty.getFloatValue()	CtMethodImpl	public
org.hobsoft.microbrowser.tck.ControlTck.setValueWhenRadioControlWithInvalidValueThrowsException()	CtMethodImpl	public
org.hobsoft.microbrowser.selenium.SeleniumTextControl	CtClassImpl	package-private
org.hobsoft.microbrowser.jsoup.JsoupMicrodataDocument.2	CtClassImpl	package-private
org.hobsoft.microbrowser.jsoup.JsoupMicrodataDocument.NO_COOKIES	CtFieldReferenceImpl	private
org.hobsoft.microbrowser.selenium.SeleniumForm.driver	CtFieldReferenceImpl	private
org.hobsoft.microbrowser.selenium.SeleniumHiddenControl	CtClassImpl	package-private
org.hobsoft.microbrowser.FormNotFoundException(java.lang.String)	CtConstructorImpl	public
org.hobsoft.microbrowser.jsoup.JsoupMicrodataProperty.getText()	CtMethodImpl	protected
org.hobsoft.microbrowser.selenium.SeleniumMicrobrowser(org.openqa.selenium.WebDriver)	CtConstructorImpl	public
org.hamcrest.FeatureMatcher.subMatcher	CtFieldReferenceImpl	private
org.hobsoft.microbrowser.tck.LinkTck.getHrefWhenLinkAndNoHrefReturnsNull()	CtMethodImpl	public
org.hobsoft.microbrowser.selenium.SeleniumCheckboxControl.getValue()	CtMethodImpl	public
org.hobsoft.microbrowser.selenium.SeleniumMicrodataProperty.unwrap(java.lang.Class<T>)	CtMethodImpl	public
org.hobsoft.microbrowser.tck.ControlTck.setValueWhenValuedRadioControlWithUncheckedThrowsException()	CtMethodImpl	public
org.hobsoft.microbrowser.tck.FormTck.submitWhenNoSubmitButtonThrowsException()	CtMethodImpl	public
org.hobsoft.microbrowser.tck.MicrodataPropertyTck()	CtConstructorImpl	public
org.hobsoft.microbrowser.tck.ControlTck.setValueWhenCheckboxControlWithInvalidValueThrowsException()	CtMethodImpl	public
org.hobsoft.microbrowser.jsoup.JsoupLink.element	CtFieldReferenceImpl	private
org.hobsoft.microbrowser.tck.support.MicrobrowserMatchers()	CtConstructorImpl	private
org.hobsoft.microbrowser.spi.Urls	CtClassImpl	public
org.hobsoft.microbrowser.tck.MicrodataDocumentTck.getItemWithUnknownTypeThrowsException()	CtMethodImpl	public
org.hobsoft.microbrowser.tck.MicrodataPropertyTck.getValueWhenVideoAndAbsoluteSrcReturnsSrc()	CtMethodImpl	public
org.hobsoft.microbrowser.selenium.SeleniumMicrobrowser	CtClassImpl	public
org.hobsoft.microbrowser.selenium.SeleniumMicrodataItem.getLinks(java.lang.String)	CtMethodImpl	public
org.hobsoft.microbrowser.tck.support.mockwebserver.MockWebServerMatchers.get(java.lang.String)	CtMethodImpl	public
org.hobsoft.microbrowser.jsoup.JsoupForm.getConnection()	CtMethodImpl	private
org.hobsoft.microbrowser.selenium.SeleniumMicrodataDocument.2	CtClassImpl	package-private
org.hobsoft.microbrowser.jsoup.AbstractJsoupControl.unwrap(java.lang.Class<T>)	CtMethodImpl	public
org.hobsoft.microbrowser.tck.FormTck.submitWhenNoMethodSubmitsGetRequest()	CtMethodImpl	public
org.hobsoft.microbrowser.jsoup.JsoupForm.getSubmit()	CtMethodImpl	private
org.hobsoft.microbrowser.tck.FormTck.getControlGroupWithUnknownNameThrowsException()	CtMethodImpl	public
org.hobsoft.microbrowser.tck.ControlGroupTck.setValuesWhenValuedCheckboxControlsWithCheckedValueSetsValue()	CtMethodImpl	public
org.hobsoft.microbrowser.LinkNotFoundException(java.lang.String)	CtConstructorImpl	public
org.hobsoft.microbrowser.tck.FormMethodTck	CtClassImpl	public
org.hobsoft.microbrowser.jsoup.JsoupMicrodataProperty.element	CtFieldReferenceImpl	private
org.hobsoft.microbrowser.selenium.SeleniumLink.toString()	CtMethodImpl	public
org.hobsoft.microbrowser.tck.MicrodataPropertyTck.getValueWhenLinkAndNoHrefReturnsEmpty()	CtMethodImpl	public
org.hobsoft.microbrowser.selenium.SeleniumMicrodataDocument.getForm(java.lang.String)	CtMethodImpl	public
org.hobsoft.microbrowser.jsoup.JsoupForm.newControl(org.jsoup.nodes.Element)	CtMethodImpl	private
org.hobsoft.microbrowser.selenium.SeleniumMicrodataDocument.byItemType(java.net.URL)	CtMethodImpl	private
org.hobsoft.microbrowser.tck.FormTck.submitWhenSubmitButtonSubmitsRequest()	CtMethodImpl	public
org.hobsoft.microbrowser.tck.MicrodataItemTck.getLinksWhenAnchorReturnsLink()	CtMethodImpl	public
org.hobsoft.microbrowser.tck.support.mockwebserver.MockWebServerUtils()	CtConstructorImpl	private
org.hobsoft.microbrowser.jsoup.JsoupTextControl	CtClassImpl	package-private
org.hobsoft.microbrowser.selenium.SeleniumHiddenControl(org.openqa.selenium.WebElement)	CtConstructorImpl	package-private
org.hobsoft.microbrowser.jsoup.JsoupMicrodataDocument	CtClassImpl	package-private
org.hobsoft.microbrowser.tck.ControlTck.setValueWhenValuedRadioControlWithCheckedUnsetsOtherValues()	CtMethodImpl	public
org.hobsoft.microbrowser.tck.LinkTck.followWhenAnchorReturnsResponse()	CtMethodImpl	public
org.hobsoft.microbrowser.tck.MicrodataItemTck.getIdWhenInvalidReturnsNull()	CtMethodImpl	public
org.hobsoft.microbrowser.jsoup.JsoupMicrodataDocument.byLink(java.lang.String)	CtMethodImpl	private
org.hobsoft.microbrowser.tck.ControlGroupTck.getValuesWhenValuedCheckedRadioControlsReturnsInitialValue()	CtMethodImpl	public
org.hobsoft.microbrowser.selenium.SeleniumForm.byControl(java.lang.String)	CtMethodImpl	private
org.hobsoft.microbrowser.selenium.SeleniumRadioControl.isUncheckable()	CtMethodImpl	public
org.hobsoft.microbrowser.tck.MicrodataPropertyTck.getValueWhenVideoAndNoSrcReturnsEmpty()	CtMethodImpl	public
org.hobsoft.microbrowser.selenium.SeleniumMicrodataProperty.getElementName()	CtMethodImpl	protected
org.hobsoft.microbrowser.tck.MicrodataDocumentTck.getCookieReturnsValue()	CtMethodImpl	public
org.hobsoft.microbrowser.jsoup.JsoupHiddenControl	CtClassImpl	package-private
org.hobsoft.microbrowser.selenium.SeleniumForm(org.openqa.selenium.WebDriver,org.openqa.selenium.WebElement)	CtConstructorImpl	package-private
org.hobsoft.microbrowser.tck.MicrodataDocumentTck.getLinksWhenLinksReturnsLinks()	CtMethodImpl	public
org.hobsoft.microbrowser.tck.ControlGroupTck.setValuesWhenValuedRadioControlsWithInvalidValueThrowsException()	CtMethodImpl	public
org.hobsoft.microbrowser.tck.ControlTck.setValueWhenValuedRadioControlWithCheckedSetsValue()	CtMethodImpl	public
org.hobsoft.microbrowser.tck.MicrodataPropertyTck.getBooleanValueWhenTrueReturnsTrue()	CtMethodImpl	public
org.hobsoft.microbrowser.spi.AbstractMicrodataProperty.getBooleanValue()	CtMethodImpl	public
org.hobsoft.microbrowser.tck.ControlGroupTck.setValuesWhenValuedCheckboxControlsWithInvalidValueThrowsException()	CtMethodImpl	public
org.hobsoft.microbrowser.tck.ControlTck.getNameReturnsName()	CtMethodImpl	public
org.hobsoft.microbrowser.tck.MicrodataItemTck.getLinkWithUnknownRelThrowsException()	CtMethodImpl	public
org.hobsoft.microbrowser.tck.FormPostTck.method(java.lang.String)	CtMethodImpl	protected
org.hobsoft.microbrowser.tck.ControlGroupTck.getControlReturnsControl()	CtMethodImpl	public
org.hobsoft.microbrowser.tck.support.mockwebserver.MockWebServerMatchers.body(java.lang.String)	CtMethodImpl	private
org.hobsoft.microbrowser.jsoup.JsoupMicrodataDocument.getForm(java.lang.String)	CtMethodImpl	public
org.hamcrest.TypeSafeDiagnosingMatcher.TYPE_FINDER	CtFieldReferenceImpl	private
org.hobsoft.microbrowser.tck.MicrodataDocumentTck.getLinksWithUnknownRelReturnsEmptyList()	CtMethodImpl	public
org.hobsoft.microbrowser.tck.MicrodataPropertyTck.getValueWhenVideoAndRelativeSrcReturnsAbsoluteSrc()	CtMethodImpl	public
org.hobsoft.microbrowser.tck.FormTck.getControlReturnsControl()	CtMethodImpl	public
org.hobsoft.microbrowser.tck.MicrodataDocumentTck.getFormReturnsForm()	CtMethodImpl	public
org.hobsoft.microbrowser.tck.FormGetTck	CtClassImpl	public
org.hobsoft.microbrowser.selenium.SeleniumLink.getRel()	CtMethodImpl	public
org.hobsoft.microbrowser.tck.FormMethodTck.submitDoesNotSubmitUncheckedRadioControlInitialValue()	CtMethodImpl	public
org.hobsoft.microbrowser.jsoup.JsoupMicrodataProperty.getAttribute(java.lang.String,boolean)	CtMethodImpl	protected
org.hobsoft.microbrowser.tck.ControlTck.setValueWhenTextControlSetsValue()	CtMethodImpl	public
org.hobsoft.microbrowser.selenium.SeleniumLink.getHref()	CtMethodImpl	public
org.hobsoft.microbrowser.selenium.SeleniumMicrodataProperty	CtClassImpl	package-private
org.hobsoft.microbrowser.tck.MicrodataPropertyTck.getIntValueWhenInvalidReturnsZero()	CtMethodImpl	public
org.hobsoft.microbrowser.selenium.SeleniumMicrodataDocument.getItems(java.lang.String)	CtMethodImpl	public
org.hobsoft.microbrowser.tck.MicrodataPropertyTck.getValueWhenTimeAndNoDatetimeReturnsText()	CtMethodImpl	public
org.hobsoft.microbrowser.tck.FormMethodTck.submitSubmitsValuedCheckedCheckboxControlInitialValue()	CtMethodImpl	public
org.hobsoft.microbrowser.tck.MicrodataPropertyTck.getValueWhenIframeAndAbsoluteSrcReturnsSrc()	CtMethodImpl	public
org.hobsoft.microbrowser.tck.ControlTck.setValueWhenValuedCheckboxControlWithUncheckedUnsetsValue()	CtMethodImpl	public
org.hobsoft.microbrowser.tck.MicrodataPropertyTck.getValueWhenIframeAndNoSrcReturnsEmpty()	CtMethodImpl	public
org.hobsoft.microbrowser.tck.support.MicrobrowserMatchers.control(java.lang.String,java.lang.String)	CtMethodImpl	public
org.hobsoft.microbrowser.jsoup.JsoupLink.unwrap(java.lang.Class<T>)	CtMethodImpl	public
org.hobsoft.microbrowser.tck.support.mockwebserver.MockWebServerMatchers.post(java.lang.String)	CtMethodImpl	public
org.hobsoft.microbrowser.tck.FormMethodTck.submitDoesNotSubmitValuedUncheckedRadioControlInitialValue()	CtMethodImpl	public
org.hobsoft.microbrowser.tck.MicrobrowserTck.getRequestsPath()	CtMethodImpl	public
org.hobsoft.microbrowser.tck.MicrodataPropertyTck.getLongValueWhenEmptyReturnsZero()	CtMethodImpl	public
org.hobsoft.microbrowser.tck.MicrodataPropertyTck.getValueWhenUnknownReturnsText()	CtMethodImpl	public
org.hobsoft.microbrowser.jsoup.JsoupMicrodataItem.getId()	CtMethodImpl	public
org.hobsoft.microbrowser.spi.DefaultControlGroup	CtClassImpl	public
org.hobsoft.microbrowser.tck.FormGetTck.method(java.lang.String,java.lang.String)	CtMethodImpl	protected
org.hobsoft.microbrowser.jsoup.JsoupMicrodataDocument.unwrap(java.lang.Class<T>)	CtMethodImpl	public
org.hobsoft.microbrowser.tck.FormMethodTck.submitSubmitsTextAreaControlInitialValue()	CtMethodImpl	public
org.hobsoft.microbrowser.jsoup.JsoupCheckboxControl.setValue(java.lang.String)	CtMethodImpl	public
org.hobsoft.microbrowser.jsoup.JsoupMicrobrowser.get(java.lang.String)	CtMethodImpl	public
org.hobsoft.microbrowser.tck.MicrodataDocumentTck.getLinkWithUnknownRelThrowsException()	CtMethodImpl	public
org.hobsoft.microbrowser.tck.AbstractMicrobrowserTest.thrown	CtFieldReferenceImpl	private
org.hobsoft.microbrowser.MicrodataPropertyNotFoundException	CtClassImpl	public
org.hobsoft.microbrowser.tck.FormTck.setControlValueWithUnknownNameThrowsException()	CtMethodImpl	public
org.hobsoft.microbrowser.tck.ControlGroupTck.setValuesWhenValuedCheckboxControlsWithUncheckedValueUnsetsValue()	CtMethodImpl	public
org.hobsoft.microbrowser.jsoup.JsoupForm.unwrap(java.lang.Class<T>)	CtMethodImpl	public
org.hobsoft.microbrowser.tck.support.mockwebserver.MockWebServerUtils.url(com.squareup.okhttp.mockwebserver.MockWebServer,java.lang.String)	CtMethodImpl	public
org.hobsoft.microbrowser.CookieNotFoundException(java.lang.String)	CtConstructorImpl	public
org.hobsoft.microbrowser.tck.MicrodataPropertyTck.getValueWhenMetaAndNoContentReturnsEmpty()	CtMethodImpl	public
org.hobsoft.microbrowser.selenium.SeleniumForm.1	CtClassImpl	package-private
org.hobsoft.microbrowser.spi.AbstractForm	CtClassImpl	public
org.hobsoft.microbrowser.tck.MicrodataPropertyTck.getBooleanValueWhenEmptyReturnsFalse()	CtMethodImpl	public
org.hobsoft.microbrowser.jsoup.JsoupMicrodataItem.unwrap(java.lang.Class<T>)	CtMethodImpl	public
org.hobsoft.microbrowser.jsoup.JsoupMicrodataItem.getType()	CtMethodImpl	public
org.hobsoft.microbrowser.tck.AbstractMicrobrowserTest.server()	CtMethodImpl	protected
org.hobsoft.microbrowser.tck.MicrodataItemTck	CtClassImpl	public
org.hobsoft.microbrowser.tck.ControlGroupTck.getControlWhenValuedUncheckedRadioControlReturnsControl()	CtMethodImpl	public
org.hobsoft.microbrowser.tck.MicrodataPropertyTck.getIntValueReturnsInteger()	CtMethodImpl	public
org.hobsoft.microbrowser.tck.MicrodataPropertyTck.getIntValueWhenEmptyReturnsZero()	CtMethodImpl	public
org.hobsoft.microbrowser.tck.FormTck.getControlValueReturnsInitialValue()	CtMethodImpl	public
org.hobsoft.microbrowser.tck.MicrodataPropertyTck.getValueWhenMeterReturnsValue()	CtMethodImpl	public
org.hobsoft.microbrowser.tck.MicrodataPropertyTck.getValueWhenObjectReturnsAbsoluteUrl()	CtMethodImpl	public
org.hobsoft.microbrowser.jsoup.JsoupRadioControl(org.jsoup.nodes.Element)	CtConstructorImpl	package-private
org.hobsoft.microbrowser.tck.MicrodataDocumentTck()	CtConstructorImpl	public
org.hobsoft.microbrowser.selenium.SeleniumTextControl.getValue()	CtMethodImpl	public
org.hobsoft.microbrowser.spi.AbstractMicrodataProperty.nullToEmpty(java.lang.String)	CtMethodImpl	private
org.hobsoft.microbrowser.LinkNotFoundException	CtClassImpl	public
org.hobsoft.microbrowser.tck.MicrodataDocumentTck.getFormRetainsSetControlValues()	CtMethodImpl	public
org.hobsoft.microbrowser.jsoup.JsoupTextControl.setValue(java.lang.String)	CtMethodImpl	public
org.hobsoft.microbrowser.spi.DefaultControlGroup.getValues()	CtMethodImpl	public
org.hobsoft.microbrowser.tck.ControlTck.setValueWhenRadioControlWithCheckedSetsValue()	CtMethodImpl	public
org.hobsoft.microbrowser.tck.ControlTck.setValueWhenRadioControlWithUncheckedThrowsException()	CtMethodImpl	public
org.hobsoft.microbrowser.tck.MicrodataPropertyTck.getFloatValueWhenEmptyReturnsZero()	CtMethodImpl	public
org.hobsoft.microbrowser.spi.AbstractMicrodataProperty.getDoubleValue()	CtMethodImpl	public
org.hobsoft.microbrowser.tck.MicrodataPropertyTck	CtClassImpl	public
org.hobsoft.microbrowser.tck.MicrodataDocumentTck.getItemWhenItemReturnsItem()	CtMethodImpl	public
org.hobsoft.microbrowser.tck.MicrobrowserTck.getWhenInternalErrorReturnsResponse()	CtMethodImpl	public
org.hobsoft.microbrowser.tck.MicrodataPropertyTck.getValueWhenSourceAndRelativeSrcReturnsAbsoluteSrc()	CtMethodImpl	public
org.hobsoft.microbrowser.selenium.AbstractSeleniumControl.unwrap(java.lang.Class<T>)	CtMethodImpl	public
org.hobsoft.microbrowser.tck.ControlGroupTck.setValuesWhenValuedCheckboxControlsWithInvalidValuesThrowsException()	CtMethodImpl	public
org.hobsoft.microbrowser.jsoup.JsoupMicrobrowser()	CtConstructorImpl	public
org.hobsoft.microbrowser.spi.AbstractMicrodataProperty	CtClassImpl	public
org.hobsoft.microbrowser.tck.FormMethodTck.submitSubmitsCheckedCheckboxControlInitialValue()	CtMethodImpl	public
org.hobsoft.microbrowser.tck.LinkTck.getHrefWhenAnchorAndNoHrefReturnsNull()	CtMethodImpl	public
org.hobsoft.microbrowser.selenium.AbstractSeleniumControl.getName()	CtMethodImpl	public
org.hobsoft.microbrowser.MicrobrowserException(java.lang.String)	CtConstructorImpl	public
org.hobsoft.microbrowser.spi.AbstractMicrodataDocument()	CtConstructorImpl	public
org.hobsoft.microbrowser.jsoup.JsoupMicrodataItem.getProperty(java.lang.String)	CtMethodImpl	public
org.hobsoft.microbrowser.tck.MicrodataPropertyTck.getValueWhenAnchorAndRelativeHrefReturnsAbsoluteUrl()	CtMethodImpl	public
org.hobsoft.microbrowser.tck.ControlTck.setValueWhenCheckboxControlWithCheckedSetsValue()	CtMethodImpl	public
org.hobsoft.microbrowser.spi.AbstractMicrodataProperty.URL_ATTRIBUTES	CtFieldReferenceImpl	private
org.hobsoft.microbrowser.jsoup.JsoupMicrodataItem.byLink(java.lang.String)	CtMethodImpl	private
org.hobsoft.microbrowser.tck.FormMethodTck.submitSubmitsPasswordControlInitialValue()	CtMethodImpl	public
org.hobsoft.microbrowser.tck.FormTck()	CtConstructorImpl	public
org.hobsoft.microbrowser.tck.MicrodataDocumentTck.getLinkWhenAnchorReturnsLink()	CtMethodImpl	public
org.hobsoft.microbrowser.tck.LinkTck.getRelWhenAnchorReturnsRelationship()	CtMethodImpl	public
org.hobsoft.microbrowser.tck.LinkTck()	CtConstructorImpl	public
org.hobsoft.microbrowser.ControlNotFoundException(java.lang.String,java.lang.String)	CtConstructorImpl	public
org.hobsoft.microbrowser.tck.MicrodataPropertyTck.getValueWhenSourceAndNoSrcReturnsEmpty()	CtMethodImpl	public
org.hobsoft.microbrowser.selenium.AbstractSeleniumControl	CtClassImpl	package-private
org.hobsoft.microbrowser.tck.FormMethodTck.submitReturnsResponse()	CtMethodImpl	public
org.hobsoft.microbrowser.tck.MicrodataDocumentTck.getItemWithInvalidTypeThrowsException()	CtMethodImpl	public
org.hobsoft.microbrowser.jsoup.JsoupForm.document	CtFieldReferenceImpl	private
org.hobsoft.microbrowser.tck.support.MicrobrowserMatchers.link(java.lang.String,java.lang.String)	CtMethodImpl	public
org.hobsoft.microbrowser.tck.support.mockwebserver.MockWebServerMatchers	CtClassImpl	public
org.hobsoft.microbrowser.ControlNotFoundException	CtClassImpl	public
org.hobsoft.microbrowser.tck.ControlGroupTck.setValuesWhenValuedRadioControlsWithInvalidValuesThrowsException()	CtMethodImpl	public
org.hobsoft.microbrowser.jsoup.JsoupForm.newControlGroup(org.jsoup.select.Elements)	CtMethodImpl	private
org.hobsoft.microbrowser.jsoup.JsoupRadioControl.setValue(java.lang.String)	CtMethodImpl	public
org.hobsoft.microbrowser.jsoup.JsoupRadioControl.byControlGroup()	CtMethodImpl	private
org.hobsoft.microbrowser.selenium.SeleniumMicrodataDocument.getLinks(java.lang.String)	CtMethodImpl	public
org.hobsoft.microbrowser.tck.ControlGroupTck.setValuesWhenValuedRadioControlsWithCheckedValuesSetsValue()	CtMethodImpl	public
org.hobsoft.microbrowser.MicrodataItemNotFoundException(java.net.URL)	CtConstructorImpl	public
org.hobsoft.microbrowser.selenium.SeleniumMicrodataDocument.driver	CtFieldReferenceImpl	private
org.hobsoft.microbrowser.selenium.SeleniumMicrodataDocument.getCookie(java.lang.String)	CtMethodImpl	public
org.hobsoft.microbrowser.tck.MicrodataDocumentTck.getLinksWhenLinkReturnsLink()	CtMethodImpl	public
org.hobsoft.microbrowser.selenium.SeleniumForm.getControlGroup(java.lang.String)	CtMethodImpl	public
org.hobsoft.microbrowser.tck.MicrodataItemTck.getTypeReturnsType()	CtMethodImpl	public
org.hobsoft.microbrowser.tck.FormTck.unwrapWithUnknownTypeThrowsException()	CtMethodImpl	public
org.hobsoft.microbrowser.jsoup.JsoupLink.follow()	CtMethodImpl	public
org.hobsoft.microbrowser.jsoup.JsoupMicrodataItem.byItemProp(java.lang.String)	CtMethodImpl	private
org.hobsoft.microbrowser.tck.ControlGroupTck.setValuesWhenValuedRadioControlsWithUncheckedValuePreservesValue()	CtMethodImpl	public
org.hobsoft.microbrowser.jsoup.JsoupCheckboxControl.getValue()	CtMethodImpl	public
org.hobsoft.microbrowser.tck.ControlTck.setValueWhenValuedCheckboxControlWithInvalidValueThrowsException()	CtMethodImpl	public
org.hobsoft.microbrowser.tck.ControlGroupTck.getValuesWhenValuedUncheckedCheckboxControlReturnsInitialValue()	CtMethodImpl	public
org.hobsoft.microbrowser.tck.MicrodataPropertyTck.getValueWhenTrackAndAbsoluteSrcReturnsSrc()	CtMethodImpl	public
org.hobsoft.microbrowser.tck.LinkTck.getHrefWhenLinkAndRelativeHrefReturnsAbsoluteUrl()	CtMethodImpl	public
org.hobsoft.microbrowser.jsoup.JsoupCheckboxControl(org.jsoup.nodes.Element)	CtConstructorImpl	package-private
org.hobsoft.microbrowser.FormNotFoundException	CtClassImpl	public
org.hobsoft.microbrowser.tck.support.MicrobrowserMatchers.item(java.lang.String)	CtMethodImpl	public
org.hobsoft.microbrowser.jsoup.JsoupMicrodataItem.getForm(java.lang.String)	CtMethodImpl	public
org.hobsoft.microbrowser.tck.FormMethodTck.submitSubmitsPasswordControlSetValue()	CtMethodImpl	public
org.hobsoft.microbrowser.spi.DefaultControlGroup.UNCHECKED_VALUE	CtFieldReferenceImpl	private
org.hobsoft.microbrowser.tck.MicrodataPropertyTck.getValueWhenObjectAndNoDataReturnsEmpty()	CtMethodImpl	public
org.hobsoft.microbrowser.spi.DefaultControlGroup.controls	CtFieldReferenceImpl	private
org.hobsoft.microbrowser.jsoup.JsoupMicrodataDocument(java.util.Map<java.lang.String, java.lang.String>,org.jsoup.nodes.Document)	CtConstructorImpl	package-private
org.hobsoft.microbrowser.jsoup.AbstractJsoupControl.getElement()	CtMethodImpl	protected
org.hobsoft.microbrowser.jsoup.JsoupCheckboxControl.isCheckboxValue(java.lang.String)	CtMethodImpl	private
org.hobsoft.microbrowser.tck.MicrodataPropertyTck.getValueWhenLinkAndAbsoluteHrefReturnsUrl()	CtMethodImpl	public
org.hobsoft.microbrowser.tck.support.MicrobrowserMatchers	CtClassImpl	public
org.hobsoft.microbrowser.tck.MicrodataItemTck.getLinkWhenLinkReturnsLink()	CtMethodImpl	public
org.hobsoft.microbrowser.spi.AbstractMicrodataDocument.getItem(java.lang.String)	CtMethodImpl	public
org.hobsoft.microbrowser.tck.ControlGroupTck.setValuesWhenValuedRadioControlsWithCheckedValueSetsValue()	CtMethodImpl	public
org.hobsoft.microbrowser.tck.ControlTck.getValueWhenValuedUncheckedRadioControlReturnsInitialValue()	CtMethodImpl	public
org.hobsoft.microbrowser.tck.ControlTck.setValueWhenValuedRadioControlWithInvalidValueThrowsException()	CtMethodImpl	public
org.hobsoft.microbrowser.tck.FormPostTck.getMethod()	CtMethodImpl	protected
org.hobsoft.microbrowser.selenium.SeleniumLink.follow()	CtMethodImpl	public
org.hobsoft.microbrowser.jsoup.JsoupRadioControl.getForm()	CtMethodImpl	private
org.hobsoft.microbrowser.selenium.SeleniumRadioControl.setValue(java.lang.String)	CtMethodImpl	public
org.hobsoft.microbrowser.spi.AbstractMicrodataProperty.getLongValue()	CtMethodImpl	public
org.hobsoft.microbrowser.jsoup.JsoupLink.getConnection()	CtMethodImpl	private
org.hobsoft.microbrowser.tck.ControlGroupTck	CtClassImpl	public
org.hobsoft.microbrowser.jsoup.JsoupMicrodataDocument.union(java.util.Map<K, V>,java.util.Map<K, V>)	CtMethodImpl	private
org.hobsoft.microbrowser.jsoup.JsoupMicrodataProperty(org.jsoup.nodes.Element)	CtConstructorImpl	package-private
org.hobsoft.microbrowser.jsoup.JsoupTextControl(org.jsoup.nodes.Element)	CtConstructorImpl	package-private
org.hobsoft.microbrowser.tck.MicrodataPropertyTck.getFloatValueWhenInvalidReturnsZero()	CtMethodImpl	public
org.hobsoft.microbrowser.tck.MicrodataDocumentTck	CtClassImpl	public
org.hobsoft.microbrowser.tck.MicrodataPropertyTck.getValueWhenSourceAndAbsoluteSrcReturnsSrc()	CtMethodImpl	public
org.hobsoft.microbrowser.selenium.SeleniumRadioControl(org.openqa.selenium.WebElement)	CtConstructorImpl	package-private
org.hobsoft.microbrowser.tck.MicrodataPropertyTck.getValueWhenTrackAndRelativeSrcReturnsAbsoluteSrc()	CtMethodImpl	public
org.hobsoft.microbrowser.spi.DefaultControlGroup.getControls()	CtMethodImpl	public
org.hobsoft.microbrowser.jsoup.JsoupMicrodataDocument.document	CtFieldReferenceImpl	private
org.hobsoft.microbrowser.jsoup.JsoupMicrobrowser	CtClassImpl	public
org.hobsoft.microbrowser.tck.support.MicrobrowserMatchers.link(java.lang.String,java.net.URL)	CtMethodImpl	public
org.hobsoft.microbrowser.tck.FormMethodTck.submitSubmitsCheckedRadioControlInitialValue()	CtMethodImpl	public
org.hobsoft.microbrowser.jsoup.JsoupForm.element	CtFieldReferenceImpl	private
org.hobsoft.microbrowser.tck.ControlGroupTck.getControlWhenValuedCheckedCheckboxControlReturnsControl()	CtMethodImpl	public
org.hobsoft.microbrowser.tck.MicrodataItemTck.getPropertyWithUnknownNameThrowsException()	CtMethodImpl	public
org.hobsoft.microbrowser.tck.MicrodataPropertyTck.getValueWhenImgAndNoSrcReturnsEmpty()	CtMethodImpl	public
org.hobsoft.microbrowser.selenium.SeleniumLink.element	CtFieldReferenceImpl	private
org.hobsoft.microbrowser.tck.AbstractMicrobrowserTest.serverRule	CtFieldReferenceImpl	private
org.hobsoft.microbrowser.selenium.SeleniumLink	CtClassImpl	package-private
org.hobsoft.microbrowser.tck.AbstractMicrobrowserTest	CtClassImpl	public
org.hobsoft.microbrowser.selenium.SeleniumMicrodataProperty.getAttribute(java.lang.String,boolean)	CtMethodImpl	protected
org.hobsoft.microbrowser.tck.ControlGroupTck.getControlWhenValuedCheckedRadioControlReturnsControl()	CtMethodImpl	public
org.hobsoft.microbrowser.tck.MicrodataPropertyTck.getValueWhenEmbedAndRelativeSrcReturnsAbsoluteSrc()	CtMethodImpl	public
org.hobsoft.microbrowser.tck.FormMethodTck.submitSubmitsValuedCheckedRadioControlsLastValue()	CtMethodImpl	public
org.hobsoft.microbrowser.selenium.SeleniumLink.driver	CtFieldReferenceImpl	private
org.hobsoft.microbrowser.tck.MicrodataPropertyTck.getValueWhenTimeAndNoTextReturnsEmpty()	CtMethodImpl	public
org.hamcrest.FeatureMatcher.featureDescription	CtFieldReferenceImpl	private
org.hobsoft.microbrowser.selenium.SeleniumLink.unwrap(java.lang.Class<T>)	CtMethodImpl	public
org.hobsoft.microbrowser.selenium.SeleniumForm.newControlGroup(java.util.List<org.openqa.selenium.WebElement>)	CtMethodImpl	private
org.hobsoft.microbrowser.tck.MicrodataPropertyTck.getValueWhenEmbedAndAbsoluteSrcReturnsSrc()	CtMethodImpl	public
org.hobsoft.microbrowser.jsoup.JsoupTextControl.getValue()	CtMethodImpl	public
org.hobsoft.microbrowser.tck.MicrodataItemTck.getFormRetainsSetControlValues()	CtMethodImpl	public
org.hobsoft.microbrowser.jsoup.JsoupMicrodataDocument.1	CtClassImpl	package-private
org.hobsoft.microbrowser.tck.MicrodataPropertyTck.getValueWhenLinkAndRelativeHrefReturnsAbsoluteUrl()	CtMethodImpl	public
org.hobsoft.microbrowser.tck.ControlTck.setValueWhenHiddenControlThrowsException()	CtMethodImpl	public
org.hobsoft.microbrowser.tck.LinkTck.followWhenAnchorSendsPreviousCookie()	CtMethodImpl	public
org.hobsoft.microbrowser.tck.MicrodataItemTck.getLinkWhenAnchorReturnsLink()	CtMethodImpl	public
org.hobsoft.microbrowser.tck.FormGetTck.method(java.lang.String)	CtMethodImpl	protected
org.hobsoft.microbrowser.tck.FormTck	CtClassImpl	public
org.hobsoft.microbrowser.tck.MicrodataPropertyTck.getValueWhenAnchorAndAbsoluteHrefReturnsUrl()	CtMethodImpl	public
org.hobsoft.microbrowser.tck.MicrodataPropertyTck.getValueWhenDataReturnsValue()	CtMethodImpl	public
org.hobsoft.microbrowser.tck.LinkTck.getHrefWhenAnchorAndRelativeHrefReturnsAbsoluteUrl()	CtMethodImpl	public
org.hobsoft.microbrowser.selenium.SeleniumMicrodataDocument.byForm(java.lang.String)	CtMethodImpl	private
org.hobsoft.microbrowser.selenium.AbstractSeleniumControl.element	CtFieldReferenceImpl	private
org.hobsoft.microbrowser.selenium.SeleniumForm.element	CtFieldReferenceImpl	private
org.hobsoft.microbrowser.selenium.SeleniumMicrodataDocument.1	CtClassImpl	package-private
org.hobsoft.microbrowser.jsoup.JsoupMicrodataProperty.unwrap(java.lang.Class<T>)	CtMethodImpl	public
org.hobsoft.microbrowser.MicrobrowserException(java.lang.String,java.lang.Throwable)	CtConstructorImpl	public
org.hobsoft.microbrowser.jsoup.JsoupMicrodataDocument.getLinks(java.lang.String)	CtMethodImpl	public
org.hobsoft.microbrowser.tck.FormMethodTck.submitSubmitsValuedCheckedRadioControlInitialValue()	CtMethodImpl	public
org.hobsoft.microbrowser.jsoup.JsoupHiddenControl(org.jsoup.nodes.Element)	CtConstructorImpl	package-private
org.hobsoft.microbrowser.tck.MicrodataItemTck.getLinksWhenLinksReturnsLinks()	CtMethodImpl	public
org.hobsoft.microbrowser.tck.MicrodataItemTck.getIdReturnsId()	CtMethodImpl	public
org.hobsoft.microbrowser.tck.MicrodataPropertyTck.getValueWhenIframeAndRelativeSrcReturnsAbsoluteSrc()	CtMethodImpl	public
org.hobsoft.microbrowser.tck.FormMethodTck.submitDoesNotSubmitUncheckedCheckboxControlInitialValue()	CtMethodImpl	public
org.hobsoft.microbrowser.tck.support.MicrobrowserMatchers.control(java.lang.String)	CtMethodImpl	public
org.hobsoft.microbrowser.jsoup.JsoupMicrodataDocument.byItemType(java.net.URL)	CtMethodImpl	private
org.hobsoft.microbrowser.spi.AbstractMicrodataProperty()	CtConstructorImpl	public
org.hobsoft.microbrowser.jsoup.JsoupForm.submit()	CtMethodImpl	public
org.hobsoft.microbrowser.jsoup.AbstractJsoupControl	CtClassImpl	package-private
org.hobsoft.microbrowser.jsoup.JsoupMicrodataItem.element	CtFieldReferenceImpl	private
org.hamcrest.FeatureMatcher.TYPE_FINDER	CtFieldReferenceImpl	private
org.hobsoft.microbrowser.selenium.SeleniumMicrodataDocument.byLink(java.lang.String)	CtMethodImpl	private
org.hobsoft.microbrowser.tck.support.MicrobrowserMatchers.item(java.net.URL)	CtMethodImpl	public
org.hobsoft.microbrowser.tck.ControlGroupTck.getControlsReturnsControls()	CtMethodImpl	public
org.hobsoft.microbrowser.tck.MicrodataPropertyTck.getLongValueReturnsLong()	CtMethodImpl	public
org.hobsoft.microbrowser.selenium.SeleniumForm.newControl(org.openqa.selenium.WebElement)	CtMethodImpl	private
org.hobsoft.microbrowser.jsoup.JsoupMicrodataProperty.getElementName()	CtMethodImpl	protected
org.hobsoft.microbrowser.selenium.AbstractSeleniumControl(org.openqa.selenium.WebElement)	CtConstructorImpl	package-private
org.hobsoft.microbrowser.jsoup.JsoupCheckboxControl.DEFAULT_CHECKED_VALUE	CtFieldReferenceImpl	protected
org.hobsoft.microbrowser.selenium.SeleniumLink(org.openqa.selenium.WebDriver,org.openqa.selenium.WebElement)	CtConstructorImpl	package-private
org.hobsoft.microbrowser.jsoup.JsoupMicrodataDocument.getItems(java.lang.String)	CtMethodImpl	public
org.hobsoft.microbrowser.jsoup.JsoupLink.document	CtFieldReferenceImpl	private
org.hobsoft.microbrowser.tck.MicrodataDocumentTck.getItemsWithInvalidTypeThrowsException()	CtMethodImpl	public
org.hobsoft.microbrowser.selenium.SeleniumMicrodataItem.1	CtClassImpl	package-private
org.hobsoft.microbrowser.selenium.SeleniumMicrodataItem.getId()	CtMethodImpl	public
org.hobsoft.microbrowser.jsoup.JsoupCheckboxControl.UNCHECKED_VALUE	CtFieldReferenceImpl	protected
org.hobsoft.microbrowser.tck.MicrodataItemTck.getLinksWhenLinkReturnsLink()	CtMethodImpl	public
org.hobsoft.microbrowser.jsoup.JsoupMicrodataDocument.getCookie(java.lang.String)	CtMethodImpl	public
org.hobsoft.microbrowser.tck.MicrodataItemTck.getFormWhenNotFoundThrowsException()	CtMethodImpl	public
org.hobsoft.microbrowser.MicrodataItemNotFoundException	CtClassImpl	public
org.hobsoft.microbrowser.selenium.SeleniumMicrodataProperty.getText()	CtMethodImpl	protected
org.hobsoft.microbrowser.jsoup.JsoupForm.byControl(java.lang.String)	CtMethodImpl	private
org.hobsoft.microbrowser.spi.DefaultControlGroup.getCheckedValue(org.hobsoft.microbrowser.Control)	CtMethodImpl	private
org.hobsoft.microbrowser.tck.FormTck.getControlWithUnknownNameThrowsException()	CtMethodImpl	public
org.hobsoft.microbrowser.tck.FormMethodTck.submitSubmitsTextControlInitialValue()	CtMethodImpl	public
org.hobsoft.microbrowser.tck.MicrodataPropertyTck.getValueWhenEmbedAndNoSrcReturnsEmpty()	CtMethodImpl	public
org.hobsoft.microbrowser.selenium.SeleniumRadioControl	CtClassImpl	package-private
org.hobsoft.microbrowser.tck.ControlTck.getValueWhenCheckedCheckboxControlReturnsInitialValue()	CtMethodImpl	public
org.hobsoft.microbrowser.tck.MicrodataPropertyTck.getValueWhenImgAndRelativeSrcReturnsAbsoluteSrc()	CtMethodImpl	public
org.hobsoft.microbrowser.selenium.SeleniumForm.submit()	CtMethodImpl	public
org.hobsoft.microbrowser.tck.MicrodataDocumentTck.getItemWhenItemsReturnsFirstItem()	CtMethodImpl	public
org.hobsoft.microbrowser.tck.MicrodataPropertyTck.getLongValueWhenInvalidReturnsZero()	CtMethodImpl	public
org.hobsoft.microbrowser.tck.ControlTck.setValueWhenCheckboxControlWithUncheckedUnsetsValue()	CtMethodImpl	public
org.hobsoft.microbrowser.tck.MicrodataPropertyTck.getValueWhenAreaAndRelativeHrefReturnsAbsoluteUrl()	CtMethodImpl	public
org.hobsoft.microbrowser.jsoup.JsoupMicrodataDocument.cookies	CtFieldReferenceImpl	private
org.hobsoft.microbrowser.jsoup.JsoupLink(org.hobsoft.microbrowser.jsoup.JsoupMicrodataDocument,org.jsoup.nodes.Element)	CtConstructorImpl	package-private
org.hobsoft.microbrowser.selenium.SeleniumCheckboxControl.UNCHECKED_VALUE	CtFieldReferenceImpl	protected
org.hobsoft.microbrowser.selenium.SeleniumForm	CtClassImpl	package-private
org.hobsoft.microbrowser.tck.MicrodataPropertyTck.getDoubleValueWhenEmptyReturnsZero()	CtMethodImpl	public
org.hobsoft.microbrowser.tck.ControlTck.getValueWhenHiddenControlReturnsInitialValue()	CtMethodImpl	public
org.hobsoft.microbrowser.tck.ControlTck()	CtConstructorImpl	public
org.hobsoft.microbrowser.tck.MicrobrowserTck.getWithInvalidUrlThrowsException()	CtMethodImpl	public
org.hobsoft.microbrowser.selenium.SeleniumForm.unwrap(java.lang.Class<T>)	CtMethodImpl	public
org.hobsoft.microbrowser.tck.ControlTck.getValueWhenValuedCheckedCheckboxControlReturnsInitialValue()	CtMethodImpl	public
org.hobsoft.microbrowser.tck.MicrodataDocumentTck.getCookieWithUnknownNameThrowsException()	CtMethodImpl	public
org.hobsoft.microbrowser.tck.FormGetTck.getMethod()	CtMethodImpl	protected
org.hobsoft.microbrowser.spi.AbstractForm.setControlValue(java.lang.String,java.lang.String)	CtMethodImpl	public
org.hobsoft.microbrowser.spi.AbstractMicrodataProperty.getValue()	CtMethodImpl	public
org.hobsoft.microbrowser.tck.MicrodataItemTck.getPropertyReturnsProperty()	CtMethodImpl	public
org.hobsoft.microbrowser.jsoup.AbstractJsoupControl(org.jsoup.nodes.Element)	CtConstructorImpl	package-private
org.hobsoft.microbrowser.selenium.SeleniumMicrodataItem.byLink(java.lang.String)	CtMethodImpl	private
org.hobsoft.microbrowser.spi.Urls.newUrlOrNull(java.lang.String)	CtMethodImpl	public
org.hobsoft.microbrowser.tck.ControlTck.getValueWhenValuedCheckedRadioControlReturnsInitialValue()	CtMethodImpl	public
org.hobsoft.microbrowser.tck.MicrodataDocumentTck.getLinksWhenAnchorsReturnsLinks()	CtMethodImpl	public
org.hobsoft.microbrowser.tck.MicrodataItemTck.getFormReturnsForm()	CtMethodImpl	public
org.hobsoft.microbrowser.spi.AbstractHypermedia	CtClassImpl	public
org.hobsoft.microbrowser.tck.ControlTck.unwrapWithUnknownTypeThrowsException()	CtMethodImpl	public
org.hobsoft.microbrowser.tck.MicrodataPropertyTck.getFloatValueReturnsFloat()	CtMethodImpl	public
org.hobsoft.microbrowser.tck.FormTck.getNameReturnsName()	CtMethodImpl	public
org.hobsoft.microbrowser.selenium.SeleniumCheckboxControl.setValue(java.lang.String)	CtMethodImpl	public
org.hobsoft.microbrowser.selenium.SeleniumMicrodataDocument.unwrap(java.lang.Class<T>)	CtMethodImpl	public
org.hobsoft.microbrowser.tck.MicrodataDocumentTck.unwrapWithUnknownTypeThrowsException()	CtMethodImpl	public
org.hobsoft.microbrowser.tck.support.mockwebserver.MockWebServerMatchers.recordedRequest(java.lang.String,java.lang.String)	CtMethodImpl	private
org.hobsoft.microbrowser.tck.support.mockwebserver.MockWebServerMatchers.post(java.lang.String,java.lang.String)	CtMethodImpl	public
org.hobsoft.microbrowser.selenium.SeleniumTextControl.setValue(java.lang.String)	CtMethodImpl	public
org.hobsoft.microbrowser.selenium.AbstractSeleniumControl.getElement()	CtMethodImpl	protected
org.hobsoft.microbrowser.tck.MicrodataPropertyTck.getValueWhenDataAndNoValueReturnsEmpty()	CtMethodImpl	public
org.hobsoft.microbrowser.tck.MicrodataPropertyTck.getValueWhenMetaReturnsContent()	CtMethodImpl	public
org.hobsoft.microbrowser.tck.FormTck.getControlValueWithUnknownNameThrowsException()	CtMethodImpl	public
org.hobsoft.microbrowser.jsoup.JsoupForm.getName()	CtMethodImpl	public
org.hobsoft.microbrowser.tck.LinkTck.followWhenAnchorSetsCookie()	CtMethodImpl	public
org.hobsoft.microbrowser.tck.support.mockwebserver.MockWebServerUtils.takeRequest(com.squareup.okhttp.mockwebserver.MockWebServer)	CtMethodImpl	public
org.hobsoft.microbrowser.tck.support.mockwebserver.MockWebServerUtils.url(com.squareup.okhttp.mockwebserver.MockWebServer)	CtMethodImpl	public
org.hobsoft.microbrowser.tck.ControlTck.getValueWhenUncheckedCheckboxControlReturnsInitialValue()	CtMethodImpl	public
org.hobsoft.microbrowser.tck.FormTck.submitWhenDefaultButtonSubmitsRequest()	CtMethodImpl	public
org.hobsoft.microbrowser.tck.ControlGroupTck.getValuesWhenValuedUncheckedRadioControlReturnsInitialValue()	CtMethodImpl	public
