method	type	visibility
co.mewf.sqlwriter.builders.SelectBuilder.column(java.lang.String,java.lang.String)	CtMethodImpl	public
co.mewf.sqlwriter.mapping.TableInfo.join(java.lang.Class<?>,java.lang.Class<?>,java.lang.String)	CtMethodImpl	private
co.mewf.sqlwriter.mapping.PropertyDescriptorWrapper.forId(java.lang.Class<?>)	CtMethodImpl	public
co.mewf.sqlwriter.builders.DeleteBuilder.where	CtFieldReferenceImpl	private
co.mewf.sqlwriter.builders.SelectBuilder.rootTable	CtFieldReferenceImpl	private
co.mewf.sqlwriter.dialects.StandardDialect.insert(co.mewf.sqlwriter.mapping.TableInfo,java.util.List<co.mewf.sqlwriter.mapping.ColumnInfo>)	CtMethodImpl	public
co.mewf.sqlwriter.mapping.FunctionColumnInfo.toString()	CtMethodImpl	public
co.mewf.sqlwriter.builders.DeleteBuilder(java.lang.Class<?>,co.mewf.sqlwriter.dialects.Dialect)	CtConstructorImpl	public
co.mewf.sqlwriter.builders.SelectBuilder.columns(java.lang.String[])	CtMethodImpl	public
co.mewf.sqlwriter.mapping.TableInfo(java.lang.Class<?>,co.mewf.sqlwriter.dialects.Dialect)	CtConstructorImpl	public
co.mewf.sqlwriter.builders.WhereBuilder(co.mewf.sqlwriter.mapping.TableInfo,java.lang.Object,boolean)	CtConstructorImpl	package-private
co.mewf.sqlwriter.builders.InsertBuilder(java.lang.Class<?>,co.mewf.sqlwriter.dialects.Dialect)	CtConstructorImpl	public
co.mewf.sqlwriter.builders.SelectBuilder.wheres	CtFieldReferenceImpl	private
co.mewf.sqlwriter.Queries()	CtConstructorImpl	private
co.mewf.sqlwriter.mapping.ColumnInfo.name	CtFieldReferenceImpl	public
co.mewf.sqlwriter.builders.SelectWhereBuilder.lt(co.mewf.sqlwriter.builders.WhereBuilder.Bool,java.lang.String)	CtMethodImpl	public
co.mewf.sqlwriter.builders.DeleteBuilder.limit(int)	CtMethodImpl	public
co.mewf.sqlwriter.builders.WhereBuilder.in(java.lang.String,int)	CtMethodImpl	public
co.mewf.sqlwriter.builders.UpdateBuilder(java.lang.Class<?>,co.mewf.sqlwriter.dialects.Dialect)	CtConstructorImpl	public
co.mewf.sqlwriter.builders.WhereBuilder.Bool.OR	CtEnumValueImpl	public
co.mewf.sqlwriter.mapping.FunctionColumnInfo.alias	CtFieldReferenceImpl	private
co.mewf.sqlwriter.mapping.TableInfo(java.lang.Class<?>,java.util.List<co.mewf.sqlwriter.mapping.JoinInfo>,co.mewf.sqlwriter.dialects.Dialect)	CtConstructorImpl	private
co.mewf.sqlwriter.mapping.PropertyDescriptorWrapper.getGenericPropertyType()	CtMethodImpl	public
co.mewf.sqlwriter.mapping.ColumnInfo(co.mewf.sqlwriter.mapping.TableInfo,java.lang.String,java.lang.String,co.mewf.sqlwriter.dialects.Dialect)	CtConstructorImpl	package-private
co.mewf.sqlwriter.mapping.JoinInfo	CtClassImpl	package-private
co.mewf.sqlwriter.builders.UpdateBuilder.table	CtFieldReferenceImpl	private
co.mewf.sqlwriter.mapping.PropertyDescriptorWrapper(java.beans.PropertyDescriptor)	CtConstructorImpl	private
co.mewf.sqlwriter.mapping.PropertyDescriptorWrapper.field	CtFieldReferenceImpl	private
co.mewf.sqlwriter.Queries.delete(java.lang.Class<?>)	CtMethodImpl	public
co.mewf.sqlwriter.mapping.PropertyDescriptorWrapper.getPropertyDescriptorsFromFields(java.lang.Class<?>)	CtMethodImpl	private
co.mewf.sqlwriter.builders.SelectBuilder.join(java.lang.Class<?>)	CtMethodImpl	public
co.mewf.sqlwriter.mapping.Entities.getName(java.lang.reflect.AccessibleObject)	CtMethodImpl	public
co.mewf.sqlwriter.builders.QualifierBuilder.limit(int)	CtMethodImpl	package-private
co.mewf.sqlwriter.builders.SelectBuilder.function(java.lang.String,java.lang.String,java.lang.String)	CtMethodImpl	public
co.mewf.sqlwriter.builders.DeleteBuilder.dialect	CtFieldReferenceImpl	private
co.mewf.sqlwriter.builders.SelectWhereBuilder.where	CtFieldReferenceImpl	private
co.mewf.sqlwriter.builders.QualifierBuilder.builder	CtFieldReferenceImpl	private
co.mewf.sqlwriter.builders.WhereBuilder.gt(co.mewf.sqlwriter.builders.WhereBuilder.Bool,java.lang.String)	CtMethodImpl	public
co.mewf.sqlwriter.builders.QualifierBuilder.hasLimit()	CtMethodImpl	public
co.mewf.sqlwriter.builders.QualifierBuilder.limit	CtFieldReferenceImpl	private
co.mewf.sqlwriter.builders.SelectBuilder(co.mewf.sqlwriter.dialects.Dialect)	CtConstructorImpl	public
co.mewf.sqlwriter.builders.SelectBuilder.dialect	CtFieldReferenceImpl	private
co.mewf.sqlwriter.Query.insert(java.lang.Class<?>)	CtMethodImpl	public
co.mewf.sqlwriter.builders.InsertBuilder.columns	CtFieldReferenceImpl	private
co.mewf.sqlwriter.builders.SelectWhereBuilder.join(java.lang.Class<?>)	CtMethodImpl	public
co.mewf.sqlwriter.builders.SelectWhereBuilder(co.mewf.sqlwriter.mapping.TableInfo,co.mewf.sqlwriter.builders.SelectBuilder,boolean)	CtConstructorImpl	public
co.mewf.sqlwriter.builders.WhereBuilder.filterable	CtFieldReferenceImpl	private
co.mewf.sqlwriter.mapping.Entities.isRelation(java.lang.reflect.AccessibleObject)	CtMethodImpl	public
co.mewf.sqlwriter.builders.SelectWhereBuilder.from(java.lang.Class<?>)	CtMethodImpl	public
co.mewf.sqlwriter.mapping.JoinInfo.type	CtFieldReferenceImpl	private
co.mewf.sqlwriter.dialects.StandardDialect.delete(co.mewf.sqlwriter.mapping.TableInfo,co.mewf.sqlwriter.builders.WhereBuilder,co.mewf.sqlwriter.builders.QualifierBuilder)	CtMethodImpl	public
co.mewf.sqlwriter.builders.QualifierBuilder.getLimit()	CtMethodImpl	public
co.mewf.sqlwriter.builders.UpdateBuilder.sql()	CtMethodImpl	public
co.mewf.sqlwriter.dialects.StandardDialect.update(co.mewf.sqlwriter.mapping.TableInfo,java.util.List<co.mewf.sqlwriter.mapping.ColumnInfo>,co.mewf.sqlwriter.builders.WhereBuilder,co.mewf.sqlwriter.builders.QualifierBuilder)	CtMethodImpl	public
co.mewf.sqlwriter.Queries.query(co.mewf.sqlwriter.dialects.Dialect)	CtMethodImpl	public
co.mewf.sqlwriter.builders.SelectBuilder.limit(int)	CtMethodImpl	public
co.mewf.sqlwriter.Queries.update(java.lang.Class<?>)	CtMethodImpl	public
co.mewf.sqlwriter.builders.SelectBuilder.currentTable	CtFieldReferenceImpl	private
co.mewf.sqlwriter.builders.WhereBuilder.toString(java.lang.StringBuilder)	CtMethodImpl	public
co.mewf.sqlwriter.mapping.TableInfo.getTableName(java.lang.Class<?>)	CtMethodImpl	private
co.mewf.sqlwriter.mapping.ColumnInfo.toString()	CtMethodImpl	public
co.mewf.sqlwriter.builders.UpdateBuilder.asc(java.lang.String)	CtMethodImpl	public
co.mewf.sqlwriter.Queries	CtClassImpl	public
co.mewf.sqlwriter.builders.DeleteBuilder.sql()	CtMethodImpl	public
co.mewf.sqlwriter.mapping.PropertyDescriptorWrapper.getMember()	CtMethodImpl	public
co.mewf.sqlwriter.mapping.PropertyDescriptorWrapper(java.lang.String,java.lang.reflect.Field)	CtConstructorImpl	private
co.mewf.sqlwriter.mapping.FunctionColumnInfo.table	CtFieldReferenceImpl	private
co.mewf.sqlwriter.Queries.Query.dialect	CtFieldReferenceImpl	private
co.mewf.sqlwriter.builders.SelectWhereBuilder.toString(java.lang.StringBuilder)	CtMethodImpl	public
co.mewf.sqlwriter.mapping.TableInfo.toColumnsString(java.lang.StringBuilder)	CtMethodImpl	public
co.mewf.sqlwriter.dialects.StandardDialect	CtClassImpl	public
co.mewf.sqlwriter.builders.SelectWhereBuilder.lt(java.lang.String)	CtMethodImpl	public
co.mewf.sqlwriter.mapping.Entities()	CtConstructorImpl	private
co.mewf.sqlwriter.builders.WhereBuilder$Bool()	CtConstructorImpl	private
co.mewf.sqlwriter.builders.SelectBuilder.where()	CtMethodImpl	public
co.mewf.sqlwriter.mapping.JoinInfo.to	CtFieldReferenceImpl	private
co.mewf.sqlwriter.builders.SelectBuilder.asc(java.lang.String)	CtMethodImpl	public
co.mewf.sqlwriter.mapping.JoinInfo.toString(java.lang.StringBuilder)	CtMethodImpl	public
co.mewf.sqlwriter.builders.UpdateBuilder	CtClassImpl	public
co.mewf.sqlwriter.mapping.TableInfo.entityClass	CtFieldReferenceImpl	public
co.mewf.sqlwriter.builders.UpdateBuilder.limit(int)	CtMethodImpl	public
co.mewf.sqlwriter.builders.QualifierBuilder.order	CtFieldReferenceImpl	private
co.mewf.sqlwriter.builders.InsertBuilder	CtClassImpl	public
co.mewf.sqlwriter.builders.UpdateBuilder.qualifiers	CtFieldReferenceImpl	private
co.mewf.sqlwriter.dialects.StandardDialect()	CtConstructorImpl	public
co.mewf.sqlwriter.mapping.PropertyDescriptorWrapper.EMPTY_PROPERTY_DESCRIPTOR_ARRAY	CtFieldReferenceImpl	private
co.mewf.sqlwriter.mapping.Entities.isToOneRelation(java.lang.reflect.AccessibleObject)	CtMethodImpl	public
co.mewf.sqlwriter.Query.select()	CtMethodImpl	public
co.mewf.sqlwriter.mapping.JoinInfo.dialect	CtFieldReferenceImpl	private
co.mewf.sqlwriter.mapping.TableInfo.leftJoin(java.lang.Class<?>,java.lang.Class<?>)	CtMethodImpl	public
co.mewf.sqlwriter.builders.DeleteBuilder.toString()	CtMethodImpl	public
co.mewf.sqlwriter.mapping.TableInfo.getInsertableColumns()	CtMethodImpl	public
co.mewf.sqlwriter.builders.QualifierBuilder$Order()	CtConstructorImpl	private
co.mewf.sqlwriter.mapping.ColumnInfo	CtClassImpl	public
co.mewf.sqlwriter.builders.SelectBuilder.rightJoin(java.lang.Class<?>)	CtMethodImpl	public
co.mewf.sqlwriter.builders.SelectWhereBuilder.sql()	CtMethodImpl	public
co.mewf.sqlwriter.mapping.TableInfo.SEPARATOR	CtFieldReferenceImpl	private
co.mewf.sqlwriter.builders.UpdateBuilder.desc(java.lang.String)	CtMethodImpl	public
co.mewf.sqlwriter.builders.SelectBuilder.desc(java.lang.String)	CtMethodImpl	public
co.mewf.sqlwriter.builders.SelectWhereBuilder.select	CtFieldReferenceImpl	private
co.mewf.sqlwriter.builders.UpdateBuilder.where	CtFieldReferenceImpl	private
co.mewf.sqlwriter.builders.InsertBuilder.columns(java.lang.String[])	CtMethodImpl	public
co.mewf.sqlwriter.dialects.StandardDialect.column(co.mewf.sqlwriter.mapping.TableInfo,java.lang.String,java.lang.String)	CtMethodImpl	public
co.mewf.sqlwriter.builders.SelectWhereBuilder.like(java.lang.String)	CtMethodImpl	public
co.mewf.sqlwriter.dialects.StandardDialect.join(java.lang.String,co.mewf.sqlwriter.mapping.TableInfo,co.mewf.sqlwriter.mapping.ColumnInfo,co.mewf.sqlwriter.mapping.ColumnInfo)	CtMethodImpl	public
co.mewf.sqlwriter.builders.SelectBuilder.join(java.lang.Class<?>,java.lang.Class<?>)	CtMethodImpl	public
co.mewf.sqlwriter.builders.WhereBuilder.between(java.lang.String)	CtMethodImpl	public
co.mewf.sqlwriter.builders.DeleteBuilder.qualifier	CtFieldReferenceImpl	private
co.mewf.sqlwriter.mapping.PropertyDescriptorWrapper.getColumnName(java.lang.String)	CtMethodImpl	public
co.mewf.sqlwriter.utils.Strings.chompChomp(java.lang.StringBuilder)	CtMethodImpl	public
co.mewf.sqlwriter.mapping.Entities.isIdAccessor(java.lang.reflect.AnnotatedElement)	CtMethodImpl	private
co.mewf.sqlwriter.mapping.TableInfo.rightJoin(java.lang.Class<?>,java.lang.Class<?>)	CtMethodImpl	public
co.mewf.sqlwriter.builders.QualifierBuilder.Order.DESC	CtEnumValueImpl	package-private
co.mewf.sqlwriter.mapping.ColumnInfo.alias	CtFieldReferenceImpl	private
co.mewf.sqlwriter.builders.InsertBuilder.table	CtFieldReferenceImpl	private
co.mewf.sqlwriter.builders.WhereBuilder.write(java.lang.Object,java.lang.String,java.lang.String)	CtMethodImpl	private
co.mewf.sqlwriter.mapping.FunctionColumnInfo.dialect	CtFieldReferenceImpl	private
co.mewf.sqlwriter.builders.QualifierBuilder.orderBy(co.mewf.sqlwriter.mapping.ColumnInfo,co.mewf.sqlwriter.builders.QualifierBuilder.Order)	CtMethodImpl	package-private
co.mewf.sqlwriter.dialects.StandardDialect.qualify(java.lang.String,int,int)	CtMethodImpl	public
co.mewf.sqlwriter.builders.DeleteBuilder.desc(java.lang.String)	CtMethodImpl	public
co.mewf.sqlwriter.mapping.TableInfo.columns	CtFieldReferenceImpl	public
co.mewf.sqlwriter.builders.DeleteBuilder.where()	CtMethodImpl	public
co.mewf.sqlwriter.builders.UpdateBuilder.dialect	CtFieldReferenceImpl	private
co.mewf.sqlwriter.builders.SelectWhereBuilder.gt(co.mewf.sqlwriter.builders.WhereBuilder.Bool,java.lang.String)	CtMethodImpl	public
co.mewf.sqlwriter.mapping.TableInfo.name	CtFieldReferenceImpl	public
co.mewf.sqlwriter.builders.SelectBuilder.toString()	CtMethodImpl	public
co.mewf.sqlwriter.builders.SelectWhereBuilder	CtClassImpl	public
co.mewf.sqlwriter.builders.SelectBuilder.leftJoin(java.lang.Class<?>)	CtMethodImpl	public
co.mewf.sqlwriter.builders.WhereBuilder.Bool	CtEnumImpl	public
co.mewf.sqlwriter.mapping.Entities.isMapped(java.lang.Class<?>)	CtMethodImpl	public
co.mewf.sqlwriter.builders.InsertBuilder.sql()	CtMethodImpl	public
co.mewf.sqlwriter.Queries.insert(java.lang.Class<?>)	CtMethodImpl	public
co.mewf.sqlwriter.builders.WhereBuilder.lt(java.lang.String)	CtMethodImpl	public
co.mewf.sqlwriter.builders.WhereBuilder.lt(co.mewf.sqlwriter.builders.WhereBuilder.Bool,java.lang.String)	CtMethodImpl	public
co.mewf.sqlwriter.mapping.ColumnInfo.dialect	CtFieldReferenceImpl	private
co.mewf.sqlwriter.Queries.select()	CtMethodImpl	public
co.mewf.sqlwriter.dialects.StandardDialect.function(java.lang.String,co.mewf.sqlwriter.mapping.TableInfo,java.lang.String,java.lang.String)	CtMethodImpl	public
co.mewf.sqlwriter.mapping.Entities.getName(java.lang.Class<?>)	CtMethodImpl	public
co.mewf.sqlwriter.builders.QualifierBuilder.dialect	CtFieldReferenceImpl	private
co.mewf.sqlwriter.builders.DeleteBuilder.asc(java.lang.String)	CtMethodImpl	public
co.mewf.sqlwriter.builders.QualifierBuilder.Order.ASC	CtEnumValueImpl	package-private
co.mewf.sqlwriter.builders.UpdateBuilder.where()	CtMethodImpl	public
co.mewf.sqlwriter.builders.DeleteBuilder	CtClassImpl	public
co.mewf.sqlwriter.builders.SelectWhereBuilder.eq(java.lang.String)	CtMethodImpl	public
co.mewf.sqlwriter.builders.WhereBuilder.first	CtFieldReferenceImpl	private
co.mewf.sqlwriter.builders.QualifierBuilder(java.lang.Object,co.mewf.sqlwriter.dialects.Dialect)	CtConstructorImpl	package-private
co.mewf.sqlwriter.builders.WhereBuilder.eq(co.mewf.sqlwriter.builders.WhereBuilder.Bool,java.lang.String)	CtMethodImpl	public
co.mewf.sqlwriter.mapping.PropertyDescriptorWrapper.getPropertyDescriptorsFromMethods(java.lang.Class<?>)	CtMethodImpl	private
co.mewf.sqlwriter.builders.UpdateBuilder.columns	CtFieldReferenceImpl	private
co.mewf.sqlwriter.builders.WhereBuilder	CtClassImpl	public
co.mewf.sqlwriter.builders.QualifierBuilder.offset(int)	CtMethodImpl	package-private
co.mewf.sqlwriter.mapping.TableInfo.column(java.lang.String,java.lang.String)	CtMethodImpl	public
co.mewf.sqlwriter.builders.SelectBuilder.function(java.lang.String,java.lang.String)	CtMethodImpl	public
co.mewf.sqlwriter.builders.SelectWhereBuilder.gt(java.lang.String)	CtMethodImpl	public
co.mewf.sqlwriter.mapping.TableInfo.columnize(java.lang.String)	CtMethodImpl	private
co.mewf.sqlwriter.mapping.Entities.isStatic(java.lang.reflect.Member)	CtMethodImpl	public
co.mewf.sqlwriter.mapping.TableInfo(java.lang.String)	CtConstructorImpl	private
co.mewf.sqlwriter.builders.DeleteBuilder.entityClass	CtFieldReferenceImpl	private
co.mewf.sqlwriter.builders.SelectBuilder	CtClassImpl	public
co.mewf.sqlwriter.mapping.JoinInfo(co.mewf.sqlwriter.mapping.TableInfo,co.mewf.sqlwriter.mapping.ColumnInfo,co.mewf.sqlwriter.mapping.ColumnInfo,java.lang.String,co.mewf.sqlwriter.dialects.Dialect)	CtConstructorImpl	package-private
co.mewf.sqlwriter.mapping.TableInfo.getUpdatableColumns()	CtMethodImpl	public
co.mewf.sqlwriter.mapping.PropertyDescriptorWrapper.propertyDescriptor	CtFieldReferenceImpl	private
co.mewf.sqlwriter.builders.SelectWhereBuilder.in(java.lang.String,int)	CtMethodImpl	public
co.mewf.sqlwriter.builders.WhereBuilder.clauseBuilder	CtFieldReferenceImpl	private
co.mewf.sqlwriter.builders.DeleteBuilder.table	CtFieldReferenceImpl	private
co.mewf.sqlwriter.mapping.TableInfo.getColumnName(java.lang.String)	CtMethodImpl	private
co.mewf.sqlwriter.mapping.TableInfo.toJoinString(java.lang.StringBuilder)	CtMethodImpl	public
co.mewf.sqlwriter.builders.QualifierBuilder	CtClassImpl	public
co.mewf.sqlwriter.builders.UpdateBuilder.set(java.lang.String[])	CtMethodImpl	public
co.mewf.sqlwriter.builders.SelectBuilder.offset(int)	CtMethodImpl	public
co.mewf.sqlwriter.mapping.TableInfo.column(java.lang.String)	CtMethodImpl	public
co.mewf.sqlwriter.mapping.FunctionColumnInfo.function	CtFieldReferenceImpl	private
co.mewf.sqlwriter.mapping.PropertyDescriptorWrapper.set(java.lang.Object,java.lang.Object)	CtMethodImpl	public
co.mewf.sqlwriter.mapping.TableInfo.join(java.lang.Class<?>,java.lang.String)	CtMethodImpl	private
co.mewf.sqlwriter.mapping.Entities.getIdAccessorOrNull(java.lang.Class<?>)	CtMethodImpl	public
co.mewf.sqlwriter.mapping.Entities.getAnnotatedColumnName(java.lang.reflect.AnnotatedElement)	CtMethodImpl	public
co.mewf.sqlwriter.builders.InsertBuilder.toString()	CtMethodImpl	public
co.mewf.sqlwriter.mapping.ColumnInfo.table	CtFieldReferenceImpl	private
co.mewf.sqlwriter.mapping.TableInfo.toString()	CtMethodImpl	public
co.mewf.sqlwriter.mapping.PropertyDescriptorWrapper.get(java.lang.Object)	CtMethodImpl	public
co.mewf.sqlwriter.builders.UpdateBuilder.toString()	CtMethodImpl	public
co.mewf.sqlwriter.Query.update(java.lang.Class<?>)	CtMethodImpl	public
co.mewf.sqlwriter.mapping.TableInfo.joins	CtFieldReferenceImpl	public
co.mewf.sqlwriter.builders.WhereBuilder.eq(java.lang.String)	CtMethodImpl	public
co.mewf.sqlwriter.builders.QualifierBuilder.Order	CtEnumImpl	package-private
co.mewf.sqlwriter.mapping.Entities	CtClassImpl	package-private
co.mewf.sqlwriter.mapping.FunctionColumnInfo(co.mewf.sqlwriter.mapping.TableInfo,java.lang.String,java.lang.String,java.lang.String,co.mewf.sqlwriter.dialects.Dialect)	CtConstructorImpl	package-private
co.mewf.sqlwriter.builders.SelectBuilder.qualifier	CtFieldReferenceImpl	private
co.mewf.sqlwriter.mapping.TableInfo.getIdColumn()	CtMethodImpl	private
co.mewf.sqlwriter.builders.QualifierBuilder.offset	CtFieldReferenceImpl	private
co.mewf.sqlwriter.builders.QualifierBuilder.toString()	CtMethodImpl	public
co.mewf.sqlwriter.mapping.TableInfo	CtClassImpl	public
co.mewf.sqlwriter.Queries$Query(co.mewf.sqlwriter.dialects.Dialect)	CtConstructorImpl	private
co.mewf.sqlwriter.mapping.FunctionColumnInfo	CtClassImpl	package-private
co.mewf.sqlwriter.utils.Strings()	CtConstructorImpl	private
co.mewf.sqlwriter.mapping.PropertyDescriptorWrapper.getAccessibleObject()	CtMethodImpl	public
co.mewf.sqlwriter.mapping.Entities.isTransient(java.lang.reflect.AccessibleObject)	CtMethodImpl	public
co.mewf.sqlwriter.mapping.PropertyDescriptorWrapper.of(java.lang.Class<?>)	CtMethodImpl	public
co.mewf.sqlwriter.dialects.StandardDialect.select(co.mewf.sqlwriter.mapping.TableInfo,java.util.List<co.mewf.sqlwriter.mapping.TableInfo>,java.util.List<co.mewf.sqlwriter.builders.SelectWhereBuilder>,co.mewf.sqlwriter.builders.QualifierBuilder)	CtMethodImpl	public
co.mewf.sqlwriter.mapping.TableInfo.dialect	CtFieldReferenceImpl	private
co.mewf.sqlwriter.mapping.PropertyDescriptorWrapper.of(java.lang.Class<?>,java.lang.String)	CtMethodImpl	public
co.mewf.sqlwriter.mapping.JoinInfo.from	CtFieldReferenceImpl	private
co.mewf.sqlwriter.builders.SelectWhereBuilder.between(java.lang.String)	CtMethodImpl	public
co.mewf.sqlwriter.Query.delete(java.lang.Class<?>)	CtMethodImpl	public
co.mewf.sqlwriter.builders.SelectBuilder.from(java.lang.Class<?>)	CtMethodImpl	public
co.mewf.sqlwriter.dialects.StandardDialect.table(co.mewf.sqlwriter.mapping.TableInfo)	CtMethodImpl	public
co.mewf.sqlwriter.mapping.PropertyDescriptorWrapper.getPropertyType()	CtMethodImpl	public
co.mewf.sqlwriter.builders.InsertBuilder.dialect	CtFieldReferenceImpl	private
co.mewf.sqlwriter.builders.WhereBuilder.toString()	CtMethodImpl	public
co.mewf.sqlwriter.mapping.JoinInfo.root	CtFieldReferenceImpl	private
co.mewf.sqlwriter.mapping.TableInfo.addFunction(java.lang.String,java.lang.String,java.lang.String)	CtMethodImpl	public
co.mewf.sqlwriter.builders.SelectBuilder.tables	CtFieldReferenceImpl	private
co.mewf.sqlwriter.builders.WhereBuilder.like(java.lang.String)	CtMethodImpl	public
co.mewf.sqlwriter.builders.WhereBuilder.table	CtFieldReferenceImpl	private
co.mewf.sqlwriter.mapping.TableInfo.join(java.lang.Class<?>,java.lang.Class<?>)	CtMethodImpl	public
co.mewf.sqlwriter.utils.Strings	CtClassImpl	public
co.mewf.sqlwriter.mapping.PropertyDescriptorWrapper	CtClassImpl	package-private
co.mewf.sqlwriter.builders.WhereBuilder.Bool.AND	CtEnumValueImpl	public
co.mewf.sqlwriter.builders.WhereBuilder.gt(java.lang.String)	CtMethodImpl	public
co.mewf.sqlwriter.Queries.Query	CtClassImpl	public
co.mewf.sqlwriter.builders.SelectWhereBuilder.eq(co.mewf.sqlwriter.builders.WhereBuilder.Bool,java.lang.String)	CtMethodImpl	public
co.mewf.sqlwriter.builders.SelectWhereBuilder.toString()	CtMethodImpl	public
co.mewf.sqlwriter.builders.WhereBuilder.sql()	CtMethodImpl	public
co.mewf.sqlwriter.Queries.STANDARD_QUERY	CtFieldReferenceImpl	private
co.mewf.sqlwriter.builders.SelectBuilder.sql()	CtMethodImpl	public
