method	type	visibility
cz.muni.fi.mir.mathmlunificator.utils.XMLOut.xmlStringSerializer(org.w3c.dom.Document)	CtMethodImpl	public
cz.muni.fi.mir.mathmlunificator.MathMLUnificatorCommandLineTool.operatorUnification	CtFieldReferenceImpl	private
cz.muni.fi.mir.mathmlunificator.NodeLevel.toString()	CtMethodImpl	public
cz.muni.fi.mir.mathmlunificator.config.Constants.CMATHML_ELEMENTS	CtFieldReferenceImpl	public
cz.muni.fi.mir.mathmlunificator.utils.XMLOut.xmlStdoutSerializer(org.w3c.dom.Node)	CtMethodImpl	public
cz.muni.fi.mir.mathmlunificator.DocumentParser()	CtConstructorImpl	public
cz.muni.fi.mir.mathmlunificator.MathMLUnificatorCommandLineTool.JARFILE	CtFieldReferenceImpl	private
cz.muni.fi.mir.mathmlunificator.DocumentParser.findMathMLNodes(org.w3c.dom.Document)	CtMethodImpl	public
cz.muni.fi.mir.mathmlunificator.UnificationLevel.getNodeLevel()	CtMethodImpl	public
cz.muni.fi.mir.mathmlunificator.config.Constants.UNIFIED_MATHML_LEVEL_ATTR	CtFieldReferenceImpl	public
cz.muni.fi.mir.mathmlunificator.utils.DOMBuilder.buildDoc(java.lang.String)	CtMethodImpl	public
cz.muni.fi.mir.mathmlunificator.config.Constants.UNIFIED_MATHML_NS_PREFIX	CtFieldReferenceImpl	public
cz.muni.fi.mir.mathmlunificator.utils.DOMBuilder.buildDocFromFilepath(java.lang.String)	CtMethodImpl	public
cz.muni.fi.mir.mathmlunificator.MathMLUnificator()	CtConstructorImpl	public
cz.muni.fi.mir.mathmlunificator.UnificationLevel(java.lang.Integer,java.lang.Integer)	CtConstructorImpl	public
cz.muni.fi.mir.mathmlunificator.UnificationLevel.maxLevel	CtFieldReferenceImpl	private
cz.muni.fi.mir.mathmlunificator.utils.DOMBuilder.buildDoc(org.xml.sax.InputSource)	CtMethodImpl	public
cz.muni.fi.mir.mathmlunificator.config.Constants	CtClassImpl	public
cz.muni.fi.mir.mathmlunificator.config.Constants.MATHML_NS	CtFieldReferenceImpl	public
cz.muni.fi.mir.mathmlunificator.utils.DOMBuilder	CtClassImpl	public
cz.muni.fi.mir.mathmlunificator.config.Constants.UNIFIED_MATHML_BATCH_OUTPUT_ITEM_ELEM	CtFieldReferenceImpl	public
cz.muni.fi.mir.mathmlunificator.NodeLevel.equals(java.lang.Object)	CtMethodImpl	public
cz.muni.fi.mir.mathmlunificator.config.Constants.CMATHML_ANNOTATIONS	CtFieldReferenceImpl	public
cz.muni.fi.mir.mathmlunificator.utils.XMLOut.xmlStdoutSerializer(org.w3c.dom.Document)	CtMethodImpl	public
cz.muni.fi.mir.mathmlunificator.MathMLUnificator.getNodeUnificationLevel(org.w3c.dom.Node)	CtMethodImpl	public
cz.muni.fi.mir.mathmlunificator.utils.MathMLTools()	CtConstructorImpl	public
cz.muni.fi.mir.mathmlunificator.MathMLUnificator	CtClassImpl	public
cz.muni.fi.mir.mathmlunificator.MathMLUnificator.getUnifiedMathMLNodes(org.w3c.dom.Node,boolean)	CtMethodImpl	public
cz.muni.fi.mir.mathmlunificator.utils.DOMBuilder.createNewDocWithNodeClone(org.w3c.dom.Node,boolean)	CtMethodImpl	public
cz.muni.fi.mir.mathmlunificator.MathMLUnificatorCommandLineTool.printHelp(org.apache.commons.cli.Options)	CtMethodImpl	private
cz.muni.fi.mir.mathmlunificator.utils.DOMBuilder.getDocumentBuilder()	CtMethodImpl	public
cz.muni.fi.mir.mathmlunificator.config.Constants.PMATHML_IDENTIFIER	CtFieldReferenceImpl	public
cz.muni.fi.mir.mathmlunificator.utils.MathMLTools	CtClassImpl	public
cz.muni.fi.mir.mathmlunificator.UnificationLevel.toString()	CtMethodImpl	public
cz.muni.fi.mir.mathmlunificator.MathMLUnificator.getMaxMajorNodesLevel()	CtMethodImpl	private
cz.muni.fi.mir.mathmlunificator.DocumentParser	CtClassImpl	public
cz.muni.fi.mir.mathmlunificator.UnificationLevel()	CtConstructorImpl	public
cz.muni.fi.mir.mathmlunificator.MathMLUnificator.unifyAtLevel(cz.muni.fi.mir.mathmlunificator.NodeLevel<java.lang.Integer, java.lang.Integer>)	CtMethodImpl	private
cz.muni.fi.mir.mathmlunificator.UnificationLevel	CtClassImpl	public
cz.muni.fi.mir.mathmlunificator.config.Constants.UNIFIED_MATHML_BATCH_OUTPUT_ITEM_FILEPATH_ATTR	CtFieldReferenceImpl	public
cz.muni.fi.mir.mathmlunificator.MathMLUnificator.unifyMathML(java.io.InputStream,java.io.OutputStream,boolean)	CtMethodImpl	public
cz.muni.fi.mir.mathmlunificator.MathMLUnificator.rememberNodesStartingAtLevel(int,org.w3c.dom.NodeList,boolean)	CtMethodImpl	private
cz.muni.fi.mir.mathmlunificator.config.Constants()	CtConstructorImpl	public
cz.muni.fi.mir.mathmlunificator.MathMLUnificatorCommandLineTool	CtClassImpl	public
cz.muni.fi.mir.mathmlunificator.MathMLUnificator.unifyMathML(org.w3c.dom.Document,boolean)	CtMethodImpl	public
cz.muni.fi.mir.mathmlunificator.utils.XMLOut.xmlSerializer(org.w3c.dom.Document,java.io.OutputStream)	CtMethodImpl	public
cz.muni.fi.mir.mathmlunificator.MathMLUnificator.nodesByDepth	CtFieldReferenceImpl	private
cz.muni.fi.mir.mathmlunificator.NodeLevel.minor	CtFieldReferenceImpl	public
cz.muni.fi.mir.mathmlunificator.MathMLUnificator.rememberLevelsOfNodes(org.w3c.dom.Node,boolean)	CtMethodImpl	private
cz.muni.fi.mir.mathmlunificator.NodeLevel(MajorLevel,MinorLevel)	CtConstructorImpl	public
cz.muni.fi.mir.mathmlunificator.MathMLUnificator.isUnifiedMathNode(org.w3c.dom.Node)	CtMethodImpl	public
cz.muni.fi.mir.mathmlunificator.config.Constants.UNIFIED_MATHML_BATCH_OUTPUT_ROOT_ELEM	CtFieldReferenceImpl	public
cz.muni.fi.mir.mathmlunificator.utils.DOMBuilder.buildDoc(java.io.File)	CtMethodImpl	public
cz.muni.fi.mir.mathmlunificator.MathMLUnificator.unifyMathMLNodeImpl(org.w3c.dom.Node,boolean,boolean)	CtMethodImpl	private
cz.muni.fi.mir.mathmlunificator.MathMLUnificatorCommandLineTool()	CtConstructorImpl	public
cz.muni.fi.mir.mathmlunificator.config.Constants.UNIFIED_MATHML_MAX_LEVEL_ATTR	CtFieldReferenceImpl	public
cz.muni.fi.mir.mathmlunificator.NodeLevel	CtClassImpl	public
cz.muni.fi.mir.mathmlunificator.NodeLevel.hashCode()	CtMethodImpl	public
cz.muni.fi.mir.mathmlunificator.config.Constants.CMATHML_IDENTIFIER_OR_NUMBER	CtFieldReferenceImpl	public
cz.muni.fi.mir.mathmlunificator.config.Constants.CMATHML_IDENTIFIER	CtFieldReferenceImpl	public
cz.muni.fi.mir.mathmlunificator.NodeLevel.major	CtFieldReferenceImpl	public
cz.muni.fi.mir.mathmlunificator.MathMLUnificator.unifyMathMLNodeImpl(org.w3c.dom.Node,boolean)	CtMethodImpl	private
cz.muni.fi.mir.mathmlunificator.utils.XMLOut.xmlStringSerializer(org.w3c.dom.Node)	CtMethodImpl	public
cz.muni.fi.mir.mathmlunificator.utils.DOMBuilder.cloneNodeToNewDoc(org.w3c.dom.Node,boolean)	CtMethodImpl	public
cz.muni.fi.mir.mathmlunificator.utils.DOMBuilder.createEmptyDoc()	CtMethodImpl	public
cz.muni.fi.mir.mathmlunificator.MathMLUnificatorCommandLineTool.main(java.lang.String[])	CtMethodImpl	public
cz.muni.fi.mir.mathmlunificator.config.Constants.UNIFIED_MATHML_ROOT_ELEM	CtFieldReferenceImpl	public
cz.muni.fi.mir.mathmlunificator.UnificationLevel.equals(java.lang.Object)	CtMethodImpl	public
cz.muni.fi.mir.mathmlunificator.UnificationLevel.hashCode()	CtMethodImpl	public
cz.muni.fi.mir.mathmlunificator.MathMLUnificator.NUMOFMINORLEVELS	CtFieldReferenceImpl	private
cz.muni.fi.mir.mathmlunificator.utils.DOMBuilder.buildDoc(java.io.InputStream)	CtMethodImpl	public
cz.muni.fi.mir.mathmlunificator.utils.MathMLTools.isContentMathMLNode(org.w3c.dom.Node)	CtMethodImpl	public
cz.muni.fi.mir.mathmlunificator.MathMLUnificator.unifyMathMLNode(org.w3c.dom.Node,boolean)	CtMethodImpl	public
cz.muni.fi.mir.mathmlunificator.config.Constants.CMATHML_UNIFICATOR	CtFieldReferenceImpl	public
cz.muni.fi.mir.mathmlunificator.utils.XMLOut()	CtConstructorImpl	public
cz.muni.fi.mir.mathmlunificator.MathMLUnificator.replaceNodeWithUnificator(org.w3c.dom.Node)	CtMethodImpl	public
cz.muni.fi.mir.mathmlunificator.config.Constants.CMATHML_SYMBOL	CtFieldReferenceImpl	public
cz.muni.fi.mir.mathmlunificator.config.Constants.PMATHML_UNIFICATOR	CtFieldReferenceImpl	public
cz.muni.fi.mir.mathmlunificator.utils.XMLOut	CtClassImpl	public
cz.muni.fi.mir.mathmlunificator.UnificationLevel.nodeLevel	CtFieldReferenceImpl	private
cz.muni.fi.mir.mathmlunificator.config.Constants.PMATHML_OPERATOR	CtFieldReferenceImpl	public
cz.muni.fi.mir.mathmlunificator.config.Constants.UNIFIED_MATHML_NS	CtFieldReferenceImpl	public
cz.muni.fi.mir.mathmlunificator.config.Constants.MATHML_ROOT_ELEM	CtFieldReferenceImpl	public
cz.muni.fi.mir.mathmlunificator.utils.XMLOut.xmlSerializer(org.w3c.dom.Node,java.io.OutputStream)	CtMethodImpl	public
cz.muni.fi.mir.mathmlunificator.utils.DOMBuilder()	CtConstructorImpl	public
cz.muni.fi.mir.mathmlunificator.UnificationLevel.getMaxLevel()	CtMethodImpl	public
