method	type	visibility
net.moznion.donovan.BasicAPIResponse.setCode(int)	CtMethodImpl	public
net.moznion.donovan.DonovanJetty$DonovanJettyHandler()	CtConstructorImpl	public
org.eclipse.jetty.util.component.AbstractLifeCycle.FAILED	CtFieldReferenceImpl	public
org.eclipse.jetty.util.component.AbstractLifeCycle.STOPPING	CtFieldReferenceImpl	public
net.moznion.donovan.DonovanJetty.start()	CtMethodImpl	public
net.moznion.donovan.Controller$ControllerBuilder(javax.servlet.http.HttpServletRequest,javax.servlet.http.HttpServletResponse)	CtConstructorImpl	public
org.eclipse.jetty.util.component.AbstractLifeCycle.RUNNING	CtFieldReferenceImpl	public
net.moznion.donovan.DonovanServletContainer	CtClassImpl	public
net.moznion.donovan.Controller.handleException(java.lang.Throwable)	CtMethodImpl	private
org.eclipse.jetty.util.component.AbstractLifeCycle._state	CtFieldReferenceImpl	private
net.moznion.donovan.BasicAPIResponse(int,java.util.List<java.lang.String>)	CtConstructorImpl	public
net.moznion.donovan.DonovanServletContainer.dispatcher	CtFieldReferenceImpl	protected
net.moznion.donovan.Dispatcher()	CtConstructorImpl	public
net.moznion.donovan.Controller.maybeBeforeDispatchTrigger	CtFieldReferenceImpl	private
javax.servlet.http.HttpServlet.METHOD_TRACE	CtFieldReferenceImpl	private
net.moznion.donovan.DonovanServletContainer.get(java.lang.String,net.moznion.donovan.ThrowableFunction<net.moznion.donovan.Controller, me.geso.webscrew.response.WebResponse>)	CtMethodImpl	public
net.moznion.donovan.Controller.makeControllerBuilder(javax.servlet.http.HttpServletRequest,javax.servlet.http.HttpServletResponse)	CtMethodImpl	package-private
net.moznion.donovan.DonovanServletContainer.registerResponseFilter(java.util.function.Consumer<me.geso.webscrew.response.WebResponse>)	CtMethodImpl	public
net.moznion.donovan.DonovanTomcat.DonovanTomcatHandler	CtClassImpl	private
javax.servlet.http.HttpServlet.LSTRING_FILE	CtFieldReferenceImpl	private
org.eclipse.jetty.util.component.AbstractLifeCycle.STOPPED	CtFieldReferenceImpl	public
net.moznion.donovan.DonovanServletContainer.maybeResponseFilter	CtFieldReferenceImpl	protected
net.moznion.donovan.Controller.ControllerBuilder.maybeBeforeDispatchTrigger	CtFieldReferenceImpl	private
org.eclipse.jetty.util.component.AbstractLifeCycle.__STARTED	CtFieldReferenceImpl	private
net.moznion.donovan.Controller.servletRequest	CtFieldReferenceImpl	private
net.moznion.donovan.Dispatcher	CtClassImpl	package-private
org.eclipse.jetty.util.component.ContainerLifeCycle.LOG	CtFieldReferenceImpl	private
org.eclipse.jetty.util.component.AbstractLifeCycle.LOG	CtFieldReferenceImpl	private
net.moznion.donovan.DonovanTomcat.DonovanTomcatHandler.serialVersionUID	CtFieldReferenceImpl	private
net.moznion.donovan.BasicAPIResponse.getCode()	CtMethodImpl	public
net.moznion.donovan.DonovanTomcat.DonovanTomcatHandler.serialVersionUID	CtFieldImpl	private
javax.servlet.GenericServlet.lStrings	CtFieldReferenceImpl	private
net.moznion.donovan.Controller(net.moznion.donovan.Controller.ControllerBuilder)	CtConstructorImpl	private
net.moznion.donovan.Controller.getServletRequest()	CtMethodImpl	public
net.moznion.donovan.BasicAPIResponse(int,java.lang.String)	CtConstructorImpl	public
net.moznion.donovan.Controller	CtClassImpl	public
net.moznion.donovan.Controller.getServletResponse()	CtMethodImpl	public
org.eclipse.jetty.util.component.ContainerLifeCycle._listeners	CtFieldReferenceImpl	private
net.moznion.donovan.BasicAPIResponse	CtClassImpl	public
javax.servlet.http.HttpServlet.lStrings	CtFieldReferenceImpl	private
net.moznion.donovan.BasicAPIResponse()	CtConstructorImpl	public
javax.servlet.http.HttpServlet.METHOD_HEAD	CtFieldReferenceImpl	private
net.moznion.donovan.DonovanTomcat()	CtConstructorImpl	public
net.moznion.donovan.DonovanServletContainer.post(java.lang.String,net.moznion.donovan.ThrowableFunction<net.moznion.donovan.Controller, me.geso.webscrew.response.WebResponse>)	CtMethodImpl	public
net.moznion.donovan.Dispatcher.router	CtFieldReferenceImpl	private
org.eclipse.jetty.util.component.AbstractLifeCycle.STARTED	CtFieldReferenceImpl	public
org.eclipse.jetty.util.component.AbstractLifeCycle.__FAILED	CtFieldReferenceImpl	private
net.moznion.donovan.Controller.maybeResponseFilter	CtFieldReferenceImpl	private
net.moznion.donovan.DonovanJettyHandler.handle(java.lang.String,org.eclipse.jetty.server.Request,javax.servlet.http.HttpServletRequest,javax.servlet.http.HttpServletResponse)	CtMethodImpl	public
net.moznion.donovan.BasicAPIResponse.setMessages(java.util.List<java.lang.String>)	CtMethodImpl	public
org.eclipse.jetty.util.component.AbstractLifeCycle._listeners	CtFieldReferenceImpl	private
net.moznion.donovan.Controller.servletResponse	CtFieldReferenceImpl	private
net.moznion.donovan.DonovanTomcat.await()	CtMethodImpl	public
net.moznion.donovan.Controller.respond(net.moznion.donovan.ThrowableFunction<net.moznion.donovan.Controller, me.geso.webscrew.response.WebResponse>)	CtMethodImpl	private
net.moznion.donovan.DonovanTomcat.tomcat	CtFieldReferenceImpl	private
net.moznion.donovan.BasicAPIResponse.code	CtFieldReferenceImpl	private
org.eclipse.jetty.util.component.AbstractLifeCycle.__STARTING	CtFieldReferenceImpl	private
org.eclipse.jetty.util.component.AbstractLifeCycle.__STOPPED	CtFieldReferenceImpl	private
org.eclipse.jetty.util.component.ContainerLifeCycle._beans	CtFieldReferenceImpl	private
org.eclipse.jetty.util.component.AbstractLifeCycle._stopTimeout	CtFieldReferenceImpl	private
net.moznion.donovan.Controller.pathParams	CtFieldReferenceImpl	private
net.moznion.donovan.BasicAPIResponse.getMessages()	CtMethodImpl	public
net.moznion.donovan.DonovanTomcat.start()	CtMethodImpl	public
org.eclipse.jetty.util.component.AbstractLifeCycle._lock	CtFieldReferenceImpl	private
javax.servlet.http.HttpServlet.HEADER_IFMODSINCE	CtFieldReferenceImpl	private
net.moznion.donovan.Controller.ControllerBuilder.servletResponse	CtFieldReferenceImpl	private
net.moznion.donovan.DonovanTomcat$DonovanTomcatHandler()	CtConstructorImpl	public
net.moznion.donovan.DonovanServletContainer.maybeBeforeDispatchTrigger	CtFieldReferenceImpl	protected
net.moznion.donovan.DonovanTomcat	CtClassImpl	public
net.moznion.donovan.Logger()	CtConstructorImpl	package-private
net.moznion.donovan.DonovanServletContainer.url	CtFieldReferenceImpl	protected
net.moznion.donovan.Controller.getPathParams()	CtMethodImpl	public
net.moznion.donovan.DonovanJetty.stop()	CtMethodImpl	public
net.moznion.donovan.DonovanServletContainer()	CtConstructorImpl	public
javax.servlet.GenericServlet.config	CtFieldReferenceImpl	private
org.eclipse.jetty.util.component.AbstractLifeCycle.STARTING	CtFieldReferenceImpl	public
net.moznion.donovan.Controller.setDefaultCharacterEncoding()	CtMethodImpl	private
net.moznion.donovan.DonovanJetty.DonovanJettyHandler	CtClassImpl	private
org.eclipse.jetty.server.handler.AbstractHandler._server	CtFieldReferenceImpl	private
net.moznion.donovan.DonovanTomcatHandler.service(javax.servlet.http.HttpServletRequest,javax.servlet.http.HttpServletResponse)	CtMethodImpl	protected
javax.servlet.http.HttpServlet.METHOD_GET	CtFieldReferenceImpl	private
net.moznion.donovan.DonovanJetty()	CtConstructorImpl	public
net.moznion.donovan.DonovanJetty	CtClassImpl	public
org.eclipse.jetty.util.component.AbstractLifeCycle.__STOPPING	CtFieldReferenceImpl	private
javax.servlet.http.HttpServlet.METHOD_OPTIONS	CtFieldReferenceImpl	private
net.moznion.donovan.DonovanServletContainer.registerBeforeDispatchTrigger(net.moznion.donovan.ThrowableFunction<net.moznion.donovan.Controller, java.util.Optional<me.geso.webscrew.response.WebResponse>>)	CtMethodImpl	public
net.moznion.donovan.Logger	CtClassImpl	package-private
net.moznion.donovan.Controller.ControllerBuilder.maybeResponseFilter	CtFieldReferenceImpl	private
net.moznion.donovan.DonovanJetty.join()	CtMethodImpl	public
javax.servlet.http.HttpServlet.METHOD_POST	CtFieldReferenceImpl	private
net.moznion.donovan.ControllerBuilder.build()	CtMethodImpl	public
net.moznion.donovan.DonovanServletContainer.getURL()	CtMethodImpl	public
net.moznion.donovan.DonovanTomcat.stop()	CtMethodImpl	public
javax.servlet.http.HttpServlet.HEADER_LASTMOD	CtFieldReferenceImpl	private
net.moznion.donovan.Controller.ControllerBuilder.captured	CtFieldReferenceImpl	private
javax.servlet.GenericServlet.LSTRING_FILE	CtFieldReferenceImpl	private
javax.servlet.http.HttpServlet.METHOD_DELETE	CtFieldReferenceImpl	private
net.moznion.donovan.Logger.logException(java.lang.Throwable)	CtMethodImpl	package-private
net.moznion.donovan.Controller.ControllerBuilder	CtClassImpl	package-private
net.moznion.donovan.Dispatcher.dispatch(javax.servlet.http.HttpServletRequest,javax.servlet.http.HttpServletResponse,java.util.Optional<java.util.function.Consumer<me.geso.webscrew.response.WebResponse>>,java.util.Optional<net.moznion.donovan.ThrowableFunction<net.moznion.donovan.Controller, java.util.Optional<me.geso.webscrew.response.WebResponse>>>)	CtMethodImpl	public
net.moznion.donovan.Controller.ControllerBuilder.servletRequest	CtFieldReferenceImpl	private
net.moznion.donovan.Controller.invoke(net.moznion.donovan.ThrowableFunction<net.moznion.donovan.Controller, me.geso.webscrew.response.WebResponse>)	CtMethodImpl	package-private
net.moznion.donovan.BasicAPIResponse.messages	CtFieldReferenceImpl	private
org.eclipse.jetty.util.component.ContainerLifeCycle._doStarted	CtFieldReferenceImpl	private
javax.servlet.http.HttpServlet.METHOD_PUT	CtFieldReferenceImpl	private
net.moznion.donovan.DonovanJetty.jetty	CtFieldReferenceImpl	private
org.eclipse.jetty.server.handler.AbstractHandler.LOG	CtFieldReferenceImpl	private
net.moznion.donovan.DonovanServletContainer.close()	CtMethodImpl	public
