method	type	visibility
com.mscharhag.oleaster.matcher.matchers.StringMatcher(java.lang.String)	CtConstructorImpl	public
com.mscharhag.oleaster.matcher.Matchers.expect(java.lang.String)	CtMethodImpl	public
org.junit.runners.ParentRunner.scheduler	CtFieldReferenceImpl	private
com.mscharhag.oleaster.runner.suite.SuiteBuilder.before(com.mscharhag.oleaster.runner.Invokable)	CtMethodImpl	public
com.mscharhag.oleaster.runner.suite.SuiteBuilder.fdescribe(java.lang.String,com.mscharhag.oleaster.runner.Invokable)	CtMethodImpl	public
com.mscharhag.oleaster.matcher.Matchers.expect(short)	CtMethodImpl	public
com.mscharhag.oleaster.runner.suite.SuiteBuilder.throwExceptionWhenSuiteDescriptionExists(java.lang.String)	CtMethodImpl	private
com.mscharhag.oleaster.runner.suite.Suite.afterEachHandlers	CtFieldReferenceImpl	private
com.mscharhag.oleaster.examples.AudioPlayer.getCurrentlyPlayedTrack()	CtMethodImpl	public
com.mscharhag.oleaster.examples.AudioPlayer()	CtConstructorImpl	public
com.mscharhag.oleaster.matcher.matchers.BooleanMatcher	CtClassImpl	public
com.mscharhag.oleaster.matcher.matchers.IntegerNumberMatcher.toEqual(long)	CtMethodImpl	public
com.mscharhag.oleaster.runner.StaticRunnerSupport.failIfNoSuiteBuilderAvailable(java.lang.String)	CtMethodImpl	private
com.mscharhag.oleaster.matcher.matchers.FloatingPointNumberMatcher.toBeGreaterThan(double)	CtMethodImpl	public
com.mscharhag.oleaster.matcher.matchers.ObjectMatcher.toBeInstanceOf(java.lang.Class<?>)	CtMethodImpl	public
com.mscharhag.oleaster.runner.suite.SuiteBuilder.after(com.mscharhag.oleaster.runner.Invokable)	CtMethodImpl	public
com.mscharhag.oleaster.examples.Track.title	CtFieldReferenceImpl	private
com.mscharhag.oleaster.matcher.Matchers.expect(boolean)	CtMethodImpl	public
com.mscharhag.oleaster.runner.suite.Suite(com.mscharhag.oleaster.runner.suite.Suite,java.lang.String)	CtConstructorImpl	public
com.mscharhag.oleaster.runner.suite.Suite.description	CtFieldReferenceImpl	private
com.mscharhag.oleaster.runner.suite.Suite.addAfterEachHandler(com.mscharhag.oleaster.runner.Invokable)	CtMethodImpl	public
com.mscharhag.oleaster.runner.suite.SuiteDefinition.block	CtFieldReferenceImpl	private
com.mscharhag.oleaster.matcher.matchers.datetime.DateMatcher.toBeAfter(java.util.Date)	CtMethodImpl	public
com.mscharhag.oleaster.matcher.matchers.ExceptionMatcher.toThrow(java.lang.Class<T>)	CtMethodImpl	public
com.mscharhag.oleaster.runner.suite.SuiteDefinitionEvaluator.evaluate(com.mscharhag.oleaster.runner.suite.SuiteDefinition,com.mscharhag.oleaster.runner.suite.SuiteBuilder)	CtMethodImpl	public
com.mscharhag.oleaster.runner.suite.Suite.getSpecs()	CtMethodImpl	public
com.mscharhag.oleaster.matcher.Matchers.expect(float)	CtMethodImpl	public
com.mscharhag.oleaster.matcher.util.Expectations.expectNotNull(java.lang.Object,java.lang.String,java.lang.Object[])	CtMethodImpl	public
com.mscharhag.oleaster.matcher.util.Expectations	CtClassImpl	public
com.mscharhag.oleaster.runner.StaticRunnerSupport.it(java.lang.String)	CtMethodImpl	public
com.mscharhag.oleaster.runner.suite.SuiteBuilder.beforeEach(com.mscharhag.oleaster.runner.Invokable)	CtMethodImpl	public
com.mscharhag.oleaster.runner.StaticSupportingSuiteBuilder.afterEvaluation()	CtMethodImpl	public
com.mscharhag.oleaster.matcher.matchers.ObjectMatcher(T)	CtConstructorImpl	public
com.mscharhag.oleaster.matcher.util.Arguments	CtClassImpl	public
com.mscharhag.oleaster.examples.AudioPlayer$PlayerState()	CtConstructorImpl	private
com.mscharhag.oleaster.matcher.matchers.FloatingPointNumberMatcher.toBeCloseTo(double)	CtMethodImpl	public
com.mscharhag.oleaster.runner.suite.SuiteBuilder.getAfterHandlers()	CtMethodImpl	public
com.mscharhag.oleaster.examples.Track	CtClassImpl	public
com.mscharhag.oleaster.runner.suite.SuiteBuilder.prepare()	CtMethodImpl	private
com.mscharhag.oleaster.runner.OleasterRunner	CtClassImpl	public
com.mscharhag.oleaster.runner.suite.SuiteDefinition.getDescription()	CtMethodImpl	public
com.mscharhag.oleaster.runner.suite.Suite.getBeforeHandlers()	CtMethodImpl	public
com.mscharhag.oleaster.runner.OleasterRunner.runBeforeCallbacks(com.mscharhag.oleaster.runner.suite.Spec)	CtMethodImpl	private
com.mscharhag.oleaster.matcher.matchers.IntegerNumberMatcher.value	CtFieldReferenceImpl	private
com.mscharhag.oleaster.runner.suite.Suite.getFullDescription()	CtMethodImpl	public
com.mscharhag.oleaster.runner.suite.SuiteBuilder.getFocusedSpecDefinitions()	CtMethodImpl	public
com.mscharhag.oleaster.runner.suite.Spec.getSuite()	CtMethodImpl	public
com.mscharhag.oleaster.examples.Person.hashCode()	CtMethodImpl	public
com.mscharhag.oleaster.matcher.matchers.CollectionMatcher(java.util.Collection)	CtConstructorImpl	public
com.mscharhag.oleaster.examples.AudioPlayer.PlayerState.playing	CtEnumValueImpl	public
com.mscharhag.oleaster.matcher.matchers.MapMatcher.toNotBeEmpty()	CtMethodImpl	public
com.mscharhag.oleaster.runner.suite.SuiteBuilder.describe(java.lang.String,com.mscharhag.oleaster.runner.Invokable)	CtMethodImpl	public
com.mscharhag.oleaster.runner.suite.SuiteDefinitionEvaluator.invokeSuiteDefinition(com.mscharhag.oleaster.runner.suite.SuiteDefinition,com.mscharhag.oleaster.runner.suite.SuiteBuilder)	CtMethodImpl	private
com.mscharhag.oleaster.matcher.matchers.IntegerNumberMatcher	CtClassImpl	public
com.mscharhag.oleaster.runner.OleasterRunner.describeChild(com.mscharhag.oleaster.runner.suite.Spec)	CtMethodImpl	protected
com.mscharhag.oleaster.matcher.matchers.IntegerNumberMatcher.toBeSmallerThan(long)	CtMethodImpl	public
com.mscharhag.oleaster.matcher.Matchers.expect(long)	CtMethodImpl	public
com.mscharhag.oleaster.runner.StaticRunnerSupport.after(com.mscharhag.oleaster.runner.Invokable)	CtMethodImpl	public
com.mscharhag.oleaster.runner.suite.Suite.beforeHandlers	CtFieldReferenceImpl	private
com.mscharhag.oleaster.matcher.Matchers.expect(java.lang.Object)	CtMethodImpl	public
com.mscharhag.oleaster.runner.suite.SuiteDefinitionEvaluator.createSuite(com.mscharhag.oleaster.runner.suite.SuiteDefinition,com.mscharhag.oleaster.runner.suite.SuiteBuilder)	CtMethodImpl	private
com.mscharhag.oleaster.runner.suite.Suite.addBeforeEachHandlers(java.util.List<com.mscharhag.oleaster.runner.Invokable>)	CtMethodImpl	public
com.mscharhag.oleaster.runner.suite.Suite.beforeEachHandlers	CtFieldReferenceImpl	private
com.mscharhag.oleaster.matcher.matchers.datetime.DateMatcher(java.util.Date)	CtConstructorImpl	public
com.mscharhag.oleaster.matcher.matchers.MapMatcher.toNotContainKey(K)	CtMethodImpl	public
com.mscharhag.oleaster.runner.suite.SuiteBuilder.specDefinitions	CtFieldReferenceImpl	private
com.mscharhag.oleaster.runner.suite.SuiteBuilder.beforeHandlers	CtFieldReferenceImpl	private
com.mscharhag.oleaster.matcher.util.Expectations.expectNotNull(java.lang.Object,java.lang.String)	CtMethodImpl	public
com.mscharhag.oleaster.matcher.matchers.ObjectMatcher.toEqual(T)	CtMethodImpl	public
com.mscharhag.oleaster.matcher.Matchers.expect(double)	CtMethodImpl	public
com.mscharhag.oleaster.runner.OleasterRunner.createSuiteBuilder()	CtMethodImpl	protected
com.mscharhag.oleaster.matcher.matchers.FloatingPointNumberMatcher.toBeBetween(double,double)	CtMethodImpl	public
com.mscharhag.oleaster.matcher.util.Arguments()	CtConstructorImpl	public
com.mscharhag.oleaster.examples.Person	CtClassImpl	public
com.mscharhag.oleaster.matcher.util.Arguments.ensureTrue(boolean,java.lang.String,java.lang.Object[])	CtMethodImpl	public
com.mscharhag.oleaster.runner.suite.Suite	CtClassImpl	public
com.mscharhag.oleaster.runner.suite.SuiteBuilder.getBeforeHandlers()	CtMethodImpl	public
com.mscharhag.oleaster.matcher.matchers.MapMatcher.toContainKey(K)	CtMethodImpl	public
com.mscharhag.oleaster.runner.suite.Suite.specs	CtFieldReferenceImpl	private
com.mscharhag.oleaster.matcher.matchers.MapMatcher(java.util.Map<K, V>)	CtConstructorImpl	public
com.mscharhag.oleaster.examples.Person(java.lang.String,java.lang.String)	CtConstructorImpl	public
com.mscharhag.oleaster.matcher.matchers.ExceptionMatcher.runCodeBlock(com.mscharhag.oleaster.matcher.matchers.ExceptionMatcher.CodeBlock)	CtMethodImpl	private
com.mscharhag.oleaster.runner.StaticRunnerSupport.xdescribe(java.lang.String,com.mscharhag.oleaster.runner.PendingInvokable)	CtMethodImpl	public
com.mscharhag.oleaster.runner.suite.SuiteDefinition.parentIsPending	CtFieldReferenceImpl	private
com.mscharhag.oleaster.runner.suite.SuiteDefinitionEvaluator()	CtConstructorImpl	public
com.mscharhag.oleaster.matcher.matchers.StringMatcher.toEndWith(java.lang.String)	CtMethodImpl	public
com.mscharhag.oleaster.runner.OleasterRunner.getChildren()	CtMethodImpl	protected
com.mscharhag.oleaster.examples.AudioPlayer.PlayerState.stopped	CtEnumValueImpl	public
com.mscharhag.oleaster.runner.suite.SuiteBuilder.beforeEachHandlers	CtFieldReferenceImpl	private
com.mscharhag.oleaster.matcher.matchers.CollectionMatcher	CtClassImpl	public
com.mscharhag.oleaster.matcher.matchers.IntegerNumberMatcher.toBeGreaterThan(long)	CtMethodImpl	public
com.mscharhag.oleaster.runner.suite.Suite.addSpec(com.mscharhag.oleaster.runner.suite.Spec)	CtMethodImpl	public
com.mscharhag.oleaster.runner.OleasterRunner.runInvokables(java.util.List<com.mscharhag.oleaster.runner.Invokable>)	CtMethodImpl	private
com.mscharhag.oleaster.examples.AudioPlayer	CtClassImpl	public
com.mscharhag.oleaster.runner.suite.SuiteDefinition.description	CtFieldReferenceImpl	private
com.mscharhag.oleaster.runner.suite.SuiteBuilder.throwExceptionWhenSpecDescriptionExists(java.lang.String)	CtMethodImpl	private
com.mscharhag.oleaster.matcher.util.Expectations.expectTrue(boolean,java.lang.String,java.lang.Object[])	CtMethodImpl	public
com.mscharhag.oleaster.runner.StaticRunnerSupport.afterEach(com.mscharhag.oleaster.runner.Invokable)	CtMethodImpl	public
com.mscharhag.oleaster.runner.suite.Spec.getFullDescription()	CtMethodImpl	public
com.mscharhag.oleaster.matcher.matchers.FloatingPointNumberMatcher	CtClassImpl	public
com.mscharhag.oleaster.matcher.matchers.datetime.DateMatcher	CtClassImpl	public
com.mscharhag.oleaster.examples.AudioPlayer.state	CtFieldReferenceImpl	private
org.junit.runners.ParentRunner.childrenLock	CtFieldReferenceImpl	private
com.mscharhag.oleaster.matcher.matchers.BooleanMatcher.toBeTrue()	CtMethodImpl	public
com.mscharhag.oleaster.matcher.util.Arguments.ensureNotNull(java.lang.Object,java.lang.String)	CtMethodImpl	public
com.mscharhag.oleaster.runner.OleasterRunner.runAfterEachCallbacks(com.mscharhag.oleaster.runner.suite.Spec)	CtMethodImpl	private
com.mscharhag.oleaster.runner.suite.Suite.addAfterHandlers(java.util.List<com.mscharhag.oleaster.runner.Invokable>)	CtMethodImpl	public
com.mscharhag.oleaster.matcher.matchers.datetime.DateMatcher.toBeBetween(java.util.Date,java.util.Date)	CtMethodImpl	public
com.mscharhag.oleaster.runner.suite.SuiteBuilder.it(java.lang.String,com.mscharhag.oleaster.runner.Invokable)	CtMethodImpl	public
com.mscharhag.oleaster.matcher.matchers.StringMatcher.toStartWith(java.lang.String)	CtMethodImpl	public
com.mscharhag.oleaster.runner.StaticRunnerSupport.suiteBuilder	CtFieldReferenceImpl	private
com.mscharhag.oleaster.matcher.matchers.datetime.DateMatcher.dateFormat	CtFieldReferenceImpl	protected
com.mscharhag.oleaster.runner.OleasterRunner.createBaseSuiteDefinition(com.mscharhag.oleaster.runner.suite.SuiteBuilder)	CtMethodImpl	protected
com.mscharhag.oleaster.runner.StaticSupportingSuiteBuilder	CtClassImpl	public
com.mscharhag.oleaster.runner.suite.SuiteDefinition.getParent()	CtMethodImpl	public
com.mscharhag.oleaster.runner.suite.Suite.getBeforeEachHandlers()	CtMethodImpl	public
com.mscharhag.oleaster.matcher.matchers.datetime.DateMatcher.toBeBefore(java.util.Date)	CtMethodImpl	public
org.junit.runners.ParentRunner.testClass	CtFieldReferenceImpl	private
com.mscharhag.oleaster.matcher.matchers.ExceptionMatcher	CtClassImpl	public
com.mscharhag.oleaster.runner.suite.Suite.getAfterHandlers()	CtMethodImpl	public
com.mscharhag.oleaster.examples.Track(java.lang.String)	CtConstructorImpl	public
com.mscharhag.oleaster.matcher.matchers.CollectionMatcher.toBeEmpty()	CtMethodImpl	public
com.mscharhag.oleaster.matcher.matchers.CollectionMatcher.toContain(java.lang.Object)	CtMethodImpl	public
com.mscharhag.oleaster.runner.suite.Spec.getBlock()	CtMethodImpl	public
com.mscharhag.oleaster.matcher.Matchers.expect(int)	CtMethodImpl	public
com.mscharhag.oleaster.runner.suite.SuiteBuilder.fit(java.lang.String,com.mscharhag.oleaster.runner.Invokable)	CtMethodImpl	public
com.mscharhag.oleaster.matcher.matchers.MapMatcher.toBeEmpty()	CtMethodImpl	public
com.mscharhag.oleaster.runner.suite.SuiteDefinition	CtClassImpl	public
com.mscharhag.oleaster.matcher.matchers.ObjectMatcher.value	CtFieldReferenceImpl	private
com.mscharhag.oleaster.runner.OleasterRunner.runChild(com.mscharhag.oleaster.runner.suite.Spec,org.junit.runner.notification.RunNotifier)	CtMethodImpl	protected
com.mscharhag.oleaster.matcher.matchers.MapMatcher	CtClassImpl	public
com.mscharhag.oleaster.runner.suite.SuiteBuilder.afterEvaluation()	CtMethodImpl	public
com.mscharhag.oleaster.runner.suite.Spec.suite	CtFieldReferenceImpl	private
com.mscharhag.oleaster.matcher.matchers.BooleanMatcher.toEqual(boolean)	CtMethodImpl	public
com.mscharhag.oleaster.runner.suite.SuiteBuilder	CtClassImpl	public
com.mscharhag.oleaster.matcher.util.Expectations()	CtConstructorImpl	public
com.mscharhag.oleaster.runner.StaticRunnerSupport.describe(java.lang.String,com.mscharhag.oleaster.runner.Invokable)	CtMethodImpl	public
com.mscharhag.oleaster.examples.AudioPlayer.getState()	CtMethodImpl	public
com.mscharhag.oleaster.matcher.matchers.StringMatcher	CtClassImpl	public
com.mscharhag.oleaster.runner.suite.Suite.suites	CtFieldReferenceImpl	private
com.mscharhag.oleaster.runner.suite.SuiteBuilder.focusedSuiteDefinitions	CtFieldReferenceImpl	private
com.mscharhag.oleaster.runner.suite.SuiteBuilder.afterEach(com.mscharhag.oleaster.runner.Invokable)	CtMethodImpl	public
com.mscharhag.oleaster.runner.suite.SuiteDefinition.getBlock()	CtMethodImpl	public
com.mscharhag.oleaster.matcher.matchers.CollectionMatcher.toNotBeEmpty()	CtMethodImpl	public
com.mscharhag.oleaster.matcher.matchers.BooleanMatcher.value	CtFieldReferenceImpl	private
org.junit.runners.ParentRunner.filteredChildren	CtFieldReferenceImpl	private
com.mscharhag.oleaster.runner.suite.Suite.afterHandlers	CtFieldReferenceImpl	private
com.mscharhag.oleaster.runner.suite.Suite.addBeforeHandler(com.mscharhag.oleaster.runner.Invokable)	CtMethodImpl	public
com.mscharhag.oleaster.runner.suite.SuiteBuilder.getFocusedSuiteDefinitions()	CtMethodImpl	public
com.mscharhag.oleaster.runner.suite.SuiteBuilder.xdescribe(java.lang.String,com.mscharhag.oleaster.runner.PendingInvokable)	CtMethodImpl	public
com.mscharhag.oleaster.runner.suite.SuiteBuilder.xit(java.lang.String)	CtMethodImpl	public
com.mscharhag.oleaster.matcher.matchers.ObjectMatcher	CtClassImpl	public
com.mscharhag.oleaster.matcher.Matchers()	CtConstructorImpl	private
com.mscharhag.oleaster.matcher.matchers.StringMatcher.toContain(java.lang.String)	CtMethodImpl	public
com.mscharhag.oleaster.runner.suite.Spec.block	CtFieldReferenceImpl	private
com.mscharhag.oleaster.runner.suite.Suite.addBeforeHandlers(java.util.List<com.mscharhag.oleaster.runner.Invokable>)	CtMethodImpl	public
com.mscharhag.oleaster.runner.suite.Spec(com.mscharhag.oleaster.runner.suite.Suite,java.lang.String,java.util.Optional<com.mscharhag.oleaster.runner.Invokable>)	CtConstructorImpl	public
com.mscharhag.oleaster.runner.suite.SuiteDefinition.isPending()	CtMethodImpl	public
com.mscharhag.oleaster.runner.suite.Suite.addAfterHandler(com.mscharhag.oleaster.runner.Invokable)	CtMethodImpl	public
com.mscharhag.oleaster.runner.OleasterRunner.runAfterCallbacks(com.mscharhag.oleaster.runner.suite.Spec)	CtMethodImpl	private
com.mscharhag.oleaster.matcher.matchers.ObjectMatcher.toBeNotNull()	CtMethodImpl	public
com.mscharhag.oleaster.runner.suite.Spec.evaluate()	CtMethodImpl	public
com.mscharhag.oleaster.matcher.matchers.FloatingPointNumberMatcher.toEqual(double)	CtMethodImpl	public
com.mscharhag.oleaster.matcher.Matchers.expect(byte)	CtMethodImpl	public
com.mscharhag.oleaster.matcher.matchers.BooleanMatcher.toBeFalse()	CtMethodImpl	public
com.mscharhag.oleaster.matcher.matchers.FloatingPointNumberMatcher.value	CtFieldReferenceImpl	private
com.mscharhag.oleaster.runner.suite.Suite.getParent()	CtMethodImpl	public
com.mscharhag.oleaster.runner.suite.SuiteBuilder.afterHandlers	CtFieldReferenceImpl	private
com.mscharhag.oleaster.matcher.matchers.ExceptionMatcher(com.mscharhag.oleaster.matcher.matchers.ExceptionMatcher.CodeBlock)	CtConstructorImpl	public
com.mscharhag.oleaster.runner.OleasterRunner(java.lang.Class<?>)	CtConstructorImpl	public
com.mscharhag.oleaster.runner.StaticRunnerSupport.before(com.mscharhag.oleaster.runner.Invokable)	CtMethodImpl	public
com.mscharhag.oleaster.runner.suite.SuiteBuilder()	CtConstructorImpl	public
com.mscharhag.oleaster.matcher.matchers.FloatingPointNumberMatcher.toBeCloseTo(double,double)	CtMethodImpl	public
com.mscharhag.oleaster.matcher.matchers.MapMatcher.toNotContainValue(V)	CtMethodImpl	public
com.mscharhag.oleaster.runner.StaticSupportingSuiteBuilder()	CtConstructorImpl	public
com.mscharhag.oleaster.examples.AudioPlayer.play(com.mscharhag.oleaster.examples.Track)	CtMethodImpl	public
com.mscharhag.oleaster.matcher.Matchers.expect(java.util.Map<K, V>)	CtMethodImpl	public
com.mscharhag.oleaster.runner.suite.SuiteDefinition(com.mscharhag.oleaster.runner.suite.Suite,java.lang.String,com.mscharhag.oleaster.runner.Invokable,boolean)	CtConstructorImpl	public
org.junit.runners.ParentRunner.VALIDATORS	CtFieldReferenceImpl	private
com.mscharhag.oleaster.runner.suite.SuiteBuilder.getSpecDefinitions()	CtMethodImpl	public
com.mscharhag.oleaster.runner.suite.Spec.description	CtFieldReferenceImpl	private
com.mscharhag.oleaster.examples.AudioPlayer.currentlyPlayedTrack	CtFieldReferenceImpl	private
com.mscharhag.oleaster.examples.Person.firstName	CtFieldReferenceImpl	private
com.mscharhag.oleaster.runner.suite.SuiteBuilder.getSuiteDefinitions()	CtMethodImpl	public
com.mscharhag.oleaster.runner.suite.SuiteDefinition(com.mscharhag.oleaster.runner.suite.Suite,java.lang.String,com.mscharhag.oleaster.runner.Invokable)	CtConstructorImpl	public
com.mscharhag.oleaster.runner.OleasterRunner.collectInvokables(com.mscharhag.oleaster.runner.suite.Suite,java.util.function.Function<com.mscharhag.oleaster.runner.suite.Suite, java.util.List<com.mscharhag.oleaster.runner.Invokable>>,boolean)	CtMethodImpl	private
com.mscharhag.oleaster.runner.OleasterRunner.createSuiteDefinitionEvaluator()	CtMethodImpl	protected
com.mscharhag.oleaster.matcher.matchers.ObjectMatcher.toBeNull()	CtMethodImpl	public
com.mscharhag.oleaster.runner.suite.SuiteDefinition.parent	CtFieldReferenceImpl	private
com.mscharhag.oleaster.matcher.matchers.CollectionMatcher.toHaveSize(int)	CtMethodImpl	public
com.mscharhag.oleaster.examples.Track.equals(java.lang.Object)	CtMethodImpl	public
com.mscharhag.oleaster.matcher.matchers.datetime.DateMatcher.toBeCloseTo(java.util.Date,long)	CtMethodImpl	public
com.mscharhag.oleaster.examples.Person.lastName	CtFieldReferenceImpl	private
com.mscharhag.oleaster.examples.Track.hashCode()	CtMethodImpl	public
com.mscharhag.oleaster.matcher.matchers.MapMatcher.toContainValue(V)	CtMethodImpl	public
com.mscharhag.oleaster.matcher.util.Expectations.fail(java.lang.String)	CtMethodImpl	public
com.mscharhag.oleaster.matcher.matchers.datetime.DateMatcher.formatDate(java.util.Date)	CtMethodImpl	private
com.mscharhag.oleaster.runner.suite.Suite.addBeforeEachHandler(com.mscharhag.oleaster.runner.Invokable)	CtMethodImpl	public
com.mscharhag.oleaster.runner.suite.SuiteBuilder.suiteDefinitions	CtFieldReferenceImpl	private
com.mscharhag.oleaster.matcher.matchers.MapMatcher.toHaveSize(int)	CtMethodImpl	public
com.mscharhag.oleaster.matcher.Matchers.expect(com.mscharhag.oleaster.matcher.matchers.ExceptionMatcher.CodeBlock)	CtMethodImpl	public
com.mscharhag.oleaster.runner.suite.SuiteBuilder.beforeEvaluation()	CtMethodImpl	public
com.mscharhag.oleaster.runner.suite.SuiteBuilder.getAfterEachHandlers()	CtMethodImpl	public
com.mscharhag.oleaster.runner.StaticRunnerSupport.fit(java.lang.String,com.mscharhag.oleaster.runner.Invokable)	CtMethodImpl	public
com.mscharhag.oleaster.matcher.matchers.ExceptionMatcher.toThrow(java.lang.Class<T>,java.lang.String)	CtMethodImpl	public
com.mscharhag.oleaster.runner.StaticRunnerSupport.it(java.lang.String,com.mscharhag.oleaster.runner.Invokable)	CtMethodImpl	public
com.mscharhag.oleaster.runner.suite.Suite.addAfterEachHandlers(java.util.List<com.mscharhag.oleaster.runner.Invokable>)	CtMethodImpl	public
com.mscharhag.oleaster.matcher.matchers.IntegerNumberMatcher.toBeBetween(long,long)	CtMethodImpl	public
com.mscharhag.oleaster.matcher.matchers.FloatingPointNumberMatcher.toBeSmallerThan(double)	CtMethodImpl	public
com.mscharhag.oleaster.runner.suite.SuiteDefinitionEvaluator	CtClassImpl	public
com.mscharhag.oleaster.runner.StaticRunnerSupport()	CtConstructorImpl	private
com.mscharhag.oleaster.matcher.matchers.ExceptionMatcher.exception	CtFieldReferenceImpl	private
com.mscharhag.oleaster.matcher.matchers.StringMatcher.toMatch(java.lang.String)	CtMethodImpl	public
com.mscharhag.oleaster.matcher.matchers.BooleanMatcher(boolean)	CtConstructorImpl	public
com.mscharhag.oleaster.runner.suite.Spec	CtClassImpl	public
com.mscharhag.oleaster.runner.StaticRunnerSupport.xit(java.lang.String,com.mscharhag.oleaster.runner.Invokable)	CtMethodImpl	public
com.mscharhag.oleaster.runner.OleasterRunner.runBeforeEachCallbacks(com.mscharhag.oleaster.runner.suite.Spec)	CtMethodImpl	private
com.mscharhag.oleaster.runner.StaticRunnerSupport.fdescribe(java.lang.String,com.mscharhag.oleaster.runner.Invokable)	CtMethodImpl	public
com.mscharhag.oleaster.matcher.matchers.CollectionMatcher.toNotContain(java.lang.Object)	CtMethodImpl	public
com.mscharhag.oleaster.runner.suite.SuiteBuilder.afterEachHandlers	CtFieldReferenceImpl	private
com.mscharhag.oleaster.runner.suite.Suite.addChildSuite(com.mscharhag.oleaster.runner.suite.Suite)	CtMethodImpl	public
com.mscharhag.oleaster.runner.suite.Suite.getSuites()	CtMethodImpl	public
com.mscharhag.oleaster.runner.StaticSupportingSuiteBuilder.beforeEvaluation()	CtMethodImpl	public
com.mscharhag.oleaster.runner.suite.SuiteBuilder.focusedSpecDefinitions	CtFieldReferenceImpl	private
com.mscharhag.oleaster.matcher.matchers.FloatingPointNumberMatcher(double)	CtConstructorImpl	public
com.mscharhag.oleaster.runner.suite.Suite.parent	CtFieldReferenceImpl	private
com.mscharhag.oleaster.runner.StaticRunnerSupport.beforeEach(com.mscharhag.oleaster.runner.Invokable)	CtMethodImpl	public
com.mscharhag.oleaster.examples.AudioPlayer.PlayerState	CtEnumImpl	public
com.mscharhag.oleaster.matcher.matchers.StringMatcher.toMatch(java.util.regex.Pattern)	CtMethodImpl	public
com.mscharhag.oleaster.runner.suite.SuiteBuilder.getBeforeEachHandlers()	CtMethodImpl	public
com.mscharhag.oleaster.matcher.util.Arguments.ensureNotNull(java.lang.Object,java.lang.String,java.lang.Object[])	CtMethodImpl	public
com.mscharhag.oleaster.matcher.Matchers.expect(java.util.Collection)	CtMethodImpl	public
com.mscharhag.oleaster.examples.Person.equals(java.lang.Object)	CtMethodImpl	public
com.mscharhag.oleaster.matcher.Matchers.expect(java.util.Date)	CtMethodImpl	public
com.mscharhag.oleaster.runner.suite.Spec.getDescription()	CtMethodImpl	public
com.mscharhag.oleaster.matcher.Matchers	CtClassImpl	public
com.mscharhag.oleaster.runner.suite.Suite.getDescription()	CtMethodImpl	public
com.mscharhag.oleaster.matcher.matchers.ObjectMatcher.getValue()	CtMethodImpl	protected
com.mscharhag.oleaster.runner.suite.Suite.collectSpecs()	CtMethodImpl	public
com.mscharhag.oleaster.runner.suite.Suite.getAfterEachHandlers()	CtMethodImpl	public
com.mscharhag.oleaster.runner.StaticRunnerSupport	CtClassImpl	public
com.mscharhag.oleaster.runner.StaticRunnerSupport.setSuiteBuilder(com.mscharhag.oleaster.runner.suite.SuiteBuilder)	CtMethodImpl	package-private
com.mscharhag.oleaster.matcher.matchers.IntegerNumberMatcher(long)	CtConstructorImpl	public
com.mscharhag.oleaster.matcher.util.Expectations.expectTrue(boolean,java.lang.String)	CtMethodImpl	public
