method	type	visibility
com.github.museadmin.infinite_state_machine.common.action.Action.insertProperty(java.lang.String,java.lang.String)	CtMethodImpl	public
com.github.museadmin.infinite_state_machine.common.dal.DataAccessLayer.queryRunPhase()	CtMethodImpl	public
com.github.museadmin.infinite_state_machine.common.dal.Mysql.queryRunPhase()	CtMethodImpl	public
com.github.museadmin.infinite_state_machine.common.dal.Sqlite3.database	CtFieldReferenceImpl	private
com.github.museadmin.infinite_state_machine.common.lib.PropertyCache.importProperties(java.lang.String)	CtMethodImpl	public
com.github.museadmin.infinite_state_machine.common.dal.Mysql.deactivate(java.lang.String)	CtMethodImpl	public
com.github.museadmin.infinite_state_machine.common.dal.DataAccessLayer.updatePayload(java.lang.String,java.lang.String)	CtMethodImpl	public
com.github.museadmin.infinite_state_machine.common.lib.PropertyCache()	CtConstructorImpl	public
com.github.museadmin.infinite_state_machine.common.dal.DataAccessLayer.activate(java.lang.String)	CtMethodImpl	public
com.github.museadmin.infinite_state_machine.common.action.Action.updateRunPhase(java.lang.String)	CtMethodImpl	public
com.github.museadmin.infinite_state_machine.common.action.ActionPack	CtClassImpl	public
com.github.museadmin.infinite_state_machine.common.dal.Mysql.insertProperty(java.lang.String,java.lang.String)	CtMethodImpl	public
com.github.museadmin.infinite_state_machine.common.action.Action.updatePayload(java.lang.String,java.lang.String)	CtMethodImpl	public
com.github.museadmin.infinite_state_machine.common.action.Action.LOGGER	CtFieldReferenceImpl	public
com.github.museadmin.infinite_state_machine.common.action.Action.dataAccessLayer	CtFieldReferenceImpl	public
com.github.museadmin.infinite_state_machine.common.action.Action.getUnprocessedMessages()	CtMethodImpl	public
com.github.museadmin.infinite_state_machine.common.dal.Mysql.beforeActionsComplete()	CtMethodImpl	public
com.github.museadmin.infinite_state_machine.common.dal.InvalidRunPhaseException	CtClassImpl	public
com.github.museadmin.infinite_state_machine.common.dal.DataAccessLayer(com.github.museadmin.infinite_state_machine.common.lib.PropertyCache)	CtConstructorImpl	public
com.github.museadmin.infinite_state_machine.common.action.Action	CtClassImpl	public
com.github.museadmin.infinite_state_machine.common.action.ActionPack.LOGGER	CtFieldReferenceImpl	private
com.github.museadmin.infinite_state_machine.common.dal.DataAccessLayer.getUnprocessedMessages()	CtMethodImpl	public
com.github.museadmin.infinite_state_machine.common.lib.PropertyCache.setProperty(java.lang.String,java.lang.String)	CtMethodImpl	public
com.github.museadmin.infinite_state_machine.common.dal.Mysql.createTable(org.json.JSONObject)	CtMethodImpl	public
com.github.museadmin.infinite_state_machine.common.utils.JsonToSqlEtl.parseDeleteStatement(org.json.JSONObject)	CtMethodImpl	private
com.github.museadmin.infinite_state_machine.common.action.Action.deactivate()	CtMethodImpl	public
com.github.museadmin.infinite_state_machine.common.action.Action.queryRunPhase()	CtMethodImpl	public
com.github.museadmin.infinite_state_machine.common.dal.Sqlite3.executeSqlStatement(java.lang.String)	CtMethodImpl	public
com.github.museadmin.infinite_state_machine.common.dal.Mysql.queryProperty(java.lang.String)	CtMethodImpl	public
com.github.museadmin.infinite_state_machine.common.utils.JsonToSqlEtl.addColumns(org.json.JSONObject,java.lang.StringBuilder)	CtMethodImpl	private
com.github.museadmin.infinite_state_machine.common.action.Action.active()	CtMethodImpl	public
com.github.museadmin.infinite_state_machine.common.dal.DataAccessLayer.deactivate(java.lang.String)	CtMethodImpl	public
com.github.museadmin.infinite_state_machine.common.dal.Mysql.markMessageProcessed(java.lang.Integer)	CtMethodImpl	public
com.github.museadmin.infinite_state_machine.common.dal.Sqlite3.updateRunPhase(java.lang.String)	CtMethodImpl	public
com.github.museadmin.infinite_state_machine.common.utils.ZipDirectory	CtClassImpl	public
com.github.museadmin.infinite_state_machine.common.action.Action.deactivate(java.lang.String)	CtMethodImpl	public
com.github.museadmin.infinite_state_machine.common.utils.JsonToSqlEtl.parseUpdateStatement(org.json.JSONObject)	CtMethodImpl	private
com.github.museadmin.infinite_state_machine.common.dal.Sqlite3.beforeActionsComplete()	CtMethodImpl	public
com.github.museadmin.infinite_state_machine.common.dal.Mysql.createTableStatement(org.json.JSONObject)	CtMethodImpl	private
com.github.museadmin.infinite_state_machine.common.dal.Mysql.updateProperty(java.lang.String,java.lang.String)	CtMethodImpl	public
com.github.museadmin.infinite_state_machine.common.dal.Sqlite3.insertProperty(java.lang.String,java.lang.String)	CtMethodImpl	public
com.github.museadmin.infinite_state_machine.common.dal.Mysql.executeSqlStatement(java.lang.String)	CtMethodImpl	public
com.github.museadmin.infinite_state_machine.common.dal.DataAccessLayer.beforeActionsComplete()	CtMethodImpl	public
com.github.museadmin.infinite_state_machine.common.dal.Sqlite3.updateProperty(java.lang.String,java.lang.String)	CtMethodImpl	public
com.github.museadmin.infinite_state_machine.common.dal.Sqlite3(java.lang.String)	CtConstructorImpl	public
com.github.museadmin.infinite_state_machine.common.dal.InvalidDefaultTypeException(java.lang.String)	CtConstructorImpl	public
com.github.museadmin.infinite_state_machine.common.dal.InvalidDefaultTypeException	CtClassImpl	public
com.github.museadmin.infinite_state_machine.common.dal.Sqlite3.getUnprocessedMessages()	CtMethodImpl	public
com.github.museadmin.infinite_state_machine.common.action.Action.updateProperty(java.lang.String,java.lang.String)	CtMethodImpl	public
com.github.museadmin.infinite_state_machine.common.dal.Mysql.connectionUrl	CtFieldReferenceImpl	private
com.github.museadmin.infinite_state_machine.common.dal.Mysql.afterActionsComplete()	CtMethodImpl	public
com.github.museadmin.infinite_state_machine.common.dal.Mysql.updatePayload(java.lang.String,java.lang.String)	CtMethodImpl	public
com.github.museadmin.infinite_state_machine.common.dal.Sqlite3.markMessageProcessed(java.lang.Integer)	CtMethodImpl	public
com.github.museadmin.infinite_state_machine.common.utils.JsonToSqlEtl.parseSelectStatement(org.json.JSONObject)	CtMethodImpl	private
com.github.museadmin.infinite_state_machine.common.utils.SqlFromJsonParsingException(java.lang.String)	CtConstructorImpl	public
com.github.museadmin.infinite_state_machine.common.action.Action.active(java.lang.String)	CtMethodImpl	public
com.github.museadmin.infinite_state_machine.common.utils.SqlFromJsonParsingException	CtClassImpl	public
com.github.museadmin.infinite_state_machine.common.action.Action.clearPayload(java.lang.String)	CtMethodImpl	public
com.github.museadmin.infinite_state_machine.common.dal.Mysql.propertyCache	CtFieldReferenceImpl	private
com.github.museadmin.infinite_state_machine.common.dal.Sqlite3.active(java.lang.String)	CtMethodImpl	public
com.github.museadmin.infinite_state_machine.common.dal.Sqlite3.afterActionsComplete()	CtMethodImpl	public
com.github.museadmin.infinite_state_machine.common.action.Action.setDataAccessLayer(com.github.museadmin.infinite_state_machine.common.dal.DataAccessLayer)	CtMethodImpl	public
com.github.museadmin.infinite_state_machine.common.action.Action.unsetState(java.lang.String)	CtMethodImpl	public
com.github.museadmin.infinite_state_machine.common.lib.PropertyCache.prop	CtFieldReferenceImpl	private
com.github.museadmin.infinite_state_machine.common.dal.Mysql.executeSqlQuery(java.lang.String)	CtMethodImpl	public
com.github.museadmin.infinite_state_machine.common.utils.ZipDirectory.zipDirectory(java.lang.String,java.lang.String)	CtMethodImpl	public
com.github.museadmin.infinite_state_machine.common.action.Action.runRoot	CtFieldReferenceImpl	public
com.github.museadmin.infinite_state_machine.common.action.Action.activate(java.lang.String)	CtMethodImpl	public
com.github.museadmin.infinite_state_machine.common.dal.Mysql.MYSQL_FALSE	CtFieldReferenceImpl	public
com.github.museadmin.infinite_state_machine.common.dal.DataAccessLayer.createTable(org.json.JSONObject)	CtMethodImpl	public
com.github.museadmin.infinite_state_machine.common.dal.Sqlite3.SQLITE_TRUE	CtFieldReferenceImpl	public
com.github.museadmin.infinite_state_machine.common.dal.Sqlite3.getConnection(java.lang.String)	CtMethodImpl	private
com.github.museadmin.infinite_state_machine.common.action.ActionPack()	CtConstructorImpl	public
com.github.museadmin.infinite_state_machine.common.dal.Mysql.clearPayload(java.lang.String)	CtMethodImpl	public
com.github.museadmin.infinite_state_machine.common.utils.ZipDirectory()	CtConstructorImpl	public
com.github.museadmin.infinite_state_machine.common.dal.Sqlite3.unsetState(java.lang.String)	CtMethodImpl	public
com.github.museadmin.infinite_state_machine.common.action.ActionPack.getJsonObjectFromResourceFile(java.lang.String)	CtMethodImpl	public
com.github.museadmin.infinite_state_machine.common.dal.Sqlite3.createTableStatement(org.json.JSONObject)	CtMethodImpl	private
com.github.museadmin.infinite_state_machine.common.utils.JsonToSqlEtl.parseInsertStatements(org.json.JSONObject)	CtMethodImpl	private
com.github.museadmin.infinite_state_machine.common.lib.PropertyCache.LOGGER	CtFieldReferenceImpl	private
com.github.museadmin.infinite_state_machine.common.lib.PropertyCache.getProperty(java.lang.String)	CtMethodImpl	public
com.github.museadmin.infinite_state_machine.common.dal.DataAccessLayer.executeSqlQuery(java.lang.String)	CtMethodImpl	public
com.github.museadmin.infinite_state_machine.common.dal.DataAccessLayer.insertMessage(org.json.JSONObject)	CtMethodImpl	public
com.github.museadmin.infinite_state_machine.common.dal.DataAccessLayer.clearPayload(java.lang.String)	CtMethodImpl	public
com.github.museadmin.infinite_state_machine.common.dal.DataAccessLayer.setState(java.lang.String)	CtMethodImpl	public
com.github.museadmin.infinite_state_machine.common.dal.Mysql.MYSQL_TRUE	CtFieldReferenceImpl	public
com.github.museadmin.infinite_state_machine.common.dal.Sqlite3.SQLITE_FALSE	CtFieldReferenceImpl	public
com.github.museadmin.infinite_state_machine.common.dal.DataAccessLayer.iDataAccessObject	CtFieldReferenceImpl	package-private
com.github.museadmin.infinite_state_machine.common.dal.Sqlite3.deactivate(java.lang.String)	CtMethodImpl	public
com.github.museadmin.infinite_state_machine.common.dal.Sqlite3.createTable(org.json.JSONObject)	CtMethodImpl	public
com.github.museadmin.infinite_state_machine.common.utils.JsonToSqlEtl	CtClassImpl	public
com.github.museadmin.infinite_state_machine.common.action.Action.queryProperty(java.lang.String)	CtMethodImpl	public
com.github.museadmin.infinite_state_machine.common.action.ActionPack.getActionsFromActionPack(com.github.museadmin.infinite_state_machine.common.dal.DataAccessLayer,java.lang.String)	CtMethodImpl	public
com.github.museadmin.infinite_state_machine.common.utils.JsonToSqlEtl.parseSqlFromJson(org.json.JSONObject)	CtMethodImpl	public
com.github.museadmin.infinite_state_machine.common.action.Action.actionName	CtFieldReferenceImpl	private
com.github.museadmin.infinite_state_machine.common.dal.DataAccessLayer.updateRunPhase(java.lang.String)	CtMethodImpl	public
com.github.museadmin.infinite_state_machine.common.utils.JsonToSqlEtl()	CtConstructorImpl	public
com.github.museadmin.infinite_state_machine.common.dal.Sqlite3.insertMessage(org.json.JSONObject)	CtMethodImpl	public
com.github.museadmin.infinite_state_machine.common.dal.Sqlite3.updatePayload(java.lang.String,java.lang.String)	CtMethodImpl	public
com.github.museadmin.infinite_state_machine.common.dal.Sqlite3.executeSqlQuery(java.lang.String)	CtMethodImpl	public
com.github.museadmin.infinite_state_machine.common.dal.Mysql.active(java.lang.String)	CtMethodImpl	public
com.github.museadmin.infinite_state_machine.common.dal.Mysql.updateRunPhase(java.lang.String)	CtMethodImpl	public
com.github.museadmin.infinite_state_machine.common.action.Action.afterActionsComplete()	CtMethodImpl	public
com.github.museadmin.infinite_state_machine.common.dal.Mysql.createDatabase()	CtMethodImpl	public
com.github.museadmin.infinite_state_machine.common.dal.Mysql.dropDatabase()	CtMethodImpl	public
com.github.museadmin.infinite_state_machine.common.dal.Mysql.insertMessage(org.json.JSONObject)	CtMethodImpl	public
com.github.museadmin.infinite_state_machine.common.action.Action.setRunRoot(java.lang.String)	CtMethodImpl	public
com.github.museadmin.infinite_state_machine.common.dal.Mysql	CtClassImpl	public
com.github.museadmin.infinite_state_machine.common.action.Action.getJsonObjectFromFile(java.lang.String)	CtMethodImpl	public
com.github.museadmin.infinite_state_machine.common.action.Action.insertMessage(org.json.JSONObject)	CtMethodImpl	public
com.github.museadmin.infinite_state_machine.common.lib.PropertyCache.getProperty(java.lang.String,java.lang.String)	CtMethodImpl	public
com.github.museadmin.infinite_state_machine.common.utils.JsonToSqlEtl.constructWhereClause(org.json.JSONObject)	CtMethodImpl	private
com.github.museadmin.infinite_state_machine.common.action.Action.setState(java.lang.String)	CtMethodImpl	public
com.github.museadmin.infinite_state_machine.common.dal.Sqlite3.activate(java.lang.String)	CtMethodImpl	public
com.github.museadmin.infinite_state_machine.common.dal.Sqlite3.queryProperty(java.lang.String)	CtMethodImpl	public
com.github.museadmin.infinite_state_machine.common.dal.DataAccessLayer.insertProperty(java.lang.String,java.lang.String)	CtMethodImpl	public
com.github.museadmin.infinite_state_machine.common.action.Action.beforeActionsComplete()	CtMethodImpl	public
com.github.museadmin.infinite_state_machine.common.dal.InvalidRunPhaseException(java.lang.String)	CtConstructorImpl	public
com.github.museadmin.infinite_state_machine.common.dal.DataAccessLayer	CtClassImpl	public
com.github.museadmin.infinite_state_machine.common.dal.Sqlite3.createDatabase(java.lang.String)	CtMethodImpl	public
com.github.museadmin.infinite_state_machine.common.action.Action.createRunDirectory(java.lang.String)	CtMethodImpl	public
com.github.museadmin.infinite_state_machine.common.action.Action.markMessageProcessed(java.lang.Integer)	CtMethodImpl	public
com.github.museadmin.infinite_state_machine.common.dal.Mysql.getConnection()	CtMethodImpl	private
com.github.museadmin.infinite_state_machine.common.dal.DataAccessLayer.executeSqlStatement(java.lang.String)	CtMethodImpl	public
com.github.museadmin.infinite_state_machine.common.dal.Sqlite3.queryRunPhase()	CtMethodImpl	public
com.github.museadmin.infinite_state_machine.common.dal.DataAccessLayer.afterActionsComplete()	CtMethodImpl	public
com.github.museadmin.infinite_state_machine.common.dal.DataAccessLayer.updateProperty(java.lang.String,java.lang.String)	CtMethodImpl	public
com.github.museadmin.infinite_state_machine.common.dal.Mysql.setState(java.lang.String)	CtMethodImpl	public
com.github.museadmin.infinite_state_machine.common.dal.DataAccessLayer.markMessageProcessed(java.lang.Integer)	CtMethodImpl	public
com.github.museadmin.infinite_state_machine.common.dal.Mysql.unsetState(java.lang.String)	CtMethodImpl	public
com.github.museadmin.infinite_state_machine.common.dal.Mysql.activate(java.lang.String)	CtMethodImpl	public
com.github.museadmin.infinite_state_machine.common.lib.PropertyCache	CtClassImpl	public
com.github.museadmin.infinite_state_machine.common.dal.Mysql(com.github.museadmin.infinite_state_machine.common.lib.PropertyCache)	CtConstructorImpl	public
com.github.museadmin.infinite_state_machine.common.dal.Mysql.dbName	CtFieldReferenceImpl	private
com.github.museadmin.infinite_state_machine.common.dal.Mysql.getUnprocessedMessages()	CtMethodImpl	public
com.github.museadmin.infinite_state_machine.common.action.Action()	CtConstructorImpl	public
com.github.museadmin.infinite_state_machine.common.dal.DataAccessLayer.active(java.lang.String)	CtMethodImpl	public
com.github.museadmin.infinite_state_machine.common.dal.Sqlite3.clearPayload(java.lang.String)	CtMethodImpl	public
com.github.museadmin.infinite_state_machine.common.dal.Sqlite3.setState(java.lang.String)	CtMethodImpl	public
com.github.museadmin.infinite_state_machine.common.utils.JsonToSqlEtl.removeLastComma(java.lang.StringBuilder)	CtMethodImpl	public
com.github.museadmin.infinite_state_machine.common.dal.DataAccessLayer.queryProperty(java.lang.String)	CtMethodImpl	public
com.github.museadmin.infinite_state_machine.common.dal.DataAccessLayer.unsetState(java.lang.String)	CtMethodImpl	public
com.github.museadmin.infinite_state_machine.common.dal.Sqlite3	CtClassImpl	public
