method	type	visibility
gov.nasa.pds.api.engineering.lexer.SearchParser.RULE_likeComparison	CtFieldReferenceImpl	public
gov.nasa.pds.api.engineering.lexer.SearchBaseListener.exitOperator(gov.nasa.pds.api.engineering.lexer.SearchParser.OperatorContext)	CtMethodImpl	public
gov.nasa.pds.api.engineering.lexer.SearchLexer.GE	CtFieldReferenceImpl	public
gov.nasa.pds.api.engineering.lexer.QueryContext.enterRule(org.antlr.v4.runtime.tree.ParseTreeListener)	CtMethodImpl	public
gov.nasa.pds.api.engineering.lexer.SearchParser$ComparisonContext(org.antlr.v4.runtime.ParserRuleContext,int)	CtConstructorImpl	public
org.antlr.v4.runtime.Lexer._channel	CtFieldReferenceImpl	public
gov.nasa.pds.api.engineering.lexer.SearchParser.LikeComparisonContext	CtClassImpl	public
gov.nasa.pds.api.engineering.lexer.SearchLexer.FIELD	CtFieldReferenceImpl	public
gov.nasa.pds.api.engineering.lexer.OperatorContext.LE()	CtMethodImpl	public
org.antlr.v4.runtime.Lexer._text	CtFieldReferenceImpl	public
gov.nasa.pds.api.engineering.lexer.OrStatementContext.queryTerm(int)	CtMethodImpl	public
gov.nasa.pds.api.engineering.lexer.SearchParser.RPAREN	CtFieldReferenceImpl	public
org.antlr.v4.runtime.ParserRuleContext.children	CtFieldReferenceImpl	public
gov.nasa.pds.api.engineering.lexer.SearchParser.ruleNames	CtFieldReferenceImpl	public
gov.nasa.pds.api.engineering.lexer.GroupContext.LPAREN()	CtMethodImpl	public
gov.nasa.pds.api.engineering.lexer.QueryTermContext.exitRule(org.antlr.v4.runtime.tree.ParseTreeListener)	CtMethodImpl	public
gov.nasa.pds.api.engineering.lexer.SearchParser.tokenNames	CtFieldReferenceImpl	public
gov.nasa.pds.api.engineering.lexer.SearchParser.ComparisonContext	CtClassImpl	public
org.antlr.v4.runtime.Parser._precedenceStack	CtFieldReferenceImpl	protected
gov.nasa.pds.api.engineering.lexer.SearchBaseListener.enterGroup(gov.nasa.pds.api.engineering.lexer.SearchParser.GroupContext)	CtMethodImpl	public
org.antlr.v4.runtime.Lexer._input	CtFieldReferenceImpl	public
org.antlr.v4.runtime.Parser._ctx	CtFieldReferenceImpl	protected
gov.nasa.pds.api.engineering.lexer.QueryTermContext.comparison()	CtMethodImpl	public
gov.nasa.pds.api.engineering.lexer.SearchParser$ExpressionContext(org.antlr.v4.runtime.ParserRuleContext,int)	CtConstructorImpl	public
gov.nasa.pds.api.engineering.lexer.SearchLexer._ATN	CtFieldReferenceImpl	public
org.antlr.v4.runtime.ParserRuleContext.stop	CtFieldReferenceImpl	public
gov.nasa.pds.api.engineering.lexer.LikeComparisonContext.STRINGVAL()	CtMethodImpl	public
gov.nasa.pds.api.engineering.lexer.SearchParser.ExpressionContext	CtClassImpl	public
gov.nasa.pds.api.engineering.lexer.ComparisonContext.exitRule(org.antlr.v4.runtime.tree.ParseTreeListener)	CtMethodImpl	public
gov.nasa.pds.api.engineering.lexer.SearchParser.operator()	CtMethodImpl	public
gov.nasa.pds.api.engineering.lexer.SearchLexer.getRuleNames()	CtMethodImpl	public
gov.nasa.pds.api.engineering.lexer.SearchParser$QueryContext(org.antlr.v4.runtime.ParserRuleContext,int)	CtConstructorImpl	public
gov.nasa.pds.api.engineering.lexer.LikeComparisonContext.getRuleIndex()	CtMethodImpl	public
org.antlr.v4.runtime.Recognizer.EOF	CtFieldReferenceImpl	public
gov.nasa.pds.api.engineering.lexer.SearchLexer.LPAREN	CtFieldReferenceImpl	public
gov.nasa.pds.api.engineering.lexer.SearchLexer.ruleNames	CtFieldReferenceImpl	public
gov.nasa.pds.api.engineering.lexer.SearchBaseListener.enterExpression(gov.nasa.pds.api.engineering.lexer.SearchParser.ExpressionContext)	CtMethodImpl	public
gov.nasa.pds.api.engineering.lexer.SearchParser.GE	CtFieldReferenceImpl	public
org.antlr.v4.runtime.Parser._input	CtFieldReferenceImpl	protected
gov.nasa.pds.api.engineering.lexer.SearchLexer.NUMBER	CtFieldReferenceImpl	public
org.antlr.v4.runtime.Parser.bypassAltsAtnCache	CtFieldReferenceImpl	private
gov.nasa.pds.api.engineering.lexer.OrStatementContext.getRuleIndex()	CtMethodImpl	public
gov.nasa.pds.api.engineering.lexer.OperatorContext.getRuleIndex()	CtMethodImpl	public
org.antlr.v4.runtime.Parser._errHandler	CtFieldReferenceImpl	protected
gov.nasa.pds.api.engineering.lexer.GroupContext.NOT()	CtMethodImpl	public
org.antlr.v4.runtime.Lexer.DEFAULT_MODE	CtFieldReferenceImpl	public
gov.nasa.pds.api.engineering.lexer.SearchParser._ATN	CtFieldReferenceImpl	public
gov.nasa.pds.api.engineering.lexer.SearchParser.RULE_andStatement	CtFieldReferenceImpl	public
gov.nasa.pds.api.engineering.lexer.SearchLexer.getTokenNames()	CtMethodImpl	public
gov.nasa.pds.api.engineering.lexer.GroupContext.expression()	CtMethodImpl	public
org.antlr.v4.runtime.Parser._tracer	CtFieldReferenceImpl	private
gov.nasa.pds.api.engineering.lexer.SearchLexer(org.antlr.v4.runtime.CharStream)	CtConstructorImpl	public
gov.nasa.pds.api.engineering.lexer.SearchLexer.WS	CtFieldReferenceImpl	public
gov.nasa.pds.api.engineering.lexer.ComparisonContext.getRuleIndex()	CtMethodImpl	public
gov.nasa.pds.api.engineering.lexer.ExpressionContext.queryTerm()	CtMethodImpl	public
gov.nasa.pds.api.engineering.lexer.SearchParser.getGrammarFileName()	CtMethodImpl	public
gov.nasa.pds.api.engineering.lexer.SearchParser.WS	CtFieldReferenceImpl	public
gov.nasa.pds.api.engineering.lexer.SearchLexer	CtClassImpl	public
gov.nasa.pds.api.engineering.lexer.SearchParser.STRINGVAL	CtFieldReferenceImpl	public
gov.nasa.pds.api.engineering.lexer.SearchParser.GroupContext	CtClassImpl	public
org.antlr.v4.runtime.Recognizer._interp	CtFieldReferenceImpl	protected
gov.nasa.pds.api.engineering.lexer.SearchBaseListener.exitQuery(gov.nasa.pds.api.engineering.lexer.SearchParser.QueryContext)	CtMethodImpl	public
gov.nasa.pds.api.engineering.lexer.SearchParser.getSerializedATN()	CtMethodImpl	public
gov.nasa.pds.api.engineering.lexer.OperatorContext.EQ()	CtMethodImpl	public
gov.nasa.pds.api.engineering.lexer.SearchLexer._serializedATN	CtFieldReferenceImpl	public
gov.nasa.pds.api.engineering.lexer.SearchParser.getVocabulary()	CtMethodImpl	public
gov.nasa.pds.api.engineering.lexer.AndStatementContext.queryTerm()	CtMethodImpl	public
gov.nasa.pds.api.engineering.lexer.OrStatementContext.exitRule(org.antlr.v4.runtime.tree.ParseTreeListener)	CtMethodImpl	public
gov.nasa.pds.api.engineering.lexer.SearchParser.RULE_query	CtFieldReferenceImpl	public
gov.nasa.pds.api.engineering.lexer.SearchLexer.GT	CtFieldReferenceImpl	public
org.antlr.v4.runtime.RuleContext.parent	CtFieldReferenceImpl	public
gov.nasa.pds.api.engineering.lexer.SearchLexer.getVocabulary()	CtMethodImpl	public
gov.nasa.pds.api.engineering.lexer.SearchParser$QueryTermContext(org.antlr.v4.runtime.ParserRuleContext,int)	CtConstructorImpl	public
gov.nasa.pds.api.engineering.lexer.SearchParser.OR	CtFieldReferenceImpl	public
gov.nasa.pds.api.engineering.lexer.SearchParser.LT	CtFieldReferenceImpl	public
org.antlr.v4.runtime.Parser.matchedEOF	CtFieldReferenceImpl	protected
gov.nasa.pds.api.engineering.lexer.AndStatementContext.AND(int)	CtMethodImpl	public
org.antlr.v4.runtime.Lexer._tokenFactorySourcePair	CtFieldReferenceImpl	protected
gov.nasa.pds.api.engineering.lexer.SearchParser._decisionToDFA	CtFieldReferenceImpl	protected
gov.nasa.pds.api.engineering.lexer.SearchParser.RULE_expression	CtFieldReferenceImpl	public
gov.nasa.pds.api.engineering.lexer.SearchBaseListener.exitOrStatement(gov.nasa.pds.api.engineering.lexer.SearchParser.OrStatementContext)	CtMethodImpl	public
gov.nasa.pds.api.engineering.lexer.QueryTermContext.likeComparison()	CtMethodImpl	public
gov.nasa.pds.api.engineering.lexer.SearchParser.expression()	CtMethodImpl	public
gov.nasa.pds.api.engineering.lexer.AndStatementContext.getRuleIndex()	CtMethodImpl	public
org.antlr.v4.runtime.Lexer._modeStack	CtFieldReferenceImpl	public
gov.nasa.pds.api.engineering.lexer.ComparisonContext.enterRule(org.antlr.v4.runtime.tree.ParseTreeListener)	CtMethodImpl	public
gov.nasa.pds.api.engineering.lexer.SearchParser.QueryContext	CtClassImpl	public
gov.nasa.pds.api.engineering.lexer.SearchParser.VOCABULARY	CtFieldReferenceImpl	public
gov.nasa.pds.api.engineering.lexer.SearchParser.getATN()	CtMethodImpl	public
org.antlr.v4.runtime.Recognizer._listeners	CtFieldReferenceImpl	private
gov.nasa.pds.api.engineering.lexer.SearchLexer.modeNames	CtFieldReferenceImpl	public
gov.nasa.pds.api.engineering.lexer.SearchBaseListener	CtClassImpl	public
gov.nasa.pds.api.engineering.lexer.SearchLexer.makeLiteralNames()	CtMethodImpl	private
gov.nasa.pds.api.engineering.lexer.QueryTermContext.enterRule(org.antlr.v4.runtime.tree.ParseTreeListener)	CtMethodImpl	public
gov.nasa.pds.api.engineering.lexer.SearchParser.group()	CtMethodImpl	public
gov.nasa.pds.api.engineering.lexer.ComparisonContext.NUMBER()	CtMethodImpl	public
gov.nasa.pds.api.engineering.lexer.QueryContext.EOF()	CtMethodImpl	public
api.pds.nasa.gov.api_search_query_lexer.Main	CtClassImpl	public
gov.nasa.pds.api.engineering.lexer.OrStatementContext.OR()	CtMethodImpl	public
gov.nasa.pds.api.engineering.lexer.OperatorContext.NE()	CtMethodImpl	public
gov.nasa.pds.api.engineering.lexer.SearchBaseListener.enterOperator(gov.nasa.pds.api.engineering.lexer.SearchParser.OperatorContext)	CtMethodImpl	public
gov.nasa.pds.api.engineering.lexer.SearchBaseListener.exitComparison(gov.nasa.pds.api.engineering.lexer.SearchParser.ComparisonContext)	CtMethodImpl	public
gov.nasa.pds.api.engineering.lexer.QueryTermContext.getRuleIndex()	CtMethodImpl	public
gov.nasa.pds.api.engineering.lexer.SearchParser$AndStatementContext(org.antlr.v4.runtime.ParserRuleContext,int)	CtConstructorImpl	public
gov.nasa.pds.api.engineering.lexer.SearchParser.RULE_operator	CtFieldReferenceImpl	public
gov.nasa.pds.api.engineering.lexer.QueryContext.exitRule(org.antlr.v4.runtime.tree.ParseTreeListener)	CtMethodImpl	public
gov.nasa.pds.api.engineering.lexer.SearchBaseListener.exitEveryRule(org.antlr.v4.runtime.ParserRuleContext)	CtMethodImpl	public
gov.nasa.pds.api.engineering.lexer.ComparisonContext.operator()	CtMethodImpl	public
gov.nasa.pds.api.engineering.lexer.SearchParser.query()	CtMethodImpl	public
gov.nasa.pds.api.engineering.lexer.SearchLexer.NOT	CtFieldReferenceImpl	public
gov.nasa.pds.api.engineering.lexer.SearchLexer.STRINGVAL	CtFieldReferenceImpl	public
org.antlr.v4.runtime.Lexer.SKIP	CtFieldReferenceImpl	public
gov.nasa.pds.api.engineering.lexer.ExpressionContext.exitRule(org.antlr.v4.runtime.tree.ParseTreeListener)	CtMethodImpl	public
gov.nasa.pds.api.engineering.lexer.SearchParser._LITERAL_NAMES	CtFieldReferenceImpl	private
gov.nasa.pds.api.engineering.lexer.GroupContext.getRuleIndex()	CtMethodImpl	public
gov.nasa.pds.api.engineering.lexer.SearchLexer.VOCABULARY	CtFieldReferenceImpl	public
gov.nasa.pds.api.engineering.lexer.SearchParser$LikeComparisonContext(org.antlr.v4.runtime.ParserRuleContext,int)	CtConstructorImpl	public
gov.nasa.pds.api.engineering.lexer.SearchLexer.channelNames	CtFieldReferenceImpl	public
gov.nasa.pds.api.engineering.lexer.SearchParser._sharedContextCache	CtFieldReferenceImpl	protected
gov.nasa.pds.api.engineering.lexer.ExpressionContext.getRuleIndex()	CtMethodImpl	public
gov.nasa.pds.api.engineering.lexer.SearchBaseListener.enterComparison(gov.nasa.pds.api.engineering.lexer.SearchParser.ComparisonContext)	CtMethodImpl	public
gov.nasa.pds.api.engineering.lexer.AndStatementContext.enterRule(org.antlr.v4.runtime.tree.ParseTreeListener)	CtMethodImpl	public
gov.nasa.pds.api.engineering.lexer.SearchParser.RULE_group	CtFieldReferenceImpl	public
gov.nasa.pds.api.engineering.lexer.SearchBaseListener.enterQuery(gov.nasa.pds.api.engineering.lexer.SearchParser.QueryContext)	CtMethodImpl	public
gov.nasa.pds.api.engineering.lexer.LikeComparisonContext.LIKE()	CtMethodImpl	public
gov.nasa.pds.api.engineering.lexer.SearchParser.queryTerm()	CtMethodImpl	public
gov.nasa.pds.api.engineering.lexer.SearchLexer.getModeNames()	CtMethodImpl	public
gov.nasa.pds.api.engineering.lexer.SearchParser$OperatorContext(org.antlr.v4.runtime.ParserRuleContext,int)	CtConstructorImpl	public
org.antlr.v4.runtime.Lexer._mode	CtFieldReferenceImpl	public
org.antlr.v4.runtime.Parser._parseListeners	CtFieldReferenceImpl	protected
gov.nasa.pds.api.engineering.lexer.SearchLexer.getSerializedATN()	CtMethodImpl	public
gov.nasa.pds.api.engineering.lexer.ComparisonContext.STRINGVAL()	CtMethodImpl	public
gov.nasa.pds.api.engineering.lexer.SearchBaseListener()	CtConstructorImpl	public
gov.nasa.pds.api.engineering.lexer.SearchBaseListener.enterOrStatement(gov.nasa.pds.api.engineering.lexer.SearchParser.OrStatementContext)	CtMethodImpl	public
gov.nasa.pds.api.engineering.lexer.SearchLexer.getGrammarFileName()	CtMethodImpl	public
gov.nasa.pds.api.engineering.lexer.QueryContext.queryTerm()	CtMethodImpl	public
gov.nasa.pds.api.engineering.lexer.SearchBaseListener.enterLikeComparison(gov.nasa.pds.api.engineering.lexer.SearchParser.LikeComparisonContext)	CtMethodImpl	public
org.antlr.v4.runtime.Lexer._factory	CtFieldReferenceImpl	protected
gov.nasa.pds.api.engineering.lexer.SearchParser._SYMBOLIC_NAMES	CtFieldReferenceImpl	private
gov.nasa.pds.api.engineering.lexer.SearchParser.RULE_comparison	CtFieldReferenceImpl	public
gov.nasa.pds.api.engineering.lexer.SearchParser.NUMBER	CtFieldReferenceImpl	public
gov.nasa.pds.api.engineering.lexer.SearchParser.RULE_queryTerm	CtFieldReferenceImpl	public
gov.nasa.pds.api.engineering.lexer.LikeComparisonContext.enterRule(org.antlr.v4.runtime.tree.ParseTreeListener)	CtMethodImpl	public
gov.nasa.pds.api.engineering.lexer.SearchBaseListener.exitLikeComparison(gov.nasa.pds.api.engineering.lexer.SearchParser.LikeComparisonContext)	CtMethodImpl	public
gov.nasa.pds.api.engineering.lexer.SearchParser.LE	CtFieldReferenceImpl	public
gov.nasa.pds.api.engineering.lexer.SearchParser.comparison()	CtMethodImpl	public
gov.nasa.pds.api.engineering.lexer.SearchBaseListener.exitGroup(gov.nasa.pds.api.engineering.lexer.SearchParser.GroupContext)	CtMethodImpl	public
org.antlr.v4.runtime.Lexer._token	CtFieldReferenceImpl	public
gov.nasa.pds.api.engineering.lexer.SearchBaseListener.enterEveryRule(org.antlr.v4.runtime.ParserRuleContext)	CtMethodImpl	public
gov.nasa.pds.api.engineering.lexer.SearchBaseListener.visitErrorNode(org.antlr.v4.runtime.tree.ErrorNode)	CtMethodImpl	public
org.antlr.v4.runtime.Lexer.MAX_CHAR_VALUE	CtFieldReferenceImpl	public
gov.nasa.pds.api.engineering.lexer.SearchParser.likeComparison()	CtMethodImpl	public
gov.nasa.pds.api.engineering.lexer.OrStatementContext.queryTerm()	CtMethodImpl	public
gov.nasa.pds.api.engineering.lexer.OrStatementContext.OR(int)	CtMethodImpl	public
gov.nasa.pds.api.engineering.lexer.QueryContext.getRuleIndex()	CtMethodImpl	public
gov.nasa.pds.api.engineering.lexer.SearchLexer.LIKE	CtFieldReferenceImpl	public
gov.nasa.pds.api.engineering.lexer.SearchLexer._sharedContextCache	CtFieldReferenceImpl	protected
gov.nasa.pds.api.engineering.lexer.SearchParser.OrStatementContext	CtClassImpl	public
gov.nasa.pds.api.engineering.lexer.SearchBaseListener.exitAndStatement(gov.nasa.pds.api.engineering.lexer.SearchParser.AndStatementContext)	CtMethodImpl	public
gov.nasa.pds.api.engineering.lexer.LikeComparisonContext.FIELD()	CtMethodImpl	public
gov.nasa.pds.api.engineering.lexer.SearchBaseListener.visitTerminal(org.antlr.v4.runtime.tree.TerminalNode)	CtMethodImpl	public
gov.nasa.pds.api.engineering.lexer.SearchParser.EQ	CtFieldReferenceImpl	public
gov.nasa.pds.api.engineering.lexer.SearchLexer.LT	CtFieldReferenceImpl	public
gov.nasa.pds.api.engineering.lexer.SearchLexer.AND	CtFieldReferenceImpl	public
gov.nasa.pds.api.engineering.lexer.SearchParser.RULE_orStatement	CtFieldReferenceImpl	public
gov.nasa.pds.api.engineering.lexer.GroupContext.enterRule(org.antlr.v4.runtime.tree.ParseTreeListener)	CtMethodImpl	public
gov.nasa.pds.api.engineering.lexer.SearchLexer.EQ	CtFieldReferenceImpl	public
org.antlr.v4.runtime.Recognizer.tokenTypeMapCache	CtFieldReferenceImpl	private
gov.nasa.pds.api.engineering.lexer.OperatorContext.GE()	CtMethodImpl	public
org.antlr.v4.runtime.Lexer._tokenStartCharIndex	CtFieldReferenceImpl	public
gov.nasa.pds.api.engineering.lexer.SearchParser.GT	CtFieldReferenceImpl	public
gov.nasa.pds.api.engineering.lexer.SearchLexer.LE	CtFieldReferenceImpl	public
gov.nasa.pds.api.engineering.lexer.SearchParser.LIKE	CtFieldReferenceImpl	public
gov.nasa.pds.api.engineering.lexer.ExpressionContext.orStatement()	CtMethodImpl	public
org.antlr.v4.runtime.Lexer.MIN_CHAR_VALUE	CtFieldReferenceImpl	public
org.antlr.v4.runtime.Parser._syntaxErrors	CtFieldReferenceImpl	protected
gov.nasa.pds.api.engineering.lexer.SearchParser.AND	CtFieldReferenceImpl	public
gov.nasa.pds.api.engineering.lexer.GroupContext.RPAREN()	CtMethodImpl	public
gov.nasa.pds.api.engineering.lexer.GroupContext.exitRule(org.antlr.v4.runtime.tree.ParseTreeListener)	CtMethodImpl	public
gov.nasa.pds.api.engineering.lexer.ExpressionContext.enterRule(org.antlr.v4.runtime.tree.ParseTreeListener)	CtMethodImpl	public
org.antlr.v4.runtime.Lexer._type	CtFieldReferenceImpl	public
gov.nasa.pds.api.engineering.lexer.SearchParser.orStatement()	CtMethodImpl	public
gov.nasa.pds.api.engineering.lexer.SearchLexer.NE	CtFieldReferenceImpl	public
gov.nasa.pds.api.engineering.lexer.SearchLexer.makeSymbolicNames()	CtMethodImpl	private
gov.nasa.pds.api.engineering.lexer.SearchParser.NE	CtFieldReferenceImpl	public
gov.nasa.pds.api.engineering.lexer.LikeComparisonContext.exitRule(org.antlr.v4.runtime.tree.ParseTreeListener)	CtMethodImpl	public
gov.nasa.pds.api.engineering.lexer.SearchParser.NOT	CtFieldReferenceImpl	public
gov.nasa.pds.api.engineering.lexer.SearchLexer._SYMBOLIC_NAMES	CtFieldReferenceImpl	private
gov.nasa.pds.api.engineering.lexer.OperatorContext.LT()	CtMethodImpl	public
org.antlr.v4.runtime.Recognizer.ruleIndexMapCache	CtFieldReferenceImpl	private
gov.nasa.pds.api.engineering.lexer.SearchParser.AndStatementContext	CtClassImpl	public
gov.nasa.pds.api.engineering.lexer.SearchParser.makeRuleNames()	CtMethodImpl	private
gov.nasa.pds.api.engineering.lexer.AndStatementContext.AND()	CtMethodImpl	public
org.antlr.v4.runtime.Lexer._hitEOF	CtFieldReferenceImpl	public
org.antlr.v4.runtime.Recognizer._stateNumber	CtFieldReferenceImpl	private
gov.nasa.pds.api.engineering.lexer.ComparisonContext.FIELD()	CtMethodImpl	public
gov.nasa.pds.api.engineering.lexer.SearchParser.makeLiteralNames()	CtMethodImpl	private
org.antlr.v4.runtime.Lexer.DEFAULT_TOKEN_CHANNEL	CtFieldReferenceImpl	public
org.antlr.v4.runtime.RuleContext.invokingState	CtFieldReferenceImpl	public
gov.nasa.pds.api.engineering.lexer.AndStatementContext.exitRule(org.antlr.v4.runtime.tree.ParseTreeListener)	CtMethodImpl	public
gov.nasa.pds.api.engineering.lexer.SearchParser.andStatement()	CtMethodImpl	public
org.antlr.v4.runtime.Lexer.HIDDEN	CtFieldReferenceImpl	public
gov.nasa.pds.api.engineering.lexer.SearchBaseListener.exitExpression(gov.nasa.pds.api.engineering.lexer.SearchParser.ExpressionContext)	CtMethodImpl	public
gov.nasa.pds.api.engineering.lexer.SearchParser.makeSymbolicNames()	CtMethodImpl	private
gov.nasa.pds.api.engineering.lexer.SearchParser.getTokenNames()	CtMethodImpl	public
gov.nasa.pds.api.engineering.lexer.SearchParser.LPAREN	CtFieldReferenceImpl	public
gov.nasa.pds.api.engineering.lexer.SearchParser.getRuleNames()	CtMethodImpl	public
gov.nasa.pds.api.engineering.lexer.SearchLexer._decisionToDFA	CtFieldReferenceImpl	protected
gov.nasa.pds.api.engineering.lexer.SearchParser.FIELD	CtFieldReferenceImpl	public
gov.nasa.pds.api.engineering.lexer.ExpressionContext.andStatement()	CtMethodImpl	public
gov.nasa.pds.api.engineering.lexer.SearchParser.OperatorContext	CtClassImpl	public
api.pds.nasa.gov.api_search_query_lexer.Main()	CtConstructorImpl	public
gov.nasa.pds.api.engineering.lexer.SearchLexer._LITERAL_NAMES	CtFieldReferenceImpl	private
gov.nasa.pds.api.engineering.lexer.SearchParser(org.antlr.v4.runtime.TokenStream)	CtConstructorImpl	public
gov.nasa.pds.api.engineering.lexer.SearchLexer.makeRuleNames()	CtMethodImpl	private
org.antlr.v4.runtime.Lexer._tokenStartLine	CtFieldReferenceImpl	public
gov.nasa.pds.api.engineering.lexer.SearchParser$OrStatementContext(org.antlr.v4.runtime.ParserRuleContext,int)	CtConstructorImpl	public
gov.nasa.pds.api.engineering.lexer.OperatorContext.GT()	CtMethodImpl	public
gov.nasa.pds.api.engineering.lexer.SearchParser.QueryTermContext	CtClassImpl	public
gov.nasa.pds.api.engineering.lexer.SearchParser._serializedATN	CtFieldReferenceImpl	public
gov.nasa.pds.api.engineering.lexer.SearchLexer.RPAREN	CtFieldReferenceImpl	public
gov.nasa.pds.api.engineering.lexer.SearchLexer.getChannelNames()	CtMethodImpl	public
gov.nasa.pds.api.engineering.lexer.SearchLexer.tokenNames	CtFieldReferenceImpl	public
org.antlr.v4.runtime.RuleContext.EMPTY	CtFieldReferenceImpl	public
gov.nasa.pds.api.engineering.lexer.OperatorContext.exitRule(org.antlr.v4.runtime.tree.ParseTreeListener)	CtMethodImpl	public
gov.nasa.pds.api.engineering.lexer.QueryTermContext.group()	CtMethodImpl	public
gov.nasa.pds.api.engineering.lexer.SearchLexer.OR	CtFieldReferenceImpl	public
gov.nasa.pds.api.engineering.lexer.SearchParser	CtClassImpl	public
org.antlr.v4.runtime.ParserRuleContext.exception	CtFieldReferenceImpl	public
gov.nasa.pds.api.engineering.lexer.OrStatementContext.enterRule(org.antlr.v4.runtime.tree.ParseTreeListener)	CtMethodImpl	public
gov.nasa.pds.api.engineering.lexer.OperatorContext.enterRule(org.antlr.v4.runtime.tree.ParseTreeListener)	CtMethodImpl	public
api.pds.nasa.gov.api_search_query_lexer.Main.main(java.lang.String[])	CtMethodImpl	public
gov.nasa.pds.api.engineering.lexer.LikeComparisonContext.NOT()	CtMethodImpl	public
gov.nasa.pds.api.engineering.lexer.SearchParser$GroupContext(org.antlr.v4.runtime.ParserRuleContext,int)	CtConstructorImpl	public
gov.nasa.pds.api.engineering.lexer.SearchLexer.getATN()	CtMethodImpl	public
gov.nasa.pds.api.engineering.lexer.SearchBaseListener.enterQueryTerm(gov.nasa.pds.api.engineering.lexer.SearchParser.QueryTermContext)	CtMethodImpl	public
org.antlr.v4.runtime.Lexer._tokenStartCharPositionInLine	CtFieldReferenceImpl	public
org.antlr.v4.runtime.ParserRuleContext.start	CtFieldReferenceImpl	public
gov.nasa.pds.api.engineering.lexer.SearchBaseListener.exitQueryTerm(gov.nasa.pds.api.engineering.lexer.SearchParser.QueryTermContext)	CtMethodImpl	public
org.antlr.v4.runtime.Parser._buildParseTrees	CtFieldReferenceImpl	protected
org.antlr.v4.runtime.Lexer.MORE	CtFieldReferenceImpl	public
gov.nasa.pds.api.engineering.lexer.AndStatementContext.queryTerm(int)	CtMethodImpl	public
gov.nasa.pds.api.engineering.lexer.SearchBaseListener.enterAndStatement(gov.nasa.pds.api.engineering.lexer.SearchParser.AndStatementContext)	CtMethodImpl	public
