method	type	visibility
org.apache.uima.jcas.cas.AnnotationBase._FC_sofa	CtFieldReferenceImpl	private
org.apache.uima.jcas.tcas.Annotation._FC_end	CtFieldReferenceImpl	private
de.unistuttgart.ims.uima.io.xml.type.XMLElement._FC_Attributes	CtFieldReferenceImpl	private
org.apache.uima.cas.impl.FeatureStructureImplC.IS_ENABLE_RUNTIME_FEATURE_VALIDATION	CtFieldReferenceImpl	public
de.unistuttgart.ims.uima.io.xml.GenericXmlReader.getDocument()	CtMethodImpl	public
de.unistuttgart.ims.uima.io.xml.GenericXmlReader.addRule(java.lang.String,java.lang.Class<T>,java.util.function.BiConsumer<T, org.jsoup.nodes.Element>)	CtMethodImpl	public
de.unistuttgart.ims.uima.io.xml.type.XMLParsingDescription._FC_XmlDeclarations	CtFieldReferenceImpl	private
de.unistuttgart.ims.uima.io.xml.GenericInlineWriter.annotationClass	CtFieldReferenceImpl	package-private
de.unistuttgart.ims.uima.io.xml.GenericXmlReader.getAnnotation(java.lang.String)	CtMethodImpl	public
de.unistuttgart.ims.uima.io.xml.GenericXmlReader.logger	CtFieldReferenceImpl	private
de.unistuttgart.ims.uima.io.xml.type.XMLElement._FC_Tag	CtFieldReferenceImpl	private
de.unistuttgart.ims.uima.io.xml.Visitor.head(org.jsoup.nodes.Node,int)	CtMethodImpl	public
de.unistuttgart.ims.uima.io.xml.GenericXmlReader.setSkipEmptyElements(boolean)	CtMethodImpl	public
de.unistuttgart.ims.uima.io.xml.GenericXmlReader.documentClass	CtFieldReferenceImpl	package-private
org.apache.uima.jcas.cas.AnnotationBase.typeIndexID	CtFieldReferenceImpl	public
de.unistuttgart.ims.uima.io.xml.type.XMLElement()	CtConstructorImpl	protected
de.unistuttgart.ims.uima.io.xml.type.XMLElement.getId()	CtMethodImpl	public
de.unistuttgart.ims.uima.io.xml.GenericXmlReader.addGlobalRule(java.lang.String,java.lang.Class<T>,java.util.function.BiConsumer<T, org.jsoup.nodes.Element>)	CtMethodImpl	public
de.unistuttgart.ims.uima.io.xml.type.XmlDeclarationAnnotation.typeIndexID	CtFieldReferenceImpl	public
org.apache.uima.jcas.cas.TOP._TypeName	CtFieldReferenceImpl	public
de.unistuttgart.ims.uima.io.xml.Visitor.preserveWhitespace	CtFieldReferenceImpl	protected
de.unistuttgart.ims.uima.io.xml.GenericXmlReader.addRule(java.lang.String,java.lang.Class<T>)	CtMethodImpl	public
de.unistuttgart.ims.uima.io.xml.AnnotationChooser	CtClassImpl	public
de.unistuttgart.ims.uima.io.xml.type.XMLElement._FeatName_Attributes	CtFieldReferenceImpl	public
org.apache.uima.cas.impl.FeatureStructureImplC._refData	CtFieldReferenceImpl	private
de.unistuttgart.ims.uima.io.xml.AnnotationChooser(int)	CtConstructorImpl	public
de.unistuttgart.ims.uima.io.xml.Rule.setUnique(boolean)	CtMethodImpl	public
de.unistuttgart.ims.uima.io.xml.type.XmlDeclarationAnnotation.readObject()	CtMethodImpl	private
org.apache.uima.cas.impl.FeatureStructureImplC._id	CtFieldReferenceImpl	protected
de.unistuttgart.ims.uima.io.xml.Rule.toString()	CtMethodImpl	public
org.apache.uima.cas.impl.FeatureStructureImplC.V2_PRETTY_PRINT	CtFieldReferenceImpl	public
de.unistuttgart.ims.uima.io.xml.ArrayUtil.toStringArray(org.apache.uima.jcas.JCas,java.lang.String[])	CtMethodImpl	public
de.unistuttgart.ims.uima.io.xml.type.XMLElement._FC_Cls	CtFieldReferenceImpl	private
de.unistuttgart.ims.uima.io.xml.type.XMLElement.getTag()	CtMethodImpl	public
de.unistuttgart.ims.uima.io.xml.GenericXmlWriter()	CtConstructorImpl	public
org.apache.uima.jcas.tcas.Annotation._FH_begin	CtFieldReferenceImpl	private
de.unistuttgart.ims.uima.io.xml.type.XmlDeclarationAnnotation()	CtConstructorImpl	protected
de.unistuttgart.ims.uima.io.xml.type.XmlNodeAnnotation.getOuterHtml()	CtMethodImpl	public
de.unistuttgart.ims.uima.io.xml.GenericXmlReader.getFeatureStructure(org.apache.uima.jcas.JCas,de.unistuttgart.ims.uima.io.xml.type.XMLElement,org.jsoup.nodes.Element,de.unistuttgart.ims.uima.io.xml.GenericXmlReader.Rule<T>)	CtMethodImpl	protected
de.unistuttgart.ims.uima.io.xml.AnnotationChooser.compare(org.apache.uima.jcas.tcas.Annotation,org.apache.uima.jcas.tcas.Annotation)	CtMethodImpl	public
de.unistuttgart.ims.uima.io.xml.XmlTagFactory.getBeginTag(de.unistuttgart.ims.uima.io.xml.type.XMLElement)	CtMethodImpl	protected
de.unistuttgart.ims.uima.io.xml.type.XMLElement.readObject()	CtMethodImpl	private
de.unistuttgart.ims.uima.io.xml.GenericXmlReader.Rule	CtClassImpl	public
de.unistuttgart.ims.uima.io.xml.type.XMLElement.getAttributes()	CtMethodImpl	public
de.unistuttgart.ims.uima.io.xml.GenericInlineWriter.setAnnotationClass(java.lang.Class<S>)	CtMethodImpl	public
org.apache.uima.jcas.tcas.Annotation.type	CtFieldReferenceImpl	public
de.unistuttgart.ims.uima.io.xml.type.XMLElement.getCls()	CtMethodImpl	public
de.unistuttgart.ims.uima.io.xml.XmlTagFactory()	CtConstructorImpl	public
org.apache.uima.cas.impl.FeatureStructureImplC.DISABLE_RUNTIME_FEATURE_VALIDATION	CtFieldReferenceImpl	public
de.unistuttgart.ims.uima.io.xml.GenericXmlReader.Rule.callback	CtFieldReferenceImpl	package-private
de.unistuttgart.ims.uima.io.xml.GenericXmlReader.preserveWhitespace	CtFieldReferenceImpl	package-private
de.unistuttgart.ims.uima.io.xml.type.XMLElement._FH_Tag	CtFieldReferenceImpl	private
de.unistuttgart.ims.uima.io.xml.GenericXmlReader.Rule.global	CtFieldReferenceImpl	package-private
de.unistuttgart.ims.uima.io.xml.GenericXmlReader.ignoreFunction	CtFieldReferenceImpl	protected
de.unistuttgart.ims.uima.io.xml.type.XMLElement.setTag(java.lang.String)	CtMethodImpl	public
de.unistuttgart.ims.uima.io.xml.type.XMLElement(org.apache.uima.jcas.JCas,int,int)	CtConstructorImpl	public
de.unistuttgart.ims.uima.io.xml.type.XMLElement.type	CtFieldReferenceImpl	public
de.unistuttgart.ims.uima.io.xml.type.XmlDeclarationAnnotation._TypeName	CtFieldReferenceImpl	public
de.unistuttgart.ims.uima.io.xml.Visitor.ignoreFunction	CtFieldReferenceImpl	protected
de.unistuttgart.ims.uima.io.xml.type.XMLParsingDescription._FeatName_XmlDeclarations	CtFieldReferenceImpl	public
de.unistuttgart.ims.uima.io.xml.GenericInlineWriter.setTagFactory(de.unistuttgart.ims.uima.io.xml.InlineTagFactory<S>)	CtMethodImpl	public
org.apache.uima.cas.impl.FeatureStructureImplC.traceFSs	CtFieldReferenceImpl	private
de.unistuttgart.ims.uima.io.xml.type.XMLElement.setCls(java.lang.String)	CtMethodImpl	public
de.unistuttgart.ims.uima.io.xml.Visitor.builder	CtFieldReferenceImpl	protected
de.unistuttgart.ims.uima.io.xml.type.XmlNodeAnnotation.setOuterHtml(java.lang.String)	CtMethodImpl	public
de.unistuttgart.ims.uima.io.xml.XmlTagFactory.getEmptyTag(de.unistuttgart.ims.uima.io.xml.type.XmlDeclarationAnnotation)	CtMethodImpl	protected
de.unistuttgart.ims.uima.io.xml.type.XMLParsingDescription._FH_Encoding	CtFieldReferenceImpl	private
de.unistuttgart.ims.uima.io.xml.Visitor	CtClassImpl	public
de.unistuttgart.ims.uima.io.xml.type.XmlNodeAnnotation	CtClassImpl	public
de.unistuttgart.ims.uima.io.xml.GenericInlineWriter.getAnnotationClass()	CtMethodImpl	public
de.unistuttgart.ims.uima.io.xml.type.XMLElement._FeatName_Id	CtFieldReferenceImpl	public
de.unistuttgart.ims.uima.io.xml.type.XmlNodeAnnotation._TypeName	CtFieldReferenceImpl	public
org.apache.uima.cas.impl.FeatureStructureImplC._BIT_JCASHASHMAP_RESERVE	CtFieldReferenceImpl	private
de.unistuttgart.ims.uima.io.xml.type.XmlDeclarationAnnotation(org.apache.uima.jcas.JCas,int,int)	CtConstructorImpl	public
de.unistuttgart.ims.uima.io.xml.type.XmlDeclarationAnnotation	CtClassImpl	public
de.unistuttgart.ims.uima.io.xml.GenericInlineWriter.write(org.apache.uima.jcas.JCas,java.io.OutputStream,int,int)	CtMethodImpl	public
de.unistuttgart.ims.uima.io.xml.Visitor.setIgnoreFunction(java.util.function.Function<org.jsoup.nodes.Element, java.lang.Boolean>)	CtMethodImpl	protected
de.unistuttgart.ims.uima.io.xml.type.XMLElement(org.apache.uima.cas.impl.TypeImpl,org.apache.uima.cas.impl.CASImpl)	CtConstructorImpl	public
de.unistuttgart.ims.uima.io.xml.type.XmlNodeAnnotation.readObject()	CtMethodImpl	private
org.apache.uima.cas.impl.FeatureStructureImplC._flags	CtFieldReferenceImpl	private
de.unistuttgart.ims.uima.io.xml.type.XMLParsingDescription._FeatName_Encoding	CtFieldReferenceImpl	public
de.unistuttgart.ims.uima.io.xml.type.XMLElement.typeIndexID	CtFieldReferenceImpl	public
de.unistuttgart.ims.uima.io.xml.type.XMLElement	CtClassImpl	public
de.unistuttgart.ims.uima.io.xml.GenericXmlReader.setIgnoreFunction(java.util.function.Function<org.jsoup.nodes.Element, java.lang.Boolean>)	CtMethodImpl	public
de.unistuttgart.ims.uima.io.xml.type.XMLElement._FC_Selector	CtFieldReferenceImpl	private
de.unistuttgart.ims.uima.io.xml.type.XMLParsingDescription.setEncoding(java.lang.String)	CtMethodImpl	public
de.unistuttgart.ims.uima.io.xml.GenericInlineWriter.write(org.apache.uima.jcas.JCas,java.lang.Appendable)	CtMethodImpl	public
de.unistuttgart.ims.uima.io.xml.type.XMLElement._FeatName_Cls	CtFieldReferenceImpl	public
de.unistuttgart.ims.uima.io.xml.type.XMLParsingDescription.getXmlDeclarations()	CtMethodImpl	public
de.unistuttgart.ims.uima.io.xml.GenericXmlReader.addRule(de.unistuttgart.ims.uima.io.xml.GenericXmlReader.Rule<?>)	CtMethodImpl	public
org.apache.uima.jcas.tcas.Annotation._FeatName_end	CtFieldReferenceImpl	public
de.unistuttgart.ims.uima.io.xml.GenericXmlReader	CtClassImpl	public
de.unistuttgart.ims.uima.io.xml.type.XMLParsingDescription.readObject()	CtMethodImpl	private
de.unistuttgart.ims.uima.io.xml.type.XmlNodeAnnotation._FC_outerHtml	CtFieldReferenceImpl	private
de.unistuttgart.ims.uima.io.xml.Visitor.getAnnotationMap()	CtMethodImpl	protected
de.unistuttgart.ims.uima.io.xml.GenericInlineWriter	CtClassImpl	public
de.unistuttgart.ims.uima.io.xml.XmlTagFactory.getBeginTag(de.unistuttgart.ims.uima.io.xml.type.XmlNodeAnnotation)	CtMethodImpl	public
de.unistuttgart.ims.uima.io.xml.GenericXmlReader(java.lang.Class<D>)	CtConstructorImpl	public
de.unistuttgart.ims.uima.io.xml.type.XMLParsingDescription._FC_Encoding	CtFieldReferenceImpl	private
de.unistuttgart.ims.uima.io.xml.type.XmlNodeAnnotation.getTypeIndexID()	CtMethodImpl	public
de.unistuttgart.ims.uima.io.xml.type.XMLElement._TypeName	CtFieldReferenceImpl	public
de.unistuttgart.ims.uima.io.xml.type.XmlNodeAnnotation.typeIndexID	CtFieldReferenceImpl	public
org.apache.uima.jcas.cas.AnnotationBase._FeatName_sofa	CtFieldReferenceImpl	public
de.unistuttgart.ims.uima.io.xml.type.XMLParsingDescription.setXmlDeclarations(int,java.lang.String)	CtMethodImpl	public
de.unistuttgart.ims.uima.io.xml.type.XmlNodeAnnotation(org.apache.uima.jcas.JCas)	CtConstructorImpl	public
de.unistuttgart.ims.uima.io.xml.GenericXmlReader$Rule(java.lang.String,java.lang.Class<T>,java.util.function.BiConsumer<T, org.jsoup.nodes.Element>)	CtConstructorImpl	public
org.apache.uima.jcas.cas.AnnotationBase._FH_sofa	CtFieldReferenceImpl	private
org.apache.uima.cas.impl.FeatureStructureImplC._casView	CtFieldReferenceImpl	public
de.unistuttgart.ims.uima.io.xml.GenericInlineWriter.write(org.apache.uima.jcas.JCas,java.lang.Appendable,int,int)	CtMethodImpl	public
de.unistuttgart.ims.uima.io.xml.type.XMLElement._FH_Selector	CtFieldReferenceImpl	private
de.unistuttgart.ims.uima.io.xml.GenericInlineWriter.tagFactory	CtFieldReferenceImpl	package-private
de.unistuttgart.ims.uima.io.xml.GenericXmlReader.getTextRootSelector()	CtMethodImpl	public
de.unistuttgart.ims.uima.io.xml.GenericXmlReader.read(org.apache.uima.jcas.JCas,java.io.InputStream)	CtMethodImpl	public
de.unistuttgart.ims.uima.io.xml.type.XmlNodeAnnotation(org.apache.uima.cas.impl.TypeImpl,org.apache.uima.cas.impl.CASImpl)	CtConstructorImpl	public
de.unistuttgart.ims.uima.io.xml.Rule.getTargetClass()	CtMethodImpl	public
org.apache.uima.cas.impl.FeatureStructureImplC._BIT_PEAR_TRAMPOLINE	CtFieldReferenceImpl	private
de.unistuttgart.ims.uima.io.xml.GenericXmlReader.Rule.unique	CtFieldReferenceImpl	package-private
de.unistuttgart.ims.uima.io.xml.type.XMLElement.setSelector(java.lang.String)	CtMethodImpl	public
de.unistuttgart.ims.uima.io.xml.type.XMLElement.getSelector()	CtMethodImpl	public
de.unistuttgart.ims.uima.io.xml.type.XmlDeclarationAnnotation.type	CtFieldReferenceImpl	public
de.unistuttgart.ims.uima.io.xml.XmlTagFactory.getEmptyTag(de.unistuttgart.ims.uima.io.xml.type.XmlNodeAnnotation)	CtMethodImpl	public
org.apache.uima.cas.impl.FeatureStructureImplC.IS_V2_PRETTY_PRINT	CtFieldReferenceImpl	public
de.unistuttgart.ims.uima.io.xml.type.XMLParsingDescription.setXmlDeclarations(org.apache.uima.jcas.cas.StringArray)	CtMethodImpl	public
de.unistuttgart.ims.uima.io.xml.ArrayUtil.toFSArray(org.apache.uima.jcas.JCas,org.apache.uima.cas.FeatureStructure[])	CtMethodImpl	public
de.unistuttgart.ims.uima.io.xml.Rule.isUnique()	CtMethodImpl	public
de.unistuttgart.ims.uima.io.xml.GenericXmlReader.Rule.selector	CtFieldReferenceImpl	package-private
de.unistuttgart.ims.uima.io.xml.GenericXmlReader.setTextRootSelector(java.lang.String)	CtMethodImpl	public
de.unistuttgart.ims.uima.io.xml.type.XMLParsingDescription._TypeName	CtFieldReferenceImpl	public
de.unistuttgart.ims.uima.io.xml.type.XMLParsingDescription.typeIndexID	CtFieldReferenceImpl	public
de.unistuttgart.ims.uima.io.xml.type.XmlDeclarationAnnotation.getTypeIndexID()	CtMethodImpl	public
de.unistuttgart.ims.uima.io.xml.type.XMLParsingDescription.getTypeIndexID()	CtMethodImpl	public
org.apache.uima.jcas.cas.AnnotationBase.type	CtFieldReferenceImpl	public
de.unistuttgart.ims.uima.io.xml.GenericXmlWriter	CtClassImpl	public
de.unistuttgart.ims.uima.io.xml.Visitor.getBlockElements()	CtMethodImpl	protected
de.unistuttgart.ims.uima.io.xml.type.XMLElement._FH_Attributes	CtFieldReferenceImpl	private
de.unistuttgart.ims.uima.io.xml.GenericXmlReader.isPreserveWhitespace()	CtMethodImpl	public
org.apache.uima.cas.impl.FeatureStructureImplC._BIT_IN_SET_SORTED_INDEX	CtFieldReferenceImpl	private
de.unistuttgart.ims.uima.io.xml.GenericInlineWriter.getTagFactory()	CtMethodImpl	public
de.unistuttgart.ims.uima.io.xml.GenericXmlReader.elementMapping	CtFieldReferenceImpl	package-private
de.unistuttgart.ims.uima.io.xml.type.XmlDeclarationAnnotation(org.apache.uima.jcas.JCas)	CtConstructorImpl	public
de.unistuttgart.ims.uima.io.xml.GenericXmlReader$Rule(java.lang.String,java.lang.Class<T>,java.util.function.BiConsumer<T, org.jsoup.nodes.Element>,boolean)	CtConstructorImpl	public
de.unistuttgart.ims.uima.io.xml.type.XMLParsingDescription	CtClassImpl	public
de.unistuttgart.ims.uima.io.xml.type.XMLElement.setId(java.lang.String)	CtMethodImpl	public
de.unistuttgart.ims.uima.io.xml.GenericInlineWriter.write(org.apache.uima.jcas.JCas,java.io.OutputStream)	CtMethodImpl	public
de.unistuttgart.ims.uima.io.xml.type.XMLParsingDescription.getXmlDeclarations(int)	CtMethodImpl	public
de.unistuttgart.ims.uima.io.xml.ArrayUtil()	CtConstructorImpl	public
org.apache.uima.cas.impl.FeatureStructureImplC._typeImpl	CtFieldReferenceImpl	private
de.unistuttgart.ims.uima.io.xml.GenericXmlReader.setPreserveWhitespace(boolean)	CtMethodImpl	public
de.unistuttgart.ims.uima.io.xml.ArrayUtil.toStringArray(org.apache.uima.jcas.JCas,java.util.Collection<java.lang.String>)	CtMethodImpl	public
de.unistuttgart.ims.uima.io.xml.type.XmlNodeAnnotation._FH_outerHtml	CtFieldReferenceImpl	private
de.unistuttgart.ims.uima.io.xml.GenericXmlReader.getIgnoreFunction()	CtMethodImpl	public
de.unistuttgart.ims.uima.io.xml.type.XMLElement._FeatName_Selector	CtFieldReferenceImpl	public
de.unistuttgart.ims.uima.io.xml.GenericXmlReader.Rule.targetClass	CtFieldReferenceImpl	package-private
de.unistuttgart.ims.uima.io.xml.Visitor.annotationMap	CtFieldReferenceImpl	protected
de.unistuttgart.ims.uima.io.xml.type.XMLElement(org.apache.uima.jcas.JCas)	CtConstructorImpl	public
de.unistuttgart.ims.uima.io.xml.type.XMLElement.setAttributes(java.lang.String)	CtMethodImpl	public
de.unistuttgart.ims.uima.io.xml.GenericXmlReader.addGlobalRule(java.lang.String,java.util.function.BiConsumer<D, org.jsoup.nodes.Element>)	CtMethodImpl	public
de.unistuttgart.ims.uima.io.xml.type.XMLParsingDescription(org.apache.uima.cas.impl.TypeImpl,org.apache.uima.cas.impl.CASImpl)	CtConstructorImpl	public
de.unistuttgart.ims.uima.io.xml.Rule.getCallback()	CtMethodImpl	public
de.unistuttgart.ims.uima.io.xml.Visitor.setBlockElements(java.lang.String[])	CtMethodImpl	protected
de.unistuttgart.ims.uima.io.xml.AnnotationChooser.currentPosition	CtFieldReferenceImpl	package-private
de.unistuttgart.ims.uima.io.xml.type.XMLElement._FC_Id	CtFieldReferenceImpl	private
org.apache.uima.jcas.tcas.Annotation.typeIndexID	CtFieldReferenceImpl	public
de.unistuttgart.ims.uima.io.xml.Visitor.getJCas()	CtMethodImpl	protected
org.apache.uima.cas.impl.FeatureStructureImplC._intData	CtFieldReferenceImpl	private
de.unistuttgart.ims.uima.io.xml.Visitor.blockElements	CtFieldReferenceImpl	protected
de.unistuttgart.ims.uima.io.xml.GenericInlineWriter(java.lang.Class<S>)	CtConstructorImpl	public
de.unistuttgart.ims.uima.io.xml.type.XMLParsingDescription.type	CtFieldReferenceImpl	public
de.unistuttgart.ims.uima.io.xml.type.XmlNodeAnnotation(org.apache.uima.jcas.JCas,int,int)	CtConstructorImpl	public
de.unistuttgart.ims.uima.io.xml.GenericXmlReader.skipEmptyElements	CtFieldReferenceImpl	package-private
de.unistuttgart.ims.uima.io.xml.type.XMLElement._FH_Cls	CtFieldReferenceImpl	private
de.unistuttgart.ims.uima.io.xml.type.XMLParsingDescription()	CtConstructorImpl	protected
de.unistuttgart.ims.uima.io.xml.GenericXmlReader.idRegistry	CtFieldReferenceImpl	package-private
org.apache.uima.jcas.tcas.Annotation._FC_begin	CtFieldReferenceImpl	private
de.unistuttgart.ims.uima.io.xml.Rule.getSelector()	CtMethodImpl	public
org.apache.uima.jcas.cas.AnnotationBase._TypeName	CtFieldReferenceImpl	public
de.unistuttgart.ims.uima.io.xml.GenericXmlReader.read(java.io.InputStream)	CtMethodImpl	public
de.unistuttgart.ims.uima.io.xml.type.XMLElement._FeatName_Tag	CtFieldReferenceImpl	public
de.unistuttgart.ims.uima.io.xml.type.XmlNodeAnnotation.type	CtFieldReferenceImpl	public
de.unistuttgart.ims.uima.io.xml.XmlTagFactory.getEmptyTag(de.unistuttgart.ims.uima.io.xml.type.XMLElement)	CtMethodImpl	protected
org.apache.uima.jcas.cas.TOP.typeIndexID	CtFieldReferenceImpl	public
org.apache.uima.jcas.cas.TOP.type	CtFieldReferenceImpl	public
de.unistuttgart.ims.uima.io.xml.Visitor(org.apache.uima.jcas.JCas,boolean)	CtConstructorImpl	protected
de.unistuttgart.ims.uima.io.xml.GenericXmlReader.applyRule(org.apache.uima.jcas.JCas,org.jsoup.nodes.Element,java.util.Map<java.lang.String, de.unistuttgart.ims.uima.io.xml.type.XMLElement>,de.unistuttgart.ims.uima.io.xml.GenericXmlReader.Rule<T>)	CtMethodImpl	protected
de.unistuttgart.ims.uima.io.xml.type.XMLParsingDescription.getEncoding()	CtMethodImpl	public
de.unistuttgart.ims.uima.io.xml.Visitor.beginMap	CtFieldReferenceImpl	protected
de.unistuttgart.ims.uima.io.xml.type.XMLParsingDescription(org.apache.uima.jcas.JCas)	CtConstructorImpl	public
de.unistuttgart.ims.uima.io.xml.Visitor.tail(org.jsoup.nodes.Node,int)	CtMethodImpl	public
de.unistuttgart.ims.uima.io.xml.XmlTagFactory.getEndTag(de.unistuttgart.ims.uima.io.xml.type.XMLElement)	CtMethodImpl	protected
org.apache.uima.cas.impl.FeatureStructureImplC.DISABLE_RUNTIME_FEATURE_VALUE_VALIDATION	CtFieldReferenceImpl	public
de.unistuttgart.ims.uima.io.xml.GenericXmlReader.getOrCreate(org.apache.uima.jcas.JCas,java.lang.Class<T>)	CtMethodImpl	protected
de.unistuttgart.ims.uima.io.xml.Rule.isGlobal()	CtMethodImpl	package-private
de.unistuttgart.ims.uima.io.xml.Visitor(org.apache.uima.jcas.JCas)	CtConstructorImpl	protected
org.apache.uima.jcas.tcas.Annotation._FeatName_begin	CtFieldReferenceImpl	public
de.unistuttgart.ims.uima.io.xml.ArrayUtil	CtClassImpl	public
de.unistuttgart.ims.uima.io.xml.Visitor.skip(org.jsoup.nodes.Element)	CtMethodImpl	private
de.unistuttgart.ims.uima.io.xml.type.XmlNodeAnnotation._FeatName_outerHtml	CtFieldReferenceImpl	public
org.apache.uima.jcas.tcas.Annotation._TypeName	CtFieldReferenceImpl	public
de.unistuttgart.ims.uima.io.xml.GenericXmlReader.exists(java.lang.String)	CtMethodImpl	public
de.unistuttgart.ims.uima.io.xml.Visitor.getIgnoreFunction()	CtMethodImpl	protected
de.unistuttgart.ims.uima.io.xml.XmlTagFactory.getEndTag(de.unistuttgart.ims.uima.io.xml.type.XmlNodeAnnotation)	CtMethodImpl	public
org.apache.uima.jcas.cas.TOP._singleton	CtFieldReferenceImpl	public
de.unistuttgart.ims.uima.io.xml.type.XMLParsingDescription._FH_XmlDeclarations	CtFieldReferenceImpl	private
org.apache.uima.jcas.tcas.Annotation._FH_end	CtFieldReferenceImpl	private
de.unistuttgart.ims.uima.io.xml.type.XMLElement._FH_Id	CtFieldReferenceImpl	private
de.unistuttgart.ims.uima.io.xml.GenericXmlReader.isSkipEmptyElements()	CtMethodImpl	public
de.unistuttgart.ims.uima.io.xml.type.XmlDeclarationAnnotation(org.apache.uima.cas.impl.TypeImpl,org.apache.uima.cas.impl.CASImpl)	CtConstructorImpl	public
de.unistuttgart.ims.uima.io.xml.type.XMLElement.getTypeIndexID()	CtMethodImpl	public
de.unistuttgart.ims.uima.io.xml.GenericXmlReader.textRootSelector	CtFieldReferenceImpl	package-private
de.unistuttgart.ims.uima.io.xml.GenericXmlReader.doc	CtFieldReferenceImpl	package-private
de.unistuttgart.ims.uima.io.xml.XmlTagFactory	CtClassImpl	public
org.apache.uima.cas.impl.FeatureStructureImplC.IS_ENABLE_RUNTIME_FEATURE_VALUE_VALIDATION	CtFieldReferenceImpl	public
de.unistuttgart.ims.uima.io.xml.type.XmlNodeAnnotation()	CtConstructorImpl	protected
