method	type	visibility
com.nofacepress.csv4180.CSVReader.isEOF()	CtMethodImpl	public
com.nofacepress.csv4180.CSVWriter(java.io.Writer,int)	CtConstructorImpl	public
com.nofacepress.csv4180.CSVReader.moreFieldsOnLine	CtFieldReferenceImpl	private
com.nofacepress.csv4180.CSVWriter.writeField(java.lang.String)	CtMethodImpl	public
com.nofacepress.csv4180.CSVWriter.newLine()	CtMethodImpl	public
com.nofacepress.csv4180.CSVWriter.writeFields(java.lang.String[])	CtMethodImpl	public
com.nofacepress.csv4180.CSVWriter(java.io.Writer)	CtConstructorImpl	public
com.nofacepress.csv4180.CSVWriter.tmpBuffer	CtFieldReferenceImpl	private
com.nofacepress.csv4180.CSVWriter.specialCharsPattern	CtFieldReferenceImpl	private
com.nofacepress.csv4180.CSVWriter	CtClassImpl	public
com.nofacepress.csv4180.CSVReader.buffer	CtFieldReferenceImpl	private
com.nofacepress.csv4180.CSVReader.readField()	CtMethodImpl	public
com.nofacepress.csv4180.CSVWriter.writeFields(java.util.ArrayList<java.lang.String>)	CtMethodImpl	public
com.nofacepress.csv4180.CSVReader.readFields(java.util.ArrayList<java.lang.String>)	CtMethodImpl	public
com.nofacepress.csv4180.CSVReader.eof	CtFieldReferenceImpl	private
com.nofacepress.csv4180.CSVReader(java.io.Reader)	CtConstructorImpl	public
com.nofacepress.csv4180.CSVReader.hasMoreFieldsOnLine()	CtMethodImpl	public
com.nofacepress.csv4180.CSVReader(java.io.Reader,int)	CtConstructorImpl	public
com.nofacepress.csv4180.CSVReader	CtClassImpl	public
com.nofacepress.csv4180.CSVWriter.newLine	CtFieldReferenceImpl	private
com.nofacepress.csv4180.CSVWriter.newWriter	CtFieldReferenceImpl	private
com.nofacepress.csv4180.CSVWriter.escapePattern	CtFieldReferenceImpl	private
