method	type	visibility
com.amihaiemil.charles.github.SmartNotifications.allowedEmpty	CtFieldReferenceImpl	private
com.amihaiemil.charles.github.GithubNotificationsCheck	CtClassImpl	public
com.amihaiemil.charles.github.Notifications$FakeEmptyNotifications()	CtConstructorImpl	public
com.amihaiemil.charles.github.GithubNotificationsCheck.posts	CtFieldReferenceImpl	private
com.amihaiemil.charles.github.NtPost.log	CtFieldReferenceImpl	private
com.amihaiemil.charles.github.RtNotifications.lastReadAt	CtFieldReferenceImpl	private
com.amihaiemil.charles.github.AuthorizedRequest.token	CtFieldReferenceImpl	private
com.amihaiemil.charles.github.FromSystem.posts()	CtMethodImpl	public
com.amihaiemil.charles.github.Mention	CtClassImpl	public
com.amihaiemil.charles.github.FakeErrorOnMarkRead.markAsRead()	CtMethodImpl	public
com.amihaiemil.charles.github.Notifications$FakeNotificationsWithMentions()	CtConstructorImpl	public
com.amihaiemil.charles.github.Mention()	CtConstructorImpl	public
com.amihaiemil.charles.github.FakeNotificationsWithMentions.fetch()	CtMethodImpl	public
com.amihaiemil.charles.github.RtNotifications.fetch()	CtMethodImpl	public
com.amihaiemil.charles.github.SmartNotifications	CtClassImpl	public
com.amihaiemil.charles.github.Reason$Fake()	CtConstructorImpl	public
com.amihaiemil.charles.github.AuthorizedRequest	CtClassImpl	public
com.amihaiemil.charles.github.FakeErrorOnMarkRead.fetch()	CtMethodImpl	public
com.amihaiemil.charles.github.FakeNotificationsWithMentions.mockNotification(java.lang.String,java.lang.String,java.lang.String,java.lang.String)	CtMethodImpl	private
com.amihaiemil.charles.github.GithubNotificationsCheck.log	CtFieldReferenceImpl	private
com.amihaiemil.charles.github.NtPost.pack(java.util.List<javax.json.JsonObject>)	CtMethodImpl	private
com.amihaiemil.charles.github.Mention.filter(java.util.List<javax.json.JsonObject>)	CtMethodImpl	public
com.amihaiemil.charles.github.FromSystem()	CtConstructorImpl	public
com.amihaiemil.charles.github.Notifications$FakeOtherNotifications()	CtConstructorImpl	public
com.amihaiemil.charles.github.SmartNotifications.skip	CtFieldReferenceImpl	private
com.amihaiemil.charles.github.SmartNotifications.fetch()	CtMethodImpl	public
com.amihaiemil.charles.github.Notifications.FakeErrorOnMarkRead	CtClassImpl	package-private
com.amihaiemil.charles.github.FakeEmptyNotifications.fetch()	CtMethodImpl	public
com.amihaiemil.charles.github.Reason.Fake	CtClassImpl	package-private
com.amihaiemil.charles.github.SmartNotifications.empty	CtFieldReferenceImpl	private
com.amihaiemil.charles.github.NtPost.send()	CtMethodImpl	public
com.amihaiemil.charles.github.FromSystem	CtClassImpl	public
com.amihaiemil.charles.github.SmartNotifications(com.amihaiemil.charles.github.Notifications)	CtConstructorImpl	public
com.amihaiemil.charles.github.SmartNotifications.markAsRead()	CtMethodImpl	public
com.amihaiemil.charles.github.Notifications.FakeEmptyNotifications	CtClassImpl	package-private
com.amihaiemil.charles.github.FromSystem.postEndpoints	CtFieldReferenceImpl	private
com.amihaiemil.charles.github.FakeOtherNotifications.mockNotification(java.lang.String,java.lang.String,java.lang.String,java.lang.String)	CtMethodImpl	private
com.amihaiemil.charles.github.GithubNotificationsCheck()	CtConstructorImpl	public
com.amihaiemil.charles.github.NtPost.notifications	CtFieldReferenceImpl	private
com.amihaiemil.charles.github.Notifications$FakeErrorOnMarkRead()	CtConstructorImpl	public
com.amihaiemil.charles.github.RtNotifications.markAsRead()	CtMethodImpl	public
com.amihaiemil.charles.github.GithubNotificationsCheck.check()	CtMethodImpl	public
com.amihaiemil.charles.github.GithubNotificationsCheck.timerService	CtFieldReferenceImpl	private
com.amihaiemil.charles.github.NtPost(com.amihaiemil.charles.github.Notifications,java.lang.String,java.lang.String)	CtConstructorImpl	public
com.amihaiemil.charles.github.Notifications.FakeOtherNotifications	CtClassImpl	package-private
com.amihaiemil.charles.github.Fake.filter(java.util.List<javax.json.JsonObject>)	CtMethodImpl	public
com.amihaiemil.charles.github.FakeOtherNotifications.fetch()	CtMethodImpl	public
com.amihaiemil.charles.github.RtNotifications.log	CtFieldReferenceImpl	private
com.amihaiemil.charles.github.AuthorizedRequest.request()	CtMethodImpl	public
com.amihaiemil.charles.github.FakeNotificationsWithMentions.markAsRead()	CtMethodImpl	public
com.amihaiemil.charles.github.AuthorizedRequest.req	CtFieldReferenceImpl	private
com.amihaiemil.charles.github.SmartNotifications.original	CtFieldReferenceImpl	private
com.amihaiemil.charles.github.AuthorizedRequest(java.lang.String,java.lang.String)	CtConstructorImpl	public
com.amihaiemil.charles.github.Notifications.FakeNotificationsWithMentions	CtClassImpl	package-private
com.amihaiemil.charles.github.FakeEmptyNotifications.markAsRead()	CtMethodImpl	public
com.amihaiemil.charles.github.RtNotifications(com.amihaiemil.charles.github.Reason,java.lang.String,java.lang.String)	CtConstructorImpl	public
com.amihaiemil.charles.github.FakeOtherNotifications.markAsRead()	CtMethodImpl	public
com.amihaiemil.charles.github.GithubNotificationsCheck.schedule()	CtMethodImpl	public
com.amihaiemil.charles.github.RtNotifications	CtClassImpl	public
com.amihaiemil.charles.github.RtNotifications.reason	CtFieldReferenceImpl	private
com.amihaiemil.charles.github.FromSystem.githubTokens	CtFieldReferenceImpl	private
com.amihaiemil.charles.github.NtPost	CtClassImpl	public
