method	type	visibility
lite.beans.EventHandler.create(java.lang.Class<T>,java.lang.Object,java.lang.String,java.lang.String)	CtMethodImpl	public
lite.beans.beancontext.BeanContextServiceAvailableEvent.serviceClass	CtFieldReferenceImpl	protected
lite.beans.beancontext.BeanContextServicesSupport.createBCSSServiceProvider(java.lang.Class,lite.beans.beancontext.BeanContextServiceProvider)	CtMethodImpl	protected
lite.beans.beancontext.BeanContextServicesSupport.releaseAllDelegatedServices()	CtMethodImpl	private
lite.beans.beancontext.BCSSServiceProvider.getServiceProvider()	CtMethodImpl	protected
lite.beans.PropertyDescriptor.getWriteMethod()	CtMethodImpl	public
lite.beans.Encoder.setPersistenceDelegate(java.lang.Class<?>,lite.beans.PersistenceDelegate)	CtMethodImpl	public
lite.beans.UtilCollectionsPersistenceDelegate.CLASS_PREFIX	CtFieldReferenceImpl	package-private
lite.beans.StandardBeanInfo.PREFIX_GET	CtFieldReferenceImpl	private
lite.beans.Statement.toString()	CtMethodImpl	public
lite.beans.beancontext.BeanContextServicesSupport.childJustRemovedHook(java.lang.Object,lite.beans.beancontext.BeanContextSupport.BCSChild)	CtMethodImpl	protected
lite.beans.VetoableChangeSupport.hasListeners(java.lang.String)	CtMethodImpl	public
org.apache.harmony.beans.Argument.type	CtFieldReferenceImpl	private
lite.beans.beancontext.BCSIterator.hasNext()	CtMethodImpl	public
lite.beans.NullPersistenceDelegate.instantiate(java.lang.Object,lite.beans.Encoder)	CtMethodImpl	protected
org.apache.harmony.beans.internal.nls.Messages.getString(java.lang.String,java.lang.Object)	CtMethodImpl	public
lite.beans.StandardBeanInfo.introspectSet(java.lang.reflect.Method,java.util.HashMap<java.lang.String, java.util.HashMap>)	CtMethodImpl	private
org.apache.harmony.beans.internal.nls.Messages.getString(java.lang.String,int)	CtMethodImpl	public
lite.beans.StandardBeanInfo.getDefaultPropertyIndex()	CtMethodImpl	public
lite.beans.FeatureDescriptor.preferred	CtFieldReferenceImpl	package-private
lite.beans.Beans.internalInstantiate(java.lang.ClassLoader,java.lang.String,lite.beans.beancontext.BeanContext,java.lang.Object)	CtMethodImpl	private
lite.beans.PropertyChangeEvent.getNewValue()	CtMethodImpl	public
org.apache.harmony.beans.editors.DoubleEditor.setAsText(java.lang.String)	CtMethodImpl	public
lite.beans.beancontext.BeanContextMembershipEvent.toArray()	CtMethodImpl	public
lite.beans.UtilCollectionsPersistenceDelegate.mutatesTo(java.lang.Object,java.lang.Object)	CtMethodImpl	protected
lite.beans.Introspector.USE_ALL_BEANINFO	CtFieldReferenceImpl	public
lite.beans.beancontext.BeanContextServicesSupport(lite.beans.beancontext.BeanContextServices,java.util.Locale)	CtConstructorImpl	public
lite.beans.beancontext.BeanContextServiceAvailableEvent.getCurrentServiceSelectors()	CtMethodImpl	public
lite.beans.MethodDescriptor(java.lang.reflect.Method)	CtConstructorImpl	public
lite.beans.beancontext.BeanContextSupport	CtClassImpl	public
lite.beans.PropertyChangeEvent.getPropagationId()	CtMethodImpl	public
lite.beans.beancontext.BeanContextChildSupport.initializeBeanContextResources()	CtMethodImpl	protected
lite.beans.beancontext.BeanContextChildSupport.BEAN_CONTEXT	CtFieldReferenceImpl	package-private
lite.beans.beancontext.BeanContextServicesSupport(lite.beans.beancontext.BeanContextServices,java.util.Locale,boolean,boolean)	CtConstructorImpl	public
lite.beans.DefaultExceptionListener.exceptionThrown(java.lang.Exception)	CtMethodImpl	public
lite.beans.ArrayPersistenceDelegate()	CtConstructorImpl	package-private
lite.beans.VetoableChangeListenerProxy.propertyName	CtFieldReferenceImpl	private
lite.beans.Statement.MethodComparator.cache	CtFieldReferenceImpl	private
lite.beans.ProxyPersistenceDelegate.instantiate(java.lang.Object,lite.beans.Encoder)	CtMethodImpl	protected
lite.beans.beancontext.BeanContextSupport.size()	CtMethodImpl	public
lite.beans.beancontext.BeanContextChildSupport()	CtConstructorImpl	public
lite.beans.ProxyPersistenceDelegate	CtClassImpl	package-private
lite.beans.StandardBeanInfo.icon	CtFieldReferenceImpl	private
lite.beans.StandardBeanInfo.PropertyComparator	CtClassImpl	private
lite.beans.beancontext.BeanContextServicesSupport.ServiceRecord.child	CtFieldReferenceImpl	package-private
org.apache.harmony.beans.editors.BooleanEditor.getJavaInitializationString()	CtMethodImpl	public
lite.beans.Statement.MethodComparator	CtClassImpl	package-private
lite.beans.StringPersistenceDelegate	CtClassImpl	package-private
lite.beans.StandardBeanInfo.defaultEventIndex	CtFieldReferenceImpl	private
org.apache.harmony.beans.editors.LongEditor	CtClassImpl	public
org.apache.harmony.beans.BeansUtils.NEWARRAY	CtFieldReferenceImpl	public
org.apache.harmony.beans.editors.LongEditor.setValue(java.lang.Object)	CtMethodImpl	public
org.apache.harmony.beans.BeansUtils.toASCIIUpperCase(java.lang.String)	CtMethodImpl	public
lite.beans.FeatureDescriptor.values	CtFieldReferenceImpl	private
org.apache.harmony.beans.editors.DoubleEditor.getTags()	CtMethodImpl	public
lite.beans.beancontext.BeanContextEvent.getBeanContext()	CtMethodImpl	public
lite.beans.StandardBeanInfo.beanClass	CtFieldReferenceImpl	private
lite.beans.IndexedPropertyChangeEvent	CtClassImpl	public
lite.beans.UtilMapPersistenceDelegate()	CtConstructorImpl	package-private
lite.beans.beancontext.BeanContextServicesSupport.serializable	CtFieldReferenceImpl	protected
lite.beans.Encoder.delegates	CtFieldReferenceImpl	private
lite.beans.PropertyEditorManager	CtClassImpl	public
lite.beans.SimpleBeanInfo.getEventSetDescriptors()	CtMethodImpl	public
lite.beans.PropertyEditorSupport.getJavaInitializationString()	CtMethodImpl	public
lite.beans.beancontext.BeanContextServicesSupport$ServiceRecord(lite.beans.beancontext.BeanContextServiceProvider,lite.beans.beancontext.BeanContextChild,java.lang.Object,java.lang.Class,lite.beans.beancontext.BeanContextServiceRevokedListener,java.lang.Object,boolean)	CtConstructorImpl	package-private
lite.beans.Beans.instantiate(java.lang.ClassLoader,java.lang.String,lite.beans.beancontext.BeanContext,java.lang.Object)	CtMethodImpl	public
lite.beans.PropertyDescriptor.propertyEditorClass	CtFieldReferenceImpl	private
lite.beans.beancontext.BeanContextChildSupport.rejectedSetBCOnce	CtFieldReferenceImpl	protected
lite.beans.Statement.findConstructor(java.lang.Class<?>,java.lang.Object[])	CtMethodImpl	private
lite.beans.beancontext.BeanContextServicesSupport$BCSSChild(java.lang.Object,java.lang.Object)	CtConstructorImpl	package-private
lite.beans.PropertyChangeEvent.getPropertyName()	CtMethodImpl	public
lite.beans.DesignMode.PROPERTYNAME	CtFieldReferenceImpl	public
lite.beans.beancontext.BeanContextServicesSupport.hasService(java.lang.Class)	CtMethodImpl	public
lite.beans.beancontext.BeanContextSupport.addSerializable(lite.beans.beancontext.BeanContextSupport.BCSChild)	CtMethodImpl	private
lite.beans.beancontext.BeanContextSupport.bcsChildren()	CtMethodImpl	protected
lite.beans.CustomizedObjectInputStream.cls	CtFieldReferenceImpl	private
lite.beans.StandardBeanInfo.introspectMethods()	CtMethodImpl	private
lite.beans.StandardBeanInfo.PREFIX_REMOVE	CtFieldReferenceImpl	private
org.apache.harmony.beans.editors.ByteEditor.setAsText(java.lang.String)	CtMethodImpl	public
lite.beans.StandardBeanInfo.properties	CtFieldReferenceImpl	private
lite.beans.beancontext.BeanContextSupport$BCSIterator(java.util.Iterator)	CtConstructorImpl	package-private
lite.beans.StringPersistenceDelegate()	CtConstructorImpl	package-private
lite.beans.VetoableChangeSupport.getVetoableChangeListeners(java.lang.String)	CtMethodImpl	public
lite.beans.beancontext.BeanContextServicesSupport()	CtConstructorImpl	public
lite.beans.StandardBeanInfo.getMethodDescriptors()	CtMethodImpl	public
lite.beans.Encoder.defaultExListener	CtFieldReferenceImpl	private
org.apache.harmony.beans.internal.nls.Messages.setLocale(java.util.Locale,java.lang.String)	CtMethodImpl	public
lite.beans.beancontext.BeanContextSupport.isEmpty()	CtMethodImpl	public
lite.beans.beancontext.BeanContextServicesSupport.getService(lite.beans.beancontext.BeanContextChild,java.lang.Object,java.lang.Class,java.lang.Object,lite.beans.beancontext.BeanContextServiceRevokedListener)	CtMethodImpl	public
lite.beans.Beans.designTime	CtFieldReferenceImpl	private
lite.beans.EventSetDescriptor.setInDefaultEventSet(boolean)	CtMethodImpl	public
lite.beans.PropertyEditorSupport.getValue()	CtMethodImpl	public
lite.beans.Expression.getValue()	CtMethodImpl	public
lite.beans.PropertyChangeSupport.getPropertyChangeListeners(java.lang.String)	CtMethodImpl	public
lite.beans.EventHandler.canInvokeWithArguments(java.lang.reflect.Method,java.lang.Object[])	CtMethodImpl	private
lite.beans.MethodComparator.compare(java.lang.reflect.Method,java.lang.reflect.Method)	CtMethodImpl	public
lite.beans.beancontext.BeanContextServiceRevokedEvent.getSourceAsBeanContextServices()	CtMethodImpl	public
lite.beans.beancontext.BeanContextSupport.readObject(java.io.ObjectInputStream)	CtMethodImpl	private
lite.beans.IndexedPropertyDescriptor.setIndexedWriteMethod(java.lang.reflect.Method)	CtMethodImpl	public
lite.beans.MethodDescriptor(java.lang.reflect.Method,lite.beans.ParameterDescriptor[])	CtConstructorImpl	public
lite.beans.Statement.MethodComparator.INFINITY	CtFieldReferenceImpl	package-private
lite.beans.beancontext.BeanContextEvent(lite.beans.beancontext.BeanContext)	CtConstructorImpl	protected
lite.beans.FeatureDescriptor.setHidden(boolean)	CtMethodImpl	public
lite.beans.IntrospectionException.serialVersionUID	CtFieldReferenceImpl	private
lite.beans.StandardBeanInfo.SUFFIX_LISTEN	CtFieldReferenceImpl	private
lite.beans.Statement.getPrimitiveWrapper(java.lang.Class<?>)	CtMethodImpl	private
org.apache.harmony.beans.Argument(java.lang.Object)	CtConstructorImpl	public
lite.beans.PersistenceDelegate	CtClassImpl	public
lite.beans.PropertyEditorSupport.setValue(java.lang.Object)	CtMethodImpl	public
lite.beans.StandardBeanInfo.introspectEvents()	CtMethodImpl	private
lite.beans.StandardBeanInfo.internalAsMap(lite.beans.PropertyDescriptor[])	CtMethodImpl	private
lite.beans.EventHandler.target	CtFieldReferenceImpl	private
lite.beans.PrimitiveWrapperPersistenceDelegate	CtClassImpl	package-private
lite.beans.Introspector.searchPath	CtFieldReferenceImpl	private
lite.beans.VetoableChangeSupport.writeObject(java.io.ObjectOutputStream)	CtMethodImpl	private
lite.beans.PropertyDescriptor.getter	CtFieldReferenceImpl	private
lite.beans.beancontext.BeanContextServicesSupport.BCSSServiceProvider.serialVersionUID	CtFieldImpl	private
lite.beans.beancontext.BeanContextSupport.writeChildren(java.io.ObjectOutputStream)	CtMethodImpl	public
lite.beans.beancontext.BeanContextSupport.childDeserializedHook(java.lang.Object,lite.beans.beancontext.BeanContextSupport.BCSChild)	CtMethodImpl	protected
lite.beans.beancontext.BeanContextEvent.isPropagated()	CtMethodImpl	public
lite.beans.beancontext.BeanContextSupport.getResource(java.lang.String,lite.beans.beancontext.BeanContextChild)	CtMethodImpl	public
lite.beans.PropertyEditorSupport.isPaintable()	CtMethodImpl	public
lite.beans.Encoder.proxyPD	CtFieldReferenceImpl	private
lite.beans.EventHandler	CtClassImpl	public
lite.beans.PropertyEditorSupport.getSource()	CtMethodImpl	public
lite.beans.PropertyChangeSupport.createPropertyChangeEvent(java.lang.String,boolean,boolean)	CtMethodImpl	private
org.apache.harmony.beans.editors.LongEditor.getTags()	CtMethodImpl	public
lite.beans.Expression(java.lang.Object,java.lang.Object,java.lang.String,java.lang.Object[])	CtConstructorImpl	public
org.apache.harmony.beans.BeansUtils.NEW	CtFieldReferenceImpl	public
lite.beans.PropertyDescriptor.getPropertyType()	CtMethodImpl	public
lite.beans.ArrayPersistenceDelegate	CtClassImpl	package-private
lite.beans.MethodPersistenceDelegate()	CtConstructorImpl	package-private
lite.beans.beancontext.BeanContextSupport.containsKey(java.lang.Object)	CtMethodImpl	public
lite.beans.StandardBeanInfo.STR_INDEXED	CtFieldReferenceImpl	private
lite.beans.DefaultPersistenceDelegate()	CtConstructorImpl	public
lite.beans.PropertyEditorManager.getEditorSearchPath()	CtMethodImpl	public
lite.beans.IndexedPropertyDescriptor.internalSetIndexedWriteMethod(java.lang.reflect.Method,boolean)	CtMethodImpl	private
lite.beans.beancontext.BeanContextServicesSupport.createBCSChild(java.lang.Object,java.lang.Object)	CtMethodImpl	protected
lite.beans.FieldPersistenceDelegate.mutatesTo(java.lang.Object,java.lang.Object)	CtMethodImpl	protected
lite.beans.Beans.getInstanceOf(java.lang.Object,java.lang.Class<?>)	CtMethodImpl	public
org.apache.harmony.beans.editors.BooleanEditor.getAsText()	CtMethodImpl	public
lite.beans.beancontext.BeanContextSupport.getChildBeanContextChild(java.lang.Object)	CtMethodImpl	protected
lite.beans.VetoableChangeListenerProxy.getPropertyName()	CtMethodImpl	public
org.apache.harmony.beans.editors.ShortEditor.setValue(java.lang.Object)	CtMethodImpl	public
lite.beans.FeatureDescriptor	CtClassImpl	public
org.apache.harmony.beans.editors.FloatEditor.getJavaInitializationString()	CtMethodImpl	public
org.apache.harmony.beans.editors.ByteEditor	CtClassImpl	public
lite.beans.NullPersistenceDelegate.writeObject(java.lang.Object,lite.beans.Encoder)	CtMethodImpl	public
lite.beans.beancontext.BeanContextServicesSupport.proxy	CtFieldReferenceImpl	protected
org.apache.harmony.beans.BeansUtils.isPrimitiveWrapper(java.lang.Class<?>,java.lang.Class<?>)	CtMethodImpl	public
lite.beans.Introspector.getExplicitBeanInfo(java.lang.Class<?>)	CtMethodImpl	private
lite.beans.beancontext.BeanContextMembershipEvent(lite.beans.beancontext.BeanContext,java.util.Collection)	CtConstructorImpl	public
lite.beans.CustomizedObjectInputStream.resolveClass(java.io.ObjectStreamClass)	CtMethodImpl	protected
lite.beans.beancontext.BeanContextServicesSupport.notifyServiceRevokedToServiceUsers(java.lang.Class,lite.beans.beancontext.BeanContextServiceProvider,boolean,lite.beans.beancontext.BeanContextServicesSupport.BCSSChild)	CtMethodImpl	private
lite.beans.MethodDescriptor.getMethod()	CtMethodImpl	public
lite.beans.PropertyDescriptor.setConstrained(boolean)	CtMethodImpl	public
lite.beans.beancontext.BeanContextChildSupport.validatePendingSetBeanContext(lite.beans.beancontext.BeanContext)	CtMethodImpl	public
lite.beans.beancontext.BeanContextServiceAvailableEvent.getServiceClass()	CtMethodImpl	public
org.apache.harmony.beans.editors.DoubleEditor()	CtConstructorImpl	public
lite.beans.beancontext.BeanContextSupport.removeBeanContextMembershipListener(lite.beans.beancontext.BeanContextMembershipListener)	CtMethodImpl	public
lite.beans.FieldPersistenceDelegate.instantiate(java.lang.Object,lite.beans.Encoder)	CtMethodImpl	protected
lite.beans.FeatureDescriptor.setDisplayName(java.lang.String)	CtMethodImpl	public
org.apache.harmony.beans.Argument.interfaces	CtFieldReferenceImpl	private
lite.beans.UtilCollectionPersistenceDelegate()	CtConstructorImpl	package-private
lite.beans.EventSetDescriptor.merge(lite.beans.EventSetDescriptor)	CtMethodImpl	package-private
lite.beans.StandardBeanInfo.STR_NORMAL	CtFieldReferenceImpl	private
lite.beans.VetoableChangeSupport.doFirePropertyChange(lite.beans.PropertyChangeEvent)	CtMethodImpl	private
org.apache.harmony.beans.editors.BooleanEditor.getTags()	CtMethodImpl	public
lite.beans.beancontext.BeanContextServicesSupport.releaseService(lite.beans.beancontext.BeanContextChild,java.lang.Object,java.lang.Object)	CtMethodImpl	public
lite.beans.ParameterDescriptor	CtClassImpl	public
lite.beans.Statement.match(java.lang.Class<?>[],java.lang.Class<?>[])	CtMethodImpl	private
lite.beans.PropertyDescriptor.setReadMethod(java.lang.reflect.Method)	CtMethodImpl	public
lite.beans.beancontext.BeanContextChildSupport.pcSupport	CtFieldReferenceImpl	protected
lite.beans.PropertyEditorManager.findEditor(java.lang.Class<?>)	CtMethodImpl	public
lite.beans.FeatureDescriptor.setPreferred(boolean)	CtMethodImpl	public
lite.beans.beancontext.BeanContextServicesSupport.notifyServiceRevokedToServiceUsers(java.lang.Class,lite.beans.beancontext.BeanContextServiceProvider,boolean)	CtMethodImpl	private
lite.beans.beancontext.BeanContextSupport.remove(java.lang.Object,boolean)	CtMethodImpl	protected
lite.beans.StandardBeanInfo.getBeanDescriptor()	CtMethodImpl	public
org.apache.harmony.beans.editors.ByteEditor.getTags()	CtMethodImpl	public
lite.beans.beancontext.BeanContextSupport.BCSChild.child	CtFieldReferenceImpl	package-private
org.apache.harmony.beans.BeansUtils.IS	CtFieldReferenceImpl	public
lite.beans.EventSetDescriptor.extractShortClassName(java.lang.String)	CtMethodImpl	private
lite.beans.SimpleBeanInfo.getPropertyDescriptors()	CtMethodImpl	public
lite.beans.PropertyComparator.compare(lite.beans.PropertyDescriptor,lite.beans.PropertyDescriptor)	CtMethodImpl	public
lite.beans.beancontext.BeanContextSupport.validatePendingAdd(java.lang.Object)	CtMethodImpl	protected
lite.beans.Statement.MethodComparator.referenceMethodName	CtFieldReferenceImpl	private
lite.beans.StandardBeanInfo.explicitBeanInfo	CtFieldReferenceImpl	private
lite.beans.EventSetDescriptor.listenerMethodDescriptors	CtFieldReferenceImpl	private
lite.beans.PropertyChangeSupport.propertyChangeSupportSerializedDataVersion	CtFieldReferenceImpl	private
lite.beans.VetoableChangeSupport.removeVetoableChangeListener(java.lang.String,lite.beans.VetoableChangeListener)	CtMethodImpl	public
org.apache.harmony.beans.Argument.setType(java.lang.Class<?>)	CtMethodImpl	public
org.apache.harmony.beans.editors.StringEditor.getJavaInitializationString()	CtMethodImpl	public
lite.beans.PropertyChangeSupport.removePropertyChangeListener(java.lang.String,lite.beans.PropertyChangeListener)	CtMethodImpl	public
lite.beans.PropertyChangeSupport.source	CtFieldReferenceImpl	private
lite.beans.StandardBeanInfo.comparator	CtFieldReferenceImpl	private
org.apache.harmony.beans.BeansUtils.QUOTE	CtFieldReferenceImpl	public
lite.beans.beancontext.BeanContextEvent.setPropagatedFrom(lite.beans.beancontext.BeanContext)	CtMethodImpl	public
lite.beans.FeatureDescriptor.setShortDescription(java.lang.String)	CtMethodImpl	public
org.apache.harmony.beans.BeansUtils.GET	CtFieldReferenceImpl	public
lite.beans.beancontext.BeanContextSupport.isSerializing()	CtMethodImpl	public
lite.beans.Encoder.listener	CtFieldReferenceImpl	private
lite.beans.FieldPersistenceDelegate()	CtConstructorImpl	package-private
lite.beans.beancontext.BeanContextSupport.BCSIterator.backIter	CtFieldReferenceImpl	private
lite.beans.CustomizedObjectInputStream	CtClassImpl	package-private
org.apache.harmony.beans.internal.nls.Messages.getString(java.lang.String,java.lang.Object[])	CtMethodImpl	public
lite.beans.EventSetDescriptor.findMethodByPrefix(java.lang.Class<?>,java.lang.String,java.lang.String)	CtMethodImpl	private
lite.beans.Statement.MethodComparator.INFINITY	CtFieldImpl	package-private
lite.beans.EventHandler.1	CtClassImpl	package-private
lite.beans.PropertyDescriptor.constrained	CtFieldReferenceImpl	package-private
lite.beans.Statement.getTarget()	CtMethodImpl	public
lite.beans.EventSetDescriptor.getAddListenerMethod()	CtMethodImpl	public
lite.beans.Statement.pdConstructorSignatures	CtFieldReferenceImpl	private
lite.beans.Encoder.DefaultExceptionListener	CtClassImpl	private
lite.beans.EventSetDescriptor.setUnicast(boolean)	CtMethodImpl	public
lite.beans.StandardBeanInfo.mergeBeanInfo(lite.beans.BeanInfo,boolean)	CtMethodImpl	package-private
lite.beans.PropertyVetoException	CtClassImpl	public
lite.beans.beancontext.BeanContextSupport()	CtConstructorImpl	public
lite.beans.beancontext.BeanContextServicesSupport$BCSSServiceProvider(lite.beans.beancontext.BeanContextServiceProvider)	CtConstructorImpl	package-private
org.apache.harmony.beans.editors.ByteEditor.getJavaInitializationString()	CtMethodImpl	public
org.apache.harmony.beans.editors.IntEditor()	CtConstructorImpl	public
lite.beans.VetoableChangeSupport.removeVetoableChangeListener(lite.beans.VetoableChangeListener)	CtMethodImpl	public
lite.beans.PropertyVetoException.serialVersionUID	CtFieldReferenceImpl	private
org.apache.harmony.beans.Argument(java.lang.Class<?>,java.lang.Object)	CtConstructorImpl	public
lite.beans.beancontext.BeanContextServiceRevokedEvent.serialVersionUID	CtFieldReferenceImpl	private
lite.beans.Statement.target	CtFieldReferenceImpl	private
lite.beans.ProxyPersistenceDelegate.initialize(java.lang.Class<?>,java.lang.Object,java.lang.Object,lite.beans.Encoder)	CtMethodImpl	protected
lite.beans.StaticFieldPersistenceDelegate()	CtConstructorImpl	public
lite.beans.SimpleBeanInfo.getBeanDescriptor()	CtMethodImpl	public
lite.beans.beancontext.BeanContextChildSupport.getBeanContext()	CtMethodImpl	public
lite.beans.NullPersistenceDelegate.initialize(java.lang.Class<?>,java.lang.Object,java.lang.Object,lite.beans.Encoder)	CtMethodImpl	protected
lite.beans.beancontext.BeanContextServicesSupport(lite.beans.beancontext.BeanContextServices)	CtConstructorImpl	public
lite.beans.IndexedPropertyDescriptor.setIndexedReadMethod(java.lang.Class<?>,java.lang.String)	CtMethodImpl	private
lite.beans.beancontext.BeanContextChildSupport.isDelegated()	CtMethodImpl	public
lite.beans.Expression	CtClassImpl	public
lite.beans.DefaultPersistenceDelegate.mutatesTo(java.lang.Object,java.lang.Object)	CtMethodImpl	protected
lite.beans.PropertyDescriptor(java.lang.String,java.lang.Class<?>,java.lang.String,java.lang.String)	CtConstructorImpl	public
lite.beans.DefaultPersistenceDelegate.EMPTY_PROPERTIES	CtFieldReferenceImpl	private
org.apache.harmony.beans.editors.ShortEditor(java.lang.Object)	CtConstructorImpl	public
lite.beans.EventHandler.getMethod(java.lang.Object,java.lang.reflect.Method,java.lang.Object[],java.lang.Object[])	CtMethodImpl	private
lite.beans.beancontext.BeanContextSupport.classEquals(java.lang.Class,java.lang.Class)	CtMethodImpl	protected
lite.beans.FeatureDescriptor.hidden	CtFieldReferenceImpl	package-private
lite.beans.beancontext.BeanContextServiceRevokedEvent.isServiceClass(java.lang.Class)	CtMethodImpl	public
lite.beans.IndexedPropertyDescriptor(java.lang.String,java.lang.reflect.Method,java.lang.reflect.Method,java.lang.reflect.Method,java.lang.reflect.Method)	CtConstructorImpl	public
lite.beans.UtilCollectionsPersistenceDelegate	CtClassImpl	package-private
lite.beans.EventSetDescriptor	CtClassImpl	public
org.apache.harmony.beans.editors.ShortEditor.getTags()	CtMethodImpl	public
lite.beans.beancontext.BeanContextChildSupport	CtClassImpl	public
lite.beans.StandardBeanInfo.getQualifiedName(java.lang.reflect.Method)	CtMethodImpl	private
lite.beans.beancontext.BeanContextServiceAvailableEvent(lite.beans.beancontext.BeanContextServices,java.lang.Class)	CtConstructorImpl	public
lite.beans.Beans.instantiate(java.lang.ClassLoader,java.lang.String,lite.beans.beancontext.BeanContext)	CtMethodImpl	public
lite.beans.UtilListPersistenceDelegate	CtClassImpl	package-private
lite.beans.PersistenceDelegate.writeObject(java.lang.Object,lite.beans.Encoder)	CtMethodImpl	public
lite.beans.beancontext.BCSIterator.remove()	CtMethodImpl	public
lite.beans.Introspector.theCache	CtFieldReferenceImpl	private
lite.beans.Introspector.flushCaches()	CtMethodImpl	public
lite.beans.DefaultPersistenceDelegate.getFieldValue(java.lang.Object,java.lang.String)	CtMethodImpl	private
lite.beans.beancontext.BeanContextSupport.addAll(java.util.Collection)	CtMethodImpl	public
org.apache.harmony.beans.editors.DoubleEditor.setValue(java.lang.Object)	CtMethodImpl	public
lite.beans.beancontext.BeanContextSupport.addBeanContextMembershipListener(lite.beans.beancontext.BeanContextMembershipListener)	CtMethodImpl	public
lite.beans.Statement.1	CtClassImpl	package-private
lite.beans.EventSetDescriptor.getListenerMethods()	CtMethodImpl	public
lite.beans.beancontext.BeanContextSupport.getChildBeanContextMembershipListener(java.lang.Object)	CtMethodImpl	protected
org.apache.harmony.beans.editors.FloatEditor()	CtConstructorImpl	public
lite.beans.EventSetDescriptor.checkNotNull(java.lang.Object,java.lang.Object,java.lang.Object,java.lang.Object)	CtMethodImpl	private
lite.beans.EventSetDescriptor.unicast	CtFieldReferenceImpl	private
lite.beans.StandardBeanInfo.PREFIX_ADD	CtFieldReferenceImpl	private
lite.beans.beancontext.BeanContextSupport.BCSChild.serialVersionUID	CtFieldImpl	private
lite.beans.beancontext.BeanContextServicesSupport.BCSSServiceProvider	CtClassImpl	protected
org.apache.harmony.beans.editors.IntEditor.getJavaInitializationString()	CtMethodImpl	public
lite.beans.EventSetDescriptor.listenerType	CtFieldReferenceImpl	private
lite.beans.IndexedPropertyDescriptor	CtClassImpl	public
lite.beans.Introspector.DEFAULT_CAPACITY	CtFieldReferenceImpl	private
lite.beans.VetoableChangeSupport.globalListeners	CtFieldReferenceImpl	private
lite.beans.PropertyEditorSupport()	CtConstructorImpl	public
lite.beans.FeatureDescriptor.getDisplayName()	CtMethodImpl	public
lite.beans.PersistenceDelegate()	CtConstructorImpl	public
org.apache.harmony.beans.BeansUtils.NEWINSTANCE	CtFieldReferenceImpl	public
lite.beans.beancontext.BeanContextSupport.instantiateChild(java.lang.String)	CtMethodImpl	public
org.apache.harmony.beans.Argument.setInterfaces(java.lang.Class<?>[])	CtMethodImpl	public
lite.beans.beancontext.BeanContextServicesSupport.ServiceRevokedListenerDelegator.backListener	CtFieldReferenceImpl	private
lite.beans.ParameterDescriptor()	CtConstructorImpl	public
lite.beans.Introspector.setBeanInfoSearchPath(java.lang.String[])	CtMethodImpl	public
lite.beans.beancontext.BeanContextSupport.remove(java.lang.Object)	CtMethodImpl	public
lite.beans.EventHandler.findPropertyDescriptor(java.lang.Class<?>,java.lang.String)	CtMethodImpl	private
lite.beans.beancontext.BeanContextSupport.contains(java.lang.Object)	CtMethodImpl	public
lite.beans.EventSetDescriptor.getListenerMethod	CtFieldReferenceImpl	private
lite.beans.beancontext.BeanContextEvent.getPropagatedFrom()	CtMethodImpl	public
lite.beans.ArrayPersistenceDelegate.deepEquals(java.lang.Object,java.lang.Object)	CtMethodImpl	private
lite.beans.EventHandler.findStaticGetter(java.lang.Class<?>,java.lang.String)	CtMethodImpl	private
lite.beans.BeanDescriptor(java.lang.Class<?>,java.lang.Class<?>)	CtConstructorImpl	public
lite.beans.IndexedPropertyDescriptor.internalSetIndexedReadMethod(java.lang.reflect.Method)	CtMethodImpl	private
lite.beans.StandardBeanInfo.introspectPropertyListener(java.lang.reflect.Method)	CtMethodImpl	private
lite.beans.beancontext.BeanContextServicesSupport.initialize()	CtMethodImpl	public
lite.beans.beancontext.BCSSProxyServiceProvider.getCurrentServiceSelectors(lite.beans.beancontext.BeanContextServices,java.lang.Class)	CtMethodImpl	public
lite.beans.beancontext.BeanContextSupport.nonSerPCL	CtFieldReferenceImpl	private
lite.beans.Beans.instantiate(java.lang.ClassLoader,java.lang.String)	CtMethodImpl	public
lite.beans.beancontext.BeanContextServicesSupport.getCurrentServiceClasses()	CtMethodImpl	public
lite.beans.FeatureDescriptor.shortDescription	CtFieldReferenceImpl	package-private
lite.beans.Statement.arguments	CtFieldReferenceImpl	private
lite.beans.beancontext.BeanContextSupport.add(java.lang.Object)	CtMethodImpl	public
lite.beans.beancontext.BeanContextSupport.containsAll(java.util.Collection)	CtMethodImpl	public
lite.beans.Beans.checkPropertiesAccess()	CtMethodImpl	private
lite.beans.StandardBeanInfo.STR_INVALID	CtFieldReferenceImpl	private
lite.beans.beancontext.BeanContextSupport.dontUseGui()	CtMethodImpl	public
lite.beans.ArrayPersistenceDelegate.mutatesTo(java.lang.Object,java.lang.Object)	CtMethodImpl	protected
lite.beans.PropertyEditorManager.loadEditor(java.lang.Class<?>,java.lang.String)	CtMethodImpl	private
lite.beans.beancontext.BeanContextSupport.childJustRemovedHook(java.lang.Object,lite.beans.beancontext.BeanContextSupport.BCSChild)	CtMethodImpl	protected
lite.beans.beancontext.BeanContextChildSupport.addVetoableChangeListener(java.lang.String,lite.beans.VetoableChangeListener)	CtMethodImpl	public
lite.beans.beancontext.BeanContextServicesSupport.bcsPreSerializationHook(java.io.ObjectOutputStream)	CtMethodImpl	protected
lite.beans.Expression(java.lang.Object,java.lang.String,java.lang.Object[])	CtConstructorImpl	public
lite.beans.Statement.findArrayMethod(java.lang.String,java.lang.Object[])	CtMethodImpl	private
lite.beans.VetoableChangeListenerProxy	CtClassImpl	public
lite.beans.Expression.setValue(java.lang.Object)	CtMethodImpl	public
lite.beans.StandardBeanInfo.methods	CtFieldReferenceImpl	private
lite.beans.beancontext.BeanContextChildSupport.writeObject(java.io.ObjectOutputStream)	CtMethodImpl	private
org.apache.harmony.beans.Argument.value	CtFieldReferenceImpl	private
lite.beans.beancontext.BeanContextServicesSupport.BCSSChild.serviceRecords	CtFieldReferenceImpl	package-private
lite.beans.SimpleBeanInfo.getMethodDescriptors()	CtMethodImpl	public
lite.beans.PropertyChangeEvent.setPropagationId(java.lang.Object)	CtMethodImpl	public
lite.beans.PropertyEditorSupport.newValue	CtFieldReferenceImpl	package-private
lite.beans.StandardBeanInfo.additionalBeanInfo	CtFieldReferenceImpl	package-private
lite.beans.StandardBeanInfo.internalAsMap(lite.beans.MethodDescriptor[])	CtMethodImpl	private
lite.beans.ArrayPersistenceDelegate.getInstance()	CtMethodImpl	public
lite.beans.BeanDescriptor.customizerClass	CtFieldReferenceImpl	private
lite.beans.StandardBeanInfo.introspectProperties(java.lang.Class<?>)	CtMethodImpl	private
lite.beans.beancontext.BeanContextSupport.getChildVisibility(java.lang.Object)	CtMethodImpl	protected
lite.beans.MethodComparator.getNorm(java.lang.reflect.Method)	CtMethodImpl	private
lite.beans.EventSetDescriptor(java.lang.String,java.lang.Class<?>,java.lang.reflect.Method[],java.lang.reflect.Method,java.lang.reflect.Method)	CtConstructorImpl	public
lite.beans.DefaultPersistenceDelegate.1	CtClassImpl	package-private
lite.beans.EventSetDescriptor.isUnicastByDefault(java.lang.reflect.Method)	CtMethodImpl	private
lite.beans.beancontext.BeanContextSupport.bcmListeners	CtFieldReferenceImpl	protected
lite.beans.IndexedPropertyDescriptor(java.lang.String,java.lang.Class<?>)	CtConstructorImpl	public
lite.beans.beancontext.BeanContextSupport.bcsPreDeserializationHook(java.io.ObjectInputStream)	CtMethodImpl	protected
lite.beans.UtilDatePersistenceDelegate	CtClassImpl	package-private
lite.beans.beancontext.BCSIterator.next()	CtMethodImpl	public
lite.beans.StandardBeanInfo.introspectListenerMethods(java.lang.Class<?>)	CtMethodImpl	private
org.apache.harmony.beans.editors.FloatEditor	CtClassImpl	public
lite.beans.beancontext.BeanContextSupport.children	CtFieldReferenceImpl	protected
lite.beans.beancontext.BeanContextServicesSupport.releaseServicesForChild(lite.beans.beancontext.BeanContextServicesSupport.BCSSChild,boolean)	CtMethodImpl	private
lite.beans.IndexedPropertyDescriptor.setIndexedWriteMethod(java.lang.Class<?>,java.lang.String)	CtMethodImpl	private
lite.beans.SimpleBeanInfo.getAdditionalBeanInfo()	CtMethodImpl	public
lite.beans.beancontext.BeanContextSupport.isDesignTime()	CtMethodImpl	public
lite.beans.ArrayPersistenceDelegate.initialize(java.lang.Class<?>,java.lang.Object,java.lang.Object,lite.beans.Encoder)	CtMethodImpl	protected
lite.beans.PropertyChangeEvent.newValue	CtFieldReferenceImpl	package-private
org.apache.harmony.beans.BeansUtils.SET	CtFieldReferenceImpl	public
org.apache.harmony.beans.editors.IntEditor	CtClassImpl	public
lite.beans.beancontext.BeanContextServicesSupport.BCSSServiceProvider.serialVersionUID	CtFieldReferenceImpl	private
lite.beans.PropertyChangeEvent	CtClassImpl	public
org.apache.harmony.beans.editors.LongEditor.getJavaInitializationString()	CtMethodImpl	public
lite.beans.PrimitiveWrapperPersistenceDelegate()	CtConstructorImpl	package-private
org.apache.harmony.beans.editors.FloatEditor(java.lang.Object)	CtConstructorImpl	public
lite.beans.ClassPersistenceDelegate.initialize(java.lang.Class<?>,java.lang.Object,java.lang.Object,lite.beans.Encoder)	CtMethodImpl	protected
lite.beans.PropertyChangeSupport.serialVersionUID	CtFieldReferenceImpl	private
lite.beans.PropertyEditorSupport.setAsText(java.lang.String)	CtMethodImpl	public
lite.beans.VetoableChangeSupport.getAsVetoableChangeListenerArray(lite.beans.VetoableChangeSupport)	CtMethodImpl	private
lite.beans.Encoder.nullPD	CtFieldReferenceImpl	private
lite.beans.UtilCollectionsPersistenceDelegate.valueOfField(java.lang.Object,java.lang.String)	CtMethodImpl	private
lite.beans.beancontext.BeanContextServiceAvailableEvent	CtClassImpl	public
lite.beans.Encoder.writeObject(java.lang.Object)	CtMethodImpl	protected
lite.beans.beancontext.BeanContextChildSupport.vcSupport	CtFieldReferenceImpl	protected
lite.beans.Statement.arrayCopy(java.lang.Class<?>,java.lang.Object[],java.lang.Object,int)	CtMethodImpl	private
lite.beans.beancontext.BeanContextMembershipEvent.size()	CtMethodImpl	public
lite.beans.SimpleBeanInfo.getDefaultPropertyIndex()	CtMethodImpl	public
lite.beans.PropertyChangeEvent.oldValue	CtFieldReferenceImpl	package-private
lite.beans.PropertyEditorSupport.listeners	CtFieldReferenceImpl	package-private
lite.beans.UtilMapPersistenceDelegate.initialize(java.lang.Class<?>,java.lang.Object,java.lang.Object,lite.beans.Encoder)	CtMethodImpl	protected
lite.beans.FeatureDescriptor.setExpert(boolean)	CtMethodImpl	public
org.apache.harmony.beans.BeansUtils.ADD	CtFieldReferenceImpl	public
lite.beans.Beans.isInstanceOf(java.lang.Object,java.lang.Class<?>)	CtMethodImpl	public
lite.beans.EventHandler.action	CtFieldReferenceImpl	private
org.apache.harmony.beans.BeansUtils.PUT	CtFieldReferenceImpl	public
lite.beans.PropertyChangeEvent(java.lang.Object,java.lang.String,java.lang.Object,java.lang.Object)	CtConstructorImpl	public
lite.beans.UtilCollectionsPersistenceDelegate.COLLECTIONS_TYPE	CtFieldReferenceImpl	private
lite.beans.VetoableChangeSupport.readObject(java.io.ObjectInputStream)	CtMethodImpl	private
lite.beans.beancontext.BeanContextServicesSupport$ServiceRevokedListenerDelegator(lite.beans.beancontext.BeanContextServiceRevokedListener)	CtConstructorImpl	public
lite.beans.PropertyChangeSupport.createPropertyChangeEvent(java.lang.String,java.lang.Object,java.lang.Object)	CtMethodImpl	private
lite.beans.beancontext.BeanContextSupport.copyChildren()	CtMethodImpl	protected
lite.beans.Introspector()	CtConstructorImpl	private
lite.beans.StandardBeanInfo.mergeAttributes(lite.beans.PropertyDescriptor,lite.beans.PropertyDescriptor)	CtMethodImpl	private
org.apache.harmony.beans.internal.nls.Messages.getString(java.lang.String,java.lang.Object,java.lang.Object)	CtMethodImpl	public
lite.beans.beancontext.BeanContextServicesSupport.getCurrentServiceSelectors(java.lang.Class)	CtMethodImpl	public
lite.beans.BeanDescriptor.getShortClassName(java.lang.Class<?>)	CtMethodImpl	private
lite.beans.beancontext.BeanContextEvent.serialVersionUID	CtFieldReferenceImpl	private
lite.beans.EventSetDescriptor.findAddRemoveListnerMethodWithLessCheck(java.lang.Class<?>,java.lang.String)	CtMethodImpl	private
org.apache.harmony.beans.editors.ByteEditor.setValue(java.lang.Object)	CtMethodImpl	public
lite.beans.Introspector.getBeanInfo(java.lang.Class<?>,int)	CtMethodImpl	public
lite.beans.PropertyChangeListenerProxy.getPropertyName()	CtMethodImpl	public
lite.beans.ClassPersistenceDelegate()	CtConstructorImpl	package-private
lite.beans.StandardBeanInfo.mergeMethods(lite.beans.MethodDescriptor[])	CtMethodImpl	private
lite.beans.BeanDescriptor	CtClassImpl	public
lite.beans.PropertyChangeSupport.firePropertyChange(java.lang.String,java.lang.Object,java.lang.Object)	CtMethodImpl	public
lite.beans.BeanDescriptor.getBeanClass()	CtMethodImpl	public
lite.beans.FeatureDescriptor()	CtConstructorImpl	public
lite.beans.StandardBeanInfo.fixGetSet(java.util.HashMap<java.lang.String, java.util.HashMap>)	CtMethodImpl	private
org.apache.harmony.beans.Argument.getValue()	CtMethodImpl	public
org.apache.harmony.beans.internal.nls.Messages.getString(java.lang.String)	CtMethodImpl	public
lite.beans.Encoder.getPersistenceDelegate(java.lang.Class<?>)	CtMethodImpl	public
lite.beans.PropertyDescriptor.setter	CtFieldReferenceImpl	private
lite.beans.FeatureDescriptor.isPreferred()	CtMethodImpl	public
lite.beans.MethodDescriptor.parameterDescriptors	CtFieldReferenceImpl	private
lite.beans.EventHandler.eventPropertyName	CtFieldReferenceImpl	private
lite.beans.SimpleBeanInfo	CtClassImpl	public
lite.beans.StandardBeanInfo.isInSuper(lite.beans.MethodDescriptor,lite.beans.MethodDescriptor[])	CtMethodImpl	private
lite.beans.SimpleBeanInfo()	CtConstructorImpl	public
lite.beans.VetoableChangeSupport	CtClassImpl	public
lite.beans.StringPersistenceDelegate.initialize(java.lang.Class<?>,java.lang.Object,java.lang.Object,lite.beans.Encoder)	CtMethodImpl	protected
lite.beans.PropertyChangeSupport.firePropertyChange(java.lang.String,int,int)	CtMethodImpl	public
lite.beans.UtilListPersistenceDelegate.initialize(java.lang.Class<?>,java.lang.Object,java.lang.Object,lite.beans.Encoder)	CtMethodImpl	protected
org.apache.harmony.beans.BeansUtils.EMPTY_OBJECT_ARRAY	CtFieldReferenceImpl	public
lite.beans.MethodDescriptor.merge(lite.beans.MethodDescriptor)	CtMethodImpl	package-private
lite.beans.PropertyEditorSupport.addPropertyChangeListener(lite.beans.PropertyChangeListener)	CtMethodImpl	public
lite.beans.beancontext.BeanContextSupport.setLocale(java.util.Locale)	CtMethodImpl	public
lite.beans.FeatureDescriptor.setValue(java.lang.String,java.lang.Object)	CtMethodImpl	public
lite.beans.beancontext.BeanContextServicesSupport.services	CtFieldReferenceImpl	protected
lite.beans.EventHandler.getTarget()	CtMethodImpl	public
lite.beans.FeatureDescriptor.getValue(java.lang.String)	CtMethodImpl	public
lite.beans.Encoder.defaultPD	CtFieldReferenceImpl	private
lite.beans.PersistenceDelegate.mutatesTo(java.lang.Object,java.lang.Object)	CtMethodImpl	protected
lite.beans.VetoableChangeSupport.vetoableChangeSupportSerializedDataVersion	CtFieldReferenceImpl	private
lite.beans.beancontext.ServiceRevokedListenerDelegator.serviceRevoked(lite.beans.beancontext.BeanContextServiceRevokedEvent)	CtMethodImpl	public
lite.beans.PropertyEditorManager.registerEditor(java.lang.Class<?>,java.lang.Class<?>)	CtMethodImpl	public
lite.beans.beancontext.BeanContextServicesSupport.ServiceRecord.service	CtFieldReferenceImpl	package-private
lite.beans.Statement(java.lang.Object,java.lang.String,java.lang.Object[])	CtConstructorImpl	public
org.apache.harmony.beans.editors.LongEditor()	CtConstructorImpl	public
org.apache.harmony.beans.editors.FloatEditor.getTags()	CtMethodImpl	public
lite.beans.Introspector.getBeanInfoImplAndInit(java.lang.Class<?>,java.lang.Class<?>,int)	CtMethodImpl	private
lite.beans.StandardBeanInfo.STR_PROPERTY_TYPE	CtFieldReferenceImpl	private
lite.beans.IndexedPropertyChangeEvent.getIndex()	CtMethodImpl	public
lite.beans.StaticFieldPersistenceDelegate.instantiate(java.lang.Object,lite.beans.Encoder)	CtMethodImpl	protected
lite.beans.Statement.getTypes(java.lang.Object[])	CtMethodImpl	private
lite.beans.MethodPersistenceDelegate	CtClassImpl	package-private
lite.beans.StandardBeanInfo.canRemovePropertyChangeListener	CtFieldReferenceImpl	private
lite.beans.IndexedPropertyDescriptor.getIndexedPropertyType()	CtMethodImpl	public
lite.beans.beancontext.BeanContextServiceAvailableEvent.getSourceAsBeanContextServices()	CtMethodImpl	public
lite.beans.Statement.isStaticMethodCall(lite.beans.Statement)	CtMethodImpl	package-private
lite.beans.EventHandler.getEventPropertyName()	CtMethodImpl	public
lite.beans.beancontext.BeanContextServiceRevokedEvent.isCurrentServiceInvalidNow()	CtMethodImpl	public
lite.beans.EventSetDescriptor(java.lang.Class<?>,java.lang.String,java.lang.Class<?>,java.lang.String[],java.lang.String,java.lang.String,java.lang.String)	CtConstructorImpl	public
lite.beans.VetoableChangeSupport.createPropertyChangeEvent(java.lang.String,java.lang.Object,java.lang.Object)	CtMethodImpl	private
lite.beans.Beans	CtClassImpl	public
lite.beans.beancontext.BeanContextSupport.BCSChild.serialVersionUID	CtFieldReferenceImpl	private
lite.beans.IndexedPropertyDescriptor.setIndexedByName(java.lang.Class<?>,java.lang.String,java.lang.String)	CtMethodImpl	private
lite.beans.beancontext.BeanContextServiceRevokedEvent	CtClassImpl	public
lite.beans.EventHandler.getListenerMethodName()	CtMethodImpl	public
lite.beans.PropertyVetoException.getPropertyChangeEvent()	CtMethodImpl	public
lite.beans.DefaultPersistenceDelegate.internalAsMap(lite.beans.PropertyDescriptor[])	CtMethodImpl	private
lite.beans.PropertyChangeSupport.hasListeners(java.lang.String)	CtMethodImpl	public
lite.beans.IndexedPropertyDescriptor.getIndexedWriteMethod()	CtMethodImpl	public
lite.beans.beancontext.BeanContextServiceRevokedEvent.getServiceClass()	CtMethodImpl	public
lite.beans.VetoableChangeListenerProxy.vetoableChange(lite.beans.PropertyChangeEvent)	CtMethodImpl	public
lite.beans.PropertyEditorManager()	CtConstructorImpl	public
lite.beans.DefaultPersistenceDelegate.instantiate(java.lang.Object,lite.beans.Encoder)	CtMethodImpl	protected
org.apache.harmony.beans.editors.BooleanEditor	CtClassImpl	public
lite.beans.beancontext.BeanContextSupport.serialize(java.io.ObjectOutputStream,java.util.Collection)	CtMethodImpl	protected
lite.beans.StandardBeanInfo.STR_VALID	CtFieldReferenceImpl	private
lite.beans.beancontext.BeanContextSupport(lite.beans.beancontext.BeanContext)	CtConstructorImpl	public
lite.beans.beancontext.BeanContextServicesSupport.serviceRevoked(lite.beans.beancontext.BeanContextServiceRevokedEvent)	CtMethodImpl	public
lite.beans.beancontext.BeanContextSupport.1	CtClassImpl	package-private
lite.beans.PropertyEditorSupport.getTags()	CtMethodImpl	public
lite.beans.beancontext.BeanContextSupport.fireChildrenAdded(lite.beans.beancontext.BeanContextMembershipEvent)	CtMethodImpl	protected
lite.beans.VetoableChangeSupport.fireVetoableChange(java.lang.String,int,int)	CtMethodImpl	public
lite.beans.Statement.getArguments()	CtMethodImpl	public
lite.beans.ArrayPersistenceDelegate.instantiate(java.lang.Object,lite.beans.Encoder)	CtMethodImpl	protected
lite.beans.Statement.findMethod(java.lang.Class<?>,java.lang.String,java.lang.Object[],boolean)	CtMethodImpl	package-private
lite.beans.PropertyChangeEvent.propagationId	CtFieldReferenceImpl	package-private
lite.beans.StaticFieldPersistenceDelegate.pairs	CtFieldReferenceImpl	package-private
lite.beans.UtilDatePersistenceDelegate.instantiate(java.lang.Object,lite.beans.Encoder)	CtMethodImpl	protected
lite.beans.beancontext.BeanContextChildSupport.fireVetoableChange(java.lang.String,java.lang.Object,java.lang.Object)	CtMethodImpl	public
lite.beans.beancontext.BeanContext.globalHierarchyLock	CtFieldReferenceImpl	public
lite.beans.beancontext.BeanContextSupport.vetoableChange(lite.beans.PropertyChangeEvent)	CtMethodImpl	public
lite.beans.EventSetDescriptor.isUnicast()	CtMethodImpl	public
lite.beans.beancontext.BeanContextChildSupport.serialVersionUID	CtFieldReferenceImpl	private
lite.beans.ClassPersistenceDelegate.instantiate(java.lang.Object,lite.beans.Encoder)	CtMethodImpl	protected
lite.beans.EventHandler.getAction()	CtMethodImpl	public
lite.beans.StandardBeanInfo.STR_GETTERS	CtFieldReferenceImpl	private
lite.beans.Encoder.utilCollectionsPD	CtFieldReferenceImpl	private
org.apache.harmony.beans.editors.StringEditor()	CtConstructorImpl	public
lite.beans.beancontext.BeanContextChildSupport.readObject(java.io.ObjectInputStream)	CtMethodImpl	private
lite.beans.PropertyChangeSupport.addPropertyChangeListener(lite.beans.PropertyChangeListener)	CtMethodImpl	public
lite.beans.PropertyDescriptor(java.lang.String,java.lang.reflect.Method,java.lang.reflect.Method)	CtConstructorImpl	public
lite.beans.EventSetDescriptor.findAddRemoveListenerMethod(java.lang.Class<?>,java.lang.String)	CtMethodImpl	private
lite.beans.FeatureDescriptor.expert	CtFieldReferenceImpl	package-private
lite.beans.Encoder.writeExpression(lite.beans.Expression)	CtMethodImpl	public
lite.beans.PropertyDescriptor.createPropertyEditor(java.lang.Object)	CtMethodImpl	public
lite.beans.IndexedPropertyChangeEvent(java.lang.Object,java.lang.String,java.lang.Object,java.lang.Object,int)	CtConstructorImpl	public
lite.beans.UtilCollectionsPersistenceDelegate.MAP_KEY_TYPE	CtFieldReferenceImpl	private
lite.beans.beancontext.BeanContextSupport.initialize()	CtMethodImpl	protected
lite.beans.beancontext.BeanContextSupport.clear()	CtMethodImpl	public
lite.beans.EventHandler.listenerMethodName	CtFieldReferenceImpl	private
lite.beans.IndexedPropertyChangeEvent.serialVersionUID	CtFieldReferenceImpl	private
lite.beans.Statement.classMethodsCache	CtFieldReferenceImpl	private
lite.beans.PropertyChangeListenerProxy(java.lang.String,lite.beans.PropertyChangeListener)	CtConstructorImpl	public
org.apache.harmony.beans.editors.IntEditor.getTags()	CtMethodImpl	public
lite.beans.beancontext.BeanContextServicesSupport$BCSSProxyServiceProvider(lite.beans.beancontext.BeanContextServices)	CtConstructorImpl	package-private
lite.beans.beancontext.BeanContextSupport.setDesignTime(boolean)	CtMethodImpl	public
org.apache.harmony.beans.editors.StringEditor(java.lang.Object)	CtConstructorImpl	public
lite.beans.StaticFieldPersistenceDelegate	CtClassImpl	package-private
lite.beans.beancontext.BeanContextSupport(lite.beans.beancontext.BeanContext,java.util.Locale)	CtConstructorImpl	public
lite.beans.Introspector.getBeanInfoImpl(java.lang.Class<?>,java.lang.Class<?>,int)	CtMethodImpl	private
lite.beans.beancontext.BeanContextServiceAvailableEvent.serialVersionUID	CtFieldReferenceImpl	private
lite.beans.beancontext.BeanContextServicesSupport.ServiceRecord.requestor	CtFieldReferenceImpl	package-private
lite.beans.PropertyDescriptor.setBound(boolean)	CtMethodImpl	public
lite.beans.StandardBeanInfo.defaultPropertyIndex	CtFieldReferenceImpl	private
lite.beans.beancontext.BeanContextSupport(lite.beans.beancontext.BeanContext,java.util.Locale,boolean,boolean)	CtConstructorImpl	public
lite.beans.VetoableChangeSupport.addVetoableChangeListener(java.lang.String,lite.beans.VetoableChangeListener)	CtMethodImpl	public
lite.beans.beancontext.BeanContextMembershipEvent.iterator()	CtMethodImpl	public
lite.beans.Expression.value	CtFieldReferenceImpl	package-private
lite.beans.BeanDescriptor.getCustomizerClass()	CtMethodImpl	public
lite.beans.PropertyEditorSupport.removePropertyChangeListener(lite.beans.PropertyChangeListener)	CtMethodImpl	public
lite.beans.StandardBeanInfo.introspectListenerMethods(java.lang.String,java.lang.reflect.Method,java.util.HashMap<java.lang.String, java.util.HashMap>)	CtMethodImpl	private
org.apache.harmony.beans.editors.DoubleEditor(java.lang.Object)	CtConstructorImpl	public
lite.beans.beancontext.BeanContextChildSupport.serviceAvailable(lite.beans.beancontext.BeanContextServiceAvailableEvent)	CtMethodImpl	public
lite.beans.PropertyChangeSupport.globalListeners	CtFieldReferenceImpl	private
lite.beans.PropertyChangeSupport.fireIndexedPropertyChange(java.lang.String,int,boolean,boolean)	CtMethodImpl	public
lite.beans.Encoder.getExceptionListener()	CtMethodImpl	public
org.apache.harmony.beans.editors.StringEditor	CtClassImpl	public
lite.beans.PropertyChangeSupport(java.lang.Object)	CtConstructorImpl	public
lite.beans.beancontext.BeanContextServicesSupport	CtClassImpl	public
lite.beans.PropertyChangeEvent.propertyName	CtFieldReferenceImpl	package-private
lite.beans.StandardBeanInfo.introspectGetListenerMethods(java.lang.reflect.Method,java.util.HashMap<java.lang.String, java.util.HashMap>)	CtMethodImpl	private
lite.beans.beancontext.BeanContextMembershipEvent	CtClassImpl	public
lite.beans.PropertyChangeSupport.writeObject(java.io.ObjectOutputStream)	CtMethodImpl	private
org.apache.harmony.beans.editors.StringEditor.setAsText(java.lang.String)	CtMethodImpl	public
lite.beans.StandardBeanInfo.canAddPropertyChangeListener	CtFieldReferenceImpl	private
lite.beans.PropertyDescriptor.createDefaultMethodName(java.lang.String,java.lang.String)	CtMethodImpl	package-private
lite.beans.Encoder$DefaultExceptionListener()	CtConstructorImpl	private
org.apache.harmony.beans.internal.nls.Messages	CtClassImpl	public
lite.beans.VetoableChangeSupport.serialVersionUID	CtFieldReferenceImpl	private
lite.beans.StandardBeanInfo.events	CtFieldReferenceImpl	private
lite.beans.StandardBeanInfo.introspectGet(java.lang.reflect.Method,java.util.HashMap<java.lang.String, java.util.HashMap>)	CtMethodImpl	private
org.apache.harmony.beans.editors.BooleanEditor.getValueAsString()	CtMethodImpl	private
lite.beans.PropertyEditorSupport	CtClassImpl	public
org.apache.harmony.beans.editors.FloatEditor.setValue(java.lang.Object)	CtMethodImpl	public
lite.beans.PropertyDescriptor.getPropertyEditorClass()	CtMethodImpl	public
lite.beans.beancontext.BeanContextEvent	CtClassImpl	public
lite.beans.beancontext.BeanContextSupport.getBeanContextPeer()	CtMethodImpl	public
lite.beans.ArrayPersistenceDelegate.pd	CtFieldReferenceImpl	private
lite.beans.PropertyEditorSupport.getAsText()	CtMethodImpl	public
lite.beans.IntrospectionException(java.lang.String)	CtConstructorImpl	public
org.apache.harmony.beans.BeansUtils.NULL	CtFieldReferenceImpl	public
lite.beans.IntrospectionException	CtClassImpl	public
lite.beans.BeanDescriptor(java.lang.Class<?>)	CtConstructorImpl	public
lite.beans.StandardBeanInfo(java.lang.Class<?>,lite.beans.BeanInfo,java.lang.Class<?>)	CtConstructorImpl	package-private
lite.beans.Beans.isGuiAvailable()	CtMethodImpl	public
lite.beans.Encoder.writeStatement(lite.beans.Statement)	CtMethodImpl	public
lite.beans.FieldPersistenceDelegate.initialize(java.lang.Class<?>,java.lang.Object,java.lang.Object,lite.beans.Encoder)	CtMethodImpl	protected
lite.beans.beancontext.BeanContextMembershipEvent(lite.beans.beancontext.BeanContext,java.lang.Object[])	CtConstructorImpl	public
lite.beans.beancontext.BeanContextServicesSupport.serviceAvailable(lite.beans.beancontext.BeanContextServiceAvailableEvent)	CtMethodImpl	public
lite.beans.beancontext.BeanContextChildSupport.getBeanContextChildPeer()	CtMethodImpl	public
lite.beans.beancontext.BeanContextSupport.okToUseGui()	CtMethodImpl	public
lite.beans.UtilListPersistenceDelegate()	CtConstructorImpl	package-private
lite.beans.EventSetDescriptor(java.lang.String,java.lang.Class<?>,lite.beans.MethodDescriptor[],java.lang.reflect.Method,java.lang.reflect.Method)	CtConstructorImpl	public
lite.beans.Encoder.get(java.lang.Object)	CtMethodImpl	public
lite.beans.VetoableChangeSupport.fireVetoableChange(lite.beans.PropertyChangeEvent)	CtMethodImpl	public
lite.beans.beancontext.BeanContextChildSupport(lite.beans.beancontext.BeanContextChild)	CtConstructorImpl	public
lite.beans.StandardBeanInfo.getAdditionalBeanInfo()	CtMethodImpl	public
lite.beans.beancontext.BeanContextSupport.fireChildrenRemoved(lite.beans.beancontext.BeanContextMembershipEvent)	CtMethodImpl	protected
lite.beans.EventSetDescriptor.checkEventType(java.lang.String,java.lang.reflect.Method)	CtMethodImpl	private
lite.beans.FieldPersistenceDelegate	CtClassImpl	package-private
lite.beans.PropertyChangeListenerProxy.propertyChange(lite.beans.PropertyChangeEvent)	CtMethodImpl	public
lite.beans.Statement.getMethodName()	CtMethodImpl	public
lite.beans.IndexedPropertyDescriptor.equals(java.lang.Object)	CtMethodImpl	public
lite.beans.Encoder.remove(java.lang.Object)	CtMethodImpl	public
lite.beans.PropertyChangeSupport.firePropertyChange(java.lang.String,boolean,boolean)	CtMethodImpl	public
lite.beans.FeatureDescriptor.displayName	CtFieldReferenceImpl	package-private
lite.beans.beancontext.BeanContextSupport.readChildren(java.io.ObjectInputStream)	CtMethodImpl	public
lite.beans.beancontext.BeanContextChildSupport.firePropertyChange(java.lang.String,java.lang.Object,java.lang.Object)	CtMethodImpl	public
lite.beans.StandardBeanInfo.getEventSetDescriptors()	CtMethodImpl	public
org.apache.harmony.beans.BeansUtils.getHashCode(java.lang.Object)	CtMethodImpl	public
lite.beans.beancontext.BeanContextServicesSupport.getChildBeanContextServicesListener(java.lang.Object)	CtMethodImpl	protected
lite.beans.beancontext.BeanContextServicesSupport.fireServiceAdded(java.lang.Class)	CtMethodImpl	protected
lite.beans.StandardBeanInfo.STR_SETTERS	CtFieldReferenceImpl	private
lite.beans.FeatureDescriptor.getShortDescription()	CtMethodImpl	public
lite.beans.beancontext.BeanContextSupport.toArray(java.lang.Object[])	CtMethodImpl	public
lite.beans.beancontext.BeanContextSupport.getResourceAsStream(java.lang.String,lite.beans.beancontext.BeanContextChild)	CtMethodImpl	public
org.apache.harmony.beans.editors.BooleanEditor.setAsText(java.lang.String)	CtMethodImpl	public
org.apache.harmony.beans.BeansUtils.EQUALS_PARAMETERS	CtFieldReferenceImpl	private
org.apache.harmony.beans.editors.IntEditor.setValue(java.lang.Object)	CtMethodImpl	public
lite.beans.beancontext.BeanContextSupport.inNeedsGui	CtFieldReferenceImpl	private
lite.beans.FeatureDescriptor.merge(lite.beans.FeatureDescriptor)	CtMethodImpl	package-private
lite.beans.PropertyEditorManager.setEditorSearchPath(java.lang.String[])	CtMethodImpl	public
lite.beans.PropertyDescriptor(java.lang.String,java.lang.Class<?>)	CtConstructorImpl	public
lite.beans.beancontext.BeanContextSupport.bcsPreSerializationHook(java.io.ObjectOutputStream)	CtMethodImpl	protected
lite.beans.StandardBeanInfo.init()	CtMethodImpl	package-private
lite.beans.DefaultPersistenceDelegate(java.lang.String[])	CtConstructorImpl	public
lite.beans.IndexedPropertyDescriptor.hashCode()	CtMethodImpl	public
lite.beans.PropertyEditorSupport.supportsCustomEditor()	CtMethodImpl	public
lite.beans.beancontext.BeanContextSupport.propertyChange(lite.beans.PropertyChangeEvent)	CtMethodImpl	public
lite.beans.beancontext.BeanContextServicesSupport.notifyServiceAvailable(lite.beans.beancontext.BeanContextServiceAvailableEvent)	CtMethodImpl	private
lite.beans.PropertyDescriptor.equals(java.lang.Object)	CtMethodImpl	public
lite.beans.Encoder.createNewObject(java.lang.Object)	CtMethodImpl	private
lite.beans.beancontext.BeanContextServicesSupport.BCSSChild	CtClassImpl	protected
lite.beans.VetoableChangeSupport.getVetoableChangeListeners()	CtMethodImpl	public
lite.beans.Introspector.IGNORE_ALL_BEANINFO	CtFieldReferenceImpl	public
lite.beans.PropertyChangeSupport	CtClassImpl	public
lite.beans.StandardBeanInfo.explicitEvents	CtFieldReferenceImpl	private
org.apache.harmony.beans.editors.ShortEditor	CtClassImpl	public
lite.beans.beancontext.BeanContextSupport.deserialize(java.io.ObjectInputStream,java.util.Collection)	CtMethodImpl	protected
lite.beans.IndexedPropertyChangeEvent.index	CtFieldReferenceImpl	private
org.apache.harmony.beans.editors.BooleanEditor(java.lang.Object)	CtConstructorImpl	public
lite.beans.PropertyEditorSupport.setSource(java.lang.Object)	CtMethodImpl	public
lite.beans.beancontext.BeanContextServiceRevokedEvent.invalidateRefs	CtFieldReferenceImpl	private
lite.beans.beancontext.BeanContextServicesSupport.BCSSChild.serialVersionUID	CtFieldImpl	private
lite.beans.beancontext.BeanContextServicesSupport.BCSSChild.serialVersionUID	CtFieldReferenceImpl	private
lite.beans.beancontext.BeanContextServicesSupport.fireServiceAdded(lite.beans.beancontext.BeanContextServiceAvailableEvent)	CtMethodImpl	protected
lite.beans.beancontext.BeanContextMembershipEvent.contains(java.lang.Object)	CtMethodImpl	public
org.apache.harmony.beans.editors.LongEditor.setAsText(java.lang.String)	CtMethodImpl	public
lite.beans.beancontext.BeanContextChildSupport.releaseBeanContextResources()	CtMethodImpl	protected
lite.beans.StandardBeanInfo.getDefaultEventIndex()	CtMethodImpl	public
org.apache.harmony.beans.editors.BooleanEditor()	CtConstructorImpl	public
lite.beans.beancontext.BeanContextChildSupport.removePropertyChangeListener(java.lang.String,lite.beans.PropertyChangeListener)	CtMethodImpl	public
lite.beans.PropertyChangeSupport.children	CtFieldReferenceImpl	private
lite.beans.PropertyVetoException.evt	CtFieldReferenceImpl	private
lite.beans.beancontext.BeanContextSupport.okToUseGui	CtFieldReferenceImpl	protected
lite.beans.EventSetDescriptor(java.lang.Class<?>,java.lang.String,java.lang.Class<?>,java.lang.String)	CtConstructorImpl	public
lite.beans.EventSetDescriptor.findGetListenerMethod(java.lang.Class<?>,java.lang.String)	CtMethodImpl	private
lite.beans.EventSetDescriptor.isInDefaultEventSet()	CtMethodImpl	public
lite.beans.beancontext.BeanContextServiceRevokedEvent.serviceClass	CtFieldReferenceImpl	protected
lite.beans.beancontext.BeanContextSupport.BCSChild	CtClassImpl	protected
lite.beans.Beans.guiAvailable	CtFieldReferenceImpl	private
lite.beans.NullPersistenceDelegate()	CtConstructorImpl	package-private
lite.beans.Statement.execute()	CtMethodImpl	public
lite.beans.Beans.setDesignTime(boolean)	CtMethodImpl	public
lite.beans.VetoableChangeListenerProxy(java.lang.String,lite.beans.VetoableChangeListener)	CtConstructorImpl	public
lite.beans.EventHandler.equalNames(java.lang.reflect.Method,java.lang.reflect.Method)	CtMethodImpl	private
lite.beans.StandardBeanInfo.PREFIX_IS	CtFieldReferenceImpl	private
lite.beans.DefaultPersistenceDelegate.propertyNames	CtFieldReferenceImpl	private
lite.beans.beancontext.BeanContextSupport.serialVersionUID	CtFieldReferenceImpl	private
lite.beans.PropertyChangeEvent.serialVersionUID	CtFieldReferenceImpl	private
org.apache.harmony.beans.internal.nls.Messages.getString(java.lang.String,char)	CtMethodImpl	public
lite.beans.EventHandler.context	CtFieldReferenceImpl	private
lite.beans.EventSetDescriptor.addListenerMethod	CtFieldReferenceImpl	private
lite.beans.VetoableChangeSupport.addVetoableChangeListener(lite.beans.VetoableChangeListener)	CtMethodImpl	public
org.apache.harmony.beans.internal.nls.Messages.bundle	CtFieldReferenceImpl	private
lite.beans.beancontext.BeanContextSupport.getLocale()	CtMethodImpl	public
lite.beans.Introspector.getBeanInfo(java.lang.Class<?>)	CtMethodImpl	public
lite.beans.beancontext.BeanContextChildSupport.beanContextChildPeer	CtFieldReferenceImpl	public
lite.beans.Introspector	CtClassImpl	public
lite.beans.beancontext.BeanContextSupport.locale	CtFieldReferenceImpl	protected
lite.beans.beancontext.BeanContextServicesSupport.fireServiceRevoked(java.lang.Class,boolean)	CtMethodImpl	protected
lite.beans.beancontext.BCSSProxyServiceProvider.getService(lite.beans.beancontext.BeanContextServices,java.lang.Object,java.lang.Class,java.lang.Object)	CtMethodImpl	public
lite.beans.EventSetDescriptor.findListenerMethodByName(java.lang.String)	CtMethodImpl	private
lite.beans.IndexedPropertyDescriptor.setIndexedReadMethod(java.lang.reflect.Method)	CtMethodImpl	public
lite.beans.beancontext.BeanContextServicesSupport.revokeService(java.lang.Class,lite.beans.beancontext.BeanContextServiceProvider,boolean)	CtMethodImpl	public
lite.beans.ProxyPersistenceDelegate.mutatesTo(java.lang.Object,java.lang.Object)	CtMethodImpl	protected
lite.beans.StandardBeanInfo.explicitMethods	CtFieldReferenceImpl	private
lite.beans.Encoder()	CtConstructorImpl	public
lite.beans.beancontext.BeanContextServicesSupport.serialVersionUID	CtFieldReferenceImpl	private
lite.beans.beancontext.BeanContextServicesSupport.getLocalServiceProvider(java.lang.Class)	CtMethodImpl	private
lite.beans.StandardBeanInfo.STR_IS_CONSTRAINED	CtFieldReferenceImpl	private
lite.beans.StandardBeanInfo.mergeEvents(lite.beans.EventSetDescriptor[],int)	CtMethodImpl	private
lite.beans.beancontext.BeanContextSupport.serializing	CtFieldReferenceImpl	private
org.apache.harmony.beans.BeansUtils	CtClassImpl	public
lite.beans.beancontext.BeanContextSupport.iterator()	CtMethodImpl	public
org.apache.harmony.beans.BeansUtils.idOfClass(java.lang.Class<?>)	CtMethodImpl	public
lite.beans.beancontext.BeanContextSupport.writeObject(java.io.ObjectOutputStream)	CtMethodImpl	private
lite.beans.EventHandler.create(java.lang.Class<T>,java.lang.Object,java.lang.String,java.lang.String,java.lang.String)	CtMethodImpl	public
lite.beans.StaticFieldPersistenceDelegate.init(java.lang.Class<?>)	CtMethodImpl	package-private
lite.beans.Encoder.createNewStatement(lite.beans.Statement)	CtMethodImpl	private
lite.beans.IndexedPropertyDescriptor.isCompatible()	CtMethodImpl	private
lite.beans.beancontext.BeanContextServicesSupport.writeObject(java.io.ObjectOutputStream)	CtMethodImpl	private
lite.beans.EventSetDescriptor.inDefaultEventSet	CtFieldReferenceImpl	private
org.apache.harmony.beans.editors.ShortEditor.getJavaInitializationString()	CtMethodImpl	public
lite.beans.PropertyChangeSupport.readObject(java.io.ObjectInputStream)	CtMethodImpl	private
lite.beans.beancontext.BeanContextServicesSupport.getBeanContextServicesPeer()	CtMethodImpl	public
lite.beans.Encoder.oldNewMap	CtFieldReferenceImpl	private
lite.beans.Beans.isDesignTime()	CtMethodImpl	public
lite.beans.beancontext.BeanContextServicesSupport.addService(java.lang.Class,lite.beans.beancontext.BeanContextServiceProvider,boolean)	CtMethodImpl	protected
lite.beans.Expression.valueIsDefined	CtFieldReferenceImpl	package-private
lite.beans.EventHandler.getArgs(java.lang.Object[])	CtMethodImpl	private
lite.beans.Introspector.decapitalize(java.lang.String)	CtMethodImpl	public
lite.beans.beancontext.BeanContextSupport.removeAll(java.util.Collection)	CtMethodImpl	public
org.apache.harmony.beans.Argument	CtClassImpl	public
lite.beans.beancontext.BeanContextServicesSupport.releaseServiceWithoutCheck(lite.beans.beancontext.BeanContextChild,lite.beans.beancontext.BeanContextServicesSupport.BCSSChild,java.lang.Object,java.lang.Object,boolean)	CtMethodImpl	private
org.apache.harmony.beans.editors.ByteEditor(java.lang.Object)	CtConstructorImpl	public
lite.beans.beancontext.BeanContextSupport.childJustAddedHook(java.lang.Object,lite.beans.beancontext.BeanContextSupport.BCSChild)	CtMethodImpl	protected
lite.beans.beancontext.BeanContextServicesSupport.readObject(java.io.ObjectInputStream)	CtMethodImpl	private
lite.beans.ProxyPersistenceDelegate()	CtConstructorImpl	package-private
lite.beans.MethodPersistenceDelegate.mutatesTo(java.lang.Object,java.lang.Object)	CtMethodImpl	protected
lite.beans.Statement	CtClassImpl	public
lite.beans.beancontext.BeanContextServicesSupport.removeBeanContextServicesListener(lite.beans.beancontext.BeanContextServicesListener)	CtMethodImpl	public
lite.beans.StandardBeanInfo.beanDescriptor	CtFieldReferenceImpl	private
lite.beans.PropertyChangeSupport.fireIndexedPropertyChange(java.lang.String,int,java.lang.Object,java.lang.Object)	CtMethodImpl	public
lite.beans.PropertyDescriptor.setPropertyEditorClass(java.lang.Class<?>)	CtMethodImpl	public
lite.beans.UtilCollectionsPersistenceDelegate.instantiate(java.lang.Object,lite.beans.Encoder)	CtMethodImpl	protected
lite.beans.beancontext.BeanContextServicesSupport.BCSSServiceProvider.serviceProvider	CtFieldReferenceImpl	protected
lite.beans.EventHandler.create(java.lang.Class<T>,java.lang.Object,java.lang.String)	CtMethodImpl	public
lite.beans.UtilCollectionPersistenceDelegate	CtClassImpl	package-private
lite.beans.beancontext.BeanContextMembershipEvent.serialVersionUID	CtFieldReferenceImpl	private
lite.beans.UtilMapPersistenceDelegate	CtClassImpl	package-private
lite.beans.beancontext.BeanContextChildSupport.addPropertyChangeListener(java.lang.String,lite.beans.PropertyChangeListener)	CtMethodImpl	public
lite.beans.EventSetDescriptor.getGetListenerMethod()	CtMethodImpl	public
lite.beans.beancontext.BeanContextChildSupport.beanContext	CtFieldReferenceImpl	protected
org.apache.harmony.beans.editors.IntEditor(java.lang.Object)	CtConstructorImpl	public
lite.beans.EventSetDescriptor.prepareEventTypeName(java.lang.String)	CtMethodImpl	private
lite.beans.Statement.MethodComparator.referenceMethodArgumentTypes	CtFieldReferenceImpl	private
lite.beans.beancontext.BeanContextServicesSupport.addBeanContextServicesListener(lite.beans.beancontext.BeanContextServicesListener)	CtMethodImpl	public
lite.beans.FeatureDescriptor.isExpert()	CtMethodImpl	public
lite.beans.beancontext.BeanContextSupport.removeSerializable(lite.beans.beancontext.BeanContextSupport.BCSChild)	CtMethodImpl	private
lite.beans.PropertyDescriptor.setWriteMethod(java.lang.Class<?>,java.lang.String)	CtMethodImpl	package-private
org.apache.harmony.beans.BeansUtils.EQUALS_METHOD	CtFieldReferenceImpl	private
lite.beans.EventSetDescriptor.removeListenerMethod	CtFieldReferenceImpl	private
lite.beans.NullPersistenceDelegate	CtClassImpl	package-private
lite.beans.IndexedPropertyDescriptor.indexedGetter	CtFieldReferenceImpl	private
lite.beans.MethodPersistenceDelegate.initialize(java.lang.Class<?>,java.lang.Object,java.lang.Object,lite.beans.Encoder)	CtMethodImpl	protected
lite.beans.IndexedPropertyDescriptor.indexedPropertyType	CtFieldReferenceImpl	private
lite.beans.PropertyEditorSupport(java.lang.Object)	CtConstructorImpl	public
lite.beans.StandardBeanInfo.internalAsMap(lite.beans.EventSetDescriptor[])	CtMethodImpl	private
lite.beans.UtilDatePersistenceDelegate()	CtConstructorImpl	package-private
lite.beans.DefaultPersistenceDelegate.getPropertyValue(java.util.HashMap<java.lang.String, lite.beans.PropertyDescriptor>,java.lang.Object,java.lang.String)	CtMethodImpl	private
lite.beans.PropertyDescriptor.getReadMethod()	CtMethodImpl	public
lite.beans.PropertyDescriptor.isBound()	CtMethodImpl	public
lite.beans.PropertyDescriptor	CtClassImpl	public
lite.beans.MethodDescriptor	CtClassImpl	public
lite.beans.PropertyVetoException(java.lang.String,lite.beans.PropertyChangeEvent)	CtConstructorImpl	public
lite.beans.StandardBeanInfo.PREFIX_SET	CtFieldReferenceImpl	private
lite.beans.beancontext.BeanContextSupport.retainAll(java.util.Collection)	CtMethodImpl	public
lite.beans.PropertyDescriptor.setWriteMethod(java.lang.reflect.Method)	CtMethodImpl	public
lite.beans.Statement$MethodComparator(java.lang.String,java.lang.Class<?>[])	CtConstructorImpl	public
lite.beans.beancontext.BeanContextServicesSupport.ServiceRecord.revokedListener	CtFieldReferenceImpl	package-private
org.apache.harmony.beans.editors.IntEditor.getValueAsText()	CtMethodImpl	private
org.apache.harmony.beans.BeansUtils.declaredEquals(java.lang.Class<?>)	CtMethodImpl	public
lite.beans.VetoableChangeSupport.children	CtFieldReferenceImpl	private
lite.beans.EventSetDescriptor(java.lang.String,java.lang.Class<?>,java.lang.reflect.Method[],java.lang.reflect.Method,java.lang.reflect.Method,java.lang.reflect.Method)	CtConstructorImpl	public
lite.beans.Statement.methodName	CtFieldReferenceImpl	private
lite.beans.UtilCollectionsPersistenceDelegate()	CtConstructorImpl	package-private
lite.beans.PropertyChangeEvent.getOldValue()	CtMethodImpl	public
lite.beans.Beans.getBeanResourceName(java.lang.String)	CtMethodImpl	private
org.apache.harmony.beans.editors.ShortEditor.setAsText(java.lang.String)	CtMethodImpl	public
lite.beans.Encoder.arrayPD	CtFieldReferenceImpl	private
lite.beans.PrimitiveWrapperPersistenceDelegate.mutatesTo(java.lang.Object,java.lang.Object)	CtMethodImpl	protected
lite.beans.PropertyChangeListenerProxy.propertyName	CtFieldReferenceImpl	package-private
lite.beans.EventSetDescriptor.getRemoveListenerMethod()	CtMethodImpl	public
lite.beans.StringPersistenceDelegate.instantiate(java.lang.Object,lite.beans.Encoder)	CtMethodImpl	protected
lite.beans.StandardBeanInfo.introspectMethods(boolean)	CtMethodImpl	private
lite.beans.StringPersistenceDelegate.mutatesTo(java.lang.Object,java.lang.Object)	CtMethodImpl	protected
org.apache.harmony.beans.editors.FloatEditor.setAsText(java.lang.String)	CtMethodImpl	public
lite.beans.EventHandler.invokeImpl(java.lang.Object,java.lang.reflect.Method,java.lang.Object[])	CtMethodImpl	private
lite.beans.StandardBeanInfo.getPropertyDescriptors()	CtMethodImpl	public
lite.beans.CustomizedObjectInputStream(java.io.InputStream,java.lang.ClassLoader)	CtConstructorImpl	public
lite.beans.EventSetDescriptor.listenerMethods	CtFieldReferenceImpl	private
lite.beans.beancontext.BeanContextSupport.createBCSChild(java.lang.Object,java.lang.Object)	CtMethodImpl	protected
lite.beans.VetoableChangeSupport(java.lang.Object)	CtConstructorImpl	public
lite.beans.beancontext.BeanContextServicesSupport.initializeBeanContextResources()	CtMethodImpl	protected
lite.beans.PropertyEditorManager.path	CtFieldReferenceImpl	private
lite.beans.StandardBeanInfo.introspectMethods(boolean,java.lang.Class<?>)	CtMethodImpl	private
org.apache.harmony.beans.BeansUtils()	CtConstructorImpl	public
lite.beans.MethodDescriptor.getParameterDescriptors()	CtMethodImpl	public
lite.beans.PropertyEditorManager.registeredEditors	CtFieldReferenceImpl	private
lite.beans.Introspector.getBeanInfoSearchPath()	CtMethodImpl	public
lite.beans.EventSetDescriptor.getListenerType()	CtMethodImpl	public
lite.beans.beancontext.BeanContextChildSupport.setBeanContext(lite.beans.beancontext.BeanContext)	CtMethodImpl	public
lite.beans.EventHandler.isValidInvocation(java.lang.reflect.Method,java.lang.Object[])	CtMethodImpl	private
org.apache.harmony.beans.BeansUtils.toASCIILowerCase(java.lang.String)	CtMethodImpl	public
lite.beans.beancontext.BeanContextServicesSupport.BCSSProxyServiceProvider.backBCS	CtFieldReferenceImpl	private
lite.beans.beancontext.BCSSProxyServiceProvider.releaseService(lite.beans.beancontext.BeanContextServices,java.lang.Object,java.lang.Object)	CtMethodImpl	public
lite.beans.PropertyDescriptor.hashCode()	CtMethodImpl	public
lite.beans.PrimitiveWrapperPersistenceDelegate.instantiate(java.lang.Object,lite.beans.Encoder)	CtMethodImpl	protected
lite.beans.beancontext.BeanContextServicesSupport.ServiceRecord.serviceClass	CtFieldReferenceImpl	package-private
lite.beans.FeatureDescriptor.attributeNames()	CtMethodImpl	public
lite.beans.StandardBeanInfo$PropertyComparator()	CtConstructorImpl	private
lite.beans.beancontext.BeanContextServicesSupport.ServiceRecord	CtClassImpl	private
lite.beans.beancontext.BeanContextChildSupport.serviceRevoked(lite.beans.beancontext.BeanContextServiceRevokedEvent)	CtMethodImpl	public
lite.beans.beancontext.BeanContextServiceRevokedEvent(lite.beans.beancontext.BeanContextServices,java.lang.Class,boolean)	CtConstructorImpl	public
org.apache.harmony.beans.editors.BooleanEditor.setValue(java.lang.Object)	CtMethodImpl	public
org.apache.harmony.beans.Argument.getType()	CtMethodImpl	public
lite.beans.EventHandler.invoke(java.lang.Object,java.lang.reflect.Method,java.lang.Object[])	CtMethodImpl	public
lite.beans.PropertyDescriptor.isConstrained()	CtMethodImpl	public
org.apache.harmony.beans.internal.nls.Messages.format(java.lang.String,java.lang.Object[])	CtMethodImpl	public
org.apache.harmony.beans.Argument.getInterfaces()	CtMethodImpl	public
lite.beans.beancontext.BeanContextServicesSupport.bcsPreDeserializationHook(java.io.ObjectInputStream)	CtMethodImpl	protected
lite.beans.beancontext.BCSSProxyServiceProvider.getService(lite.beans.beancontext.BeanContextServices,java.lang.Object,java.lang.Class,java.lang.Object,lite.beans.beancontext.BeanContextServiceRevokedListener)	CtMethodImpl	package-private
lite.beans.PropertyChangeSupport.firePropertyChange(lite.beans.PropertyChangeEvent)	CtMethodImpl	public
lite.beans.Introspector.getBeanInfo(java.lang.Class<?>,java.lang.Class<?>)	CtMethodImpl	public
lite.beans.beancontext.BeanContextSupport.validatePendingRemove(java.lang.Object)	CtMethodImpl	protected
lite.beans.Introspector.DEFAULT_BEANINFO_SEARCHPATH	CtFieldReferenceImpl	private
lite.beans.PropertyChangeSupport.removePropertyChangeListener(lite.beans.PropertyChangeListener)	CtMethodImpl	public
org.apache.harmony.beans.editors.LongEditor(java.lang.Object)	CtConstructorImpl	public
org.apache.harmony.beans.editors.ShortEditor()	CtConstructorImpl	public
lite.beans.beancontext.BeanContextChildSupport.removeVetoableChangeListener(java.lang.String,lite.beans.VetoableChangeListener)	CtMethodImpl	public
lite.beans.beancontext.BeanContextServicesSupport.ServiceRevokedListenerDelegator	CtClassImpl	private
lite.beans.Encoder.clear()	CtMethodImpl	package-private
lite.beans.PropertyDescriptor.bound	CtFieldReferenceImpl	package-private
lite.beans.beancontext.BeanContextServicesSupport.releaseBeanContextResources()	CtMethodImpl	protected
lite.beans.IndexedPropertyDescriptor.indexedSetter	CtFieldReferenceImpl	private
lite.beans.beancontext.BeanContextChildSupport.lastVetoedContext	CtFieldReferenceImpl	private
lite.beans.VetoableChangeSupport.source	CtFieldReferenceImpl	private
lite.beans.beancontext.BeanContextSupport.designTime	CtFieldReferenceImpl	protected
lite.beans.DefaultPersistenceDelegate.initialize(java.lang.Class<?>,java.lang.Object,java.lang.Object,lite.beans.Encoder)	CtMethodImpl	protected
lite.beans.beancontext.BeanContextSupport.toArray()	CtMethodImpl	public
lite.beans.IndexedPropertyDescriptor.initialUpperCase(java.lang.String)	CtMethodImpl	private
lite.beans.beancontext.BeanContextServicesSupport.bcsListeners	CtFieldReferenceImpl	protected
org.apache.harmony.beans.editors.DoubleEditor.getJavaInitializationString()	CtMethodImpl	public
lite.beans.beancontext.BeanContextServicesSupport.fireServiceRevoked(lite.beans.beancontext.BeanContextServiceRevokedEvent)	CtMethodImpl	protected
lite.beans.Encoder.expressionValue(lite.beans.Expression)	CtMethodImpl	package-private
lite.beans.MethodDescriptor.method	CtFieldReferenceImpl	private
lite.beans.Encoder	CtClassImpl	public
org.apache.harmony.beans.editors.IntEditor.setAsText(java.lang.String)	CtMethodImpl	public
lite.beans.FeatureDescriptor.name	CtFieldReferenceImpl	package-private
lite.beans.VetoableChangeSupport.fireVetoableChange(java.lang.String,java.lang.Object,java.lang.Object)	CtMethodImpl	public
lite.beans.PropertyChangeSupport.doFirePropertyChange(lite.beans.PropertyChangeEvent)	CtMethodImpl	private
lite.beans.UtilCollectionsPersistenceDelegate.MAP_VALUE_TYPE	CtFieldReferenceImpl	private
lite.beans.beancontext.BeanContextEvent.propagatedFrom	CtFieldReferenceImpl	protected
lite.beans.beancontext.BeanContextSupport$BCSChild(java.lang.Object,java.lang.Object)	CtConstructorImpl	package-private
lite.beans.PropertyEditorSupport.firePropertyChange()	CtMethodImpl	public
lite.beans.beancontext.BeanContextSupport(lite.beans.beancontext.BeanContext,java.util.Locale,boolean)	CtConstructorImpl	public
lite.beans.StandardBeanInfo.capitalize(java.lang.String)	CtMethodImpl	private
lite.beans.PropertyChangeSupport.addPropertyChangeListener(java.lang.String,lite.beans.PropertyChangeListener)	CtMethodImpl	public
org.apache.harmony.beans.BeansUtils.FORNAME	CtFieldReferenceImpl	public
lite.beans.EventSetDescriptor(java.lang.Class<?>,java.lang.String,java.lang.Class<?>,java.lang.String[],java.lang.String,java.lang.String)	CtConstructorImpl	public
lite.beans.UtilCollectionPersistenceDelegate.initialize(java.lang.Class<?>,java.lang.Object,java.lang.Object,lite.beans.Encoder)	CtMethodImpl	protected
lite.beans.PropertyEditorSupport.source	CtFieldReferenceImpl	package-private
lite.beans.Beans.setGuiAvailable(boolean)	CtMethodImpl	public
lite.beans.PropertyChangeSupport.getPropertyChangeListeners()	CtMethodImpl	public
lite.beans.PropertyChangeSupport.createPropertyChangeEvent(java.lang.String,int,int)	CtMethodImpl	private
lite.beans.EventHandler.findMethod(java.lang.Class<?>,java.lang.Object[])	CtMethodImpl	private
lite.beans.StandardBeanInfo	CtClassImpl	package-private
lite.beans.FeatureDescriptor.getName()	CtMethodImpl	public
lite.beans.DefaultPersistenceDelegate	CtClassImpl	public
lite.beans.IndexedPropertyDescriptor(java.lang.String,java.lang.Class<?>,java.lang.String,java.lang.String,java.lang.String,java.lang.String)	CtConstructorImpl	public
org.apache.harmony.beans.editors.DoubleEditor	CtClassImpl	public
lite.beans.EventSetDescriptor.getListenerMethodDescriptors()	CtMethodImpl	public
org.apache.harmony.beans.internal.nls.Messages()	CtConstructorImpl	public
lite.beans.Statement.invokeMethod()	CtMethodImpl	package-private
lite.beans.Introspector.flushFromCaches(java.lang.Class<?>)	CtMethodImpl	public
lite.beans.beancontext.BeanContextSupport.getChildVetoableChangeListener(java.lang.Object)	CtMethodImpl	protected
org.apache.harmony.beans.BeansUtils.getHashCode(boolean)	CtMethodImpl	public
lite.beans.beancontext.BeanContextServicesSupport.ServiceRecord.provider	CtFieldReferenceImpl	package-private
lite.beans.beancontext.BeanContextServicesSupport.addService(java.lang.Class,lite.beans.beancontext.BeanContextServiceProvider)	CtMethodImpl	public
lite.beans.beancontext.BeanContextSupport.getChildSerializable(java.lang.Object)	CtMethodImpl	protected
lite.beans.PrimitiveWrapperPersistenceDelegate.initialize(java.lang.Class<?>,java.lang.Object,java.lang.Object,lite.beans.Encoder)	CtMethodImpl	protected
lite.beans.BeanDescriptor.beanClass	CtFieldReferenceImpl	private
lite.beans.ClassPersistenceDelegate.mutatesTo(java.lang.Object,java.lang.Object)	CtMethodImpl	protected
lite.beans.FeatureDescriptor.isHidden()	CtMethodImpl	public
lite.beans.Introspector.loadBeanInfo(java.lang.String,java.lang.Class<?>)	CtMethodImpl	private
lite.beans.StandardBeanInfo.isValidProperty(java.lang.String)	CtMethodImpl	private
lite.beans.MethodPersistenceDelegate.instantiate(java.lang.Object,lite.beans.Encoder)	CtMethodImpl	protected
lite.beans.StandardBeanInfo.mergeProps(lite.beans.PropertyDescriptor[],int)	CtMethodImpl	private
lite.beans.beancontext.BeanContextSupport.BCSIterator	CtClassImpl	protected
lite.beans.StandardBeanInfo.explicitProperties	CtFieldReferenceImpl	private
lite.beans.beancontext.BeanContextSupport.getChildPropertyChangeListener(java.lang.Object)	CtMethodImpl	protected
lite.beans.beancontext.BeanContextServicesSupport(lite.beans.beancontext.BeanContextServices,java.util.Locale,boolean)	CtConstructorImpl	public
lite.beans.MethodComparator.getDistance(java.lang.Class<?>,java.lang.Class<?>)	CtMethodImpl	private
lite.beans.beancontext.BeanContextServicesSupport.BCSSProxyServiceProvider	CtClassImpl	protected
lite.beans.PropertyChangeSupport.fireIndexedPropertyChange(java.lang.String,int,int,int)	CtMethodImpl	public
lite.beans.Expression.toString()	CtMethodImpl	public
lite.beans.SimpleBeanInfo.getDefaultEventIndex()	CtMethodImpl	public
lite.beans.PropertyDescriptor.setReadMethod(java.lang.Class<?>,java.lang.String)	CtMethodImpl	package-private
lite.beans.ClassPersistenceDelegate	CtClassImpl	package-private
lite.beans.PropertyChangeListenerProxy	CtClassImpl	public
lite.beans.beancontext.BeanContextServicesSupport.ServiceRecord.isDelegate	CtFieldReferenceImpl	package-private
lite.beans.PersistenceDelegate.initialize(java.lang.Class<?>,java.lang.Object,java.lang.Object,lite.beans.Encoder)	CtMethodImpl	protected
lite.beans.Statement.isPDConstructor(lite.beans.Statement)	CtMethodImpl	package-private
lite.beans.Introspector.IGNORE_IMMEDIATE_BEANINFO	CtFieldReferenceImpl	public
lite.beans.beancontext.BeanContextSupport.avoidingGui()	CtMethodImpl	public
lite.beans.beancontext.BeanContextSupport.serializable	CtFieldReferenceImpl	private
lite.beans.beancontext.BeanContextSupport.needsGui()	CtMethodImpl	public
lite.beans.beancontext.BCSSProxyServiceProvider.serviceRevoked(lite.beans.beancontext.BeanContextServiceRevokedEvent)	CtMethodImpl	public
lite.beans.VetoableChangeSupport.fireVetoableChange(java.lang.String,boolean,boolean)	CtMethodImpl	public
lite.beans.Beans()	CtConstructorImpl	public
lite.beans.FeatureDescriptor.setName(java.lang.String)	CtMethodImpl	public
lite.beans.IndexedPropertyDescriptor.getIndexedReadMethod()	CtMethodImpl	public
lite.beans.Encoder.setExceptionListener(lite.beans.ExceptionListener)	CtMethodImpl	public
org.apache.harmony.beans.editors.ByteEditor()	CtConstructorImpl	public
lite.beans.beancontext.BeanContextMembershipEvent.children	CtFieldReferenceImpl	protected
lite.beans.IndexedPropertyDescriptor.setIndexedWriteMethod(java.lang.Class<?>,java.lang.String,java.lang.Class<?>)	CtMethodImpl	private
lite.beans.beancontext.BeanContextSupport.BCSChild.proxyPeer	CtFieldReferenceImpl	package-private
lite.beans.EventHandler(java.lang.Object,java.lang.String,java.lang.String,java.lang.String)	CtConstructorImpl	public
