method	type	visibility
com.piranframework.geev.Geev(com.piranframework.geev.GeevConfig)	CtConstructorImpl	public
com.piranframework.geev.Geev.log	CtFieldReferenceImpl	public
com.piranframework.geev.GeevInternal.createNodeFromMsg(java.net.SocketAddress,java.nio.ByteBuffer)	CtMethodImpl	private
com.piranframework.geev.Geev.internalInstance	CtFieldReferenceImpl	private
com.piranframework.geev.Builder.useBroadcast()	CtMethodImpl	public
com.piranframework.geev.GeevInternal.handleJoinResponse(com.piranframework.geev.Node)	CtMethodImpl	private
com.piranframework.geev.GeevInternal.disconnect(com.piranframework.geev.Node)	CtMethodImpl	private
com.piranframework.geev.Builder.multicastAddress(java.lang.String)	CtMethodImpl	public
com.piranframework.geev.Geev.GeevInternal.target	CtFieldReferenceImpl	private
com.piranframework.geev.GeevConfig.Builder.onLeave	CtFieldReferenceImpl	private
com.piranframework.geev.Builder.useBroadcast(boolean)	CtMethodImpl	public
com.piranframework.geev.Geev.PROTOCOL_VERSION	CtFieldReferenceImpl	private
com.piranframework.geev.Geev.LEAVE	CtFieldReferenceImpl	private
com.piranframework.geev.Geev.DEFAULT_DISCOVERY_PORT	CtFieldReferenceImpl	public
com.piranframework.geev.Geev.JOIN_RESPONSE	CtFieldReferenceImpl	private
com.piranframework.geev.Builder.setMySelf(com.piranframework.geev.Node)	CtMethodImpl	public
com.piranframework.geev.Node.port	CtFieldReferenceImpl	private
com.piranframework.geev.Node.hashCode()	CtMethodImpl	public
com.piranframework.geev.Geev	CtClassImpl	public
com.piranframework.geev.Geev.allNodes(java.lang.String)	CtMethodImpl	public
com.piranframework.geev.GeevConfig.Builder.multicastAddress	CtFieldReferenceImpl	private
com.piranframework.geev.Geev.allNodes()	CtMethodImpl	public
com.piranframework.geev.Geev.GeevInternal	CtClassImpl	private
com.piranframework.geev.GeevConfig.Builder	CtClassImpl	public
com.piranframework.geev.Geev.nodeDisconnected(com.piranframework.geev.Node)	CtMethodImpl	public
com.piranframework.geev.GeevConfig.Builder.mySelf	CtFieldReferenceImpl	private
com.piranframework.geev.GeevConfig.getJoin()	CtMethodImpl	public
com.piranframework.geev.Node.getRole()	CtMethodImpl	public
com.piranframework.geev.GeevConfig$Builder()	CtConstructorImpl	public
com.piranframework.geev.GeevConfig.getLeave()	CtMethodImpl	public
com.piranframework.geev.GeevConfig.getMulticastAddress()	CtMethodImpl	public
com.piranframework.geev.GeevConfig.mySelf	CtFieldReferenceImpl	private
com.piranframework.geev.GeevInternal.run()	CtMethodImpl	public
com.piranframework.geev.Geev.GeevInternal.channel	CtFieldReferenceImpl	private
com.piranframework.geev.GeevConfig(com.piranframework.geev.GeevConfig.Builder)	CtConstructorImpl	private
com.piranframework.geev.Node.ip	CtFieldReferenceImpl	private
com.piranframework.geev.Geev.nodeConnected(com.piranframework.geev.Node)	CtMethodImpl	public
com.piranframework.geev.Builder.build()	CtMethodImpl	public
com.piranframework.geev.Geev.run(com.piranframework.geev.GeevConfig)	CtMethodImpl	public
com.piranframework.geev.GeevInternal.send(byte)	CtMethodImpl	private
com.piranframework.geev.GeevConfig.Builder.discoveryPort	CtFieldReferenceImpl	private
com.piranframework.geev.Builder.discoveryPort(int)	CtMethodImpl	public
com.piranframework.geev.GeevInternal.handleLeave(com.piranframework.geev.Node)	CtMethodImpl	private
com.piranframework.geev.Builder.onJoin(java.util.function.Consumer<com.piranframework.geev.Node>)	CtMethodImpl	public
com.piranframework.geev.Node(java.lang.String,java.lang.String,int)	CtConstructorImpl	public
com.piranframework.geev.Node.getIp()	CtMethodImpl	public
com.piranframework.geev.GeevConfig.multicastAddress	CtFieldReferenceImpl	private
com.piranframework.geev.Node.toString()	CtMethodImpl	public
com.piranframework.geev.Geev.destroy()	CtMethodImpl	public
com.piranframework.geev.GeevConfig.isBroadcast()	CtMethodImpl	public
com.piranframework.geev.GeevConfig.discoveryPort	CtFieldReferenceImpl	private
com.piranframework.geev.Node.role	CtFieldReferenceImpl	private
com.piranframework.geev.GeevConfig	CtClassImpl	public
com.piranframework.geev.GeevConfig.Builder.onJoin	CtFieldReferenceImpl	private
com.piranframework.geev.Node	CtClassImpl	public
com.piranframework.geev.GeevInternal.handleJoin(com.piranframework.geev.Node)	CtMethodImpl	private
com.piranframework.geev.GeevConfig.getMySelf()	CtMethodImpl	public
com.piranframework.geev.Geev.internalThread	CtFieldReferenceImpl	private
com.piranframework.geev.GeevConfig.broadcast	CtFieldReferenceImpl	private
com.piranframework.geev.GeevConfig.getDiscoveryPort()	CtMethodImpl	public
com.piranframework.geev.GeevConfig.join	CtFieldReferenceImpl	private
com.piranframework.geev.Geev.PROTOCOL_NAME	CtFieldReferenceImpl	private
com.piranframework.geev.Geev.JOIN	CtFieldReferenceImpl	private
com.piranframework.geev.GeevInternal.handleReceive()	CtMethodImpl	private
com.piranframework.geev.Geev.GeevInternal.config	CtFieldReferenceImpl	private
com.piranframework.geev.Geev.ASCII	CtFieldReferenceImpl	private
com.piranframework.geev.Node.equals(java.lang.Object)	CtMethodImpl	public
com.piranframework.geev.Geev$GeevInternal(com.piranframework.geev.GeevConfig)	CtConstructorImpl	private
com.piranframework.geev.Geev.GeevInternal.nodes	CtFieldReferenceImpl	private
com.piranframework.geev.GeevConfig.leave	CtFieldReferenceImpl	private
com.piranframework.geev.GeevConfig.Builder.broadcast	CtFieldReferenceImpl	private
com.piranframework.geev.Builder.onLeave(java.util.function.Consumer<com.piranframework.geev.Node>)	CtMethodImpl	public
com.piranframework.geev.Node.getPort()	CtMethodImpl	public
