method	type	visibility
io.polyglotted.applauncher.settings.LongPropertyType.getValue(com.typesafe.config.Config,java.lang.String)	CtMethodImpl	public
io.polyglotted.applauncher.crypto.CryptoClient.PREFIX	CtFieldReferenceImpl	private
io.polyglotted.applauncher.crypto.CryptoClient.encryptor	CtFieldReferenceImpl	private
io.polyglotted.applauncher.settings.DefaultSettingsHolder.InvocationHandlerImpl.config	CtFieldReferenceImpl	private
io.polyglotted.applauncher.settings.DefaultSettingsHolder.booleanValue(java.lang.String)	CtMethodImpl	public
io.polyglotted.applauncher.settings.DefaultSettingsHolder.hasValue(java.lang.String)	CtMethodImpl	public
io.polyglotted.applauncher.server.Main.SERVER_CLASS	CtFieldReferenceImpl	public
io.polyglotted.applauncher.server.Main()	CtConstructorImpl	public
io.polyglotted.applauncher.crypto.CryptoClient.resolvePassword()	CtMethodImpl	private
io.polyglotted.applauncher.settings.DefaultSettingsHolder()	CtConstructorImpl	public
io.polyglotted.applauncher.settings.DefaultSettingsHolder.IntegerPropertyType	CtClassImpl	private
io.polyglotted.applauncher.settings.DefaultSettingsHolder.buildInvocationHandler(java.lang.Class<T>,io.polyglotted.applauncher.crypto.CryptoClient)	CtMethodImpl	private
io.polyglotted.applauncher.settings.DefaultSettingsHolder$IntegerPropertyType()	CtConstructorImpl	private
io.polyglotted.applauncher.server.SpringServer.stop()	CtMethodImpl	public
io.polyglotted.applauncher.crypto.CryptoClient.create(java.lang.String)	CtMethodImpl	private
io.polyglotted.applauncher.server.SpringServer.awaitLatch()	CtMethodImpl	private
io.polyglotted.applauncher.settings.DefaultSettingsHolder.InvocationHandlerImpl.classProxy	CtFieldReferenceImpl	private
io.polyglotted.applauncher.server.ServerShutdownHook()	CtConstructorImpl	public
io.polyglotted.applauncher.settings.DefaultSettingsHolder$DoublePropertyType()	CtConstructorImpl	private
io.polyglotted.applauncher.server.SpringServer.latch	CtFieldReferenceImpl	private
io.polyglotted.applauncher.settings.StringPropertyType.getValue(com.typesafe.config.Config,java.lang.String)	CtMethodImpl	public
io.polyglotted.applauncher.settings.DefaultSettingsHolder.doubleValue(java.lang.String)	CtMethodImpl	public
io.polyglotted.applauncher.settings.DefaultSettingsHolder.StringPropertyType	CtClassImpl	private
io.polyglotted.applauncher.settings.BooleanPropertyType.getValue(com.typesafe.config.Config,java.lang.String)	CtMethodImpl	public
io.polyglotted.applauncher.settings.InvocationHandlerImpl.invoke(java.lang.Object,java.lang.reflect.Method,java.lang.Object[])	CtMethodImpl	public
io.polyglotted.applauncher.util.Ports.allocate(java.util.Optional<java.lang.Integer>)	CtMethodImpl	public
io.polyglotted.applauncher.settings.DefaultSettingsHolder$StringPropertyType()	CtConstructorImpl	private
io.polyglotted.applauncher.settings.DefaultSettingsHolder(java.util.Map<java.lang.String, java.lang.Object>)	CtConstructorImpl	public
io.polyglotted.applauncher.settings.DefaultSettingsHolder.BooleanPropertyType	CtClassImpl	private
io.polyglotted.applauncher.settings.DefaultSettingsHolder(java.lang.String)	CtConstructorImpl	public
io.polyglotted.applauncher.settings.DefaultSettingsHolder$BooleanPropertyType()	CtConstructorImpl	private
io.polyglotted.applauncher.crypto.CryptoClient.supportEncryption	CtFieldReferenceImpl	private
io.polyglotted.applauncher.settings.DefaultSettingsHolder	CtClassImpl	public
io.polyglotted.applauncher.settings.DefaultSettingsHolder.resolveOptionalPropertyType(java.lang.reflect.Method,java.lang.Class<?>)	CtMethodImpl	private
io.polyglotted.applauncher.server.SpringServer.applicationContext	CtFieldReferenceImpl	private
io.polyglotted.applauncher.util.Ports.randomPort()	CtMethodImpl	public
io.polyglotted.applauncher.server.Main	CtClassImpl	public
io.polyglotted.applauncher.settings.DefaultSettingsHolder.methodProxyInvocationHandler()	CtMethodImpl	private
io.polyglotted.applauncher.settings.IntegerPropertyType.getValue(com.typesafe.config.Config,java.lang.String)	CtMethodImpl	public
io.polyglotted.applauncher.settings.DefaultSettingsHolder.booleanValue(java.lang.String,boolean)	CtMethodImpl	public
io.polyglotted.applauncher.settings.DefaultSettingsHolder.stringValue(java.lang.String,java.lang.String)	CtMethodImpl	public
io.polyglotted.applauncher.crypto.CryptoClient.notNullOrEmpty(java.lang.String)	CtMethodImpl	private
io.polyglotted.applauncher.server.Main.main(java.lang.String[])	CtMethodImpl	public
io.polyglotted.applauncher.settings.DefaultSettingsHolder.config	CtFieldReferenceImpl	private
io.polyglotted.applauncher.settings.DefaultSettingsHolder.validateParameterTypes(java.lang.reflect.Method)	CtMethodImpl	private
io.polyglotted.applauncher.settings.DefaultSettingsHolder.DoublePropertyType	CtClassImpl	private
io.polyglotted.applauncher.settings.DefaultSettingsHolder$InvocationHandlerImpl()	CtConstructorImpl	private
io.polyglotted.applauncher.settings.DefaultSettingsHolder.intValue(java.lang.String,int)	CtMethodImpl	public
io.polyglotted.applauncher.settings.DefaultSettingsHolder.resolvePropertyType(java.lang.reflect.Method,boolean)	CtMethodImpl	private
io.polyglotted.applauncher.crypto.CryptoClient()	CtConstructorImpl	public
io.polyglotted.applauncher.settings.SettingsException(java.lang.Throwable)	CtConstructorImpl	public
io.polyglotted.applauncher.settings.DefaultSettingsHolder.intValue(java.lang.String)	CtMethodImpl	public
io.polyglotted.applauncher.crypto.CryptoClient.SUFFIX	CtFieldReferenceImpl	private
io.polyglotted.applauncher.settings.DefaultSettingsHolder.longValue(java.lang.String,long)	CtMethodImpl	public
io.polyglotted.applauncher.crypto.CryptoClient.PASSWORD_SYSTEM_PROPERTY	CtFieldReferenceImpl	public
io.polyglotted.applauncher.server.Main.main(io.polyglotted.applauncher.server.Server)	CtMethodImpl	public
io.polyglotted.applauncher.crypto.CryptoClient.encrypt(java.lang.String)	CtMethodImpl	public
io.polyglotted.applauncher.crypto.CryptoClient.decrypt(java.lang.String)	CtMethodImpl	public
io.polyglotted.applauncher.util.Ports	CtClassImpl	public
io.polyglotted.applauncher.settings.DefaultSettingsHolder.InvocationHandlerImpl	CtClassImpl	private
io.polyglotted.applauncher.settings.DefaultSettingsHolder.LongPropertyType	CtClassImpl	private
io.polyglotted.applauncher.settings.DefaultSettingsHolder.stringValue(java.lang.String)	CtMethodImpl	public
io.polyglotted.applauncher.server.SpringServer.configurationClasses	CtFieldReferenceImpl	private
io.polyglotted.applauncher.crypto.CryptoClient(java.lang.String)	CtConstructorImpl	public
io.polyglotted.applauncher.settings.DefaultSettingsHolder.asProperties(java.lang.String,boolean)	CtMethodImpl	public
io.polyglotted.applauncher.server.ServerShutdownHook.server	CtFieldReferenceImpl	private
io.polyglotted.applauncher.settings.DefaultSettingsHolder.DefaultPropertyTypes	CtFieldReferenceImpl	private
io.polyglotted.applauncher.server.ServerShutdownHook.run()	CtMethodImpl	public
io.polyglotted.applauncher.settings.DefaultSettingsHolder$LongPropertyType()	CtConstructorImpl	private
io.polyglotted.applauncher.settings.DefaultSettingsHolder.longValue(java.lang.String)	CtMethodImpl	public
io.polyglotted.applauncher.settings.DefaultSettingsHolder.fetchDeclaredMethods(java.lang.Class<?>)	CtMethodImpl	private
io.polyglotted.applauncher.settings.SettingsException	CtClassImpl	public
io.polyglotted.applauncher.server.SpringServer.start()	CtMethodImpl	public
io.polyglotted.applauncher.settings.DefaultSettingsHolder.resolvePropertyValue(java.lang.reflect.Method,java.lang.Object,io.polyglotted.applauncher.crypto.CryptoClient)	CtMethodImpl	private
io.polyglotted.applauncher.settings.DoublePropertyType.getValue(com.typesafe.config.Config,java.lang.String)	CtMethodImpl	public
io.polyglotted.applauncher.crypto.CryptoClient	CtClassImpl	public
io.polyglotted.applauncher.server.ServerShutdownHook	CtClassImpl	public
io.polyglotted.applauncher.server.SpringServer	CtClassImpl	public
io.polyglotted.applauncher.settings.DefaultSettingsHolder.MethodProxyInvocationHandler	CtFieldReferenceImpl	private
io.polyglotted.applauncher.settings.DefaultSettingsHolder.proxy(java.lang.Class<T>,io.polyglotted.applauncher.crypto.CryptoClient)	CtMethodImpl	public
io.polyglotted.applauncher.util.Ports()	CtConstructorImpl	public
io.polyglotted.applauncher.server.SpringServer.defaultConfigurationClasses()	CtMethodImpl	private
io.polyglotted.applauncher.settings.SettingsException(java.lang.String)	CtConstructorImpl	public
io.polyglotted.applauncher.server.SpringServer()	CtConstructorImpl	public
io.polyglotted.applauncher.settings.DefaultSettingsHolder.doubleValue(java.lang.String,double)	CtMethodImpl	public
