method	type	visibility
net.sf.sprockets.google.GoogleStreetView(net.sf.sprockets.okhttp.OkHttp,net.sf.sprockets.google.GoogleApiAuth)	CtConstructorImpl	public
net.sf.sprockets.google.Builder.build()	CtMethodImpl	public
net.sf.sprockets.lang.ImmutableSubstring.Builder.value	CtFieldReferenceImpl	private
net.sf.sprockets.google.ImmutableLocation.Builder.INIT_BIT_LNG	CtFieldImpl	private
net.sf.sprockets.google.Info.appSignerShort()	CtMethodImpl	public
net.sf.sprockets.okhttp.OkHttpClientModule	CtClassImpl	public
net.sf.sprockets.google.ImmutableGoogleApiAuth.serverKey()	CtMethodImpl	public
net.sf.sprockets.google.StreetViewParams.OPT_BIT_HEIGHT	CtFieldReferenceImpl	private
net.sf.sprockets.okhttp.OkHttp.download(java.lang.String,java.io.File)	CtMethodImpl	public
net.sf.sprockets.google.GsonAdaptersInstanceId.toString()	CtMethodImpl	public
net.sf.sprockets.google.ImmutableInfo$Builder()	CtConstructorImpl	private
net.sf.sprockets.google.GoogleModule_InstanceIdFactory.get()	CtMethodImpl	public
net.sf.sprockets.util.Elements.toInts(java.lang.String[])	CtMethodImpl	public
net.sf.sprockets.google.ImmutableLocation.withLng(double)	CtMethodImpl	public
net.sf.sprockets.google.ImmutableMetadata$Builder()	CtConstructorImpl	private
net.sf.sprockets.google.Builder.date(java.lang.String)	CtMethodImpl	public
net.sf.sprockets.okhttp.OkHttpClientModule_CallFactoryFactory()	CtConstructorImpl	public
net.sf.sprockets.util.No	CtClassImpl	public
net.sf.sprockets.okhttp.OkHttpClientModule_CallFactoryFactory	CtClassImpl	public
net.sf.sprockets.google.ImmutableGoogleApiAuth.withBrowserKey(java.lang.String)	CtMethodImpl	public
net.sf.sprockets.sql.SQLite.in(java.lang.String,long[],java.lang.String[],java.lang.StringBuilder)	CtMethodImpl	private
net.sf.sprockets.util.logging.Loggers.get(java.lang.Class<?>,java.lang.String)	CtMethodImpl	public
net.sf.sprockets.util.Elements.slice(java.util.List<T>,int[])	CtMethodImpl	public
net.sf.sprockets.google.ImmutableLocation.lat	CtFieldReferenceImpl	private
net.sf.sprockets.google.GoogleModule_StreetViewFactory.create(javax.inject.Provider<net.sf.sprockets.google.GoogleStreetView>)	CtMethodImpl	public
net.sf.sprockets.util.Elements.slice(T[],int[])	CtMethodImpl	public
net.sf.sprockets.google.StreetViewParams.heightIsSet()	CtMethodImpl	public
net.sf.sprockets.google.LocationTypeAdapter.readInLng(com.google.gson.stream.JsonReader,net.sf.sprockets.google.ImmutableLocation.Builder)	CtMethodImpl	private
net.sf.sprockets.lang.ImmutableSubstring.builder()	CtMethodImpl	public
net.sf.sprockets.google.InfoTypeAdapter.readInApplicationVersion(com.google.gson.stream.JsonReader,net.sf.sprockets.google.ImmutableInfo.Builder)	CtMethodImpl	private
net.sf.sprockets.lang.Builder.length(int)	CtMethodImpl	public
net.sf.sprockets.google.InfoTypeAdapter.write(com.google.gson.stream.JsonWriter,net.sf.sprockets.google.InstanceId.Info)	CtMethodImpl	public
net.sf.sprockets.lang.ImmutableSubstring.getSuperstring()	CtMethodImpl	public
net.sf.sprockets.net.Urls.isHttp(java.lang.String)	CtMethodImpl	public
net.sf.sprockets.google.GoogleStreetView_Factory	CtClassImpl	public
net.sf.sprockets.google.StreetViewParams.latitudeIsSet()	CtMethodImpl	public
com.swizel.okhttp3.GoogleAppEngineCall.mRequest	CtFieldReferenceImpl	private
net.sf.sprockets.google.ImmutableMetadata.copyright	CtFieldReferenceImpl	private
net.sf.sprockets.google.StreetView.Metadata.Location	CtClassImpl	public
net.sf.sprockets.util.Locales()	CtConstructorImpl	private
net.sf.sprockets.util.Locales	CtClassImpl	public
net.sf.sprockets.lang.Maths.clamp(long,long,long)	CtMethodImpl	public
net.sf.sprockets.google.ImmutableMetadata.Builder.INIT_BIT_STATUS	CtFieldReferenceImpl	private
net.sf.sprockets.google.StreetViewParams.width()	CtMethodImpl	public
net.sf.sprockets.sql.SQLite.in(java.lang.String,long[])	CtMethodImpl	public
net.sf.sprockets.google.ImmutableInfo.equalTo(net.sf.sprockets.google.ImmutableInfo)	CtMethodImpl	private
net.sf.sprockets.google.ImmutableMetadata.withCopyright(java.lang.String)	CtMethodImpl	public
net.sf.sprockets.google.InstanceId.Info.ATTEST_NOT_ROOTED	CtFieldReferenceImpl	public
net.sf.sprockets.sql.Statements()	CtConstructorImpl	private
net.sf.sprockets.sql.SQLite.sFormat	CtFieldReferenceImpl	private
net.sf.sprockets.google.Builder.formatRequiredAttributesMessage()	CtMethodImpl	private
net.sf.sprockets.google.StreetViewParams.isInitialized()	CtMethodImpl	public
net.sf.sprockets.sql.Connections.close(java.sql.Connection)	CtMethodImpl	public
net.sf.sprockets.lang.Classes	CtClassImpl	public
net.sf.sprockets.google.GoogleStreetView.metadata(net.sf.sprockets.google.StreetView.Params)	CtMethodImpl	public
net.sf.sprockets.google.ImmutableGoogleApiAuth.equals(java.lang.Object)	CtMethodImpl	public
net.sf.sprockets.google.ImmutableInfo.withAppSigner(java.lang.String)	CtMethodImpl	public
net.sf.sprockets.lang.InitShim.offset(int)	CtMethodImpl	package-private
com.swizel.okhttp3.GoogleAppEngineCall.NO_ASYNC_MESSAGE	CtFieldReferenceImpl	private
net.sf.sprockets.google.InfoTypeAdapter.read(com.google.gson.stream.JsonReader)	CtMethodImpl	public
net.sf.sprockets.sql.SQLite.sDiacritics	CtFieldReferenceImpl	private
net.sf.sprockets.google.StreetViewParams.height(int)	CtMethodImpl	public
net.sf.sprockets.util.No.op()	CtMethodImpl	public
net.sf.sprockets.google.ImmutableMetadata.Builder.copyright	CtFieldReferenceImpl	private
net.sf.sprockets.google.StreetViewParams.fovIsSet()	CtMethodImpl	public
net.sf.sprockets.google.InfoTypeAdapter.readInAuthorizedEntity(com.google.gson.stream.JsonReader,net.sf.sprockets.google.ImmutableInfo.Builder)	CtMethodImpl	private
net.sf.sprockets.google.StreetViewParams.heading(int)	CtMethodImpl	public
net.sf.sprockets.google.InstanceId.Info.PLATFORM_CHROME	CtFieldReferenceImpl	public
net.sf.sprockets.util.Elements.sum(int[])	CtMethodImpl	public
net.sf.sprockets.google.Params.width()	CtMethodImpl	public
net.sf.sprockets.okhttp.OkHttpClientModule_CallFactoryFactory.get()	CtMethodImpl	public
net.sf.sprockets.google.StreetViewParams.OPT_BIT_LONGITUDE	CtFieldReferenceImpl	private
net.sf.sprockets.google.StreetViewParams.pitchIsSet()	CtMethodImpl	public
net.sf.sprockets.google.InfoTypeAdapter.readInAttestStatus(com.google.gson.stream.JsonReader,net.sf.sprockets.google.ImmutableInfo.Builder)	CtMethodImpl	private
net.sf.sprockets.google.LocationTypeAdapter.read(com.google.gson.stream.JsonReader)	CtMethodImpl	public
net.sf.sprockets.google.ImmutableInfo.status	CtFieldReferenceImpl	private
net.sf.sprockets.google.Builder.platform(java.lang.String)	CtMethodImpl	public
net.sf.sprockets.google.GoogleInstanceId.info(java.lang.String)	CtMethodImpl	public
net.sf.sprockets.google.StreetViewParams.latitude(double)	CtMethodImpl	public
net.sf.sprockets.lang.Classes.getTypeArgument(java.lang.Class<?>,java.lang.String)	CtMethodImpl	public
net.sf.sprockets.lang.ImmutableSubstring$InitShim()	CtConstructorImpl	private
net.sf.sprockets.sql.Statements.setLongs(java.sql.PreparedStatement,long[])	CtMethodImpl	public
net.sf.sprockets.google.ImmutableInfo.Builder.application	CtFieldReferenceImpl	private
net.sf.sprockets.google.ImmutableGoogleApiAuth(java.lang.String,java.lang.String,java.lang.String)	CtConstructorImpl	private
net.sf.sprockets.google.ImmutableLocation.builder()	CtMethodImpl	public
net.sf.sprockets.google.GsonAdaptersStreetView.LocationTypeAdapter.LocationNamingFields.lng	CtFieldReferenceImpl	public
net.sf.sprockets.google.StreetViewParams	CtClassImpl	public
net.sf.sprockets.google.GsonAdaptersInstanceId.create(com.google.gson.Gson,com.google.gson.reflect.TypeToken<T>)	CtMethodImpl	public
net.sf.sprockets.google.LocationTypeAdapter.readInLat(com.google.gson.stream.JsonReader,net.sf.sprockets.google.ImmutableLocation.Builder)	CtMethodImpl	private
net.sf.sprockets.google.InstanceId.Info.STATUS_NOT_FOUND	CtFieldReferenceImpl	public
net.sf.sprockets.okhttp.GoogleAppEngineOkHttpClientModule_CallFactoryFactory.proxyCallFactory()	CtMethodImpl	public
net.sf.sprockets.google.StreetViewParams.create()	CtMethodImpl	public
net.sf.sprockets.google.Info.status()	CtMethodImpl	public
net.sf.sprockets.sql.SQLite.count(java.lang.String,java.lang.String)	CtMethodImpl	public
net.sf.sprockets.google.MetadataTypeAdapter.readInLocation(com.google.gson.stream.JsonReader,net.sf.sprockets.google.ImmutableMetadata.Builder)	CtMethodImpl	private
net.sf.sprockets.google.StreetViewParams.height()	CtMethodImpl	public
net.sf.sprockets.google.GoogleInstanceId_Factory	CtClassImpl	public
net.sf.sprockets.google.ImmutableGoogleApiAuth.Builder.browserKey	CtFieldReferenceImpl	private
net.sf.sprockets.sql.SQLite.alias_(java.lang.String)	CtMethodImpl	public
com.swizel.okhttp3.GoogleAppEngineOkHttpClient.newCall(okhttp3.Request)	CtMethodImpl	public
net.sf.sprockets.google.InstanceId.Info.STATUS_UNKNOWN_ERROR	CtFieldReferenceImpl	public
net.sf.sprockets.util.No.op(java.lang.Object[])	CtMethodImpl	public
com.swizel.okhttp3.GoogleAppEngineCall.isExecuted()	CtMethodImpl	public
net.sf.sprockets.google.Builder.from(net.sf.sprockets.google.StreetView.Metadata)	CtMethodImpl	public
net.sf.sprockets.google.InfoTypeAdapter.eachAttribute(com.google.gson.stream.JsonReader,net.sf.sprockets.google.ImmutableInfo.Builder)	CtMethodImpl	private
net.sf.sprockets.google.ImmutableInfo.STAGE_INITIALIZED	CtFieldReferenceImpl	private
net.sf.sprockets.google.ImmutableMetadata.equalTo(net.sf.sprockets.google.ImmutableMetadata)	CtMethodImpl	private
net.sf.sprockets.okhttp.GoogleAppEngineOkHttpClientModule_CallFactoryFactory.INSTANCE	CtFieldReferenceImpl	private
net.sf.sprockets.google.ImmutableGoogleApiAuth.Builder.INIT_BIT_SERVER_KEY	CtFieldReferenceImpl	private
net.sf.sprockets.lang.InitShim.getOffset()	CtMethodImpl	package-private
net.sf.sprockets.google.MetadataTypeAdapter.readInStatus(com.google.gson.stream.JsonReader,net.sf.sprockets.google.ImmutableMetadata.Builder)	CtMethodImpl	private
net.sf.sprockets.google.StreetViewParams.pano()	CtMethodImpl	public
net.sf.sprockets.google.GoogleInstanceId_Factory.clientProvider	CtFieldReferenceImpl	private
net.sf.sprockets.google.Builder.urlSigningSecret(java.lang.String)	CtMethodImpl	public
net.sf.sprockets.google.GsonAdaptersStreetView.LocationTypeAdapter.LocationNamingFields	CtClassImpl	package-private
net.sf.sprockets.google.GoogleInstanceId.mClient	CtFieldReferenceImpl	private
net.sf.sprockets.sql.SQLite.func(java.lang.String,java.lang.String,java.lang.String)	CtMethodImpl	private
net.sf.sprockets.google.ImmutableInfo.withAuthorizedEntity(java.lang.String)	CtMethodImpl	public
net.sf.sprockets.google.ImmutableMetadata(java.lang.String,java.lang.String,net.sf.sprockets.google.StreetView.Metadata.Location,java.lang.String,java.lang.String)	CtConstructorImpl	private
net.sf.sprockets.google.StreetViewParams.OPT_BIT_WIDTH	CtFieldReferenceImpl	private
net.sf.sprockets.okhttp.OkHttp.call(java.lang.String,java.lang.String[])	CtMethodImpl	public
net.sf.sprockets.google.GoogleStreetView.mClient	CtFieldReferenceImpl	private
net.sf.sprockets.lang.ImmutableSubstring.withLength(int)	CtMethodImpl	public
net.sf.sprockets.google.Builder.lat(double)	CtMethodImpl	public
net.sf.sprockets.google.ImmutableGoogleApiAuth.Builder.urlSigningSecret	CtFieldReferenceImpl	private
net.sf.sprockets.google.ImmutableMetadata.Builder	CtClassImpl	public
com.swizel.okhttp3.GoogleAppEngineCall.mExecuted	CtFieldReferenceImpl	private
net.sf.sprockets.sql.SQLite.alias(java.lang.String,java.lang.String)	CtMethodImpl	public
net.sf.sprockets.lang.ImmutableSubstring.InitShim.offsetBuildStage	CtFieldReferenceImpl	private
net.sf.sprockets.util.MeasureUnit.getSubtype()	CtMethodImpl	public
net.sf.sprockets.google.StreetViewParams.fov	CtFieldReferenceImpl	private
net.sf.sprockets.google.Builder.from(net.sf.sprockets.google.InstanceId.Info)	CtMethodImpl	public
net.sf.sprockets.google.Builder.status(java.lang.String)	CtMethodImpl	public
net.sf.sprockets.google.StreetViewParams.pano	CtFieldReferenceImpl	private
net.sf.sprockets.sql.Statements.allInts(java.sql.PreparedStatement)	CtMethodImpl	public
net.sf.sprockets.util.Locales.USES_MILES	CtFieldReferenceImpl	private
net.sf.sprockets.google.GsonAdaptersStreetView.MetadataTypeAdapter.MetadataNamingFields.status	CtFieldReferenceImpl	public
net.sf.sprockets.util.Geos	CtClassImpl	public
net.sf.sprockets.google.StreetView.Metadata.STATUS_ZERO_RESULTS	CtFieldReferenceImpl	public
net.sf.sprockets.sql.SQLite.millis(java.lang.String)	CtMethodImpl	public
net.sf.sprockets.google.GsonAdaptersStreetView$MetadataTypeAdapter(com.google.gson.Gson)	CtConstructorImpl	package-private
net.sf.sprockets.sql.SQLite	CtClassImpl	public
net.sf.sprockets.google.ImmutableInfo	CtClassImpl	public
com.swizel.okhttp3.GoogleAppEngineCall.mCancelled	CtFieldReferenceImpl	private
net.sf.sprockets.sql.SQLite.millis(java.lang.String,java.lang.String,java.lang.String)	CtMethodImpl	public
net.sf.sprockets.google.Params.latitude()	CtMethodImpl	public
net.sf.sprockets.sql.SQLite.in(java.lang.String,java.lang.String[],java.lang.StringBuilder)	CtMethodImpl	public
net.sf.sprockets.google.GsonAdaptersStreetView.LocationTypeAdapter	CtClassImpl	private
net.sf.sprockets.google.GsonAdaptersStreetView.LocationTypeAdapter.latName	CtFieldReferenceImpl	package-private
net.sf.sprockets.util.MeasureUnit.MILE	CtFieldReferenceImpl	public
net.sf.sprockets.google.GoogleInstanceId_Factory.get()	CtMethodImpl	public
net.sf.sprockets.google.StreetViewParams.unsetHeading()	CtMethodImpl	public
net.sf.sprockets.lang.ImmutableSubstring.initShim	CtFieldReferenceImpl	private
net.sf.sprockets.google.GsonAdaptersStreetView.MetadataTypeAdapter.statusName	CtFieldReferenceImpl	package-private
net.sf.sprockets.google.InstanceId.Info.ATTEST_UNKNOWN	CtFieldReferenceImpl	public
net.sf.sprockets.google.ImmutableInfo.InitShim.statusBuildStage	CtFieldReferenceImpl	private
net.sf.sprockets.lang.ImmutableSubstring.InitShim.length	CtFieldReferenceImpl	private
net.sf.sprockets.google.StreetViewParams.OPT_BIT_LATITUDE	CtFieldReferenceImpl	private
net.sf.sprockets.google.GoogleModule_StreetViewFactory(javax.inject.Provider<net.sf.sprockets.google.GoogleStreetView>)	CtConstructorImpl	public
net.sf.sprockets.google.GoogleStreetView.image(net.sf.sprockets.google.StreetView.Params,java.io.File)	CtMethodImpl	public
net.sf.sprockets.google.ImmutableInfo.initShim	CtFieldReferenceImpl	private
net.sf.sprockets.lang.ImmutableSubstring$Builder()	CtConstructorImpl	private
net.sf.sprockets.lang.Builder.offsetIsSet()	CtMethodImpl	private
net.sf.sprockets.sql.SQLite.distance(java.lang.String,java.lang.String,java.lang.String,double,double,net.sf.sprockets.util.MeasureUnit,java.lang.String)	CtMethodImpl	public
net.sf.sprockets.google.ImmutableInfo.InitShim.appSignerShortBuildStage	CtFieldReferenceImpl	private
net.sf.sprockets.okhttp.OkHttpClientModule_CallFactoryFactory.proxyCallFactory()	CtMethodImpl	public
net.sf.sprockets.sql.SQLite.groupConcat(java.lang.String,java.lang.String,java.lang.String)	CtMethodImpl	public
net.sf.sprockets.sql.SQLite.in(java.lang.String,long[],java.lang.StringBuilder)	CtMethodImpl	public
net.sf.sprockets.lang.Maths.clamp(int,int,int)	CtMethodImpl	public
net.sf.sprockets.net.Urls	CtClassImpl	public
com.swizel.okhttp3.GoogleAppEngineCall.enqueue(okhttp3.Callback)	CtMethodImpl	public
net.sf.sprockets.google.ImmutableInfo.builder()	CtMethodImpl	public
net.sf.sprockets.google.GsonAdaptersStreetView.MetadataTypeAdapter.MetadataNamingFields.panoId	CtFieldReferenceImpl	public
net.sf.sprockets.util.Elements.sum(long[])	CtMethodImpl	public
net.sf.sprockets.google.ImmutableInfo.STAGE_UNINITIALIZED	CtFieldReferenceImpl	private
net.sf.sprockets.google.ImmutableMetadata.Builder.date	CtFieldReferenceImpl	private
net.sf.sprockets.google.ImmutableGoogleApiAuth.Builder.serverKey	CtFieldReferenceImpl	private
net.sf.sprockets.google.StreetViewParams.heading()	CtMethodImpl	public
net.sf.sprockets.google.InfoTypeAdapter.readInfo(com.google.gson.stream.JsonReader)	CtMethodImpl	private
net.sf.sprockets.google.GsonAdaptersStreetView.translateName(com.google.gson.Gson,java.lang.Class<?>,java.lang.String)	CtMethodImpl	private
com.swizel.okhttp3.GoogleAppEngineCall.setHeaders(okhttp3.Request,java.net.URL,java.net.URLConnection)	CtMethodImpl	private
net.sf.sprockets.google.ImmutableGoogleApiAuth.copyOf(net.sf.sprockets.google.GoogleApiAuth)	CtMethodImpl	public
net.sf.sprockets.google.ImmutableLocation.lat()	CtMethodImpl	public
net.sf.sprockets.google.ImmutableGoogleApiAuth$Builder()	CtConstructorImpl	private
net.sf.sprockets.google.StreetViewParams.toString()	CtMethodImpl	public
net.sf.sprockets.google.ImmutableInfo.platform()	CtMethodImpl	public
net.sf.sprockets.google.ImmutableInfo.Builder.authorizedEntity	CtFieldReferenceImpl	private
net.sf.sprockets.google.GoogleModule()	CtConstructorImpl	public
net.sf.sprockets.util.Elements.toStrings(long[])	CtMethodImpl	public
net.sf.sprockets.google.GoogleModule_InstanceIdFactory.create(javax.inject.Provider<net.sf.sprockets.google.GoogleInstanceId>)	CtMethodImpl	public
net.sf.sprockets.google.InitShim.formatInitCycleMessage()	CtMethodImpl	private
net.sf.sprockets.google.ImmutableMetadata.date	CtFieldReferenceImpl	private
net.sf.sprockets.lang.ImmutableSubstring.STAGE_UNINITIALIZED	CtFieldReferenceImpl	private
net.sf.sprockets.google.ImmutableGoogleApiAuth.builder()	CtMethodImpl	public
net.sf.sprockets.util.Elements.get(T[],int)	CtMethodImpl	public
net.sf.sprockets.google.ImmutableGoogleApiAuth.toString()	CtMethodImpl	public
net.sf.sprockets.sql.SQLite.avg(java.lang.String,java.lang.String)	CtMethodImpl	public
net.sf.sprockets.google.GsonAdaptersStreetView$LocationTypeAdapter(com.google.gson.Gson)	CtConstructorImpl	package-private
net.sf.sprockets.sql.SQLite.sDistance	CtFieldReferenceImpl	private
net.sf.sprockets.sql.SQLite.millis(java.lang.String,java.lang.String)	CtMethodImpl	public
net.sf.sprockets.google.ImmutableGoogleApiAuth.Builder.initBits	CtFieldReferenceImpl	private
net.sf.sprockets.google.Builder.serverKey(java.lang.String)	CtMethodImpl	public
net.sf.sprockets.lang.Builder.from(net.sf.sprockets.lang.Substring)	CtMethodImpl	public
net.sf.sprockets.google.Builder.from(net.sf.sprockets.google.GoogleApiAuth)	CtMethodImpl	public
net.sf.sprockets.google.ImmutableInfo.withApplication(java.lang.String)	CtMethodImpl	public
net.sf.sprockets.lang.ImmutableSubstring.Builder.OPT_BIT_LENGTH	CtFieldImpl	private
net.sf.sprockets.google.LocationTypeAdapter.adapts(com.google.gson.reflect.TypeToken<?>)	CtMethodImpl	package-private
net.sf.sprockets.google.InstanceId.Info.PLATFORM_IOS	CtFieldReferenceImpl	public
net.sf.sprockets.lang.ImmutableSubstring.STAGE_INITIALIZING	CtFieldReferenceImpl	private
net.sf.sprockets.google.InstanceId.Info.STATUS_OK	CtFieldReferenceImpl	public
net.sf.sprockets.google.GsonAdaptersStreetView.MetadataTypeAdapter.panoIdName	CtFieldReferenceImpl	package-private
net.sf.sprockets.google.ImmutableInfo.Builder.attestStatus	CtFieldReferenceImpl	private
net.sf.sprockets.google.MetadataTypeAdapter.readInCopyright(com.google.gson.stream.JsonReader,net.sf.sprockets.google.ImmutableMetadata.Builder)	CtMethodImpl	private
net.sf.sprockets.sql.Statements.allStrings(java.sql.PreparedStatement)	CtMethodImpl	public
net.sf.sprockets.google.ImmutableInfo.InitShim.appSignerShort	CtFieldReferenceImpl	private
net.sf.sprockets.google.ImmutableInfo.InitShim.status	CtFieldReferenceImpl	private
net.sf.sprockets.sql.Connections	CtClassImpl	public
net.sf.sprockets.google.InstanceId.Info.PLATFORM_ANDROID	CtFieldReferenceImpl	public
net.sf.sprockets.google.StreetViewParams.equals(java.lang.Object)	CtMethodImpl	public
net.sf.sprockets.google.ImmutableMetadata.copyright()	CtMethodImpl	public
okhttp3.ResponseBody.reader	CtFieldReferenceImpl	private
net.sf.sprockets.google.LocationTypeAdapter.writeLocation(com.google.gson.stream.JsonWriter,net.sf.sprockets.google.StreetView.Metadata.Location)	CtMethodImpl	private
net.sf.sprockets.util.Elements.toStrings(int[],long[])	CtMethodImpl	private
com.swizel.okhttp3.GoogleAppEngineCall(okhttp3.Request)	CtConstructorImpl	package-private
net.sf.sprockets.google.ImmutableInfo.Builder.applicationVersion	CtFieldReferenceImpl	private
net.sf.sprockets.google.InstanceId$Info()	CtConstructorImpl	package-private
net.sf.sprockets.io.MoreFiles	CtClassImpl	public
net.sf.sprockets.okhttp.OkHttpClientModule_CallFactoryFactory.INSTANCE	CtFieldReferenceImpl	private
net.sf.sprockets.sql.SQLite.aliased_(java.lang.String)	CtMethodImpl	public
net.sf.sprockets.lang.ImmutableSubstring.Builder.OPT_BIT_OFFSET	CtFieldReferenceImpl	private
net.sf.sprockets.google.Params.create()	CtMethodImpl	public
net.sf.sprockets.okhttp.GoogleAppEngineOkHttpClientModule_CallFactoryFactory()	CtConstructorImpl	public
net.sf.sprockets.sql.SQLite.appendEscapedSQLString(java.lang.StringBuilder,java.lang.String)	CtMethodImpl	private
com.swizel.okhttp3.GoogleAppEngineCall.request()	CtMethodImpl	public
net.sf.sprockets.sql.Statements.setInts(java.sql.PreparedStatement,int[])	CtMethodImpl	public
net.sf.sprockets.google.GoogleInstanceId_Factory.authProvider	CtFieldReferenceImpl	private
net.sf.sprockets.google.GsonAdaptersStreetView.MetadataTypeAdapter.MetadataNamingFields.copyright	CtFieldReferenceImpl	public
net.sf.sprockets.google.GoogleStreetView_Factory.create(javax.inject.Provider<net.sf.sprockets.okhttp.OkHttp>,javax.inject.Provider<net.sf.sprockets.google.GoogleApiAuth>)	CtMethodImpl	public
net.sf.sprockets.google.StreetView.Metadata.STATUS_UNKNOWN_ERROR	CtFieldReferenceImpl	public
net.sf.sprockets.util.Geos()	CtConstructorImpl	private
net.sf.sprockets.lang.Substring.builder()	CtMethodImpl	public
net.sf.sprockets.google.GsonAdaptersStreetView.MetadataTypeAdapter.locationName	CtFieldReferenceImpl	package-private
net.sf.sprockets.google.ImmutableLocation.lng	CtFieldReferenceImpl	private
net.sf.sprockets.naming.Contexts()	CtConstructorImpl	private
net.sf.sprockets.lang.ImmutableSubstring.Builder.length	CtFieldReferenceImpl	private
net.sf.sprockets.google.StreetView$Metadata()	CtConstructorImpl	package-private
net.sf.sprockets.google.StreetViewParams.OPT_BIT_PITCH	CtFieldReferenceImpl	private
net.sf.sprockets.okhttp.GoogleAppEngineOkHttpClientModule_CallFactoryFactory.get()	CtMethodImpl	public
net.sf.sprockets.google.ImmutableInfo.appSigner	CtFieldReferenceImpl	private
net.sf.sprockets.lang.ImmutableSubstring.Builder	CtClassImpl	public
net.sf.sprockets.google.Params.pitch()	CtMethodImpl	public
net.sf.sprockets.sql.SQLite.datetime(long)	CtMethodImpl	public
net.sf.sprockets.google.GoogleInstanceId(net.sf.sprockets.okhttp.OkHttp,net.sf.sprockets.google.GoogleApiAuth)	CtConstructorImpl	public
net.sf.sprockets.google.GsonAdaptersStreetView()	CtConstructorImpl	public
net.sf.sprockets.google.ImmutableLocation.Builder.lat	CtFieldReferenceImpl	private
net.sf.sprockets.io.MoreFiles.DOT_PART	CtFieldReferenceImpl	public
net.sf.sprockets.lang.InitShim.getLength()	CtMethodImpl	package-private
net.sf.sprockets.lang.ImmutableSubstring.InitShim	CtClassImpl	private
net.sf.sprockets.google.ImmutableInfo.equals(java.lang.Object)	CtMethodImpl	public
net.sf.sprockets.lang.InitShim.length(int)	CtMethodImpl	package-private
net.sf.sprockets.lang.Maths.rollover(int,int,int)	CtMethodImpl	public
net.sf.sprockets.sql.Statements.setLongs(int,java.sql.PreparedStatement,long[])	CtMethodImpl	public
net.sf.sprockets.google.StreetViewParams.width	CtFieldReferenceImpl	private
net.sf.sprockets.google.GoogleInstanceId.mGson	CtFieldReferenceImpl	private
net.sf.sprockets.google.StreetViewParams.unsetLongitude()	CtMethodImpl	public
net.sf.sprockets.util.logging.Loggers()	CtConstructorImpl	private
net.sf.sprockets.google.GsonAdaptersStreetView	CtClassImpl	public
net.sf.sprockets.google.StreetViewParams.height	CtFieldReferenceImpl	private
net.sf.sprockets.google.ImmutableInfo.appSigner()	CtMethodImpl	public
com.swizel.okhttp3.GoogleAppEngineOkHttpClient	CtClassImpl	public
net.sf.sprockets.google.ImmutableGoogleApiAuth.equalTo(net.sf.sprockets.google.ImmutableGoogleApiAuth)	CtMethodImpl	private
net.sf.sprockets.google.Info.matches(net.sf.sprockets.google.InstanceId.Info)	CtMethodImpl	public
net.sf.sprockets.google.ImmutableLocation(double,double)	CtConstructorImpl	private
net.sf.sprockets.google.ImmutableInfo.Builder.platform	CtFieldReferenceImpl	private
net.sf.sprockets.google.InfoTypeAdapter.readInApplication(com.google.gson.stream.JsonReader,net.sf.sprockets.google.ImmutableInfo.Builder)	CtMethodImpl	private
net.sf.sprockets.google.InfoTypeAdapter.readInPlatform(com.google.gson.stream.JsonReader,net.sf.sprockets.google.ImmutableInfo.Builder)	CtMethodImpl	private
net.sf.sprockets.google.StreetView$Params()	CtConstructorImpl	package-private
net.sf.sprockets.google.InstanceId.Info.STATUS_UNAUTHORIZED	CtFieldReferenceImpl	public
net.sf.sprockets.google.Params.heading()	CtMethodImpl	public
com.swizel.okhttp3.GoogleAppEngineCall.1	CtClassImpl	package-private
net.sf.sprockets.util.Elements()	CtConstructorImpl	private
net.sf.sprockets.google.ImmutableInfo.Builder.status	CtFieldReferenceImpl	private
net.sf.sprockets.google.ImmutableLocation.Builder.initBits	CtFieldReferenceImpl	private
net.sf.sprockets.lang.ImmutableSubstring.InitShim.lengthBuildStage	CtFieldReferenceImpl	private
net.sf.sprockets.lang.Substring.getOffset()	CtMethodImpl	public
net.sf.sprockets.lang.Classes.getClass(java.lang.Object)	CtMethodImpl	public
net.sf.sprockets.google.ImmutableLocation.Builder.INIT_BIT_LAT	CtFieldReferenceImpl	private
net.sf.sprockets.util.Geos.LATITUDE_DEGREE_MI	CtFieldReferenceImpl	public
net.sf.sprockets.google.ImmutableMetadata.location()	CtMethodImpl	public
net.sf.sprockets.google.InfoTypeAdapter.readInAppSigner(com.google.gson.stream.JsonReader,net.sf.sprockets.google.ImmutableInfo.Builder)	CtMethodImpl	private
net.sf.sprockets.sql.SQLite.datetime()	CtMethodImpl	public
net.sf.sprockets.util.Elements.addAll(org.apache.commons.collections.primitives.LongCollection,long[])	CtMethodImpl	public
net.sf.sprockets.google.ImmutableMetadata.builder()	CtMethodImpl	public
net.sf.sprockets.okhttp.OkHttpClientModule()	CtConstructorImpl	public
net.sf.sprockets.sql.SQLite.avg(java.lang.String)	CtMethodImpl	public
net.sf.sprockets.google.ImmutableInfo.withApplicationVersion(java.lang.String)	CtMethodImpl	public
net.sf.sprockets.util.Locales.getDistanceUnit(java.util.Locale)	CtMethodImpl	public
net.sf.sprockets.google.StreetViewParams.longitude	CtFieldReferenceImpl	private
net.sf.sprockets.google.StreetViewParams.hashCode()	CtMethodImpl	public
net.sf.sprockets.google.GsonAdaptersInstanceId$InfoTypeAdapter(com.google.gson.Gson)	CtConstructorImpl	package-private
net.sf.sprockets.google.MetadataTypeAdapter.eachAttribute(com.google.gson.stream.JsonReader,net.sf.sprockets.google.ImmutableMetadata.Builder)	CtMethodImpl	private
net.sf.sprockets.google.ImmutableMetadata.Builder.initBits	CtFieldReferenceImpl	private
net.sf.sprockets.sql.Connections.closeQuietly(java.sql.Connection)	CtMethodImpl	public
net.sf.sprockets.google.StreetViewParams.fov(int)	CtMethodImpl	public
net.sf.sprockets.util.Locales.getDistanceUnit()	CtMethodImpl	public
net.sf.sprockets.util.concurrent.Interruptibles	CtClassImpl	public
net.sf.sprockets.lang.Classes()	CtConstructorImpl	private
net.sf.sprockets.google.ImmutableGoogleApiAuth.Builder	CtClassImpl	public
net.sf.sprockets.lang.ImmutableSubstring.getOffset()	CtMethodImpl	public
net.sf.sprockets.google.GoogleModule_InstanceIdFactory.proxyInstanceId(net.sf.sprockets.google.GoogleInstanceId)	CtMethodImpl	public
net.sf.sprockets.google.Params.sign(java.lang.String,java.lang.String)	CtMethodImpl	private
net.sf.sprockets.lang.Maths()	CtConstructorImpl	private
com.swizel.okhttp3.GoogleAppEngineOkHttpClient()	CtConstructorImpl	public
net.sf.sprockets.google.Info.builder()	CtMethodImpl	public
net.sf.sprockets.util.MeasureUnit.hashCode()	CtMethodImpl	public
net.sf.sprockets.google.InstanceId.Info.ATTEST_ROOTED	CtFieldReferenceImpl	public
net.sf.sprockets.google.GoogleApiAuth	CtClassImpl	public
net.sf.sprockets.google.ImmutableInfo.appSignerShort()	CtMethodImpl	public
net.sf.sprockets.lang.ImmutableSubstring.withOffset(int)	CtMethodImpl	public
net.sf.sprockets.google.ImmutableMetadata.panoId()	CtMethodImpl	public
net.sf.sprockets.sql.SQLite.min(java.lang.String)	CtMethodImpl	public
net.sf.sprockets.sql.Statements.update(java.sql.PreparedStatement)	CtMethodImpl	public
net.sf.sprockets.google.ImmutableGoogleApiAuth.Builder.INIT_BIT_BROWSER_KEY	CtFieldReferenceImpl	private
net.sf.sprockets.google.StreetViewParams.widthIsSet()	CtMethodImpl	public
net.sf.sprockets.google.GsonAdaptersStreetView$LocationTypeAdapter$LocationNamingFields()	CtConstructorImpl	package-private
net.sf.sprockets.lang.ImmutableSubstring.withValue(java.lang.String)	CtMethodImpl	public
net.sf.sprockets.lang.Maths	CtClassImpl	public
net.sf.sprockets.lang.ImmutableSubstring.Builder.superstring	CtFieldReferenceImpl	private
net.sf.sprockets.google.LocationTypeAdapter.write(com.google.gson.stream.JsonWriter,net.sf.sprockets.google.StreetView.Metadata.Location)	CtMethodImpl	public
net.sf.sprockets.google.StreetViewParams.OPT_BIT_FOV	CtFieldReferenceImpl	private
net.sf.sprockets.lang.Classes.getNamedClass(java.lang.Object)	CtMethodImpl	public
net.sf.sprockets.google.Builder.authorizedEntity(java.lang.String)	CtMethodImpl	public
net.sf.sprockets.google.ImmutableLocation.Builder.INIT_BIT_LNG	CtFieldReferenceImpl	private
net.sf.sprockets.util.Elements.to(java.lang.Class<?>,java.lang.String[])	CtMethodImpl	private
net.sf.sprockets.google.ImmutableGoogleApiAuth.serverKey	CtFieldReferenceImpl	private
net.sf.sprockets.lang.ImmutableSubstring.InitShim.offset	CtFieldReferenceImpl	private
net.sf.sprockets.google.GoogleStreetView	CtClassImpl	public
net.sf.sprockets.google.ImmutableLocation.copyOf(net.sf.sprockets.google.StreetView.Metadata.Location)	CtMethodImpl	public
net.sf.sprockets.okhttp.OkHttp_Factory.get()	CtMethodImpl	public
net.sf.sprockets.google.GoogleModule_StreetViewFactory	CtClassImpl	public
com.swizel.okhttp3.GoogleAppEngineCall.EMPTY_BODY	CtFieldReferenceImpl	private
net.sf.sprockets.google.GoogleInstanceId_Factory.create(javax.inject.Provider<net.sf.sprockets.okhttp.OkHttp>,javax.inject.Provider<net.sf.sprockets.google.GoogleApiAuth>)	CtMethodImpl	public
net.sf.sprockets.google.GsonAdaptersInstanceId()	CtConstructorImpl	public
net.sf.sprockets.google.StreetView.Params.REQUEST_METADATA	CtFieldReferenceImpl	public
net.sf.sprockets.lang.ImmutableSubstring.copyOf(net.sf.sprockets.lang.Substring)	CtMethodImpl	public
net.sf.sprockets.google.ImmutableGoogleApiAuth	CtClassImpl	public
net.sf.sprockets.google.ImmutableInfo.STAGE_INITIALIZING	CtFieldReferenceImpl	private
net.sf.sprockets.google.StreetViewParams.unsetWidth()	CtMethodImpl	public
net.sf.sprockets.google.ImmutableInfo.application	CtFieldReferenceImpl	private
net.sf.sprockets.google.GoogleModule	CtClassImpl	public
net.sf.sprockets.google.ImmutableGoogleApiAuth.Builder.INIT_BIT_BROWSER_KEY	CtFieldImpl	private
net.sf.sprockets.sql.Statements.setInts(int,java.sql.PreparedStatement,int[])	CtMethodImpl	public
net.sf.sprockets.google.GoogleModule_StreetViewFactory.proxyStreetView(net.sf.sprockets.google.GoogleStreetView)	CtMethodImpl	public
net.sf.sprockets.google.ImmutableMetadata.copyOf(net.sf.sprockets.google.StreetView.Metadata)	CtMethodImpl	public
net.sf.sprockets.google.InitShim.status()	CtMethodImpl	package-private
net.sf.sprockets.google.ImmutableInfo(java.lang.String,java.lang.String,java.lang.String,java.lang.String,java.lang.String,java.lang.String,java.lang.String)	CtConstructorImpl	private
net.sf.sprockets.google.ImmutableMetadata.Builder.panoId	CtFieldReferenceImpl	private
net.sf.sprockets.naming.Contexts.resource(java.lang.String)	CtMethodImpl	public
net.sf.sprockets.google.Builder.copyright(java.lang.String)	CtMethodImpl	public
net.sf.sprockets.lang.Builder.offset(int)	CtMethodImpl	public
net.sf.sprockets.google.StreetViewParams.pitch	CtFieldReferenceImpl	private
net.sf.sprockets.google.GoogleStreetView.image(net.sf.sprockets.google.StreetView.Params)	CtMethodImpl	public
net.sf.sprockets.io.MoreFiles()	CtConstructorImpl	private
net.sf.sprockets.google.ImmutableMetadata.Builder.location	CtFieldReferenceImpl	private
net.sf.sprockets.google.GsonAdaptersStreetView.MetadataTypeAdapter.locationTypeAdapter	CtFieldReferenceImpl	private
net.sf.sprockets.google.ImmutableInfo.authorizedEntity	CtFieldReferenceImpl	private
net.sf.sprockets.sql.Statements.firstRow(java.sql.PreparedStatement,java.lang.Class<?>)	CtMethodImpl	private
net.sf.sprockets.google.ImmutableGoogleApiAuth.urlSigningSecret()	CtMethodImpl	public
net.sf.sprockets.google.StreetViewParams.latitude	CtFieldReferenceImpl	private
net.sf.sprockets.lang.Builder.superstring(java.lang.String)	CtMethodImpl	public
net.sf.sprockets.google.ImmutableInfo.Builder	CtClassImpl	public
net.sf.sprockets.google.ImmutableInfo(net.sf.sprockets.google.ImmutableInfo.Builder)	CtConstructorImpl	private
net.sf.sprockets.google.StreetViewParams.heading	CtFieldReferenceImpl	private
net.sf.sprockets.sql.Statements	CtClassImpl	public
net.sf.sprockets.lang.Builder.build()	CtMethodImpl	public
net.sf.sprockets.google.InitShim.appSignerShort()	CtMethodImpl	package-private
net.sf.sprockets.google.InfoTypeAdapter.readInStatus(com.google.gson.stream.JsonReader,net.sf.sprockets.google.ImmutableInfo.Builder)	CtMethodImpl	private
net.sf.sprockets.google.ImmutableInfo.application()	CtMethodImpl	public
net.sf.sprockets.naming.Contexts.lookup(java.lang.String)	CtMethodImpl	public
net.sf.sprockets.sql.SQLite.alias(java.lang.String)	CtMethodImpl	public
net.sf.sprockets.sql.Statements.firstLongRow(java.sql.PreparedStatement)	CtMethodImpl	public
net.sf.sprockets.lang.ImmutableSubstring.toString()	CtMethodImpl	public
net.sf.sprockets.google.InfoTypeAdapter.writeInfo(com.google.gson.stream.JsonWriter,net.sf.sprockets.google.InstanceId.Info)	CtMethodImpl	private
net.sf.sprockets.util.Geos.cos(double)	CtMethodImpl	public
net.sf.sprockets.google.Params.fov()	CtMethodImpl	public
net.sf.sprockets.sql.Statements.firstString(java.sql.PreparedStatement)	CtMethodImpl	public
net.sf.sprockets.okhttp.OkHttp.call(java.lang.String)	CtMethodImpl	public
net.sf.sprockets.google.MetadataTypeAdapter.readInDate(com.google.gson.stream.JsonReader,net.sf.sprockets.google.ImmutableMetadata.Builder)	CtMethodImpl	private
net.sf.sprockets.google.GsonAdaptersStreetView.MetadataTypeAdapter.MetadataNamingFields.date	CtFieldReferenceImpl	public
net.sf.sprockets.util.MeasureUnit.equals(java.lang.Object)	CtMethodImpl	public
net.sf.sprockets.sql.SQLite.in(java.lang.String,java.lang.String[])	CtMethodImpl	public
net.sf.sprockets.sql.SQLite.normalise(java.lang.String)	CtMethodImpl	public
net.sf.sprockets.google.ImmutableLocation.equalTo(net.sf.sprockets.google.ImmutableLocation)	CtMethodImpl	private
net.sf.sprockets.google.ImmutableLocation.withLat(double)	CtMethodImpl	public
net.sf.sprockets.google.ImmutableLocation.toString()	CtMethodImpl	public
net.sf.sprockets.google.StreetViewParams.equalTo(net.sf.sprockets.google.StreetViewParams)	CtMethodImpl	private
net.sf.sprockets.lang.ImmutableSubstring.offset	CtFieldReferenceImpl	private
net.sf.sprockets.google.StreetViewParams.unsetHeight()	CtMethodImpl	public
net.sf.sprockets.google.ImmutableLocation$Builder()	CtConstructorImpl	private
net.sf.sprockets.google.StreetViewParams.unsetFov()	CtMethodImpl	public
net.sf.sprockets.google.GsonAdaptersStreetView$MetadataTypeAdapter$MetadataNamingFields()	CtConstructorImpl	package-private
net.sf.sprockets.google.StreetView.Metadata	CtClassImpl	public
net.sf.sprockets.google.ImmutableGoogleApiAuth.hashCode()	CtMethodImpl	public
net.sf.sprockets.google.InstanceId.Info.STATUS_FORBIDDEN	CtFieldReferenceImpl	public
net.sf.sprockets.lang.Maths.clamp(double,double,double)	CtMethodImpl	public
net.sf.sprockets.sql.SQLite.max(java.lang.String,java.lang.String)	CtMethodImpl	public
net.sf.sprockets.sql.Statements.firstIntRow(java.sql.PreparedStatement)	CtMethodImpl	public
net.sf.sprockets.google.ImmutableInfo.Builder.appSigner	CtFieldReferenceImpl	private
net.sf.sprockets.google.StreetViewParams.unsetLatitude()	CtMethodImpl	public
net.sf.sprockets.sql.SQLite.max(java.lang.String)	CtMethodImpl	public
net.sf.sprockets.sql.Statements.set(int,java.sql.PreparedStatement,int[],long[],java.lang.String[])	CtMethodImpl	private
net.sf.sprockets.google.GoogleModule_InstanceIdFactory.instanceIdProvider	CtFieldReferenceImpl	private
net.sf.sprockets.lang.Substring	CtClassImpl	public
net.sf.sprockets.google.MetadataTypeAdapter.readMetadata(com.google.gson.stream.JsonReader)	CtMethodImpl	private
com.swizel.okhttp3.GoogleAppEngineCall.cancel()	CtMethodImpl	public
net.sf.sprockets.google.GsonAdaptersStreetView.MetadataTypeAdapter.dateName	CtFieldReferenceImpl	package-private
net.sf.sprockets.lang.ImmutableSubstring.length	CtFieldReferenceImpl	private
net.sf.sprockets.util.Elements	CtClassImpl	public
net.sf.sprockets.sql.Statements.firstStringRow(java.sql.PreparedStatement)	CtMethodImpl	public
net.sf.sprockets.google.ImmutableGoogleApiAuth.withUrlSigningSecret(java.lang.String)	CtMethodImpl	public
net.sf.sprockets.google.ImmutableInfo.applicationVersion	CtFieldReferenceImpl	private
net.sf.sprockets.google.Params.format(java.lang.String,net.sf.sprockets.google.GoogleApiAuth)	CtMethodImpl	public
net.sf.sprockets.lang.ImmutableSubstring	CtClassImpl	public
net.sf.sprockets.google.ImmutableInfo$InitShim()	CtConstructorImpl	private
net.sf.sprockets.lang.ImmutableSubstring.superstring	CtFieldReferenceImpl	private
net.sf.sprockets.google.Builder.applicationVersion(java.lang.String)	CtMethodImpl	public
net.sf.sprockets.google.ImmutableInfo.attestStatus	CtFieldReferenceImpl	private
net.sf.sprockets.google.InstanceId.Info	CtClassImpl	public
net.sf.sprockets.google.LocationTypeAdapter.readLocation(com.google.gson.stream.JsonReader)	CtMethodImpl	private
net.sf.sprockets.google.MetadataTypeAdapter.adapts(com.google.gson.reflect.TypeToken<?>)	CtMethodImpl	package-private
net.sf.sprockets.google.ImmutableInfo.withStatus(java.lang.String)	CtMethodImpl	public
com.swizel.okhttp3.GoogleAppEngineCall.execute()	CtMethodImpl	public
net.sf.sprockets.google.ImmutableInfo.applicationVersion()	CtMethodImpl	public
net.sf.sprockets.sql.SQLite.groupConcat(java.lang.String,java.lang.String)	CtMethodImpl	public
net.sf.sprockets.google.MetadataTypeAdapter.write(com.google.gson.stream.JsonWriter,net.sf.sprockets.google.StreetView.Metadata)	CtMethodImpl	public
net.sf.sprockets.google.ImmutableGoogleApiAuth.browserKey()	CtMethodImpl	public
net.sf.sprockets.util.MeasureUnit.KILOMETER	CtFieldReferenceImpl	public
net.sf.sprockets.lang.ImmutableSubstring.hashCode()	CtMethodImpl	public
net.sf.sprockets.google.MetadataTypeAdapter.read(com.google.gson.stream.JsonReader)	CtMethodImpl	public
net.sf.sprockets.google.ImmutableInfo.authorizedEntity()	CtMethodImpl	public
net.sf.sprockets.google.ImmutableLocation.hashCode()	CtMethodImpl	public
net.sf.sprockets.sql.SQLite()	CtConstructorImpl	private
net.sf.sprockets.sql.Statements.firstInt(java.sql.PreparedStatement)	CtMethodImpl	public
net.sf.sprockets.google.Builder.lng(double)	CtMethodImpl	public
net.sf.sprockets.lang.ImmutableSubstring.Builder.OPT_BIT_OFFSET	CtFieldImpl	private
net.sf.sprockets.util.Elements.get(java.util.List<T>,int)	CtMethodImpl	public
net.sf.sprockets.okhttp.GoogleAppEngineOkHttpClientModule	CtClassImpl	public
net.sf.sprockets.google.StreetViewParams.pitch(int)	CtMethodImpl	public
net.sf.sprockets.google.GoogleInstanceId.mKey	CtFieldReferenceImpl	private
net.sf.sprockets.sql.SQLite.total(java.lang.String,java.lang.String)	CtMethodImpl	public
net.sf.sprockets.net.Urls()	CtConstructorImpl	private
net.sf.sprockets.google.GoogleApiAuth()	CtConstructorImpl	public
net.sf.sprockets.google.GoogleStreetView_Factory.clientProvider	CtFieldReferenceImpl	private
net.sf.sprockets.lang.ImmutableSubstring(net.sf.sprockets.lang.ImmutableSubstring.Builder)	CtConstructorImpl	private
net.sf.sprockets.google.Builder.browserKey(java.lang.String)	CtMethodImpl	public
net.sf.sprockets.google.ImmutableLocation	CtClassImpl	package-private
net.sf.sprockets.google.GoogleStreetView.mAuth	CtFieldReferenceImpl	private
net.sf.sprockets.sql.SQLite.sum(java.lang.String)	CtMethodImpl	public
net.sf.sprockets.naming.Contexts	CtClassImpl	public
net.sf.sprockets.google.GoogleModule_StreetViewFactory.streetViewProvider	CtFieldReferenceImpl	private
net.sf.sprockets.google.ImmutableGoogleApiAuth.urlSigningSecret	CtFieldReferenceImpl	private
com.swizel.okhttp3.GoogleAppEngineCall	CtClassImpl	package-private
net.sf.sprockets.google.GoogleInstanceId_Factory(javax.inject.Provider<net.sf.sprockets.okhttp.OkHttp>,javax.inject.Provider<net.sf.sprockets.google.GoogleApiAuth>)	CtConstructorImpl	public
net.sf.sprockets.google.InfoTypeAdapter.adapts(com.google.gson.reflect.TypeToken<?>)	CtMethodImpl	package-private
net.sf.sprockets.sql.Statements.batch(java.sql.PreparedStatement)	CtMethodImpl	public
net.sf.sprockets.google.StreetViewParams.fov()	CtMethodImpl	public
net.sf.sprockets.google.StreetView.Params	CtClassImpl	public
net.sf.sprockets.google.StreetViewParams.longitude()	CtMethodImpl	public
net.sf.sprockets.google.Builder.panoId(java.lang.String)	CtMethodImpl	public
net.sf.sprockets.okhttp.OkHttp	CtClassImpl	public
net.sf.sprockets.google.GsonAdaptersStreetView.LocationTypeAdapter.LocationNamingFields.lat	CtFieldReferenceImpl	public
net.sf.sprockets.google.GsonAdaptersStreetView.MetadataTypeAdapter.MetadataNamingFields.location	CtFieldReferenceImpl	public
net.sf.sprockets.okhttp.OkHttp.request(java.lang.String)	CtMethodImpl	public
net.sf.sprockets.okhttp.OkHttp.response(java.lang.String,java.lang.String[])	CtMethodImpl	public
net.sf.sprockets.util.MeasureUnit.getType()	CtMethodImpl	public
net.sf.sprockets.lang.ImmutableSubstring.STAGE_INITIALIZED	CtFieldReferenceImpl	private
net.sf.sprockets.google.ImmutableMetadata.equals(java.lang.Object)	CtMethodImpl	public
net.sf.sprockets.google.StreetViewParams.pitch()	CtMethodImpl	public
net.sf.sprockets.google.Params.longitude()	CtMethodImpl	public
net.sf.sprockets.google.StreetView.Metadata.STATUS_INVALID_REQUEST	CtFieldReferenceImpl	public
net.sf.sprockets.google.ImmutableMetadata	CtClassImpl	package-private
net.sf.sprockets.google.StreetViewParams.longitude(double)	CtMethodImpl	public
net.sf.sprockets.util.Elements.toLongs(java.lang.String[])	CtMethodImpl	public
net.sf.sprockets.lang.ImmutableSubstring.Builder.optBits	CtFieldReferenceImpl	private
net.sf.sprockets.okhttp.OkHttp_Factory(javax.inject.Provider<okhttp3.Call.Factory>)	CtConstructorImpl	public
net.sf.sprockets.okhttp.GoogleAppEngineOkHttpClientModule.callFactory()	CtMethodImpl	package-private
net.sf.sprockets.sql.SQLite.groupConcat(java.lang.String)	CtMethodImpl	public
net.sf.sprockets.lang.ImmutableSubstring.equalTo(net.sf.sprockets.lang.ImmutableSubstring)	CtMethodImpl	private
net.sf.sprockets.lang.Substring()	CtConstructorImpl	package-private
net.sf.sprockets.google.Builder.appSigner(java.lang.String)	CtMethodImpl	public
net.sf.sprockets.google.ImmutableMetadata.withLocation(net.sf.sprockets.google.StreetView.Metadata.Location)	CtMethodImpl	public
net.sf.sprockets.google.ImmutableInfo.hashCode()	CtMethodImpl	public
net.sf.sprockets.okhttp.GoogleAppEngineOkHttpClientModule_CallFactoryFactory	CtClassImpl	public
net.sf.sprockets.google.ImmutableMetadata.location	CtFieldReferenceImpl	private
net.sf.sprockets.google.ImmutableLocation.Builder.lng	CtFieldReferenceImpl	private
net.sf.sprockets.google.ImmutableMetadata.status()	CtMethodImpl	public
net.sf.sprockets.google.ImmutableGoogleApiAuth.withServerKey(java.lang.String)	CtMethodImpl	public
net.sf.sprockets.google.ImmutableLocation.equals(java.lang.Object)	CtMethodImpl	public
net.sf.sprockets.google.GsonAdaptersStreetView.MetadataTypeAdapter	CtClassImpl	private
net.sf.sprockets.sql.Statements.setStrings(int,java.sql.PreparedStatement,java.lang.String[])	CtMethodImpl	public
net.sf.sprockets.util.MeasureUnit.toString()	CtMethodImpl	public
net.sf.sprockets.google.ImmutableInfo.status()	CtMethodImpl	public
net.sf.sprockets.lang.ImmutableSubstring.equals(java.lang.Object)	CtMethodImpl	public
net.sf.sprockets.sql.SQLite.sum(java.lang.String,java.lang.String)	CtMethodImpl	public
net.sf.sprockets.google.StreetView.Metadata.STATUS_REQUEST_DENIED	CtFieldReferenceImpl	public
net.sf.sprockets.google.GoogleStreetView_Factory.authProvider	CtFieldReferenceImpl	private
net.sf.sprockets.google.Builder.attestStatus(java.lang.String)	CtMethodImpl	public
net.sf.sprockets.google.ImmutableMetadata.toString()	CtMethodImpl	public
net.sf.sprockets.google.ImmutableLocation.lng()	CtMethodImpl	public
net.sf.sprockets.lang.Builder.value(java.lang.String)	CtMethodImpl	public
net.sf.sprockets.google.InstanceId.Info.STATUS_SERVICE_UNAVAILABLE	CtFieldReferenceImpl	public
net.sf.sprockets.google.ImmutableInfo.withAttestStatus(java.lang.String)	CtMethodImpl	public
net.sf.sprockets.sql.SQLite.total(java.lang.String)	CtMethodImpl	public
net.sf.sprockets.okhttp.GoogleAppEngineOkHttpClientModule()	CtConstructorImpl	public
net.sf.sprockets.sql.Statements.setStrings(java.sql.PreparedStatement,java.lang.String[])	CtMethodImpl	public
net.sf.sprockets.lang.Maths.clamp(float,float,float)	CtMethodImpl	public
net.sf.sprockets.google.StreetViewParams.location(java.lang.String)	CtMethodImpl	public
net.sf.sprockets.okhttp.OkHttp.mCaller	CtFieldReferenceImpl	private
net.sf.sprockets.lang.Builder.lengthIsSet()	CtMethodImpl	private
com.swizel.okhttp3.GoogleAppEngineCall.clone()	CtMethodImpl	public
net.sf.sprockets.google.GsonAdaptersStreetView.LocationTypeAdapter.lngName	CtFieldReferenceImpl	package-private
net.sf.sprockets.google.StreetView.Metadata.STATUS_NOT_FOUND	CtFieldReferenceImpl	public
net.sf.sprockets.okhttp.OkHttp(okhttp3.Call.Factory)	CtConstructorImpl	public
net.sf.sprockets.google.GsonAdaptersStreetView.create(com.google.gson.Gson,com.google.gson.reflect.TypeToken<T>)	CtMethodImpl	public
net.sf.sprockets.google.GsonAdaptersStreetView.MetadataTypeAdapter.copyrightName	CtFieldReferenceImpl	package-private
net.sf.sprockets.google.ImmutableInfo.withPlatform(java.lang.String)	CtMethodImpl	public
net.sf.sprockets.sql.Statements.firstLongKey(java.sql.PreparedStatement)	CtMethodImpl	public
net.sf.sprockets.google.ImmutableMetadata.withDate(java.lang.String)	CtMethodImpl	public
net.sf.sprockets.google.ImmutableInfo.attestStatus()	CtMethodImpl	public
net.sf.sprockets.net.Urls.addHttp(java.lang.String)	CtMethodImpl	public
net.sf.sprockets.google.ImmutableLocation.Builder	CtClassImpl	public
net.sf.sprockets.google.Builder.location(net.sf.sprockets.google.StreetView.Metadata.Location)	CtMethodImpl	public
net.sf.sprockets.util.concurrent.Interruptibles()	CtConstructorImpl	private
com.swizel.okhttp3.GoogleAppEngineCall.parseResponse(java.net.HttpURLConnection)	CtMethodImpl	private
net.sf.sprockets.google.GoogleModule.instanceId(net.sf.sprockets.google.GoogleInstanceId)	CtMethodImpl	package-private
net.sf.sprockets.sql.SQLite.min(java.lang.String,java.lang.String)	CtMethodImpl	public
net.sf.sprockets.google.GsonAdaptersInstanceId	CtClassImpl	public
net.sf.sprockets.google.StreetViewParams.unsetPitch()	CtMethodImpl	public
net.sf.sprockets.okhttp.OkHttp.response(java.lang.String)	CtMethodImpl	public
net.sf.sprockets.util.No.op(java.lang.Object)	CtMethodImpl	public
net.sf.sprockets.sql.SQLite.count(java.lang.String)	CtMethodImpl	public
net.sf.sprockets.google.GsonAdaptersStreetView.MetadataTypeAdapter.locationTypeSample	CtFieldReferenceImpl	public
net.sf.sprockets.okhttp.OkHttp.download(java.lang.String,java.io.File,java.lang.String[])	CtMethodImpl	public
net.sf.sprockets.google.ImmutableLocation.Builder.INIT_BIT_LAT	CtFieldImpl	private
net.sf.sprockets.google.ImmutableMetadata.date()	CtMethodImpl	public
net.sf.sprockets.google.InstanceId.Info.STATUS_BAD_REQUEST	CtFieldReferenceImpl	public
net.sf.sprockets.lang.ImmutableSubstring.getLength()	CtMethodImpl	public
net.sf.sprockets.okhttp.OkHttp_Factory.callerProvider	CtFieldReferenceImpl	private
net.sf.sprockets.google.GoogleModule_InstanceIdFactory(javax.inject.Provider<net.sf.sprockets.google.GoogleInstanceId>)	CtConstructorImpl	public
net.sf.sprockets.google.Params.height()	CtMethodImpl	public
net.sf.sprockets.lang.InitShim.formatInitCycleMessage()	CtMethodImpl	private
net.sf.sprockets.google.GoogleStreetView_Factory(javax.inject.Provider<net.sf.sprockets.okhttp.OkHttp>,javax.inject.Provider<net.sf.sprockets.google.GoogleApiAuth>)	CtConstructorImpl	public
net.sf.sprockets.google.GsonAdaptersStreetView.MetadataTypeAdapter.MetadataNamingFields	CtClassImpl	package-private
net.sf.sprockets.google.GsonAdaptersInstanceId.InfoTypeAdapter	CtClassImpl	private
net.sf.sprockets.google.ImmutableMetadata.status	CtFieldReferenceImpl	private
net.sf.sprockets.google.StreetViewParams.from(net.sf.sprockets.google.StreetView.Params)	CtMethodImpl	public
net.sf.sprockets.util.logging.Loggers	CtClassImpl	public
net.sf.sprockets.util.MeasureUnit.subType	CtFieldReferenceImpl	private
net.sf.sprockets.lang.ImmutableSubstring.withSuperstring(java.lang.String)	CtMethodImpl	public
net.sf.sprockets.lang.ImmutableSubstring.value	CtFieldReferenceImpl	private
net.sf.sprockets.google.GoogleModule_StreetViewFactory.get()	CtMethodImpl	public
net.sf.sprockets.google.ImmutableMetadata.hashCode()	CtMethodImpl	public
net.sf.sprockets.okhttp.OkHttp_Factory	CtClassImpl	public
net.sf.sprockets.google.InitShim.status(java.lang.String)	CtMethodImpl	package-private
net.sf.sprockets.google.StreetView.Metadata.STATUS_OK	CtFieldReferenceImpl	public
net.sf.sprockets.lang.Substring.getLength()	CtMethodImpl	public
net.sf.sprockets.sql.Connections()	CtConstructorImpl	private
net.sf.sprockets.google.StreetView.Params.REQUEST_IMAGE	CtFieldReferenceImpl	public
net.sf.sprockets.okhttp.OkHttpClientModule_CallFactoryFactory.create()	CtMethodImpl	public
net.sf.sprockets.google.MetadataTypeAdapter.readInPanoId(com.google.gson.stream.JsonReader,net.sf.sprockets.google.ImmutableMetadata.Builder)	CtMethodImpl	private
net.sf.sprockets.google.StreetViewParams.latitude()	CtMethodImpl	public
net.sf.sprockets.google.StreetViewParams.width(int)	CtMethodImpl	public
net.sf.sprockets.google.StreetView.Metadata.STATUS_OVER_QUERY_LIMIT	CtFieldReferenceImpl	public
net.sf.sprockets.google.StreetViewParams.pano(java.lang.String)	CtMethodImpl	public
net.sf.sprockets.google.GoogleModule_InstanceIdFactory	CtClassImpl	public
net.sf.sprockets.util.MeasureUnit(java.lang.String,java.lang.String)	CtConstructorImpl	private
net.sf.sprockets.google.GoogleModule.streetView(net.sf.sprockets.google.GoogleStreetView)	CtMethodImpl	package-private
net.sf.sprockets.google.ImmutableInfo.copyOf(net.sf.sprockets.google.InstanceId.Info)	CtMethodImpl	public
net.sf.sprockets.google.ImmutableGoogleApiAuth.browserKey	CtFieldReferenceImpl	private
net.sf.sprockets.google.GoogleApiAuth.builder()	CtMethodImpl	public
net.sf.sprockets.google.ImmutableInfo.appSignerShort	CtFieldReferenceImpl	private
net.sf.sprockets.util.MeasureUnit.type	CtFieldReferenceImpl	private
net.sf.sprockets.util.concurrent.Interruptibles.sleep(long,java.util.concurrent.TimeUnit)	CtMethodImpl	public
net.sf.sprockets.google.Builder.from(net.sf.sprockets.google.StreetView.Metadata.Location)	CtMethodImpl	public
net.sf.sprockets.lang.ImmutableSubstring.getValue()	CtMethodImpl	public
net.sf.sprockets.google.StreetViewParams.OPT_BIT_HEADING	CtFieldReferenceImpl	private
net.sf.sprockets.google.MetadataTypeAdapter.writeMetadata(com.google.gson.stream.JsonWriter,net.sf.sprockets.google.StreetView.Metadata)	CtMethodImpl	private
net.sf.sprockets.okhttp.OkHttp.request(java.lang.String,java.lang.String[])	CtMethodImpl	public
net.sf.sprockets.util.logging.Loggers.get(java.lang.Class<?>)	CtMethodImpl	public
net.sf.sprockets.sql.Statements.firstIntKey(java.sql.PreparedStatement)	CtMethodImpl	public
com.swizel.okhttp3.GoogleAppEngineCall.isCanceled()	CtMethodImpl	public
net.sf.sprockets.sql.Statements.all(java.sql.PreparedStatement,java.lang.Class<?>)	CtMethodImpl	private
net.sf.sprockets.google.LocationTypeAdapter.eachAttribute(com.google.gson.stream.JsonReader,net.sf.sprockets.google.ImmutableLocation.Builder)	CtMethodImpl	private
net.sf.sprockets.google.StreetViewParams()	CtConstructorImpl	private
net.sf.sprockets.google.StreetView$Metadata$Location()	CtConstructorImpl	public
net.sf.sprockets.lang.ImmutableSubstring.Builder.OPT_BIT_LENGTH	CtFieldReferenceImpl	private
net.sf.sprockets.util.Elements.toStrings(int[])	CtMethodImpl	public
net.sf.sprockets.google.ImmutableMetadata.withPanoId(java.lang.String)	CtMethodImpl	public
net.sf.sprockets.util.Geos.LATITUDE_DEGREE_KM	CtFieldReferenceImpl	public
net.sf.sprockets.okhttp.OkHttpClientModule.callFactory()	CtMethodImpl	package-private
net.sf.sprockets.google.StreetViewParams.optBits	CtFieldReferenceImpl	private
net.sf.sprockets.google.ImmutableGoogleApiAuth.Builder.INIT_BIT_SERVER_KEY	CtFieldImpl	private
net.sf.sprockets.google.Info.forStatusCode(int)	CtMethodImpl	package-private
net.sf.sprockets.google.StreetViewParams.clear()	CtMethodImpl	public
net.sf.sprockets.google.GsonAdaptersStreetView.toString()	CtMethodImpl	public
net.sf.sprockets.google.StreetViewParams.location	CtFieldReferenceImpl	private
net.sf.sprockets.sql.SQLite.aliased(java.lang.String)	CtMethodImpl	public
net.sf.sprockets.google.ImmutableMetadata.panoId	CtFieldReferenceImpl	private
net.sf.sprockets.google.GoogleInstanceId	CtClassImpl	public
net.sf.sprockets.sql.Statements.firstLong(java.sql.PreparedStatement)	CtMethodImpl	public
net.sf.sprockets.okhttp.GoogleAppEngineOkHttpClientModule_CallFactoryFactory.create()	CtMethodImpl	public
net.sf.sprockets.google.ImmutableInfo.InitShim	CtClassImpl	private
net.sf.sprockets.google.Builder.application(java.lang.String)	CtMethodImpl	public
net.sf.sprockets.lang.ImmutableSubstring.Builder.offset	CtFieldReferenceImpl	private
net.sf.sprockets.google.GoogleStreetView_Factory.get()	CtMethodImpl	public
net.sf.sprockets.lang.ImmutableSubstring(int,int,java.lang.String,java.lang.String)	CtConstructorImpl	private
net.sf.sprockets.util.No()	CtConstructorImpl	private
net.sf.sprockets.google.StreetViewParams.location()	CtMethodImpl	public
net.sf.sprockets.google.ImmutableMetadata.Builder.status	CtFieldReferenceImpl	private
net.sf.sprockets.google.ImmutableMetadata.Builder.INIT_BIT_STATUS	CtFieldImpl	private
net.sf.sprockets.lang.Classes.getTypeArguments(java.lang.Class<?>,java.lang.String[])	CtMethodImpl	public
net.sf.sprockets.google.ImmutableMetadata.withStatus(java.lang.String)	CtMethodImpl	public
net.sf.sprockets.google.StreetViewParams.longitudeIsSet()	CtMethodImpl	public
net.sf.sprockets.util.MeasureUnit	CtClassImpl	public
net.sf.sprockets.google.ImmutableInfo.platform	CtFieldReferenceImpl	private
net.sf.sprockets.google.ImmutableInfo.toString()	CtMethodImpl	public
net.sf.sprockets.okhttp.OkHttp_Factory.create(javax.inject.Provider<okhttp3.Call.Factory>)	CtMethodImpl	public
net.sf.sprockets.google.GoogleStreetView.mGson	CtFieldReferenceImpl	private
net.sf.sprockets.google.StreetViewParams.headingIsSet()	CtMethodImpl	public
net.sf.sprockets.sql.Statements.allLongs(java.sql.PreparedStatement)	CtMethodImpl	public
