method	type	visibility
com.github.rutledgepaulv.qbuilders.nodes.LogicalNode.setChildren(java.util.List<com.github.rutledgepaulv.qbuilders.nodes.AbstractNode>)	CtMethodImpl	public
com.github.rutledgepaulv.qbuilders.delegates.virtual.NumberPropertyDelegate	CtClassImpl	public
com.github.rutledgepaulv.qbuilders.delegates.virtual.EquitablePropertyDelegate.ne(S)	CtMethodImpl	public
com.github.rutledgepaulv.qbuilders.visitors.PredicateVisitor.regex(java.lang.Object,java.lang.Object)	CtMethodImpl	protected
com.github.rutledgepaulv.qbuilders.delegates.virtual.NumberPropertyDelegate(com.github.rutledgepaulv.qbuilders.structures.FieldPath,T)	CtConstructorImpl	protected
com.github.rutledgepaulv.qbuilders.builders.QBuilder.shortNum(java.lang.String)	CtMethodImpl	public
com.github.rutledgepaulv.qbuilders.builders.QBuilder.condition(com.github.rutledgepaulv.qbuilders.structures.FieldPath,com.github.rutledgepaulv.qbuilders.operators.ComparisonOperator,java.util.Collection<?>)	CtMethodImpl	protected
com.github.rutledgepaulv.qbuilders.delegates.virtual.ListablePropertyDelegate.in(S[])	CtMethodImpl	public
com.github.rutledgepaulv.qbuilders.structures.FieldPath.prepend(com.github.rutledgepaulv.qbuilders.structures.FieldPath)	CtMethodImpl	public
com.github.rutledgepaulv.qbuilders.operators.ComparisonOperator(java.lang.String)	CtConstructorImpl	public
com.github.rutledgepaulv.qbuilders.delegates.concrete.InstantPropertyDelegate.normalize(java.time.Instant)	CtMethodImpl	protected
com.github.rutledgepaulv.qbuilders.visitors.MongoVisitor.visit(com.github.rutledgepaulv.qbuilders.nodes.ComparisonNode)	CtMethodImpl	protected
com.github.rutledgepaulv.qbuilders.delegates.virtual.PropertyDelegate.getField()	CtMethodImpl	protected
com.github.rutledgepaulv.qbuilders.structures.FieldPath.chain	CtFieldReferenceImpl	private
com.github.rutledgepaulv.qbuilders.delegates.concrete.StringPropertyDelegate.lexicallyAfter(java.lang.String)	CtMethodImpl	public
com.github.rutledgepaulv.qbuilders.nodes.AbstractNode.parent	CtFieldReferenceImpl	private
com.github.rutledgepaulv.qbuilders.nodes.ComparisonNode.operator	CtFieldReferenceImpl	private
com.github.rutledgepaulv.qbuilders.structures.FieldNamespace.hashCode()	CtMethodImpl	public
com.github.rutledgepaulv.qbuilders.delegates.concrete.BooleanPropertyDelegate.isTrue()	CtMethodImpl	public
com.github.rutledgepaulv.qbuilders.builders.QBuilder$ConditionDelegate(T)	CtConstructorImpl	private
com.github.rutledgepaulv.qbuilders.visitors.ElasticsearchVisitor$Context(boolean)	CtConstructorImpl	public
com.github.rutledgepaulv.qbuilders.delegates.virtual.ExistentialPropertyDelegate.doesNotExist()	CtMethodImpl	public
com.github.rutledgepaulv.qbuilders.delegates.concrete.BooleanPropertyDelegate.isFalse()	CtMethodImpl	public
com.github.rutledgepaulv.qbuilders.structures.FieldPath.toString()	CtMethodImpl	public
com.github.rutledgepaulv.qbuilders.visitors.ElasticsearchVisitor.normalizer	CtFieldReferenceImpl	protected
com.github.rutledgepaulv.qbuilders.builders.QBuilder()	CtConstructorImpl	public
com.github.rutledgepaulv.qbuilders.builders.QBuilder.longNum(java.lang.String)	CtMethodImpl	public
com.github.rutledgepaulv.qbuilders.delegates.virtual.Delegate.canonical	CtFieldReferenceImpl	private
com.github.rutledgepaulv.qbuilders.visitors.AbstractVoidContextNodeVisitor	CtClassImpl	public
com.github.rutledgepaulv.qbuilders.delegates.concrete.EnumPropertyDelegate	CtClassImpl	public
com.github.rutledgepaulv.qbuilders.operators.ComparisonOperator.SUB_CONDITION_ANY	CtFieldReferenceImpl	public
com.github.rutledgepaulv.qbuilders.operators.ComparisonOperator.EQ	CtFieldReferenceImpl	public
com.github.rutledgepaulv.qbuilders.delegates.virtual.PropertyDelegate.field	CtFieldReferenceImpl	private
com.github.rutledgepaulv.qbuilders.delegates.concrete.IntegerPropertyDelegate(com.github.rutledgepaulv.qbuilders.structures.FieldPath,T)	CtConstructorImpl	public
com.github.rutledgepaulv.qbuilders.visitors.PredicateVisitor.multi(com.github.rutledgepaulv.qbuilders.nodes.ComparisonNode,java.util.function.BiPredicate<java.lang.Object, java.util.Collection<?>>)	CtMethodImpl	private
com.github.rutledgepaulv.qbuilders.visitors.PredicateVisitor.resolveMultiField(java.lang.Object,java.lang.String,com.github.rutledgepaulv.qbuilders.nodes.ComparisonNode,java.util.function.BiPredicate<java.lang.Object, java.util.Collection<?>>)	CtMethodImpl	private
com.github.rutledgepaulv.qbuilders.delegates.virtual.EquitablePropertyDelegate(com.github.rutledgepaulv.qbuilders.structures.FieldPath,T)	CtConstructorImpl	protected
com.github.rutledgepaulv.qbuilders.visitors.RSQLVisitor()	CtConstructorImpl	public
com.github.rutledgepaulv.qbuilders.delegates.concrete.FloatPropertyDelegate(com.github.rutledgepaulv.qbuilders.structures.FieldPath,T)	CtConstructorImpl	public
com.github.rutledgepaulv.qbuilders.nodes.ComparisonNode.getValues()	CtMethodImpl	public
com.github.rutledgepaulv.qbuilders.structures.FieldPath.append(java.lang.String[])	CtMethodImpl	public
com.github.rutledgepaulv.qbuilders.structures.FieldPath.iterator()	CtMethodImpl	public
com.github.rutledgepaulv.qbuilders.visitors.PredicateVisitor.visit(com.github.rutledgepaulv.qbuilders.nodes.AndNode)	CtMethodImpl	protected
com.github.rutledgepaulv.qbuilders.builders.QBuilder.intNum(java.lang.String)	CtMethodImpl	public
com.github.rutledgepaulv.qbuilders.nodes.AbstractNode.setParent(com.github.rutledgepaulv.qbuilders.nodes.LogicalNode)	CtMethodImpl	public
com.github.rutledgepaulv.qbuilders.nodes.ComparisonNode.setField(com.github.rutledgepaulv.qbuilders.structures.FieldPath)	CtMethodImpl	public
com.github.rutledgepaulv.qbuilders.visitors.RSQLVisitor.nodeBelongsToParentExpression(com.github.rutledgepaulv.qbuilders.nodes.AbstractNode)	CtMethodImpl	protected
com.github.rutledgepaulv.qbuilders.visitors.PredicateVisitor	CtClassImpl	public
com.github.rutledgepaulv.qbuilders.builders.QBuilder.and(com.github.rutledgepaulv.qbuilders.conditions.Condition<T>,com.github.rutledgepaulv.qbuilders.conditions.Condition<T>,com.github.rutledgepaulv.qbuilders.conditions.Condition<T>[])	CtMethodImpl	public
com.github.rutledgepaulv.qbuilders.delegates.virtual.ListablePropertyDelegate	CtClassImpl	public
com.github.rutledgepaulv.qbuilders.builders.ConditionDelegate.or()	CtMethodImpl	public
com.github.rutledgepaulv.qbuilders.delegates.virtual.Delegate.self()	CtMethodImpl	protected
com.github.rutledgepaulv.qbuilders.visitors.RSQLVisitor.DefaultSerializationStrategy.SINGLE_QUOTE	CtFieldReferenceImpl	private
com.github.rutledgepaulv.qbuilders.utilities.ObjectUtils()	CtConstructorImpl	public
com.github.rutledgepaulv.qbuilders.visitors.ElasticsearchVisitor.Context	CtClassImpl	public
com.github.rutledgepaulv.qbuilders.builders.QBuilder.floatNum(java.lang.String)	CtMethodImpl	public
com.github.rutledgepaulv.qbuilders.visitors.ElasticsearchVisitor.visit(com.github.rutledgepaulv.qbuilders.nodes.ComparisonNode,com.github.rutledgepaulv.qbuilders.visitors.ElasticsearchVisitor.Context)	CtMethodImpl	protected
com.github.rutledgepaulv.qbuilders.builders.QBuilder.doubleNum(java.lang.String)	CtMethodImpl	public
com.github.rutledgepaulv.qbuilders.visitors.AbstractVoidContextNodeVisitor.visit(com.github.rutledgepaulv.qbuilders.nodes.AndNode,java.lang.Void)	CtMethodImpl	protected
com.github.rutledgepaulv.qbuilders.visitors.AbstractVoidContextNodeVisitor.visit(com.github.rutledgepaulv.qbuilders.nodes.OrNode,java.lang.Void)	CtMethodImpl	protected
com.github.rutledgepaulv.qbuilders.nodes.LogicalNode(com.github.rutledgepaulv.qbuilders.nodes.LogicalNode,java.util.List<com.github.rutledgepaulv.qbuilders.nodes.AbstractNode>)	CtConstructorImpl	public
com.github.rutledgepaulv.qbuilders.operators.ComparisonOperator.NIN	CtFieldReferenceImpl	public
com.github.rutledgepaulv.qbuilders.visitors.PredicateVisitor.inequality(java.lang.Object,java.lang.Object)	CtMethodImpl	protected
com.github.rutledgepaulv.qbuilders.visitors.PredicateVisitor.single(com.github.rutledgepaulv.qbuilders.nodes.ComparisonNode,java.util.function.BiPredicate<java.lang.Object, java.lang.Object>)	CtMethodImpl	private
com.github.rutledgepaulv.qbuilders.delegates.concrete.StringPropertyDelegate(com.github.rutledgepaulv.qbuilders.structures.FieldPath,T)	CtConstructorImpl	public
com.github.rutledgepaulv.qbuilders.builders.QBuilder.ConditionDelegate	CtClassImpl	protected
com.github.rutledgepaulv.qbuilders.nodes.AndNode()	CtConstructorImpl	public
com.github.rutledgepaulv.qbuilders.structures.FieldNamespace.stream()	CtMethodImpl	public
com.github.rutledgepaulv.qbuilders.visitors.RSQLVisitor$DefaultSerializationStrategy()	CtConstructorImpl	protected
com.github.rutledgepaulv.qbuilders.delegates.virtual.EquitablePropertyDelegate.eq(S)	CtMethodImpl	public
com.github.rutledgepaulv.qbuilders.builders.ConditionDelegate.query(com.github.rutledgepaulv.qbuilders.visitors.ContextualNodeVisitor<Q, S>,S)	CtMethodImpl	public
com.github.rutledgepaulv.qbuilders.delegates.virtual.ListablePropertyDelegate.nin(java.util.Collection<S>)	CtMethodImpl	public
com.github.rutledgepaulv.qbuilders.nodes.AndNode(com.github.rutledgepaulv.qbuilders.nodes.LogicalNode)	CtConstructorImpl	public
com.github.rutledgepaulv.qbuilders.nodes.AbstractNode()	CtConstructorImpl	public
com.github.rutledgepaulv.qbuilders.delegates.concrete.EnumPropertyDelegate(com.github.rutledgepaulv.qbuilders.structures.FieldPath,T)	CtConstructorImpl	public
com.github.rutledgepaulv.qbuilders.delegates.concrete.StringPropertyDelegate	CtClassImpl	public
com.github.rutledgepaulv.qbuilders.visitors.RSQLVisitor.DefaultSerializationStrategy.INSTANCE	CtFieldReferenceImpl	protected
com.github.rutledgepaulv.qbuilders.delegates.virtual.InstantLikePropertyDelegate.between(S,boolean,S,boolean)	CtMethodImpl	public
com.github.rutledgepaulv.qbuilders.structures.FieldPath.asPrefix()	CtMethodImpl	public
com.github.rutledgepaulv.qbuilders.operators.ComparisonOperator.EX	CtFieldReferenceImpl	public
com.github.rutledgepaulv.qbuilders.builders.GeneralQueryBuilder	CtClassImpl	public
com.github.rutledgepaulv.qbuilders.delegates.concrete.BooleanPropertyDelegate	CtClassImpl	public
com.github.rutledgepaulv.qbuilders.visitors.RSQLVisitor.single(com.github.rutledgepaulv.qbuilders.nodes.ComparisonNode,java.lang.String)	CtMethodImpl	protected
com.github.rutledgepaulv.qbuilders.builders.GeneralQueryBuilder.passThrough(com.github.rutledgepaulv.qbuilders.nodes.ComparisonNode)	CtMethodImpl	public
com.github.rutledgepaulv.qbuilders.structures.FieldPath	CtClassImpl	public
com.github.rutledgepaulv.qbuilders.structures.FieldPath.asKey()	CtMethodImpl	public
com.github.rutledgepaulv.qbuilders.operators.ComparisonOperator.representation	CtFieldReferenceImpl	private
com.github.rutledgepaulv.qbuilders.structures.FieldPath(java.util.List<com.github.rutledgepaulv.qbuilders.structures.FieldPath.FieldNamespace>)	CtConstructorImpl	public
com.github.rutledgepaulv.qbuilders.delegates.virtual.Delegate	CtClassImpl	public
com.github.rutledgepaulv.qbuilders.visitors.RSQLVisitor.list(com.github.rutledgepaulv.qbuilders.nodes.ComparisonNode,java.lang.String)	CtMethodImpl	protected
com.github.rutledgepaulv.qbuilders.visitors.ElasticsearchVisitor	CtClassImpl	public
com.github.rutledgepaulv.qbuilders.visitors.PredicateVisitor.visit(com.github.rutledgepaulv.qbuilders.nodes.ComparisonNode)	CtMethodImpl	protected
com.github.rutledgepaulv.qbuilders.visitors.DefaultNormalizer.apply(java.lang.Object)	CtMethodImpl	public
com.github.rutledgepaulv.qbuilders.visitors.RSQLVisitor.DefaultSerializationStrategy.INSTANCE	CtFieldImpl	protected
com.github.rutledgepaulv.qbuilders.structures.FieldPath.FieldNamespace.raw	CtFieldReferenceImpl	private
com.github.rutledgepaulv.qbuilders.visitors.RSQLVisitor.visit(com.github.rutledgepaulv.qbuilders.nodes.AndNode)	CtMethodImpl	protected
com.github.rutledgepaulv.qbuilders.delegates.virtual.PropertyDelegate(com.github.rutledgepaulv.qbuilders.structures.FieldPath,T)	CtConstructorImpl	protected
com.github.rutledgepaulv.qbuilders.delegates.concrete.ConditionPropertyDelegate$NamespacingVisitor(com.github.rutledgepaulv.qbuilders.structures.FieldPath)	CtConstructorImpl	public
com.github.rutledgepaulv.qbuilders.nodes.ComparisonNode(com.github.rutledgepaulv.qbuilders.nodes.LogicalNode)	CtConstructorImpl	public
com.github.rutledgepaulv.qbuilders.structures.FieldNamespace.toString()	CtMethodImpl	public
com.github.rutledgepaulv.qbuilders.visitors.RSQLVisitor(java.util.function.Function<java.lang.Object, java.lang.String>)	CtConstructorImpl	public
com.github.rutledgepaulv.qbuilders.delegates.virtual.ExistentialPropertyDelegate.exists()	CtMethodImpl	public
com.github.rutledgepaulv.qbuilders.structures.FieldPath.getParentPath()	CtMethodImpl	public
com.github.rutledgepaulv.qbuilders.operators.ComparisonOperator.equals(java.lang.Object)	CtMethodImpl	public
com.github.rutledgepaulv.qbuilders.visitors.AbstractVoidContextNodeVisitor.condition(com.github.rutledgepaulv.qbuilders.nodes.ComparisonNode)	CtMethodImpl	protected
com.github.rutledgepaulv.qbuilders.visitors.MongoVisitor.visit(com.github.rutledgepaulv.qbuilders.nodes.OrNode)	CtMethodImpl	protected
com.github.rutledgepaulv.qbuilders.visitors.AbstractVoidContextNodeVisitor()	CtConstructorImpl	public
com.github.rutledgepaulv.qbuilders.nodes.AbstractNode(com.github.rutledgepaulv.qbuilders.nodes.LogicalNode)	CtConstructorImpl	public
com.github.rutledgepaulv.qbuilders.visitors.RSQLVisitor	CtClassImpl	public
com.github.rutledgepaulv.qbuilders.builders.QBuilder.current	CtFieldReferenceImpl	protected
com.github.rutledgepaulv.qbuilders.builders.QBuilder.and(java.util.List<com.github.rutledgepaulv.qbuilders.conditions.Condition<T>>)	CtMethodImpl	public
com.github.rutledgepaulv.qbuilders.builders.QBuilder.bool(java.lang.String)	CtMethodImpl	public
com.github.rutledgepaulv.qbuilders.builders.ConditionDelegate.getRootNode()	CtMethodImpl	public
com.github.rutledgepaulv.qbuilders.visitors.ContextualNodeVisitor()	CtConstructorImpl	public
com.github.rutledgepaulv.qbuilders.operators.ComparisonOperator.IN	CtFieldReferenceImpl	public
com.github.rutledgepaulv.qbuilders.utilities.ObjectUtils	CtClassImpl	public
com.github.rutledgepaulv.qbuilders.visitors.ElasticsearchVisitor$Context()	CtConstructorImpl	public
com.github.rutledgepaulv.qbuilders.visitors.MongoVisitor()	CtConstructorImpl	public
com.github.rutledgepaulv.qbuilders.delegates.concrete.ConditionPropertyDelegate	CtClassImpl	public
com.github.rutledgepaulv.qbuilders.structures.FieldPath.FieldNamespace	CtClassImpl	public
com.github.rutledgepaulv.qbuilders.visitors.ElasticsearchVisitor.visit(com.github.rutledgepaulv.qbuilders.nodes.AndNode,com.github.rutledgepaulv.qbuilders.visitors.ElasticsearchVisitor.Context)	CtMethodImpl	protected
com.github.rutledgepaulv.qbuilders.nodes.OrNode()	CtConstructorImpl	public
com.github.rutledgepaulv.qbuilders.operators.ComparisonOperator.GT	CtFieldReferenceImpl	public
com.github.rutledgepaulv.qbuilders.nodes.LogicalNode(com.github.rutledgepaulv.qbuilders.nodes.LogicalNode)	CtConstructorImpl	public
com.github.rutledgepaulv.qbuilders.delegates.virtual.Delegate(T)	CtConstructorImpl	protected
com.github.rutledgepaulv.qbuilders.operators.ComparisonOperator.GTE	CtFieldReferenceImpl	public
com.github.rutledgepaulv.qbuilders.builders.QBuilder.enumeration(java.lang.String)	CtMethodImpl	public
com.github.rutledgepaulv.qbuilders.nodes.ComparisonNode.getOperator()	CtMethodImpl	public
com.github.rutledgepaulv.qbuilders.structures.FieldPath$FieldNamespace(java.lang.String)	CtConstructorImpl	private
com.github.rutledgepaulv.qbuilders.visitors.PredicateVisitor.recurseMulti(java.lang.Object,java.lang.String,com.github.rutledgepaulv.qbuilders.nodes.ComparisonNode,java.util.function.BiPredicate<java.lang.Object, java.util.Collection<?>>)	CtMethodImpl	private
com.github.rutledgepaulv.qbuilders.visitors.MongoVisitor.DefaultNormalizer	CtClassImpl	protected
com.github.rutledgepaulv.qbuilders.visitors.PredicateVisitor.getFieldValueFromString(java.lang.Object,java.lang.String)	CtMethodImpl	private
com.github.rutledgepaulv.qbuilders.visitors.PredicateVisitor.greaterThanOrEqualTo(java.lang.Object,java.lang.Object)	CtMethodImpl	protected
com.github.rutledgepaulv.qbuilders.builders.ConditionDelegate.query(com.github.rutledgepaulv.qbuilders.visitors.ContextualNodeVisitor<Q, java.lang.Void>)	CtMethodImpl	public
com.github.rutledgepaulv.qbuilders.visitors.AbstractVoidContextNodeVisitor.visitAny(com.github.rutledgepaulv.qbuilders.nodes.AbstractNode)	CtMethodImpl	public
com.github.rutledgepaulv.qbuilders.structures.FieldPath.hashCode()	CtMethodImpl	public
com.github.rutledgepaulv.qbuilders.structures.FieldNamespace.equals(java.lang.Object)	CtMethodImpl	public
com.github.rutledgepaulv.qbuilders.delegates.concrete.ShortPropertyDelegate	CtClassImpl	public
com.github.rutledgepaulv.qbuilders.delegates.virtual.ListablePropertyDelegate.nin(S[])	CtMethodImpl	public
com.github.rutledgepaulv.qbuilders.visitors.PredicateVisitor()	CtConstructorImpl	public
com.github.rutledgepaulv.qbuilders.visitors.PredicateVisitor.subquery(java.lang.Object,java.util.function.Predicate<java.lang.Object>)	CtMethodImpl	protected
com.github.rutledgepaulv.qbuilders.nodes.AbstractNode.getParent()	CtMethodImpl	public
com.github.rutledgepaulv.qbuilders.nodes.OrNode	CtClassImpl	public
com.github.rutledgepaulv.qbuilders.visitors.RSQLVisitor.visit(com.github.rutledgepaulv.qbuilders.nodes.ComparisonNode)	CtMethodImpl	protected
com.github.rutledgepaulv.qbuilders.operators.ComparisonOperator	CtClassImpl	public
com.github.rutledgepaulv.qbuilders.visitors.PredicateVisitor.equality(java.lang.Object,java.lang.Object)	CtMethodImpl	protected
com.github.rutledgepaulv.qbuilders.delegates.concrete.LongPropertyDelegate(com.github.rutledgepaulv.qbuilders.structures.FieldPath,T)	CtConstructorImpl	public
com.github.rutledgepaulv.qbuilders.structures.FieldPath.strip(java.lang.String)	CtMethodImpl	private
com.github.rutledgepaulv.qbuilders.visitors.PredicateVisitor.exists(com.github.rutledgepaulv.qbuilders.nodes.ComparisonNode)	CtMethodImpl	private
com.github.rutledgepaulv.qbuilders.builders.QBuilder.string(java.lang.String)	CtMethodImpl	public
com.github.rutledgepaulv.qbuilders.delegates.concrete.ConditionPropertyDelegate.NamespacingVisitor.parent	CtFieldReferenceImpl	private
com.github.rutledgepaulv.qbuilders.nodes.LogicalNode.getChildren()	CtMethodImpl	public
com.github.rutledgepaulv.qbuilders.builders.QBuilder.root	CtFieldReferenceImpl	protected
com.github.rutledgepaulv.qbuilders.delegates.concrete.InstantPropertyDelegate	CtClassImpl	public
com.github.rutledgepaulv.qbuilders.structures.FieldPath.stream()	CtMethodImpl	public
com.github.rutledgepaulv.qbuilders.nodes.AndNode	CtClassImpl	public
com.github.rutledgepaulv.qbuilders.structures.FieldPath.asFullyQualifiedKey()	CtMethodImpl	public
com.github.rutledgepaulv.qbuilders.visitors.RSQLVisitor.DefaultSerializationStrategy.DOUBLE_QUOTE	CtFieldImpl	private
com.github.rutledgepaulv.qbuilders.visitors.RSQLVisitor.DefaultSerializationStrategy	CtClassImpl	protected
com.github.rutledgepaulv.qbuilders.visitors.MongoVisitor.visit(com.github.rutledgepaulv.qbuilders.nodes.AndNode)	CtMethodImpl	protected
com.github.rutledgepaulv.qbuilders.delegates.concrete.NamespacingVisitor.visit(com.github.rutledgepaulv.qbuilders.nodes.OrNode)	CtMethodImpl	protected
com.github.rutledgepaulv.qbuilders.visitors.MongoVisitor.normalizer	CtFieldReferenceImpl	protected
com.github.rutledgepaulv.qbuilders.delegates.concrete.DoublePropertyDelegate	CtClassImpl	public
com.github.rutledgepaulv.qbuilders.nodes.LogicalNode	CtClassImpl	public
com.github.rutledgepaulv.qbuilders.delegates.concrete.IntegerPropertyDelegate	CtClassImpl	public
com.github.rutledgepaulv.qbuilders.visitors.ElasticsearchVisitor.Context.originatedAsNestedQuery	CtFieldReferenceImpl	private
com.github.rutledgepaulv.qbuilders.visitors.PredicateVisitor.resolveSingleField(java.lang.Object,java.lang.String,com.github.rutledgepaulv.qbuilders.nodes.ComparisonNode,java.util.function.BiPredicate<java.lang.Object, java.lang.Object>)	CtMethodImpl	private
com.github.rutledgepaulv.qbuilders.delegates.virtual.NumberPropertyDelegate.lte(S)	CtMethodImpl	public
com.github.rutledgepaulv.qbuilders.visitors.AbstractVoidContextNodeVisitor.visit(com.github.rutledgepaulv.qbuilders.nodes.ComparisonNode,java.lang.Void)	CtMethodImpl	protected
com.github.rutledgepaulv.qbuilders.operators.ComparisonOperator.LTE	CtFieldReferenceImpl	public
com.github.rutledgepaulv.qbuilders.nodes.ComparisonNode.path	CtFieldReferenceImpl	private
com.github.rutledgepaulv.qbuilders.builders.QBuilder.self()	CtMethodImpl	protected
com.github.rutledgepaulv.qbuilders.delegates.virtual.ListablePropertyDelegate.in(java.util.Collection<S>)	CtMethodImpl	public
com.github.rutledgepaulv.qbuilders.delegates.concrete.StringPropertyDelegate.lexicallyNotAfter(java.lang.String)	CtMethodImpl	public
com.github.rutledgepaulv.qbuilders.utilities.ObjectUtils.init(java.lang.Class<T>,java.lang.Object[])	CtMethodImpl	public
com.github.rutledgepaulv.qbuilders.delegates.virtual.PropertyDelegate	CtClassImpl	public
com.github.rutledgepaulv.qbuilders.builders.QBuilder.combine(java.util.List<com.github.rutledgepaulv.qbuilders.conditions.Condition<T>>,java.lang.Class<S>)	CtMethodImpl	private
com.github.rutledgepaulv.qbuilders.nodes.AbstractNode.visit(com.github.rutledgepaulv.qbuilders.visitors.ContextualNodeVisitor<T, S>,S)	CtMethodImpl	public
com.github.rutledgepaulv.qbuilders.builders.QBuilder.or(java.util.List<com.github.rutledgepaulv.qbuilders.conditions.Condition<T>>)	CtMethodImpl	public
com.github.rutledgepaulv.qbuilders.structures.FieldPath.equals(java.lang.Object)	CtMethodImpl	public
com.github.rutledgepaulv.qbuilders.visitors.RSQLVisitor.visit(com.github.rutledgepaulv.qbuilders.nodes.OrNode)	CtMethodImpl	protected
com.github.rutledgepaulv.qbuilders.visitors.PredicateVisitor.lessThan(java.lang.Object,java.lang.Object)	CtMethodImpl	protected
com.github.rutledgepaulv.qbuilders.nodes.OrNode(com.github.rutledgepaulv.qbuilders.nodes.LogicalNode,java.util.List<com.github.rutledgepaulv.qbuilders.nodes.AbstractNode>)	CtConstructorImpl	public
com.github.rutledgepaulv.qbuilders.structures.FieldPath.prepend(java.lang.String)	CtMethodImpl	public
com.github.rutledgepaulv.qbuilders.visitors.PredicateVisitor.recurseSingle(java.lang.Object,java.lang.String,com.github.rutledgepaulv.qbuilders.nodes.ComparisonNode,java.util.function.BiPredicate<java.lang.Object, java.lang.Object>)	CtMethodImpl	private
com.github.rutledgepaulv.qbuilders.delegates.concrete.DoublePropertyDelegate(com.github.rutledgepaulv.qbuilders.structures.FieldPath,T)	CtConstructorImpl	public
com.github.rutledgepaulv.qbuilders.delegates.concrete.InstantPropertyDelegate(com.github.rutledgepaulv.qbuilders.structures.FieldPath,T)	CtConstructorImpl	public
com.github.rutledgepaulv.qbuilders.visitors.MongoVisitor$DefaultNormalizer()	CtConstructorImpl	protected
com.github.rutledgepaulv.qbuilders.delegates.virtual.ExistentialPropertyDelegate	CtClassImpl	public
com.github.rutledgepaulv.qbuilders.delegates.virtual.InstantLikePropertyDelegate.after(S,boolean)	CtMethodImpl	public
com.github.rutledgepaulv.qbuilders.nodes.OrNode(com.github.rutledgepaulv.qbuilders.nodes.LogicalNode)	CtConstructorImpl	public
com.github.rutledgepaulv.qbuilders.visitors.ElasticsearchVisitor(java.util.function.Function<java.lang.Object, java.lang.Object>)	CtConstructorImpl	public
com.github.rutledgepaulv.qbuilders.structures.FieldNamespace.iterator()	CtMethodImpl	public
com.github.rutledgepaulv.qbuilders.delegates.virtual.NumberPropertyDelegate.gte(S)	CtMethodImpl	public
com.github.rutledgepaulv.qbuilders.nodes.ComparisonNode.getField()	CtMethodImpl	public
com.github.rutledgepaulv.qbuilders.visitors.PredicateVisitor.doesNotExist(com.github.rutledgepaulv.qbuilders.nodes.ComparisonNode)	CtMethodImpl	private
com.github.rutledgepaulv.qbuilders.nodes.LogicalNode.children	CtFieldReferenceImpl	private
com.github.rutledgepaulv.qbuilders.delegates.virtual.ListablePropertyDelegate(com.github.rutledgepaulv.qbuilders.structures.FieldPath,T)	CtConstructorImpl	protected
com.github.rutledgepaulv.qbuilders.delegates.virtual.NumberPropertyDelegate.gt(S)	CtMethodImpl	public
com.github.rutledgepaulv.qbuilders.builders.QBuilder.prop(java.lang.String,java.lang.Class<S>,java.lang.Class<Q>)	CtMethodImpl	protected
com.github.rutledgepaulv.qbuilders.visitors.ContextualNodeVisitor.single(java.util.Collection<?>)	CtMethodImpl	protected
com.github.rutledgepaulv.qbuilders.nodes.AbstractNode	CtClassImpl	public
com.github.rutledgepaulv.qbuilders.visitors.PredicateVisitor.nin(java.lang.Object,java.util.Collection<?>)	CtMethodImpl	protected
com.github.rutledgepaulv.qbuilders.delegates.virtual.ExistentialPropertyDelegate(com.github.rutledgepaulv.qbuilders.structures.FieldPath,T)	CtConstructorImpl	protected
com.github.rutledgepaulv.qbuilders.visitors.RSQLVisitor.serializer	CtFieldReferenceImpl	private
com.github.rutledgepaulv.qbuilders.delegates.concrete.LongPropertyDelegate	CtClassImpl	public
com.github.rutledgepaulv.qbuilders.structures.FieldPath(java.lang.String)	CtConstructorImpl	public
com.github.rutledgepaulv.qbuilders.operators.ComparisonOperator.RE	CtFieldReferenceImpl	public
com.github.rutledgepaulv.qbuilders.builders.QBuilder	CtClassImpl	public
com.github.rutledgepaulv.qbuilders.builders.QBuilder.instant(java.lang.String)	CtMethodImpl	public
com.github.rutledgepaulv.qbuilders.nodes.ComparisonNode.setValues(java.util.Collection<?>)	CtMethodImpl	public
com.github.rutledgepaulv.qbuilders.nodes.AndNode(com.github.rutledgepaulv.qbuilders.nodes.LogicalNode,java.util.List<com.github.rutledgepaulv.qbuilders.nodes.AbstractNode>)	CtConstructorImpl	public
com.github.rutledgepaulv.qbuilders.operators.ComparisonOperator.hashCode()	CtMethodImpl	public
com.github.rutledgepaulv.qbuilders.visitors.RSQLVisitor.DefaultSerializationStrategy.SINGLE_QUOTE	CtFieldImpl	private
com.github.rutledgepaulv.qbuilders.structures.FieldPath.append(com.github.rutledgepaulv.qbuilders.structures.FieldPath[])	CtMethodImpl	public
com.github.rutledgepaulv.qbuilders.visitors.PredicateVisitor.in(java.lang.Object,java.util.Collection<?>)	CtMethodImpl	protected
com.github.rutledgepaulv.qbuilders.visitors.MongoVisitor	CtClassImpl	public
com.github.rutledgepaulv.qbuilders.delegates.concrete.ShortPropertyDelegate(com.github.rutledgepaulv.qbuilders.structures.FieldPath,T)	CtConstructorImpl	public
com.github.rutledgepaulv.qbuilders.operators.ComparisonOperator.LT	CtFieldReferenceImpl	public
com.github.rutledgepaulv.qbuilders.visitors.DefaultSerializationStrategy.apply(java.lang.Object)	CtMethodImpl	public
com.github.rutledgepaulv.qbuilders.structures.FieldPath.asFullyQualifiedPrefix()	CtMethodImpl	public
com.github.rutledgepaulv.qbuilders.delegates.concrete.StringPropertyDelegate.lexicallyBefore(java.lang.String)	CtMethodImpl	public
com.github.rutledgepaulv.qbuilders.builders.ConditionDelegate.and()	CtMethodImpl	public
com.github.rutledgepaulv.qbuilders.delegates.concrete.StringPropertyDelegate.lexicallyNotBefore(java.lang.String)	CtMethodImpl	public
com.github.rutledgepaulv.qbuilders.structures.FieldPath.streamIter(java.lang.Iterable<T>)	CtMethodImpl	private
com.github.rutledgepaulv.qbuilders.visitors.PredicateVisitor.lessThanOrEqualTo(java.lang.Object,java.lang.Object)	CtMethodImpl	protected
com.github.rutledgepaulv.qbuilders.delegates.concrete.FloatPropertyDelegate	CtClassImpl	public
com.github.rutledgepaulv.qbuilders.visitors.ContextualNodeVisitor.visitAny(com.github.rutledgepaulv.qbuilders.nodes.AbstractNode,S)	CtMethodImpl	public
com.github.rutledgepaulv.qbuilders.visitors.RSQLVisitor.DefaultSerializationStrategy.DOUBLE_QUOTE	CtFieldReferenceImpl	private
com.github.rutledgepaulv.qbuilders.delegates.virtual.EquitablePropertyDelegate	CtClassImpl	public
com.github.rutledgepaulv.qbuilders.delegates.concrete.ConditionPropertyDelegate(com.github.rutledgepaulv.qbuilders.structures.FieldPath,T)	CtConstructorImpl	public
com.github.rutledgepaulv.qbuilders.delegates.concrete.ConditionPropertyDelegate.any(com.github.rutledgepaulv.qbuilders.conditions.Condition<S>)	CtMethodImpl	public
com.github.rutledgepaulv.qbuilders.delegates.virtual.NumberPropertyDelegate.lt(S)	CtMethodImpl	public
com.github.rutledgepaulv.qbuilders.nodes.ComparisonNode	CtClassImpl	public
com.github.rutledgepaulv.qbuilders.visitors.MongoVisitor(java.util.function.Function<java.lang.Object, java.lang.Object>)	CtConstructorImpl	public
com.github.rutledgepaulv.qbuilders.visitors.ElasticsearchVisitor.visit(com.github.rutledgepaulv.qbuilders.nodes.OrNode,com.github.rutledgepaulv.qbuilders.visitors.ElasticsearchVisitor.Context)	CtMethodImpl	protected
com.github.rutledgepaulv.qbuilders.operators.ComparisonOperator.NE	CtFieldReferenceImpl	public
com.github.rutledgepaulv.qbuilders.visitors.PredicateVisitor.visit(com.github.rutledgepaulv.qbuilders.nodes.OrNode)	CtMethodImpl	protected
com.github.rutledgepaulv.qbuilders.nodes.LogicalNode()	CtConstructorImpl	public
com.github.rutledgepaulv.qbuilders.builders.GeneralQueryBuilder()	CtConstructorImpl	public
com.github.rutledgepaulv.qbuilders.delegates.virtual.InstantLikePropertyDelegate(com.github.rutledgepaulv.qbuilders.structures.FieldPath,T)	CtConstructorImpl	public
com.github.rutledgepaulv.qbuilders.nodes.ComparisonNode.values	CtFieldReferenceImpl	private
com.github.rutledgepaulv.qbuilders.delegates.concrete.StringPropertyDelegate.pattern(java.lang.String)	CtMethodImpl	public
com.github.rutledgepaulv.qbuilders.visitors.RSQLVisitor.serialize(java.lang.Object)	CtMethodImpl	protected
com.github.rutledgepaulv.qbuilders.visitors.ElasticsearchVisitor()	CtConstructorImpl	public
com.github.rutledgepaulv.qbuilders.delegates.concrete.BooleanPropertyDelegate(com.github.rutledgepaulv.qbuilders.structures.FieldPath,T)	CtConstructorImpl	public
com.github.rutledgepaulv.qbuilders.visitors.PredicateVisitor.greaterThan(java.lang.Object,java.lang.Object)	CtMethodImpl	protected
com.github.rutledgepaulv.qbuilders.delegates.virtual.InstantLikePropertyDelegate	CtClassImpl	public
com.github.rutledgepaulv.qbuilders.nodes.ComparisonNode.setOperator(com.github.rutledgepaulv.qbuilders.operators.ComparisonOperator)	CtMethodImpl	public
com.github.rutledgepaulv.qbuilders.delegates.concrete.NamespacingVisitor.visit(com.github.rutledgepaulv.qbuilders.nodes.ComparisonNode)	CtMethodImpl	protected
com.github.rutledgepaulv.qbuilders.builders.QBuilder.condition(java.lang.String)	CtMethodImpl	public
com.github.rutledgepaulv.qbuilders.delegates.concrete.NamespacingVisitor.visit(com.github.rutledgepaulv.qbuilders.nodes.AndNode)	CtMethodImpl	protected
com.github.rutledgepaulv.qbuilders.delegates.concrete.ConditionPropertyDelegate.NamespacingVisitor	CtClassImpl	private
com.github.rutledgepaulv.qbuilders.builders.QBuilder.or(com.github.rutledgepaulv.qbuilders.conditions.Condition<T>,com.github.rutledgepaulv.qbuilders.conditions.Condition<T>,com.github.rutledgepaulv.qbuilders.conditions.Condition<T>[])	CtMethodImpl	public
com.github.rutledgepaulv.qbuilders.visitors.ContextualNodeVisitor.condition(com.github.rutledgepaulv.qbuilders.nodes.ComparisonNode,S)	CtMethodImpl	protected
com.github.rutledgepaulv.qbuilders.delegates.virtual.InstantLikePropertyDelegate.before(S,boolean)	CtMethodImpl	public
com.github.rutledgepaulv.qbuilders.visitors.ContextualNodeVisitor	CtClassImpl	public
