method	type	visibility
io.andromeda.fragments.Configuration.dynamicContext	CtFieldReferenceImpl	private
io.andromeda.fragments.Fragments.allCategories	CtFieldReferenceImpl	private
io.andromeda.fragments.types.RouteType()	CtConstructorImpl	private
io.andromeda.fragmentsdemo.PippoApplication()	CtConstructorImpl	public
io.andromeda.fragments.search.FragmentsLuceneIndex	CtClassImpl	public
io.andromeda.fragments.Fragment.slug	CtFieldReferenceImpl	private
io.andromeda.fragments.Fragment.languagesPreviewTextOnly	CtFieldReferenceImpl	private
io.andromeda.fragments.Fragment.getName()	CtMethodImpl	public
io.andromeda.fragments.Configuration.getRouteType()	CtMethodImpl	public
io.andromeda.fragments.feeds.FeedConfiguration	CtClassImpl	public
io.andromeda.fragments.feeds.FeedType	CtEnumImpl	public
io.andromeda.fragments.Fragment.context	CtFieldReferenceImpl	private
io.andromeda.fragments.Fragment.parseYamlFrontMatter(java.lang.String)	CtMethodImpl	protected
io.andromeda.fragments.Fragments	CtClassImpl	public
io.andromeda.fragments.Fragments.registerFragments()	CtMethodImpl	public
io.andromeda.fragments.search.FragmentsLuceneIndex(io.andromeda.fragments.search.SearchConfiguration)	CtConstructorImpl	public
io.andromeda.fragments.Fragment.defaultLanguage	CtFieldReferenceImpl	private
io.andromeda.fragments.Constants.CATEGORIES_ID	CtFieldReferenceImpl	public
io.andromeda.fragments.Fragments.overviewTemplate	CtFieldReferenceImpl	private
io.andromeda.fragments.Fragments.updateDefaultContext(java.util.Map<java.lang.String, java.lang.Object>)	CtMethodImpl	public
org.yaml.snakeyaml.resolver.Resolver.EMPTY	CtFieldReferenceImpl	public
io.andromeda.fragments.Fragments.allTags	CtFieldReferenceImpl	private
io.andromeda.fragments.Fragment.getOrder()	CtMethodImpl	public
io.andromeda.fragments.Fragment.getPreviewTextOnly()	CtMethodImpl	public
ro.pippo.core.Application.maximumUploadSize	CtFieldReferenceImpl	private
io.andromeda.fragmentsdemo.PippoLauncher	CtClassImpl	public
io.andromeda.fragments.Fragment.parseMarkdown(java.lang.String)	CtMethodImpl	protected
ro.pippo.core.Application.languages	CtFieldReferenceImpl	private
io.andromeda.fragments.Utilities.removeTrailingSlash(java.lang.String)	CtMethodImpl	public
ro.pippo.core.Application.uploadLocation	CtFieldReferenceImpl	private
io.andromeda.fragments.Fragment.fullUrl	CtFieldReferenceImpl	private
io.andromeda.fragments.feeds.FeedConfiguration.getTitle()	CtMethodImpl	public
io.andromeda.fragments.Fragment.languagesTitles	CtFieldReferenceImpl	private
io.andromeda.fragments.search.FragmentsLuceneIndex.RESULTS_ID	CtFieldReferenceImpl	public
io.andromeda.fragments.search.FragmentsLuceneIndex.fragmentsList	CtFieldReferenceImpl	private
io.andromeda.fragments.db.DBSupport	CtClassImpl	public
io.andromeda.fragments.db.DBSupport.executeQuery(java.lang.String)	CtMethodImpl	public
io.andromeda.fragments.search.SearchConfiguration.getMaximumResults()	CtMethodImpl	public
io.andromeda.fragments.db.DBConfiguration.getPassword()	CtMethodImpl	public
io.andromeda.fragments.Fragments.defaultContext	CtFieldReferenceImpl	private
io.andromeda.fragments.feeds.FeedType.equalsName(java.lang.String)	CtMethodImpl	public
io.andromeda.fragments.Fragment.getContext()	CtMethodImpl	public
io.andromeda.fragments.Fragments.getAllCategories()	CtMethodImpl	public
io.andromeda.fragments.Fragments.byTitle	CtFieldReferenceImpl	public
io.andromeda.fragments.Constants.SLUG_ID	CtFieldReferenceImpl	public
io.andromeda.fragments.Fragment.fullUrlEncoded	CtFieldReferenceImpl	private
io.andromeda.fragments.Fragment.getLanguagesPreview()	CtMethodImpl	public
io.andromeda.fragments.db.DBConfiguration.setResetDB(boolean)	CtMethodImpl	public
io.andromeda.fragments.Utilities.TEXT_ID	CtFieldReferenceImpl	public
io.andromeda.fragments.Utilities.calculatePagination(int,int,long)	CtMethodImpl	public
ro.pippo.core.Application.routePreDispatchListeners	CtFieldReferenceImpl	private
io.andromeda.fragments.Fragment.LOGGER	CtFieldReferenceImpl	private
io.andromeda.fragments.feeds.FragmentsFeed	CtClassImpl	public
io.andromeda.fragments.Fragments(ro.pippo.core.Application,java.util.Map<java.lang.String, java.lang.Object>,io.andromeda.fragments.Configuration)	CtConstructorImpl	public
io.andromeda.fragments.db.DBSupport.getTopFragments(int)	CtMethodImpl	public
io.andromeda.fragments.search.SearchConfiguration(org.apache.lucene.analysis.Analyzer,org.apache.lucene.store.Directory)	CtConstructorImpl	public
io.andromeda.fragments.Fragment.getFrontMatter()	CtMethodImpl	public
io.andromeda.fragments.search.SearchConfiguration	CtClassImpl	public
io.andromeda.fragments.YAMLResolver()	CtConstructorImpl	public
io.andromeda.fragments.Fragment.setFullUrlEncoded(java.lang.String)	CtMethodImpl	public
io.andromeda.fragments.db.DBSupport(io.andromeda.fragments.db.DBConfiguration,io.andromeda.fragments.Fragments)	CtConstructorImpl	public
ro.pippo.core.Application.requestResponseFactory	CtFieldReferenceImpl	private
ro.pippo.core.Application.log	CtFieldReferenceImpl	private
io.andromeda.fragments.Configuration.setExtension(java.lang.String)	CtMethodImpl	public
ro.pippo.core.Application.errorHandler	CtFieldReferenceImpl	private
io.andromeda.fragments.Fragment	CtClassImpl	public
org.yaml.snakeyaml.resolver.Resolver.TIMESTAMP	CtFieldReferenceImpl	public
io.andromeda.fragments.Fragment.languagesPreview	CtFieldReferenceImpl	private
ro.pippo.core.Application.routePostDispatchListeners	CtFieldReferenceImpl	private
io.andromeda.fragments.Fragment.tags	CtFieldReferenceImpl	private
io.andromeda.fragments.search.SearchConfiguration.analyzer	CtFieldReferenceImpl	private
io.andromeda.fragments.Fragments.byOrderThenTitle	CtFieldReferenceImpl	public
io.andromeda.fragments.Fragment.getVisible()	CtMethodImpl	public
io.andromeda.fragments.Utilities.FALSE	CtFieldReferenceImpl	public
io.andromeda.fragments.feeds.FeedConfiguration.includingInvisible	CtFieldReferenceImpl	private
io.andromeda.fragments.Configuration(java.lang.String,java.lang.String,java.nio.file.Path,java.lang.String,java.lang.String,int)	CtConstructorImpl	public
io.andromeda.fragments.Configuration.getOverviewTemplate()	CtMethodImpl	public
io.andromeda.fragments.Constants.FULL_URL_ENCODED_ID	CtFieldReferenceImpl	public
io.andromeda.fragments.db.DBSupport.configuration	CtFieldReferenceImpl	private
io.andromeda.fragments.search.FragmentsLuceneIndex.PAGES_ID	CtFieldReferenceImpl	public
io.andromeda.fragments.feeds.FeedConfiguration.getDescription()	CtMethodImpl	public
io.andromeda.fragmentsdemo.PippoApplication.log	CtFieldReferenceImpl	private
io.andromeda.fragments.Configuration.getUrlPath()	CtMethodImpl	public
io.andromeda.fragments.db.DBConfiguration.getUsername()	CtMethodImpl	public
io.andromeda.fragments.db.DBSupport.tableName	CtFieldReferenceImpl	private
io.andromeda.fragments.Configuration.urlPath	CtFieldReferenceImpl	private
io.andromeda.fragments.Configuration.setRegisterOverviewRoute(boolean)	CtMethodImpl	public
io.andromeda.fragments.Fragment.readFile()	CtMethodImpl	protected
io.andromeda.fragments.Fragment.frontMatterType	CtFieldReferenceImpl	private
io.andromeda.fragments.Fragment.getPreview()	CtMethodImpl	public
io.andromeda.fragments.Fragment.getDate()	CtMethodImpl	public
io.andromeda.fragments.feeds.FeedConfiguration.getPath()	CtMethodImpl	public
io.andromeda.fragments.Fragment.dateHandling(java.lang.String)	CtMethodImpl	private
io.andromeda.fragments.Fragment(java.lang.String,java.lang.String,io.andromeda.fragments.Configuration)	CtConstructorImpl	public
io.andromeda.fragments.feeds.FeedConfiguration.getPreviewTextOnly()	CtMethodImpl	public
io.andromeda.fragments.search.FragmentsLuceneIndex.search2(int,java.lang.String)	CtMethodImpl	public
io.andromeda.fragments.search.SearchConfiguration.getMaxNoInPagination()	CtMethodImpl	public
io.andromeda.fragments.Configuration.routeType	CtFieldReferenceImpl	private
ro.pippo.core.Application.servletContext	CtFieldReferenceImpl	private
io.andromeda.fragments.Configuration.extension	CtFieldReferenceImpl	private
io.andromeda.fragments.Configuration.registerOverviewRoute()	CtMethodImpl	public
io.andromeda.fragments.Configuration.getDynamicContext(java.util.Map<java.lang.String, java.lang.Object>)	CtMethodImpl	public
io.andromeda.fragments.search.SearchConfiguration.maxNoInPagination	CtFieldReferenceImpl	private
io.andromeda.fragments.Configuration.getExtension()	CtMethodImpl	public
io.andromeda.fragments.Fragments(ro.pippo.core.Application,io.andromeda.fragments.Configuration)	CtConstructorImpl	public
io.andromeda.fragments.Utilities	CtClassImpl	public
io.andromeda.fragments.Configuration.getDefaultTemplate()	CtMethodImpl	public
io.andromeda.fragments.search.FragmentsLuceneIndex.LOGGER	CtFieldReferenceImpl	private
io.andromeda.fragments.search.SearchConfiguration.directory	CtFieldReferenceImpl	private
io.andromeda.fragments.db.DBSupport.dropTable()	CtMethodImpl	public
io.andromeda.fragments.Constants.TITLE_ID	CtFieldReferenceImpl	public
io.andromeda.fragments.types.FrontMatterType()	CtConstructorImpl	private
io.andromeda.fragments.Configuration.registerOverviewRoute	CtFieldReferenceImpl	private
io.andromeda.fragments.Fragment.visible	CtFieldReferenceImpl	private
io.andromeda.fragments.Fragment.getFullUrl()	CtMethodImpl	public
io.andromeda.fragments.Fragment.parseJsonFrontMatter(java.lang.String)	CtMethodImpl	protected
io.andromeda.fragments.feeds.FeedType.toString()	CtMethodImpl	public
io.andromeda.fragments.Configuration.name	CtFieldReferenceImpl	private
io.andromeda.fragments.feeds.FeedConfiguration.title	CtFieldReferenceImpl	private
ro.pippo.core.Application.mimeTypes	CtFieldReferenceImpl	private
io.andromeda.fragments.Constants.FRAGMENT_ID	CtFieldReferenceImpl	public
io.andromeda.fragments.Fragment.getLanguagesPreviewTextOnly()	CtMethodImpl	public
io.andromeda.fragments.Fragment.name	CtFieldReferenceImpl	private
io.andromeda.fragments.Fragments.byOrder	CtFieldReferenceImpl	public
io.andromeda.fragments.db.DBSupport.sql2o	CtFieldReferenceImpl	private
io.andromeda.fragments.db.DBSupport.addClick(io.andromeda.fragments.Fragment)	CtMethodImpl	public
io.andromeda.fragments.Fragment.interpretFrontMatterGeneral()	CtMethodImpl	private
org.yaml.snakeyaml.resolver.Resolver.VALUE	CtFieldReferenceImpl	public
io.andromeda.fragments.Fragment.title	CtFieldReferenceImpl	private
io.andromeda.fragments.Constants.PREVIEW_ID	CtFieldReferenceImpl	public
io.andromeda.fragments.Utilities.FIRST_ID	CtFieldReferenceImpl	public
io.andromeda.fragments.Fragments.dataDirectory	CtFieldReferenceImpl	private
io.andromeda.fragments.feeds.FeedConfiguration(io.andromeda.fragments.feeds.FeedType,java.nio.file.Path,java.lang.String,java.lang.String,java.lang.String,java.util.Date,boolean,boolean)	CtConstructorImpl	public
io.andromeda.fragments.search.SearchConfiguration.getDirectory()	CtMethodImpl	public
io.andromeda.fragments.Fragment.content	CtFieldReferenceImpl	private
io.andromeda.fragments.Fragment.getCategories()	CtMethodImpl	public
io.andromeda.fragments.feeds.FeedType(java.lang.String)	CtConstructorImpl	private
io.andromeda.fragments.Utilities.slugify(java.lang.String)	CtMethodImpl	public
io.andromeda.fragments.search.SearchConfiguration.getIncludingInvisible()	CtMethodImpl	public
io.andromeda.fragments.Fragments.getAllTags()	CtMethodImpl	public
io.andromeda.fragments.Fragment.dateTime	CtFieldReferenceImpl	private
io.andromeda.fragments.Constants.VISIBLE_ID	CtFieldReferenceImpl	public
io.andromeda.fragments.Fragment.path	CtFieldReferenceImpl	private
io.andromeda.fragments.Fragment.categories	CtFieldReferenceImpl	private
io.andromeda.fragments.Fragment.extractPreview(java.lang.String)	CtMethodImpl	private
io.andromeda.fragments.types.FrontMatterType	CtEnumImpl	public
io.andromeda.fragments.Fragments.application	CtFieldReferenceImpl	private
io.andromeda.fragments.search.SearchConfiguration(org.apache.lucene.analysis.Analyzer,org.apache.lucene.store.Directory,int,int,int,boolean)	CtConstructorImpl	public
io.andromeda.fragments.feeds.FeedConfiguration.path	CtFieldReferenceImpl	private
io.andromeda.fragments.db.DBSupport.initialize()	CtMethodImpl	public
io.andromeda.fragments.feeds.FeedType.name	CtFieldReferenceImpl	public
io.andromeda.fragments.Fragments.dbsupport	CtFieldReferenceImpl	private
io.andromeda.fragments.Constants.ORDER_ID	CtFieldReferenceImpl	public
io.andromeda.fragments.Utilities.URL_ID	CtFieldReferenceImpl	public
io.andromeda.fragments.feeds.FragmentsFeed.createFeed(io.andromeda.fragments.Fragments)	CtMethodImpl	public
io.andromeda.fragments.feeds.FeedConfiguration.getLink()	CtMethodImpl	public
io.andromeda.fragments.feeds.FeedConfiguration.description	CtFieldReferenceImpl	private
io.andromeda.fragments.Fragments.byDate	CtFieldReferenceImpl	public
io.andromeda.fragments.Fragments.getVisibleFragmentOrdered(java.util.Comparator)	CtMethodImpl	public
io.andromeda.fragments.db.DBConfiguration.resetDB	CtFieldReferenceImpl	private
io.andromeda.fragments.Fragments.prepareFragments()	CtMethodImpl	private
io.andromeda.fragments.Utilities.ACTIVE_ID	CtFieldReferenceImpl	public
io.andromeda.fragments.Configuration.dataDirectory	CtFieldReferenceImpl	private
io.andromeda.fragments.Fragment.date	CtFieldReferenceImpl	private
io.andromeda.fragments.Fragment.frontMatter	CtFieldReferenceImpl	private
io.andromeda.fragments.Fragment.getDirectory()	CtMethodImpl	public
io.andromeda.fragments.db.DBConfiguration.name	CtFieldReferenceImpl	private
io.andromeda.fragments.feeds.FeedConfiguration.previewTextOnly	CtFieldReferenceImpl	private
io.andromeda.fragments.Fragment.url	CtFieldReferenceImpl	private
io.andromeda.fragments.Fragments.enableDatabase(io.andromeda.fragments.db.DBConfiguration)	CtMethodImpl	public
io.andromeda.fragments.Fragment.getLanguagesTitles()	CtMethodImpl	public
io.andromeda.fragments.Constants	CtClassImpl	public
io.andromeda.fragments.Fragment.getFilename()	CtMethodImpl	public
io.andromeda.fragments.feeds.FragmentsFeed.configuration	CtFieldReferenceImpl	private
io.andromeda.fragments.Fragment.template	CtFieldReferenceImpl	private
io.andromeda.fragments.types.RouteType	CtEnumImpl	public
org.yaml.snakeyaml.resolver.Resolver.NULL	CtFieldReferenceImpl	public
io.andromeda.fragments.search.SearchConfiguration.includingInvisible	CtFieldReferenceImpl	private
io.andromeda.fragmentsdemo.PippoLauncher()	CtConstructorImpl	private
org.yaml.snakeyaml.resolver.Resolver.BOOL	CtFieldReferenceImpl	public
org.yaml.snakeyaml.resolver.Resolver.yamlImplicitResolvers	CtFieldReferenceImpl	protected
ro.pippo.core.Application.router	CtFieldReferenceImpl	protected
io.andromeda.fragments.db.DBSupport.LOGGER	CtFieldReferenceImpl	private
io.andromeda.fragments.db.DBSupport.getTopFragments()	CtMethodImpl	public
io.andromeda.fragments.feeds.FeedConfiguration.feedType	CtFieldReferenceImpl	private
io.andromeda.fragments.Fragment.getUrl()	CtMethodImpl	public
io.andromeda.fragments.Fragments.readDirectory(java.lang.String)	CtMethodImpl	private
io.andromeda.fragments.search.SearchConfiguration.getHitsPerPage()	CtMethodImpl	public
io.andromeda.fragments.db.DBConfiguration.username	CtFieldReferenceImpl	private
io.andromeda.fragments.Fragments.LOGGER	CtFieldReferenceImpl	private
io.andromeda.fragments.Configuration.domain	CtFieldReferenceImpl	private
ro.pippo.core.Application.templateEngine	CtFieldReferenceImpl	private
io.andromeda.fragments.Fragment.parseContent(java.io.BufferedReader)	CtMethodImpl	protected
io.andromeda.fragments.Configuration.overviewTemplate	CtFieldReferenceImpl	private
io.andromeda.fragmentsdemo.PippoApplication.onInit()	CtMethodImpl	protected
io.andromeda.fragments.Fragment.setOrder(int)	CtMethodImpl	public
io.andromeda.fragments.Fragment.getLanguages()	CtMethodImpl	public
io.andromeda.fragments.Fragments.urlPath	CtFieldReferenceImpl	private
io.andromeda.fragments.Fragment.preview	CtFieldReferenceImpl	private
io.andromeda.fragments.Utilities.obfuscate(java.lang.String)	CtMethodImpl	public
org.yaml.snakeyaml.resolver.Resolver.INT	CtFieldReferenceImpl	public
io.andromeda.fragments.Fragment.getTags()	CtMethodImpl	public
io.andromeda.fragments.Configuration.defaultTemplate	CtFieldReferenceImpl	private
io.andromeda.fragments.Constants.CONTENT_ID	CtFieldReferenceImpl	public
io.andromeda.fragments.Fragment.previewTextOnly	CtFieldReferenceImpl	private
io.andromeda.fragments.Fragments.getVisibleTags()	CtMethodImpl	public
ro.pippo.core.Application.messages	CtFieldReferenceImpl	private
io.andromeda.fragments.Fragments.getDataDirectory()	CtMethodImpl	public
io.andromeda.fragments.Configuration.setDomain(java.lang.String)	CtMethodImpl	public
io.andromeda.fragments.Configuration.setRouteType(io.andromeda.fragments.types.RouteType)	CtMethodImpl	public
io.andromeda.fragments.db.DBConfiguration.driver	CtFieldReferenceImpl	private
io.andromeda.fragments.search.FragmentsLuceneIndex.createIndex()	CtMethodImpl	public
org.yaml.snakeyaml.resolver.Resolver.FLOAT	CtFieldReferenceImpl	public
io.andromeda.fragments.db.DBConfiguration.getResetDB()	CtMethodImpl	public
io.andromeda.fragments.search.FragmentsLuceneIndex.addFragments(io.andromeda.fragments.Fragments)	CtMethodImpl	public
io.andromeda.fragments.Fragments.getFragments(boolean)	CtMethodImpl	public
io.andromeda.fragments.Utilities()	CtConstructorImpl	private
io.andromeda.fragments.Utilities.LOGGER	CtFieldReferenceImpl	private
io.andromeda.fragments.db.DBConfiguration	CtClassImpl	public
io.andromeda.fragments.feeds.FragmentsFeed(io.andromeda.fragments.feeds.FeedConfiguration)	CtConstructorImpl	public
io.andromeda.fragments.Fragment.getDateTime()	CtMethodImpl	public
io.andromeda.fragments.Fragment.getFrontMatterType()	CtMethodImpl	public
io.andromeda.fragments.Fragment.configuration	CtFieldReferenceImpl	private
ro.pippo.core.Application.locals	CtFieldReferenceImpl	private
ro.pippo.core.Application.httpCacheToolkit	CtFieldReferenceImpl	private
io.andromeda.fragments.Fragment.getFullUrlEncoded()	CtMethodImpl	public
io.andromeda.fragments.db.DBConfiguration.getConnection()	CtMethodImpl	public
io.andromeda.fragments.db.DBConfiguration(io.andromeda.fragments.Fragments,java.lang.String)	CtConstructorImpl	public
io.andromeda.fragments.Constants.DATE_ID	CtFieldReferenceImpl	public
io.andromeda.fragments.Fragment.filename	CtFieldReferenceImpl	private
io.andromeda.fragments.search.SearchConfiguration.maximumResults	CtFieldReferenceImpl	private
io.andromeda.fragments.Utilities.PAGINATION_ID	CtFieldReferenceImpl	public
io.andromeda.fragments.db.DBSupport.getNumberOfClicks(io.andromeda.fragments.Fragment)	CtMethodImpl	public
io.andromeda.fragments.db.DBConfiguration.getDBName()	CtMethodImpl	public
io.andromeda.fragments.YAMLResolver	CtClassImpl	public
io.andromeda.fragments.Configuration.getDataDirectory()	CtMethodImpl	public
io.andromeda.fragments.Utilities.NEXT_ID	CtFieldReferenceImpl	public
ro.pippo.core.Application.pippoSettings	CtFieldReferenceImpl	private
io.andromeda.fragments.Configuration()	CtConstructorImpl	private
io.andromeda.fragments.Constants.TAGS_ID	CtFieldReferenceImpl	public
io.andromeda.fragments.Utilities.random	CtFieldReferenceImpl	private
io.andromeda.fragments.Configuration.setProtocol(java.lang.String)	CtMethodImpl	public
io.andromeda.fragments.Fragments.configuration	CtFieldReferenceImpl	private
io.andromeda.fragments.Fragments.visibleCategories	CtFieldReferenceImpl	private
io.andromeda.fragments.Fragment.languages	CtFieldReferenceImpl	private
io.andromeda.fragments.Fragment.getDefaultLanguage()	CtMethodImpl	public
io.andromeda.fragments.Configuration.getName()	CtMethodImpl	public
io.andromeda.fragments.db.DBSupport.defaultTopFragments	CtFieldReferenceImpl	private
io.andromeda.fragmentsdemo.PippoLauncher.main(java.lang.String[])	CtMethodImpl	public
io.andromeda.fragments.Fragments.visibleFragments	CtFieldReferenceImpl	private
ro.pippo.core.Application.engines	CtFieldReferenceImpl	private
io.andromeda.fragments.Fragment.order	CtFieldReferenceImpl	private
io.andromeda.fragments.Configuration.noOfItemsPerPage	CtFieldReferenceImpl	private
io.andromeda.fragments.Fragments.allFragments	CtFieldReferenceImpl	private
io.andromeda.fragments.YAMLResolver.addImplicitResolvers()	CtMethodImpl	protected
io.andromeda.fragments.Constants.TEMPLATE_ID	CtFieldReferenceImpl	public
io.andromeda.fragments.Constants()	CtConstructorImpl	private
io.andromeda.fragments.Fragment.getTemplate()	CtMethodImpl	public
io.andromeda.fragments.search.SearchConfiguration.hitsPerPage	CtFieldReferenceImpl	private
io.andromeda.fragments.Configuration.setDynamicContext(io.andromeda.fragments.DynamicContext)	CtMethodImpl	public
io.andromeda.fragments.Fragments.visibleTags	CtFieldReferenceImpl	private
io.andromeda.fragments.Configuration.protocol	CtFieldReferenceImpl	private
io.andromeda.fragments.Utilities.LAST_ID	CtFieldReferenceImpl	public
io.andromeda.fragments.feeds.FragmentsFeed.LOGGER	CtFieldReferenceImpl	private
io.andromeda.fragments.feeds.FeedConfiguration.link	CtFieldReferenceImpl	private
io.andromeda.fragments.search.FragmentsLuceneIndex.configuration	CtFieldReferenceImpl	private
io.andromeda.fragments.feeds.FeedConfiguration.publishedDate	CtFieldReferenceImpl	private
io.andromeda.fragments.Utilities.TRUE	CtFieldReferenceImpl	public
io.andromeda.fragments.Constants.FULL_URL_ID	CtFieldReferenceImpl	public
io.andromeda.fragments.feeds.FeedConfiguration.getFeedType()	CtMethodImpl	public
io.andromeda.fragments.db.DBConfiguration.connection	CtFieldReferenceImpl	private
io.andromeda.fragments.Fragment.setFullUrl(java.lang.String)	CtMethodImpl	public
io.andromeda.fragments.Fragments.getVisibleCategories()	CtMethodImpl	public
io.andromeda.fragments.search.SearchConfiguration.getAnalyzer()	CtMethodImpl	public
ro.pippo.core.Application.initializers	CtFieldReferenceImpl	private
io.andromeda.fragments.Fragments.getName()	CtMethodImpl	public
io.andromeda.fragments.Configuration	CtClassImpl	public
io.andromeda.fragments.Fragment.getSlug()	CtMethodImpl	public
org.yaml.snakeyaml.resolver.Resolver.YAML	CtFieldReferenceImpl	public
io.andromeda.fragments.Fragment.getContent()	CtMethodImpl	public
io.andromeda.fragments.Fragment.getTitle()	CtMethodImpl	public
io.andromeda.fragments.db.DBConfiguration.password	CtFieldReferenceImpl	private
io.andromeda.fragments.db.DBConfiguration.getDriver()	CtMethodImpl	public
io.andromeda.fragments.Fragment.setContext(java.util.Map<java.lang.String, java.lang.Object>,boolean)	CtMethodImpl	public
io.andromeda.fragments.feeds.FeedConfiguration.getPublishedDate()	CtMethodImpl	public
io.andromeda.fragmentsdemo.PippoApplication	CtClassImpl	public
io.andromeda.fragments.db.DBSupport.createTable()	CtMethodImpl	public
org.yaml.snakeyaml.resolver.Resolver.MERGE	CtFieldReferenceImpl	public
io.andromeda.fragments.Utilities.encode(char)	CtMethodImpl	public
io.andromeda.fragments.Fragments.handleTaxonomies(io.andromeda.fragments.Fragment,java.util.List<java.lang.String>,java.util.Map<java.lang.String, java.util.List<io.andromeda.fragments.Fragment>>,java.util.Map<java.lang.String, java.util.List<io.andromeda.fragments.Fragment>>)	CtMethodImpl	private
io.andromeda.fragments.Configuration.getProtocol()	CtMethodImpl	public
io.andromeda.fragments.Utilities.PREVIOUS_ID	CtFieldReferenceImpl	public
io.andromeda.fragments.Utilities.getItem(java.lang.String,boolean,java.lang.String)	CtMethodImpl	public
io.andromeda.fragments.Configuration.getDomain()	CtMethodImpl	public
io.andromeda.fragments.feeds.FeedConfiguration.getIncludingInvisible()	CtMethodImpl	public
io.andromeda.fragments.Fragment.update(java.lang.String)	CtMethodImpl	public
