method	type	visibility
com.sendgrid.Client.executeApiCall(org.apache.http.client.methods.HttpRequestBase)	CtMethodImpl	private
com.sendgrid.SendGridResponseHandler.handleEntity(org.apache.http.HttpEntity)	CtMethodImpl	public
com.sendgrid.Response.setBody(java.lang.String)	CtMethodImpl	public
org.apache.http.message.AbstractHttpMessage.headergroup	CtFieldReferenceImpl	protected
com.sendgrid.Request.getEndpoint()	CtMethodImpl	public
com.sendgrid.Client.writeContentTypeIfNeeded(com.sendgrid.Request,org.apache.http.HttpMessage)	CtMethodImpl	private
com.sendgrid.Request	CtClassImpl	public
com.sendgrid.Response.getBody()	CtMethodImpl	public
com.sendgrid.Client.post(com.sendgrid.Request)	CtMethodImpl	public
org.apache.http.client.methods.HttpRequestBase.uri	CtFieldReferenceImpl	private
com.sendgrid.HttpDeleteWithBody(java.lang.String)	CtConstructorImpl	public
com.sendgrid.HttpDeleteWithBody.getMethod()	CtMethodImpl	public
com.sendgrid.Response.getHeaders()	CtMethodImpl	public
com.sendgrid.Request()	CtConstructorImpl	public
com.sendgrid.Request.setBody(java.lang.String)	CtMethodImpl	public
com.sendgrid.Response	CtClassImpl	public
com.sendgrid.Response()	CtConstructorImpl	public
com.sendgrid.SendGridResponseHandler	CtClassImpl	public
com.sendgrid.Request.clearEndpoint()	CtMethodImpl	public
com.sendgrid.Request.clearHeaders()	CtMethodImpl	public
com.sendgrid.Response.setStatusCode(int)	CtMethodImpl	public
com.sendgrid.Request.clearMethod()	CtMethodImpl	public
org.apache.http.client.methods.AbstractExecutionAwareRequest.cancellableRef	CtFieldReferenceImpl	private
com.sendgrid.Request.setBaseUri(java.lang.String)	CtMethodImpl	public
com.sendgrid.Request.reset()	CtMethodImpl	public
com.sendgrid.Client	CtClassImpl	public
com.sendgrid.Request.addHeader(java.lang.String,java.lang.String)	CtMethodImpl	public
com.sendgrid.Request.getBody()	CtMethodImpl	public
com.sendgrid.Client.api(com.sendgrid.Request)	CtMethodImpl	public
com.sendgrid.Request.method	CtFieldReferenceImpl	private
com.sendgrid.Request.getBaseUri()	CtMethodImpl	public
com.sendgrid.Response.setHeaders(java.util.Map<java.lang.String, java.lang.String>)	CtMethodImpl	public
com.sendgrid.Response(int,java.lang.String,java.util.Map<java.lang.String, java.lang.String>)	CtConstructorImpl	public
com.sendgrid.Client(org.apache.http.impl.client.CloseableHttpClient,java.lang.Boolean)	CtConstructorImpl	public
com.sendgrid.Client.delete(com.sendgrid.Request)	CtMethodImpl	public
com.sendgrid.Request.setMethod(com.sendgrid.Method)	CtMethodImpl	public
com.sendgrid.Request.endpoint	CtFieldReferenceImpl	private
com.sendgrid.Client(org.apache.http.impl.client.CloseableHttpClient)	CtConstructorImpl	public
com.sendgrid.Method()	CtConstructorImpl	private
com.sendgrid.Response.statusCode	CtFieldReferenceImpl	private
com.sendgrid.Client(java.lang.Boolean)	CtConstructorImpl	public
com.sendgrid.Response.reset()	CtMethodImpl	public
com.sendgrid.Request.getHeaders()	CtMethodImpl	public
com.sendgrid.Request.getQueryParams()	CtMethodImpl	public
com.sendgrid.HttpDeleteWithBody	CtClassImpl	package-private
org.apache.http.client.methods.HttpRequestBase.config	CtFieldReferenceImpl	private
com.sendgrid.Request.baseUri	CtFieldReferenceImpl	private
com.sendgrid.Request.setEndpoint(java.lang.String)	CtMethodImpl	public
com.sendgrid.Client.close()	CtMethodImpl	public
com.sendgrid.SendGridResponseHandler.handleResponse(org.apache.http.HttpResponse)	CtMethodImpl	public
com.sendgrid.Client.test	CtFieldReferenceImpl	private
org.apache.http.client.methods.HttpRequestBase.version	CtFieldReferenceImpl	private
com.sendgrid.Method	CtEnumImpl	public
com.sendgrid.Client.buildUri(java.lang.String,java.lang.String,java.util.Map<java.lang.String, java.lang.String>)	CtMethodImpl	public
com.sendgrid.Request.clearBody()	CtMethodImpl	public
com.sendgrid.Response.body	CtFieldReferenceImpl	private
com.sendgrid.Client()	CtConstructorImpl	public
org.apache.http.message.AbstractHttpMessage.params	CtFieldReferenceImpl	protected
com.sendgrid.Request.clearQueryParams()	CtMethodImpl	public
com.sendgrid.Request.queryParams	CtFieldReferenceImpl	private
com.sendgrid.Client.patch(com.sendgrid.Request)	CtMethodImpl	public
com.sendgrid.Client.put(com.sendgrid.Request)	CtMethodImpl	public
com.sendgrid.Request.body	CtFieldReferenceImpl	private
com.sendgrid.Client.createdHttpClient	CtFieldReferenceImpl	private
com.sendgrid.Request.addQueryParam(java.lang.String,java.lang.String)	CtMethodImpl	public
com.sendgrid.Request.removeQueryParam(java.lang.String)	CtMethodImpl	public
com.sendgrid.Request.getMethod()	CtMethodImpl	public
com.sendgrid.HttpDeleteWithBody.METHOD_NAME	CtFieldReferenceImpl	public
org.apache.http.client.methods.HttpEntityEnclosingRequestBase.entity	CtFieldReferenceImpl	private
com.sendgrid.Client.finalize()	CtMethodImpl	public
com.sendgrid.Request.removeHeader(java.lang.String)	CtMethodImpl	public
com.sendgrid.Client.httpClient	CtFieldReferenceImpl	private
com.sendgrid.Request.clearBaseUri()	CtMethodImpl	public
com.sendgrid.Request.headers	CtFieldReferenceImpl	private
com.sendgrid.Response.headers	CtFieldReferenceImpl	private
com.sendgrid.Response.getStatusCode()	CtMethodImpl	public
com.sendgrid.SendGridResponseHandler()	CtConstructorImpl	public
com.sendgrid.Client.get(com.sendgrid.Request)	CtMethodImpl	public
com.sendgrid.Client.getResponse(org.apache.http.client.methods.CloseableHttpResponse)	CtMethodImpl	public
