method	type	visibility
de.sfuhrm.htmltosax.dom.DomParser.popTo(java.lang.String,java.lang.String,java.lang.String)	CtMethodImpl	private
de.sfuhrm.htmltosax.parser.html.HtmlDFA.LOGGER	CtFieldReferenceImpl	private
de.sfuhrm.htmltosax.parser.html.HtmlDFA.lastMarkPosition	CtFieldReferenceImpl	private
de.sfuhrm.htmltosax.HtmlToSaxReader.getContentHandler()	CtMethodImpl	public
de.sfuhrm.htmltosax.parser.dfa.DFA$StateCharMap(de.sfuhrm.htmltosax.parser.dfa.State,de.sfuhrm.htmltosax.parser.dfa.Transition,de.sfuhrm.htmltosax.parser.dfa.Transition,de.sfuhrm.htmltosax.parser.dfa.Transition[])	CtConstructorImpl	package-private
de.sfuhrm.htmltosax.Sample.showErrors	CtFieldReferenceImpl	private
de.sfuhrm.htmltosax.parser.dfa.Transition.to()	CtMethodImpl	public
de.sfuhrm.htmltosax.dom.DomParser	CtClassImpl	public
de.sfuhrm.htmltosax.parser.dfa.DFA.byteSize()	CtMethodImpl	public
de.sfuhrm.htmltosax.parser.dfa.DFA.pos()	CtMethodImpl	protected
de.sfuhrm.htmltosax.HtmlToSaxReader.setDTDHandler(org.xml.sax.DTDHandler)	CtMethodImpl	public
de.sfuhrm.htmltosax.parser.dfa.DFA.forcedState	CtFieldReferenceImpl	private
de.sfuhrm.htmltosax.parser.dfa.Transition.chars()	CtMethodImpl	public
de.sfuhrm.htmltosax.parser.html.HtmlDFA.setContentHandler(org.xml.sax.ContentHandler)	CtMethodImpl	public
de.sfuhrm.htmltosax.parser.html.HtmlEntities.map	CtFieldReferenceImpl	private
de.sfuhrm.htmltosax.dom.MyDefaultHandler.characters(char[],int,int)	CtMethodImpl	public
de.sfuhrm.htmltosax.parser.dfa.Transition.chars	CtFieldReferenceImpl	private
de.sfuhrm.htmltosax.dom.DomParser.LOGGER	CtFieldReferenceImpl	private
de.sfuhrm.htmltosax.parser.html.HtmlDFA.currentAttributes	CtFieldReferenceImpl	private
de.sfuhrm.htmltosax.HtmlToSaxReader()	CtConstructorImpl	package-private
de.sfuhrm.htmltosax.parser.dfa.DFA.StateCharMap.transitions	CtFieldReferenceImpl	private
de.sfuhrm.htmltosax.parser.html.HtmlDFA.fixedTransitions	CtFieldReferenceImpl	private
de.sfuhrm.htmltosax.HtmlToSaxReader.setErrorHandler(org.xml.sax.ErrorHandler)	CtMethodImpl	public
de.sfuhrm.htmltosax.HtmlToSaxReader.getFeature(java.lang.String)	CtMethodImpl	public
de.sfuhrm.htmltosax.parser.html.HtmlDFA(java.io.Reader)	CtConstructorImpl	public
de.sfuhrm.htmltosax.HtmlToSaxReader.getProperty(java.lang.String)	CtMethodImpl	public
de.sfuhrm.htmltosax.parser.html.HtmlDFA.errorHandler	CtFieldReferenceImpl	private
de.sfuhrm.htmltosax.parser.html.HtmlDFA.SPACE	CtFieldReferenceImpl	private
de.sfuhrm.htmltosax.parser.dfa.StateCharMap.getFor(char)	CtMethodImpl	public
de.sfuhrm.htmltosax.parser.html.HtmlDFA.HandlerEndScriptElementNameAction	CtFieldReferenceImpl	private
javax.xml.parsers.SAXParserFactory.validating	CtFieldReferenceImpl	private
de.sfuhrm.htmltosax.HtmlToSaxReader.setEntityResolver(org.xml.sax.EntityResolver)	CtMethodImpl	public
de.sfuhrm.htmltosax.HtmlToSaxParserFactory.newSAXParser()	CtMethodImpl	public
de.sfuhrm.htmltosax.parser.html.HtmlDFA.ElementNameAction	CtFieldReferenceImpl	private
de.sfuhrm.htmltosax.parser.html.HtmlDFA.DEFAULT_URI	CtFieldReferenceImpl	private
de.sfuhrm.htmltosax.parser.dfa.DFA.leftState(de.sfuhrm.htmltosax.parser.dfa.State,java.lang.StringBuilder)	CtMethodImpl	protected
de.sfuhrm.htmltosax.parser.html.HtmlDFA.HandlerCharactersAction	CtFieldReferenceImpl	private
de.sfuhrm.htmltosax.parser.html.HtmlEntities.PROPERTIES_NAME	CtFieldReferenceImpl	private
de.sfuhrm.htmltosax.HtmlToSaxReader.contentHandler	CtFieldReferenceImpl	private
de.sfuhrm.htmltosax.parser.dfa.DFA.StateCharMap.eofTransition	CtFieldReferenceImpl	private
de.sfuhrm.htmltosax.parser.dfa.DFA.highestChar(java.util.Collection<de.sfuhrm.htmltosax.parser.dfa.Transition>)	CtMethodImpl	private
de.sfuhrm.htmltosax.parser.dfa.DFA	CtClassImpl	public
de.sfuhrm.htmltosax.HtmlToSaxReader.getDTDHandler()	CtMethodImpl	public
de.sfuhrm.htmltosax.Sample.main(java.lang.String[])	CtMethodImpl	public
de.sfuhrm.htmltosax.parser.html.HtmlDFA.ClearElementNameAction	CtFieldReferenceImpl	private
de.sfuhrm.htmltosax.HtmlToSaxParser	CtClassImpl	public
de.sfuhrm.htmltosax.parser.dfa.StateCharMap.byteSize()	CtMethodImpl	public
de.sfuhrm.htmltosax.dom.DomParser.document	CtFieldReferenceImpl	private
de.sfuhrm.htmltosax.HtmlToSaxParser.getParser()	CtMethodImpl	public
de.sfuhrm.htmltosax.parser.html.HtmlDFA.EntityReferenceAction	CtFieldReferenceImpl	private
de.sfuhrm.htmltosax.parser.dfa.Transition.toString()	CtMethodImpl	public
de.sfuhrm.htmltosax.parser.html.HtmlEntities.get(java.lang.String)	CtMethodImpl	public
de.sfuhrm.htmltosax.parser.html.HtmlDFA.contentHandler	CtFieldReferenceImpl	private
de.sfuhrm.htmltosax.Sample.hrefs	CtFieldReferenceImpl	private
de.sfuhrm.htmltosax.parser.dfa.DFA.column()	CtMethodImpl	public
de.sfuhrm.htmltosax.parser.html.HtmlDFA.DEFAULT_LOCAL_NAME	CtFieldReferenceImpl	private
de.sfuhrm.htmltosax.dom.DomParser.current	CtFieldReferenceImpl	private
de.sfuhrm.htmltosax.parser.dfa.Transition.fire(T,java.lang.StringBuilder)	CtMethodImpl	package-private
de.sfuhrm.htmltosax.HtmlToSaxReader	CtClassImpl	package-private
de.sfuhrm.htmltosax.Sample.eventuallyShowError(org.xml.sax.SAXParseException)	CtMethodImpl	private
de.sfuhrm.htmltosax.parser.dfa.Transition.ClearAction	CtFieldReferenceImpl	public
de.sfuhrm.htmltosax.parser.html.HtmlState()	CtConstructorImpl	private
de.sfuhrm.htmltosax.HtmlToSaxParser()	CtConstructorImpl	package-private
de.sfuhrm.htmltosax.parser.dfa.DFA.column	CtFieldReferenceImpl	private
de.sfuhrm.htmltosax.parser.html.HtmlDFA.createTransitions()	CtMethodImpl	private
de.sfuhrm.htmltosax.HtmlToSaxParser.getXMLReader()	CtMethodImpl	public
de.sfuhrm.htmltosax.parser.html.HtmlEntities.INSTANCE	CtFieldReferenceImpl	private
de.sfuhrm.htmltosax.HtmlToSaxReader.errorHandler	CtFieldReferenceImpl	private
de.sfuhrm.htmltosax.parser.html.HtmlEntities	CtClassImpl	package-private
de.sfuhrm.htmltosax.parser.dfa.DFA.line()	CtMethodImpl	public
de.sfuhrm.htmltosax.parser.html.HtmlDFA	CtClassImpl	public
de.sfuhrm.htmltosax.parser.html.HtmlDFA.AttributeValueAction	CtFieldReferenceImpl	private
de.sfuhrm.htmltosax.parser.dfa.DFA(java.io.Reader,de.sfuhrm.htmltosax.parser.dfa.State)	CtConstructorImpl	protected
de.sfuhrm.htmltosax.HtmlToSaxReader.getErrorHandler()	CtMethodImpl	public
de.sfuhrm.htmltosax.parser.dfa.DFA(java.io.Reader,de.sfuhrm.htmltosax.parser.dfa.State,de.sfuhrm.htmltosax.parser.dfa.Transition[])	CtConstructorImpl	protected
de.sfuhrm.htmltosax.parser.dfa.Transition.NullAction	CtFieldReferenceImpl	package-private
de.sfuhrm.htmltosax.HtmlToSaxParserFactory()	CtConstructorImpl	public
de.sfuhrm.htmltosax.HtmlToSaxReader.setContentHandler(org.xml.sax.ContentHandler)	CtMethodImpl	public
de.sfuhrm.htmltosax.dom.DomParser.MyDefaultHandler	CtClassImpl	private
de.sfuhrm.htmltosax.parser.dfa.DFA.StateCharMap	CtClassImpl	package-private
de.sfuhrm.htmltosax.parser.html.HtmlDFA.HandlerStartElementNameAction	CtFieldReferenceImpl	private
de.sfuhrm.htmltosax.parser.html.HtmlDFA.HexReferenceAction	CtFieldReferenceImpl	private
de.sfuhrm.htmltosax.parser.dfa.Transition	CtClassImpl	public
de.sfuhrm.htmltosax.parser.html.HtmlDFA.BeforeElementNameAction	CtFieldReferenceImpl	private
de.sfuhrm.htmltosax.parser.dfa.DFA.StateCharMap.defaultTransition	CtFieldReferenceImpl	private
de.sfuhrm.htmltosax.Sample	CtClassImpl	public
de.sfuhrm.htmltosax.parser.dfa.DFA.LOGGER	CtFieldReferenceImpl	private
de.sfuhrm.htmltosax.HtmlToSaxParser.isNamespaceAware()	CtMethodImpl	public
de.sfuhrm.htmltosax.HtmlToSaxReader.parse(org.xml.sax.InputSource)	CtMethodImpl	public
de.sfuhrm.htmltosax.dom.DomParser.stack	CtFieldReferenceImpl	private
de.sfuhrm.htmltosax.parser.html.HtmlDFA.createLocator()	CtMethodImpl	private
de.sfuhrm.htmltosax.parser.dfa.Transition.DeleteLastAction	CtFieldReferenceImpl	public
de.sfuhrm.htmltosax.HtmlToSaxReader.parse(java.lang.String)	CtMethodImpl	public
de.sfuhrm.htmltosax.parser.html.HtmlDFA.MarkPositionAction	CtFieldReferenceImpl	private
de.sfuhrm.htmltosax.parser.html.HtmlDFA.16	CtClassImpl	package-private
de.sfuhrm.htmltosax.parser.html.HtmlDFA.7	CtClassImpl	package-private
javax.xml.parsers.SAXParserFactory.namespaceAware	CtFieldReferenceImpl	private
de.sfuhrm.htmltosax.HtmlToSaxReader.LOGGER	CtFieldReferenceImpl	private
de.sfuhrm.htmltosax.dom.MyDefaultHandler.endDocument()	CtMethodImpl	public
de.sfuhrm.htmltosax.parser.dfa.DFA.highestChar(java.lang.String)	CtMethodImpl	private
de.sfuhrm.htmltosax.parser.html.HtmlDFA.15	CtClassImpl	package-private
de.sfuhrm.htmltosax.parser.dfa.Transition(de.sfuhrm.htmltosax.parser.dfa.State,java.lang.String,de.sfuhrm.htmltosax.parser.dfa.State,de.sfuhrm.htmltosax.parser.dfa.Action[])	CtConstructorImpl	public
de.sfuhrm.htmltosax.dom.DomParser.closed	CtFieldReferenceImpl	private
de.sfuhrm.htmltosax.parser.html.HtmlDFA.6	CtClassImpl	package-private
de.sfuhrm.htmltosax.parser.html.HtmlDFA.setErrorHandler(org.xml.sax.ErrorHandler)	CtMethodImpl	public
de.sfuhrm.htmltosax.parser.html.HtmlDFA.toAttributeValue(java.lang.CharSequence)	CtMethodImpl	private
de.sfuhrm.htmltosax.parser.dfa.StateCharMap.getEofTransition()	CtMethodImpl	public
de.sfuhrm.htmltosax.parser.html.HtmlDFA.3	CtClassImpl	package-private
de.sfuhrm.htmltosax.parser.html.HtmlState	CtEnumImpl	package-private
de.sfuhrm.htmltosax.Sample.getHRefs()	CtMethodImpl	public
de.sfuhrm.htmltosax.Sample.warning(org.xml.sax.SAXParseException)	CtMethodImpl	public
de.sfuhrm.htmltosax.parser.html.HtmlDFA.toText(java.lang.CharSequence)	CtMethodImpl	private
de.sfuhrm.htmltosax.parser.html.HtmlDFA.13	CtClassImpl	package-private
de.sfuhrm.htmltosax.dom.DomParser.preWrite()	CtMethodImpl	private
de.sfuhrm.htmltosax.parser.html.HtmlDFA.5	CtClassImpl	package-private
de.sfuhrm.htmltosax.parser.html.HtmlDFA.14	CtClassImpl	package-private
de.sfuhrm.htmltosax.parser.html.HtmlDFA.4	CtClassImpl	package-private
de.sfuhrm.htmltosax.parser.html.HtmlEntities.readFromClassPath()	CtMethodImpl	private
de.sfuhrm.htmltosax.parser.dfa.DFA.stateCharMaps	CtFieldReferenceImpl	private
de.sfuhrm.htmltosax.HtmlToSaxParserFactory	CtClassImpl	public
de.sfuhrm.htmltosax.parser.dfa.StateCharMap.size()	CtMethodImpl	public
de.sfuhrm.htmltosax.parser.html.HtmlDFA.toAttributeName(de.sfuhrm.htmltosax.parser.html.HtmlDFA,java.lang.CharSequence)	CtMethodImpl	private
de.sfuhrm.htmltosax.parser.html.HtmlDFA.2	CtClassImpl	package-private
de.sfuhrm.htmltosax.parser.html.HtmlEntities.getInstance()	CtMethodImpl	public
de.sfuhrm.htmltosax.parser.html.HtmlDFA.12	CtClassImpl	package-private
de.sfuhrm.htmltosax.parser.dfa.DFA.init(de.sfuhrm.htmltosax.parser.dfa.Transition[])	CtMethodImpl	protected
de.sfuhrm.htmltosax.parser.html.HtmlDFA.11	CtClassImpl	package-private
de.sfuhrm.htmltosax.HtmlToSaxParser.isValidating()	CtMethodImpl	public
de.sfuhrm.htmltosax.dom.MyDefaultHandler.endElement(java.lang.String,java.lang.String,java.lang.String)	CtMethodImpl	public
de.sfuhrm.htmltosax.parser.html.HtmlDFA.1	CtClassImpl	package-private
de.sfuhrm.htmltosax.parser.html.HtmlDFA.10	CtClassImpl	package-private
de.sfuhrm.htmltosax.parser.html.HtmlDFA.DIGITS	CtFieldReferenceImpl	private
de.sfuhrm.htmltosax.HtmlToSaxParser.getProperty(java.lang.String)	CtMethodImpl	public
de.sfuhrm.htmltosax.dom.DomParser.setAttrs(org.w3c.dom.Element,org.xml.sax.Attributes)	CtMethodImpl	private
de.sfuhrm.htmltosax.parser.dfa.DFA.in	CtFieldReferenceImpl	private
de.sfuhrm.htmltosax.dom.DomParser()	CtConstructorImpl	private
de.sfuhrm.htmltosax.parser.dfa.Transition.from()	CtMethodImpl	public
de.sfuhrm.htmltosax.parser.html.HtmlDFA.EmitErrorAction	CtFieldReferenceImpl	private
de.sfuhrm.htmltosax.HtmlToSaxParser.setProperty(java.lang.String,java.lang.Object)	CtMethodImpl	public
de.sfuhrm.htmltosax.dom.DomParser.parse(org.xml.sax.InputSource)	CtMethodImpl	public
de.sfuhrm.htmltosax.parser.dfa.Transition.actions	CtFieldReferenceImpl	private
de.sfuhrm.htmltosax.parser.dfa.DFA.line	CtFieldReferenceImpl	private
de.sfuhrm.htmltosax.parser.dfa.DFA.enteredState(de.sfuhrm.htmltosax.parser.dfa.State,java.lang.StringBuilder)	CtMethodImpl	protected
de.sfuhrm.htmltosax.Sample()	CtConstructorImpl	package-private
de.sfuhrm.htmltosax.dom.MyDefaultHandler.startDocument()	CtMethodImpl	public
de.sfuhrm.htmltosax.parser.html.HtmlEntities.LOGGER	CtFieldReferenceImpl	private
de.sfuhrm.htmltosax.HtmlToSaxReader.getEntityResolver()	CtMethodImpl	public
de.sfuhrm.htmltosax.HtmlToSaxParserFactory.setFeature(java.lang.String,boolean)	CtMethodImpl	public
de.sfuhrm.htmltosax.dom.DomParser.builder	CtFieldReferenceImpl	private
de.sfuhrm.htmltosax.Sample.error(org.xml.sax.SAXParseException)	CtMethodImpl	public
de.sfuhrm.htmltosax.parser.html.HtmlDFA.9	CtClassImpl	package-private
de.sfuhrm.htmltosax.parser.dfa.Transition.fromState	CtFieldReferenceImpl	private
de.sfuhrm.htmltosax.parser.html.HtmlDFA.toElementName(de.sfuhrm.htmltosax.parser.html.HtmlDFA,java.lang.CharSequence)	CtMethodImpl	private
de.sfuhrm.htmltosax.parser.html.HtmlDFA.8	CtClassImpl	package-private
de.sfuhrm.htmltosax.dom.DomParser.defaultHandler	CtFieldReferenceImpl	private
de.sfuhrm.htmltosax.HtmlToSaxParser.xmlReader	CtFieldReferenceImpl	private
de.sfuhrm.htmltosax.HtmlToSaxReader.setProperty(java.lang.String,java.lang.Object)	CtMethodImpl	public
de.sfuhrm.htmltosax.HtmlToSaxReader.setFeature(java.lang.String,boolean)	CtMethodImpl	public
de.sfuhrm.htmltosax.parser.dfa.Transition.toState	CtFieldReferenceImpl	private
de.sfuhrm.htmltosax.parser.html.HtmlEntities()	CtConstructorImpl	private
de.sfuhrm.htmltosax.parser.dfa.DFA.parse()	CtMethodImpl	public
de.sfuhrm.htmltosax.parser.dfa.Transition.2	CtClassImpl	package-private
de.sfuhrm.htmltosax.parser.dfa.Transition.1	CtClassImpl	package-private
de.sfuhrm.htmltosax.parser.dfa.Transition.3	CtClassImpl	package-private
de.sfuhrm.htmltosax.Sample.startElement(java.lang.String,java.lang.String,java.lang.String,org.xml.sax.Attributes)	CtMethodImpl	public
de.sfuhrm.htmltosax.parser.html.HtmlDFA.createAmpTransitions(de.sfuhrm.htmltosax.parser.html.HtmlState,de.sfuhrm.htmltosax.parser.html.HtmlState,de.sfuhrm.htmltosax.parser.html.HtmlState,de.sfuhrm.htmltosax.parser.html.HtmlState,de.sfuhrm.htmltosax.parser.html.HtmlState)	CtMethodImpl	private
de.sfuhrm.htmltosax.parser.dfa.DFA.StateCharMap.state	CtFieldReferenceImpl	private
de.sfuhrm.htmltosax.parser.html.HtmlDFA.CHARS	CtFieldReferenceImpl	private
de.sfuhrm.htmltosax.parser.html.HtmlDFA.currentAttributeName	CtFieldReferenceImpl	private
de.sfuhrm.htmltosax.parser.html.HtmlDFA.HandlerEndElementNameAction	CtFieldReferenceImpl	private
de.sfuhrm.htmltosax.parser.html.HtmlDFA.AttributeNameAction	CtFieldReferenceImpl	private
de.sfuhrm.htmltosax.Sample.fatalError(org.xml.sax.SAXParseException)	CtMethodImpl	public
de.sfuhrm.htmltosax.dom.DomParser$MyDefaultHandler()	CtConstructorImpl	private
de.sfuhrm.htmltosax.parser.html.HtmlDFA.AmpAndNoEntityReferenceAction	CtFieldReferenceImpl	private
de.sfuhrm.htmltosax.parser.html.HtmlDFA.currentElementName	CtFieldReferenceImpl	private
de.sfuhrm.htmltosax.HtmlToSaxParserFactory.getFeature(java.lang.String)	CtMethodImpl	public
de.sfuhrm.htmltosax.parser.dfa.DFA.forceTo(de.sfuhrm.htmltosax.parser.dfa.State)	CtMethodImpl	protected
de.sfuhrm.htmltosax.parser.dfa.DFA.initialState	CtFieldReferenceImpl	private
de.sfuhrm.htmltosax.parser.html.HtmlDFA.NumericReferenceAction	CtFieldReferenceImpl	private
de.sfuhrm.htmltosax.dom.MyDefaultHandler.startElement(java.lang.String,java.lang.String,java.lang.String,org.xml.sax.Attributes)	CtMethodImpl	public
de.sfuhrm.htmltosax.parser.html.HtmlEntities.get(java.lang.String,boolean)	CtMethodImpl	public
