method	type	visibility
com.shrevl.jshint.maven.plugin.js.JSFile	CtClassImpl	public
com.shrevl.jshint.maven.plugin.jaxb.jslint.Issue()	CtConstructorImpl	public
com.shrevl.jshint.maven.plugin.jaxb.jslint.ObjectFactory()	CtConstructorImpl	public
com.shrevl.jshint.maven.plugin.jaxb.jslint.Issue.setEvidence(java.lang.String)	CtMethodImpl	public
com.shrevl.jshint.maven.plugin.js.JSFile.getFile(java.lang.String)	CtMethodImpl	public
com.shrevl.jshint.maven.plugin.JSHint.defineFunctions()	CtMethodImpl	private
com.shrevl.jshint.maven.plugin.jaxb.jslint.File.name	CtFieldReferenceImpl	protected
com.shrevl.jshint.maven.plugin.format.JSLintErrorFormatter	CtClassImpl	public
com.shrevl.jshint.maven.plugin.jaxb.jslint.Issue.getEvidence()	CtMethodImpl	public
com.shrevl.jshint.maven.plugin.js.JSFile(java.lang.String)	CtConstructorImpl	public
com.shrevl.jshint.maven.plugin.mojo.HelpMojo	CtClassImpl	public
com.shrevl.jshint.maven.plugin.js.JSFile.getSource()	CtMethodImpl	public
com.shrevl.jshint.maven.plugin.jaxb.jshint.Issue.getChar()	CtMethodImpl	public
com.shrevl.jshint.maven.plugin.jaxb.jshint.Issue.setEvidence(java.lang.String)	CtMethodImpl	public
com.shrevl.jshint.maven.plugin.jaxb.jshint.Issue.evidence	CtFieldReferenceImpl	protected
com.shrevl.jshint.maven.plugin.jaxb.jslint.Jslint.getFile()	CtMethodImpl	public
com.shrevl.jshint.maven.plugin.js.FileJSFile(java.lang.String)	CtConstructorImpl	public
com.shrevl.jshint.maven.plugin.format.JSHintErrorFormatter.format(java.util.Map<com.shrevl.jshint.maven.plugin.js.JSFile, java.util.List<com.shrevl.jshint.maven.plugin.Error>>)	CtMethodImpl	public
com.shrevl.jshint.maven.plugin.jaxb.jshint.ObjectFactory.createIssue()	CtMethodImpl	public
com.shrevl.jshint.maven.plugin.format.JSLintErrorFormatter.format(java.util.Map<com.shrevl.jshint.maven.plugin.js.JSFile, java.util.List<com.shrevl.jshint.maven.plugin.Error>>)	CtMethodImpl	public
com.shrevl.jshint.maven.plugin.jaxb.jshint.Issue.getReason()	CtMethodImpl	public
com.shrevl.jshint.maven.plugin.mojo.JSHintMojo.globals	CtFieldReferenceImpl	private
com.shrevl.jshint.maven.plugin.Error.getCharacter()	CtMethodImpl	public
com.shrevl.jshint.maven.plugin.jaxb.jshint.File()	CtConstructorImpl	public
com.shrevl.jshint.maven.plugin.jaxb.jslint.Jslint	CtClassImpl	public
com.shrevl.jshint.maven.plugin.Error	CtClassImpl	public
com.shrevl.jshint.maven.plugin.jaxb.jslint.Issue	CtClassImpl	public
com.shrevl.jshint.maven.plugin.js.FileJSFile	CtClassImpl	public
com.shrevl.jshint.maven.plugin.jaxb.jslint.Jslint.file	CtFieldReferenceImpl	protected
org.apache.maven.plugin.AbstractMojo.log	CtFieldReferenceImpl	private
com.shrevl.jshint.maven.plugin.JSHint.map(org.mozilla.javascript.Scriptable)	CtMethodImpl	private
com.shrevl.jshint.maven.plugin.mojo.HelpMojo.toLines(java.util.List<java.lang.String>,java.lang.String,int,int)	CtMethodImpl	private
com.shrevl.jshint.maven.plugin.format.JSLintErrorFormatter()	CtConstructorImpl	public
com.shrevl.jshint.maven.plugin.jaxb.jshint.Issue.getLine()	CtMethodImpl	public
com.shrevl.jshint.maven.plugin.Error.setLine(java.lang.Integer)	CtMethodImpl	public
com.shrevl.jshint.maven.plugin.Error.character	CtFieldReferenceImpl	private
com.shrevl.jshint.maven.plugin.js.JSFile.getReader()	CtMethodImpl	public
com.shrevl.jshint.maven.plugin.jaxb.jslint.ObjectFactory	CtClassImpl	public
com.shrevl.jshint.maven.plugin.jaxb.jslint.Jslint()	CtConstructorImpl	public
com.shrevl.jshint.maven.plugin.mojo.HelpMojo.detail	CtFieldReferenceImpl	private
com.shrevl.jshint.maven.plugin.Error()	CtConstructorImpl	public
com.shrevl.jshint.maven.plugin.Error.setReason(java.lang.String)	CtMethodImpl	public
com.shrevl.jshint.maven.plugin.jaxb.jshint.File.getName()	CtMethodImpl	public
com.shrevl.jshint.maven.plugin.jaxb.jshint.File.setName(java.lang.String)	CtMethodImpl	public
com.shrevl.jshint.maven.plugin.jaxb.jshint.Issue.setChar(java.lang.Integer)	CtMethodImpl	public
com.shrevl.jshint.maven.plugin.mojo.HelpMojo.goal	CtFieldReferenceImpl	private
com.shrevl.jshint.maven.plugin.mojo.HelpMojo.append(java.lang.StringBuilder,java.lang.String,int)	CtMethodImpl	private
com.shrevl.jshint.maven.plugin.JSHint	CtClassImpl	public
com.shrevl.jshint.maven.plugin.jaxb.jshint.File.getIssue()	CtMethodImpl	public
com.shrevl.jshint.maven.plugin.jaxb.jslint.Issue.line	CtFieldReferenceImpl	protected
com.shrevl.jshint.maven.plugin.ErrorWriter	CtClassImpl	public
com.shrevl.jshint.maven.plugin.JSHint.DEFAULT_JS_HINT_PATH	CtFieldReferenceImpl	private
com.shrevl.jshint.maven.plugin.format.ErrorFormatterFactory.getErrorFormatter(com.shrevl.jshint.maven.plugin.format.OutputFormat)	CtMethodImpl	public
com.shrevl.jshint.maven.plugin.jaxb.jslint.File	CtClassImpl	public
com.shrevl.jshint.maven.plugin.format.JSHintErrorFormatter	CtClassImpl	public
com.shrevl.jshint.maven.plugin.jaxb.jshint.File.name	CtFieldReferenceImpl	protected
com.shrevl.jshint.maven.plugin.jaxb.jshint.Jshint.getFile()	CtMethodImpl	public
com.shrevl.jshint.maven.plugin.mojo.JSHintMojo	CtClassImpl	public
com.shrevl.jshint.maven.plugin.jaxb.jslint.ObjectFactory.createFile()	CtMethodImpl	public
com.shrevl.jshint.maven.plugin.jaxb.jshint.File.issue	CtFieldReferenceImpl	protected
com.shrevl.jshint.maven.plugin.jaxb.jshint.Issue._char	CtFieldReferenceImpl	protected
com.shrevl.jshint.maven.plugin.JSHint.global	CtFieldReferenceImpl	private
com.shrevl.jshint.maven.plugin.JSHint.convert(java.util.Map<java.lang.String, java.lang.String>)	CtMethodImpl	private
com.shrevl.jshint.maven.plugin.js.ResourceJSFile	CtClassImpl	public
com.shrevl.jshint.maven.plugin.mojo.HelpMojo.writeParameter(java.lang.StringBuilder,org.codehaus.plexus.util.xml.Xpp3Dom,org.codehaus.plexus.util.xml.Xpp3Dom)	CtMethodImpl	private
org.apache.maven.plugin.AbstractMojo.pluginContext	CtFieldReferenceImpl	private
com.shrevl.jshint.maven.plugin.format.JSHintErrorFormatter()	CtConstructorImpl	public
com.shrevl.jshint.maven.plugin.jaxb.jslint.File()	CtConstructorImpl	public
com.shrevl.jshint.maven.plugin.format.ErrorFormatterFactory()	CtConstructorImpl	public
com.shrevl.jshint.maven.plugin.jaxb.jshint.Jshint()	CtConstructorImpl	public
com.shrevl.jshint.maven.plugin.js.JSFile.getResource(java.lang.String)	CtMethodImpl	public
com.shrevl.jshint.maven.plugin.format.OutputFormat	CtEnumImpl	public
com.shrevl.jshint.maven.plugin.jaxb.jslint.Issue.evidence	CtFieldReferenceImpl	protected
com.shrevl.jshint.maven.plugin.jaxb.jshint.ObjectFactory.createFile()	CtMethodImpl	public
com.shrevl.jshint.maven.plugin.jaxb.jslint.Issue.setChar(java.lang.Integer)	CtMethodImpl	public
com.shrevl.jshint.maven.plugin.mojo.HelpMojo.build()	CtMethodImpl	private
com.shrevl.jshint.maven.plugin.JSHint()	CtConstructorImpl	public
com.shrevl.jshint.maven.plugin.mojo.HelpMojo.indentSize	CtFieldReferenceImpl	private
com.shrevl.jshint.maven.plugin.mojo.HelpMojo.PLUGIN_HELP_PATH	CtFieldReferenceImpl	private
com.shrevl.jshint.maven.plugin.jaxb.jslint.Issue.getReason()	CtMethodImpl	public
com.shrevl.jshint.maven.plugin.mojo.JSHintMojo.setJsSourceDirectory(java.lang.String)	CtMethodImpl	public
com.shrevl.jshint.maven.plugin.jaxb.jslint.File.getName()	CtMethodImpl	public
com.shrevl.jshint.maven.plugin.jaxb.jslint.ObjectFactory.createIssue()	CtMethodImpl	public
com.shrevl.jshint.maven.plugin.jaxb.jslint.Issue.setLine(java.lang.Integer)	CtMethodImpl	public
com.shrevl.jshint.maven.plugin.JSHint.run(java.util.List<com.shrevl.jshint.maven.plugin.js.JSFile>,java.util.Map<java.lang.String, java.lang.String>,java.util.Map<java.lang.String, java.lang.String>)	CtMethodImpl	public
com.shrevl.jshint.maven.plugin.js.FileJSFile.getInputStream()	CtMethodImpl	protected
com.shrevl.jshint.maven.plugin.jaxb.jshint.Issue.reason	CtFieldReferenceImpl	protected
com.shrevl.jshint.maven.plugin.jaxb.jslint.File.setName(java.lang.String)	CtMethodImpl	public
com.shrevl.jshint.maven.plugin.mojo.HelpMojo.writeGoal(java.lang.StringBuilder,java.lang.String,org.codehaus.plexus.util.xml.Xpp3Dom)	CtMethodImpl	private
com.shrevl.jshint.maven.plugin.mojo.HelpMojo()	CtConstructorImpl	public
com.shrevl.jshint.maven.plugin.js.JSFile.path	CtFieldReferenceImpl	private
com.shrevl.jshint.maven.plugin.jaxb.jshint.Issue	CtClassImpl	public
com.shrevl.jshint.maven.plugin.jaxb.jslint.Issue.getLine()	CtMethodImpl	public
com.shrevl.jshint.maven.plugin.mojo.JSHintMojo.options	CtFieldReferenceImpl	private
com.shrevl.jshint.maven.plugin.ErrorWriter()	CtConstructorImpl	public
com.shrevl.jshint.maven.plugin.jaxb.jshint.Issue.setLine(java.lang.Integer)	CtMethodImpl	public
com.shrevl.jshint.maven.plugin.mojo.HelpMojo.getIndentLevel(java.lang.String)	CtMethodImpl	private
com.shrevl.jshint.maven.plugin.mojo.JSHintMojo.outputFile	CtFieldReferenceImpl	private
com.shrevl.jshint.maven.plugin.jaxb.jslint.File.getIssue()	CtMethodImpl	public
com.shrevl.jshint.maven.plugin.mojo.HelpMojo.repeat(java.lang.String,int)	CtMethodImpl	private
com.shrevl.jshint.maven.plugin.js.ResourceJSFile(java.lang.String)	CtConstructorImpl	public
com.shrevl.jshint.maven.plugin.js.JSFile.getPath()	CtMethodImpl	public
com.shrevl.jshint.maven.plugin.jaxb.jshint.Issue.setReason(java.lang.String)	CtMethodImpl	public
com.shrevl.jshint.maven.plugin.jaxb.jslint.Issue.getChar()	CtMethodImpl	public
com.shrevl.jshint.maven.plugin.format.ErrorFormatterFactory	CtClassImpl	public
com.shrevl.jshint.maven.plugin.mojo.HelpMojo.toLines(java.lang.String,int,int,int)	CtMethodImpl	private
com.shrevl.jshint.maven.plugin.Error.setEvidence(java.lang.String)	CtMethodImpl	public
com.shrevl.jshint.maven.plugin.mojo.JSHintMojo.outputFormat	CtFieldReferenceImpl	private
com.shrevl.jshint.maven.plugin.jaxb.jshint.Jshint	CtClassImpl	public
com.shrevl.jshint.maven.plugin.jaxb.jshint.Jshint.file	CtFieldReferenceImpl	protected
com.shrevl.jshint.maven.plugin.mojo.HelpMojo.lineLength	CtFieldReferenceImpl	private
com.shrevl.jshint.maven.plugin.JSHint.print(org.mozilla.javascript.Context,org.mozilla.javascript.Scriptable,java.lang.Object[],org.mozilla.javascript.Function)	CtMethodImpl	public
com.shrevl.jshint.maven.plugin.jaxb.jshint.Issue.line	CtFieldReferenceImpl	protected
com.shrevl.jshint.maven.plugin.Error.getReason()	CtMethodImpl	public
com.shrevl.jshint.maven.plugin.Error.evidence	CtFieldReferenceImpl	private
com.shrevl.jshint.maven.plugin.jaxb.jshint.ObjectFactory()	CtConstructorImpl	public
com.shrevl.jshint.maven.plugin.mojo.JSHintMojo.setOutputFormat(com.shrevl.jshint.maven.plugin.format.OutputFormat)	CtMethodImpl	public
com.shrevl.jshint.maven.plugin.mojo.HelpMojo.getValue(org.codehaus.plexus.util.xml.Xpp3Dom,java.lang.String)	CtMethodImpl	private
com.shrevl.jshint.maven.plugin.Error.line	CtFieldReferenceImpl	private
com.shrevl.jshint.maven.plugin.JSHint.context	CtFieldReferenceImpl	private
com.shrevl.jshint.maven.plugin.jaxb.jshint.Issue()	CtConstructorImpl	public
com.shrevl.jshint.maven.plugin.mojo.JSHintMojo.execute()	CtMethodImpl	public
com.shrevl.jshint.maven.plugin.mojo.HelpMojo.execute()	CtMethodImpl	public
com.shrevl.jshint.maven.plugin.JSHint.getErrors()	CtMethodImpl	private
com.shrevl.jshint.maven.plugin.jaxb.jslint.File.issue	CtFieldReferenceImpl	protected
com.shrevl.jshint.maven.plugin.mojo.JSHintMojo()	CtConstructorImpl	public
com.shrevl.jshint.maven.plugin.Error.reason	CtFieldReferenceImpl	private
com.shrevl.jshint.maven.plugin.Error.getLine()	CtMethodImpl	public
com.shrevl.jshint.maven.plugin.format.OutputFormat()	CtConstructorImpl	private
com.shrevl.jshint.maven.plugin.jaxb.jslint.Issue.reason	CtFieldReferenceImpl	protected
com.shrevl.jshint.maven.plugin.Error.getEvidence()	CtMethodImpl	public
org.apache.maven.plugin.Mojo.ROLE	CtFieldReferenceImpl	package-private
com.shrevl.jshint.maven.plugin.jaxb.jslint.ObjectFactory.createJslint()	CtMethodImpl	public
com.shrevl.jshint.maven.plugin.mojo.JSHintMojo.jsSourceDirectory	CtFieldReferenceImpl	private
com.shrevl.jshint.maven.plugin.jaxb.jshint.Issue.getEvidence()	CtMethodImpl	public
com.shrevl.jshint.maven.plugin.Error.setCharacter(java.lang.Integer)	CtMethodImpl	public
com.shrevl.jshint.maven.plugin.jaxb.jshint.ObjectFactory	CtClassImpl	public
com.shrevl.jshint.maven.plugin.JSHint.JS_HINT_SCRIPT_PATH	CtFieldReferenceImpl	private
com.shrevl.jshint.maven.plugin.jaxb.jshint.File	CtClassImpl	public
com.shrevl.jshint.maven.plugin.js.ResourceJSFile.getInputStream()	CtMethodImpl	protected
com.shrevl.jshint.maven.plugin.jaxb.jshint.ObjectFactory.createJshint()	CtMethodImpl	public
com.shrevl.jshint.maven.plugin.jaxb.jslint.Issue.setReason(java.lang.String)	CtMethodImpl	public
com.shrevl.jshint.maven.plugin.ErrorWriter.write(java.util.Map<com.shrevl.jshint.maven.plugin.js.JSFile, java.util.List<com.shrevl.jshint.maven.plugin.Error>>,com.shrevl.jshint.maven.plugin.format.OutputFormat,java.lang.String)	CtMethodImpl	public
com.shrevl.jshint.maven.plugin.mojo.JSHintMojo.setOutputFile(java.lang.String)	CtMethodImpl	public
com.shrevl.jshint.maven.plugin.jaxb.jslint.Issue._char	CtFieldReferenceImpl	protected
