method	type	visibility
org.sodeac.multichainlist.Snapshot.removeAll(java.util.Collection<?>)	CtMethodImpl	public
org.sodeac.multichainlist.ChainSnapshot.linkIterable()	CtMethodImpl	public
org.sodeac.multichainlist.LinkerBuilder	CtClassImpl	public
org.sodeac.multichainlist.Snapshot.SnapshotIterator.next	CtFieldReferenceImpl	private
org.sodeac.multichainlist.Eyebolt.incrementSize()	CtMethodImpl	protected
org.sodeac.multichainlist.SnapshotVersion.equals(java.lang.Object)	CtMethodImpl	public
org.sodeac.multichainlist.LinkVersionChainSnapshotIterator.next()	CtMethodImpl	public
org.sodeac.multichainlist.ChainView.ChainSnapshot.chain	CtFieldReferenceImpl	private
org.sodeac.multichainlist.Node.linkSize()	CtMethodImpl	public
org.sodeac.multichainlist.ChainConflictException.serialVersionUID	CtFieldReferenceImpl	private
org.sodeac.multichainlist.ChainView.chainName	CtFieldReferenceImpl	private
org.sodeac.multichainlist.LinkerBuilder.linkIntoChain(java.lang.String)	CtMethodImpl	public
org.sodeac.multichainlist.Node.createHead(org.sodeac.multichainlist.LinkageDefinition<E>,org.sodeac.multichainlist.MultiChainList.SnapshotVersion<E>,org.sodeac.multichainlist.Partition.LinkMode)	CtMethodImpl	protected
org.sodeac.multichainlist.Node.getLink(java.lang.String)	CtMethodImpl	protected
org.sodeac.multichainlist.Snapshot.partition	CtFieldReferenceImpl	protected
org.sodeac.multichainlist.ChainConflictException.getAlreadyInChain()	CtMethodImpl	public
org.sodeac.multichainlist.Linker.LinkageDefinitionContainer.indexedByChain	CtFieldReferenceImpl	private
org.sodeac.multichainlist.Linker.append(E)	CtMethodImpl	public
org.sodeac.multichainlist.Partition(java.lang.String,org.sodeac.multichainlist.MultiChainList<E>)	CtConstructorImpl	protected
org.sodeac.multichainlist.CachedLinkerNode.clear(boolean)	CtMethodImpl	private
org.sodeac.multichainlist.MultiChainList.partitionListCopy	CtFieldReferenceImpl	protected
org.sodeac.multichainlist.ChainConflictException.getNode()	CtMethodImpl	public
org.sodeac.multichainlist.CachedLinkerBuilder.testComplete()	CtMethodImpl	private
org.sodeac.multichainlist.MultiChainList.dispose()	CtMethodImpl	public
org.sodeac.multichainlist.ChainView.ChainSnapshot.ChainSnapshotIterator.nextCalculated	CtFieldReferenceImpl	private
org.sodeac.multichainlist.PartitionConflictException.serialVersionUID	CtFieldReferenceImpl	private
org.sodeac.multichainlist.PartitionConflictException.chainName	CtFieldReferenceImpl	private
org.sodeac.multichainlist.SnapshotIterator.hasNext()	CtMethodImpl	public
org.sodeac.multichainlist.ChainView.ChainSnapshot.ElementSnapshotChainIterator	CtClassImpl	private
org.sodeac.multichainlist.Snapshot.1	CtClassImpl	package-private
org.sodeac.multichainlist.Snapshot.2	CtClassImpl	package-private
org.sodeac.multichainlist.MultiChainList.setNodeMaxSize(long)	CtMethodImpl	public
org.sodeac.multichainlist.ChainView.lockDefaultLinker	CtFieldReferenceImpl	private
org.sodeac.multichainlist.MultiChainList.CachedLinkerNode.Mode.IntoChain	CtEnumValueImpl	private
org.sodeac.multichainlist.Partition.getName()	CtMethodImpl	public
org.sodeac.multichainlist.MultiChainList.getNodeMaxSize()	CtMethodImpl	public
org.sodeac.multichainlist.PartitionConflictException.conflictPartition	CtFieldReferenceImpl	private
org.sodeac.multichainlist.LinkSnapshotIterator.next()	CtMethodImpl	public
org.sodeac.multichainlist.Snapshot.chainName	CtFieldReferenceImpl	protected
org.sodeac.multichainlist.Partition.name	CtFieldReferenceImpl	protected
org.sodeac.multichainlist.ListFullException.serialVersionUID	CtFieldReferenceImpl	private
org.sodeac.multichainlist.SnapshotVersion.getSequence()	CtMethodImpl	protected
org.sodeac.multichainlist.MultiChainList.nodeSize	CtFieldReferenceImpl	protected
org.sodeac.multichainlist.Node.Link.linkageDefinition	CtFieldReferenceImpl	protected
org.sodeac.multichainlist.Node	CtClassImpl	public
org.sodeac.multichainlist.MultiChainList.CachedLinkerBuilder.complete	CtFieldReferenceImpl	private
org.sodeac.multichainlist.Snapshot.add(E)	CtMethodImpl	public
org.sodeac.multichainlist.ChainView.ChainSnapshot.ChainSnapshotIterator.iterator	CtFieldReferenceImpl	private
org.sodeac.multichainlist.SimpleList()	CtConstructorImpl	public
org.sodeac.multichainlist.Linker.prependAll(E[])	CtMethodImpl	public
org.sodeac.multichainlist.ChainView.getSize()	CtMethodImpl	public
org.sodeac.multichainlist.MultiChainList.SnapshotVersion	CtClassImpl	protected
org.sodeac.multichainlist.LinkageDefinition.hashCode()	CtMethodImpl	public
org.sodeac.multichainlist.Partition.LinkMode.PREPEND	CtEnumValueImpl	public
org.sodeac.multichainlist.PartitionConflictException	CtClassImpl	public
org.sodeac.multichainlist.LinkerBuilder.inPartition(java.lang.String)	CtMethodImpl	public
org.sodeac.multichainlist.Node.setHead(java.lang.String,org.sodeac.multichainlist.Node.Link<E>,org.sodeac.multichainlist.Partition.LinkMode)	CtMethodImpl	protected
org.sodeac.multichainlist.Linker.LinkageDefinitionContainer.indexedByPartitionAndChain	CtFieldReferenceImpl	private
org.sodeac.multichainlist.ChainView.getPartition(java.lang.String)	CtMethodImpl	public
org.sodeac.multichainlist.MultiChainList.writeLock	CtFieldReferenceImpl	protected
org.sodeac.multichainlist.LinkerBuilder.build(org.sodeac.multichainlist.MultiChainList<E>)	CtMethodImpl	public
org.sodeac.multichainlist.Partition.equals(java.lang.Object)	CtMethodImpl	public
org.sodeac.multichainlist.Partition.Eyebolt.size	CtFieldReferenceImpl	private
org.sodeac.multichainlist.CachedLinkerBuilder.prepend(E)	CtMethodImpl	public
org.sodeac.multichainlist.Eyebolt.setSize(long)	CtMethodImpl	protected
org.sodeac.multichainlist.ChainView.anonymSnapshotChain	CtFieldReferenceImpl	private
org.sodeac.multichainlist.Node.unlink(org.sodeac.multichainlist.Node.Link<E>,boolean)	CtMethodImpl	private
org.sodeac.multichainlist.MultiChainList.getPartitionList()	CtMethodImpl	public
org.sodeac.multichainlist.MultiChainList.lockDefaultLinker()	CtMethodImpl	public
org.sodeac.multichainlist.LinkageDefinition.chainName	CtFieldReferenceImpl	private
org.sodeac.multichainlist.Node.Link.element	CtFieldReferenceImpl	protected
org.sodeac.multichainlist.PartitionConflictException.getAlreadyInChainPartition()	CtMethodImpl	public
org.sodeac.multichainlist.LinkageDefinitionContainer.getMultiChainList()	CtMethodImpl	protected
org.sodeac.multichainlist.Linker.dispose()	CtMethodImpl	protected
org.sodeac.multichainlist.Linker.chainsByPartition	CtFieldReferenceImpl	private
org.sodeac.multichainlist.SingleChainList.dispose()	CtMethodImpl	public
org.sodeac.multichainlist.Snapshot.getLink(E)	CtMethodImpl	protected
org.sodeac.multichainlist.ChainView.getPartitions()	CtMethodImpl	private
org.sodeac.multichainlist.ChainView.checkDisposed()	CtMethodImpl	private
org.sodeac.multichainlist.SimpleList.setMaxSize(long)	CtMethodImpl	public
org.sodeac.multichainlist.ChainView.clear()	CtMethodImpl	public
org.sodeac.multichainlist.ChainView$ChainSnapshot$LinkVersionChainSnapshotIterator()	CtConstructorImpl	private
org.sodeac.multichainlist.Snapshot.SnapshotIterator	CtClassImpl	private
org.sodeac.multichainlist.Partition.prependNode(org.sodeac.multichainlist.Node<E>,java.util.Collection<org.sodeac.multichainlist.LinkageDefinition<E>>,org.sodeac.multichainlist.MultiChainList.SnapshotVersion<E>)	CtMethodImpl	protected
org.sodeac.multichainlist.ChainView.cachedLinker(java.lang.String)	CtMethodImpl	public
org.sodeac.multichainlist.Link.getNode()	CtMethodImpl	public
org.sodeac.multichainlist.Link.unlink()	CtMethodImpl	public
org.sodeac.multichainlist.ChainView.ChainSnapshot.ChainSnapshotIterator.currentSnapshotIndex	CtFieldReferenceImpl	private
org.sodeac.multichainlist.Snapshot$NodeSnapshotIterator()	CtConstructorImpl	private
org.sodeac.multichainlist.MultiChainList.cachedLinkerBuilder()	CtMethodImpl	public
org.sodeac.multichainlist.ChainView.defaultLinker	CtFieldReferenceImpl	private
org.sodeac.multichainlist.Node.lastObsoleteOnVersion	CtFieldReferenceImpl	protected
org.sodeac.multichainlist.Partition.getPartitionEnd()	CtMethodImpl	protected
org.sodeac.multichainlist.Node.headsOfAdditionalChains	CtFieldReferenceImpl	protected
org.sodeac.multichainlist.ChainView.ChainSnapshot	CtClassImpl	private
org.sodeac.multichainlist.Snapshot.getLastNode()	CtMethodImpl	public
org.sodeac.multichainlist.LinkageDefinition.partition	CtFieldReferenceImpl	private
org.sodeac.multichainlist.MultiChainList.cachedChains	CtFieldReferenceImpl	protected
org.sodeac.multichainlist.ChainView$ChainSnapshot(org.sodeac.multichainlist.ChainView<E>,boolean)	CtConstructorImpl	private
org.sodeac.multichainlist.Node.getLinkageDefinitions()	CtMethodImpl	public
org.sodeac.multichainlist.Linker.linkageDefinitionContainer	CtFieldReferenceImpl	private
org.sodeac.multichainlist.Partition.getPreviewsPartition()	CtMethodImpl	public
org.sodeac.multichainlist.CachedLinkerBuilder.inPartition(java.lang.String)	CtMethodImpl	public
org.sodeac.multichainlist.MultiChainList$ClearCompleteForwardChain(org.sodeac.multichainlist.Node.Link<E>)	CtConstructorImpl	protected
org.sodeac.multichainlist.Eyebolt.getSize()	CtMethodImpl	protected
org.sodeac.multichainlist.LinkageDefinitionContainer.complete()	CtMethodImpl	private
org.sodeac.multichainlist.ChainSnapshot.equals(java.lang.Object)	CtMethodImpl	public
org.sodeac.multichainlist.Snapshot.getChainName()	CtMethodImpl	public
org.sodeac.multichainlist.MultiChainList.defaultLinker	CtFieldReferenceImpl	protected
org.sodeac.multichainlist.Node.moveTo(java.lang.String,java.lang.String,org.sodeac.multichainlist.Partition<E>,org.sodeac.multichainlist.Partition.LinkMode)	CtMethodImpl	public
org.sodeac.multichainlist.LinkageDefinitionContainer.getLinkageDefinitionList()	CtMethodImpl	public
org.sodeac.multichainlist.MultiChainList.readLock	CtFieldReferenceImpl	protected
org.sodeac.multichainlist.SimpleList.cachedLinker(java.lang.String)	CtMethodImpl	public
org.sodeac.multichainlist.LinkerBuilder.complete()	CtMethodImpl	public
org.sodeac.multichainlist.MultiChainList.uuid	CtFieldReferenceImpl	protected
org.sodeac.multichainlist.LinkageDefinitionContainer.getIndexedByPartitionAndChain()	CtMethodImpl	public
org.sodeac.multichainlist.MultiChainList$CachedLinkerNode$Mode()	CtConstructorImpl	private
org.sodeac.multichainlist.Snapshot.SnapshotIterator.previews	CtFieldReferenceImpl	private
org.sodeac.multichainlist.ElementSnapshotIterator.next()	CtMethodImpl	public
org.sodeac.multichainlist.Snapshot.firstLink	CtFieldReferenceImpl	protected
org.sodeac.multichainlist.LinkerBuilder.workPartitionName	CtFieldReferenceImpl	private
org.sodeac.multichainlist.MultiChainList.createChainView(java.lang.String,org.sodeac.multichainlist.Partition<E>[])	CtMethodImpl	public
org.sodeac.multichainlist.Node.Link.NO_OBSOLETE	CtFieldReferenceImpl	public
org.sodeac.multichainlist.MultiChainList.getPartitionSize()	CtMethodImpl	public
org.sodeac.multichainlist.MultiChainList.CachedLinkerNode.linker	CtFieldReferenceImpl	private
org.sodeac.multichainlist.Link.clear()	CtMethodImpl	protected
org.sodeac.multichainlist.Snapshot.uuid	CtFieldReferenceImpl	protected
org.sodeac.multichainlist.Snapshot.version	CtFieldReferenceImpl	protected
org.sodeac.multichainlist.SingleChainList()	CtConstructorImpl	public
org.sodeac.multichainlist.ChainView$ChainSnapshot$ElementSnapshotChainIterator()	CtConstructorImpl	private
org.sodeac.multichainlist.Partition$LinkMode()	CtConstructorImpl	private
org.sodeac.multichainlist.ListFullException.maxSize	CtFieldReferenceImpl	private
org.sodeac.multichainlist.Snapshot.getFirstLink()	CtMethodImpl	protected
org.sodeac.multichainlist.Partition	CtClassImpl	public
org.sodeac.multichainlist.LinkageDefinition.toString()	CtMethodImpl	public
org.sodeac.multichainlist.LinkageDefinition.getPartition()	CtMethodImpl	public
org.sodeac.multichainlist.Node$Link()	CtConstructorImpl	protected
org.sodeac.multichainlist.MultiChainList.lastPartition	CtFieldReferenceImpl	protected
org.sodeac.multichainlist.LinkerBuilder.chainsByPartition	CtFieldReferenceImpl	private
org.sodeac.multichainlist.Snapshot.SnapshotIterator.nextCalculated	CtFieldReferenceImpl	private
org.sodeac.multichainlist.ChainView.ChainSnapshot.LinkVersionChainSnapshotIterator	CtClassImpl	private
org.sodeac.multichainlist.Node.multiChainList	CtFieldReferenceImpl	protected
org.sodeac.multichainlist.PartitionConflictException.getNode()	CtMethodImpl	public
org.sodeac.multichainlist.Snapshot.hashCode()	CtMethodImpl	public
org.sodeac.multichainlist.Partition.createSnapshot(java.lang.String,org.sodeac.multichainlist.MultiChainList.SnapshotVersion<E>)	CtMethodImpl	protected
org.sodeac.multichainlist.ChainView.computeProcedure(java.util.function.Consumer<org.sodeac.multichainlist.ChainView<E>>)	CtMethodImpl	public
org.sodeac.multichainlist.MultiChainList.unregisterChainEventHandler(org.sodeac.multichainlist.IChainEventHandler<E>)	CtMethodImpl	public
org.sodeac.multichainlist.PartitionConflictException(java.lang.String,org.sodeac.multichainlist.Partition<?>,org.sodeac.multichainlist.Partition<?>,org.sodeac.multichainlist.Node<?>)	CtConstructorImpl	public
org.sodeac.multichainlist.ChainView.ChainSnapshot.partitionSnapshots	CtFieldReferenceImpl	private
org.sodeac.multichainlist.Linker.prepend(E)	CtMethodImpl	public
org.sodeac.multichainlist.Snapshot.retainAll(java.util.Collection<?>)	CtMethodImpl	public
org.sodeac.multichainlist.MultiChainList.setObsolete(org.sodeac.multichainlist.Node.Link<E>)	CtMethodImpl	protected
org.sodeac.multichainlist.SimpleList.getMaxSize()	CtMethodImpl	public
org.sodeac.multichainlist.SnapshotVersion.compareTo(org.sodeac.multichainlist.MultiChainList.SnapshotVersion<E>)	CtMethodImpl	public
org.sodeac.multichainlist.MultiChainList.computeProcedure(java.util.function.Consumer<org.sodeac.multichainlist.MultiChainList<E>>)	CtMethodImpl	public
org.sodeac.multichainlist.Partition.getPartitionBegin()	CtMethodImpl	protected
org.sodeac.multichainlist.Linker.LinkageDefinitionContainer	CtClassImpl	public
org.sodeac.multichainlist.Snapshot$ElementSnapshotIterator()	CtConstructorImpl	private
org.sodeac.multichainlist.MultiChainList.modificationVersion	CtFieldReferenceImpl	protected
org.sodeac.multichainlist.MultiChainList(java.lang.String[])	CtConstructorImpl	public
org.sodeac.multichainlist.Partition.LinkMode	CtEnumImpl	public
org.sodeac.multichainlist.ChainConflictException(java.lang.String,org.sodeac.multichainlist.Node<?>)	CtConstructorImpl	public
org.sodeac.multichainlist.Snapshot.contains(java.lang.Object)	CtMethodImpl	public
org.sodeac.multichainlist.MultiChainList.removeSnapshotVersion(org.sodeac.multichainlist.MultiChainList.SnapshotVersion<E>)	CtMethodImpl	protected
org.sodeac.multichainlist.MultiChainList$SnapshotVersion(org.sodeac.multichainlist.MultiChainList<E>,long)	CtConstructorImpl	protected
org.sodeac.multichainlist.SnapshotVersion.removeSnapshot(org.sodeac.multichainlist.Snapshot<E>)	CtMethodImpl	protected
org.sodeac.multichainlist.MultiChainList.CachedLinkerBuilder	CtClassImpl	public
org.sodeac.multichainlist.Snapshot.LinkSnapshotIterator	CtClassImpl	private
org.sodeac.multichainlist.Partition.Eyebolt	CtClassImpl	protected
org.sodeac.multichainlist.MultiChainList.firstPartition	CtFieldReferenceImpl	protected
org.sodeac.multichainlist.MultiChainList.getLastPartition()	CtMethodImpl	public
org.sodeac.multichainlist.MultiChainList.registerChainEventHandler(org.sodeac.multichainlist.IChainEventHandler<E>)	CtMethodImpl	public
org.sodeac.multichainlist.PartitionConflictException.getChainName()	CtMethodImpl	public
org.sodeac.multichainlist.ChainView.createImmutableSnapshotPoll()	CtMethodImpl	public
org.sodeac.multichainlist.LinkageDefinition.equals(java.lang.Object)	CtMethodImpl	public
org.sodeac.multichainlist.Linker.linkAll(org.sodeac.multichainlist.Partition.LinkMode,java.util.Collection<E>)	CtMethodImpl	private
org.sodeac.multichainlist.SnapshotVersion.hashCode()	CtMethodImpl	public
org.sodeac.multichainlist.Node.headOfDefaultChain	CtFieldReferenceImpl	protected
org.sodeac.multichainlist.SnapshotVersion.clear()	CtMethodImpl	protected
org.sodeac.multichainlist.MultiChainList.CachedLinkerBuilder.stack	CtFieldReferenceImpl	private
org.sodeac.multichainlist.Snapshot.isClosed()	CtMethodImpl	public
org.sodeac.multichainlist.ChainConflictException.alreadyInChain	CtFieldReferenceImpl	private
org.sodeac.multichainlist.MultiChainList.getNodeSize()	CtMethodImpl	public
org.sodeac.multichainlist.Snapshot.getParent()	CtMethodImpl	protected
org.sodeac.multichainlist.PartitionConflictException.getConflictPartition()	CtMethodImpl	public
org.sodeac.multichainlist.SimpleList.getPartition(java.lang.String)	CtMethodImpl	public
org.sodeac.multichainlist.LinkageDefinitionContainer.getIndexedByChain()	CtMethodImpl	public
org.sodeac.multichainlist.ChainConflictException	CtClassImpl	public
org.sodeac.multichainlist.Linker.LinkageDefinitionContainer.linkageDefinitionList	CtFieldReferenceImpl	private
org.sodeac.multichainlist.Snapshot.nodeStream()	CtMethodImpl	public
org.sodeac.multichainlist.Snapshot.size()	CtMethodImpl	public
org.sodeac.multichainlist.LinkageDefinitionContainer.add(org.sodeac.multichainlist.LinkageDefinition<E>)	CtMethodImpl	private
org.sodeac.multichainlist.ElementSnapshotChainIterator.next()	CtMethodImpl	public
org.sodeac.multichainlist.MultiChainList.snapshotVersion	CtFieldReferenceImpl	protected
org.sodeac.multichainlist.Eyebolt.decrementSize()	CtMethodImpl	protected
org.sodeac.multichainlist.ChainView.partitionFilter	CtFieldReferenceImpl	private
org.sodeac.multichainlist.Linker(org.sodeac.multichainlist.MultiChainList<E>,java.util.Map<java.lang.String, java.util.Set<java.lang.String>>)	CtConstructorImpl	protected
org.sodeac.multichainlist.Snapshot(org.sodeac.multichainlist.MultiChainList<E>)	CtConstructorImpl	protected
org.sodeac.multichainlist.ChainView	CtClassImpl	public
org.sodeac.multichainlist.ChainView.lockDispose	CtFieldReferenceImpl	private
org.sodeac.multichainlist.SnapshotVersion.toString()	CtMethodImpl	public
org.sodeac.multichainlist.Node.element	CtFieldReferenceImpl	protected
org.sodeac.multichainlist.CachedLinkerBuilder.build()	CtMethodImpl	public
org.sodeac.multichainlist.Partition.privateLinkageDefinitions	CtFieldReferenceImpl	protected
org.sodeac.multichainlist.Partition$Eyebolt(org.sodeac.multichainlist.LinkageDefinition<E>,org.sodeac.multichainlist.Node<E>,org.sodeac.multichainlist.MultiChainList.SnapshotVersion<E>)	CtConstructorImpl	protected
org.sodeac.multichainlist.Link.toString()	CtMethodImpl	public
org.sodeac.multichainlist.LinkageDefinition(java.lang.String,org.sodeac.multichainlist.Partition<E>)	CtConstructorImpl	public
org.sodeac.multichainlist.Node.toString()	CtMethodImpl	public
org.sodeac.multichainlist.Node.unlinkFromAllChains()	CtMethodImpl	public
org.sodeac.multichainlist.MultiChainList.defaultLinker()	CtMethodImpl	public
org.sodeac.multichainlist.Partition.LinkMode.APPEND	CtEnumValueImpl	public
org.sodeac.multichainlist.Partition.getListInfo(java.lang.String)	CtMethodImpl	public
org.sodeac.multichainlist.Linker.multiChainList	CtFieldReferenceImpl	private
org.sodeac.multichainlist.Partition.getNextPartition()	CtMethodImpl	public
org.sodeac.multichainlist.Bollard.getLink(java.lang.String)	CtMethodImpl	protected
org.sodeac.multichainlist.Snapshot	CtClassImpl	public
org.sodeac.multichainlist.MultiChainList.registerListEventHandler(org.sodeac.multichainlist.IListEventHandler<E>)	CtMethodImpl	public
org.sodeac.multichainlist.MultiChainList.ClearCompleteForwardChain	CtClassImpl	protected
org.sodeac.multichainlist.Node$Link(org.sodeac.multichainlist.LinkageDefinition<E>,org.sodeac.multichainlist.Node<E>,org.sodeac.multichainlist.MultiChainList.SnapshotVersion<E>)	CtConstructorImpl	protected
org.sodeac.multichainlist.SnapshotVersion.getParent()	CtMethodImpl	protected
org.sodeac.multichainlist.MultiChainList.SnapshotVersion.multiChainList	CtFieldReferenceImpl	private
org.sodeac.multichainlist.Partition.Bollard	CtClassImpl	protected
org.sodeac.multichainlist.Node.Link.previewsLink	CtFieldReferenceImpl	protected
org.sodeac.multichainlist.MultiChainList.getFirstPartition()	CtMethodImpl	public
org.sodeac.multichainlist.Snapshot.close()	CtMethodImpl	public
org.sodeac.multichainlist.ChainView.createImmutableSnapshot()	CtMethodImpl	public
org.sodeac.multichainlist.Partition.getFirstElement(java.lang.String)	CtMethodImpl	public
org.sodeac.multichainlist.ChainSnapshotIterator.hasNext()	CtMethodImpl	public
org.sodeac.multichainlist.Snapshot.lastLink	CtFieldReferenceImpl	protected
org.sodeac.multichainlist.SingleChainList(java.lang.String[])	CtConstructorImpl	public
org.sodeac.multichainlist.Partition.hashCode()	CtMethodImpl	public
org.sodeac.multichainlist.Linker.link(org.sodeac.multichainlist.Partition.LinkMode,E)	CtMethodImpl	private
org.sodeac.multichainlist.Partition.multiChainList	CtFieldReferenceImpl	protected
org.sodeac.multichainlist.Linker.getLinkageDefinitionContainer()	CtMethodImpl	public
org.sodeac.multichainlist.Snapshot.getNode(E)	CtMethodImpl	public
org.sodeac.multichainlist.MultiChainList.chainNameListCopy	CtFieldReferenceImpl	protected
org.sodeac.multichainlist.Link.clear(boolean)	CtMethodImpl	private
org.sodeac.multichainlist.ChainSnapshot.hashCode()	CtMethodImpl	public
org.sodeac.multichainlist.ChainView(java.lang.String[])	CtConstructorImpl	protected
org.sodeac.multichainlist.SingleChainList	CtClassImpl	public
org.sodeac.multichainlist.Node.Link.obsoleteOnVersion	CtFieldReferenceImpl	protected
org.sodeac.multichainlist.CachedLinkerBuilder.appendAll(java.util.Collection<E>)	CtMethodImpl	public
org.sodeac.multichainlist.Node.getElement()	CtMethodImpl	public
org.sodeac.multichainlist.Snapshot.closed	CtFieldReferenceImpl	protected
org.sodeac.multichainlist.MultiChainList.unregisterListEventHandler(org.sodeac.multichainlist.IListEventHandler<E>)	CtMethodImpl	public
org.sodeac.multichainlist.PartitionConflictException.node	CtFieldReferenceImpl	private
org.sodeac.multichainlist.CachedLinkerBuilder.complete()	CtMethodImpl	public
org.sodeac.multichainlist.Partition.prependNode(org.sodeac.multichainlist.Node<E>,java.lang.String,org.sodeac.multichainlist.MultiChainList.SnapshotVersion<E>)	CtMethodImpl	protected
org.sodeac.multichainlist.Snapshot.NodeSnapshotIterator	CtClassImpl	private
org.sodeac.multichainlist.Snapshot.iterator()	CtMethodImpl	public
org.sodeac.multichainlist.ChainView.setLockDispose(boolean)	CtMethodImpl	protected
org.sodeac.multichainlist.Node.linkTo(java.lang.String,org.sodeac.multichainlist.Partition<E>,org.sodeac.multichainlist.Partition.LinkMode)	CtMethodImpl	public
org.sodeac.multichainlist.LinkageDefinitionContainer.dispose()	CtMethodImpl	private
org.sodeac.multichainlist.MultiChainList.lockDefaultLinker	CtFieldReferenceImpl	protected
org.sodeac.multichainlist.MultiChainList.hashCode()	CtMethodImpl	public
org.sodeac.multichainlist.MultiChainList.equals(java.lang.Object)	CtMethodImpl	public
org.sodeac.multichainlist.ChainConflictException.node	CtFieldReferenceImpl	private
org.sodeac.multichainlist.Node.linkSize	CtFieldReferenceImpl	private
org.sodeac.multichainlist.MultiChainList.CachedLinkerNode.Mode.InPartition	CtEnumValueImpl	private
org.sodeac.multichainlist.Partition.next	CtFieldReferenceImpl	protected
org.sodeac.multichainlist.Bollard.getPartition()	CtMethodImpl	public
org.sodeac.multichainlist.Snapshot.equals(java.lang.Object)	CtMethodImpl	public
org.sodeac.multichainlist.Snapshot.getFirstNode()	CtMethodImpl	public
org.sodeac.multichainlist.MultiChainList.registeredChainEventHandlerList	CtFieldReferenceImpl	protected
org.sodeac.multichainlist.Linker.createLinkageDefinitionContainer(org.sodeac.multichainlist.LinkerBuilder,org.sodeac.multichainlist.MultiChainList<T>)	CtMethodImpl	public
org.sodeac.multichainlist.Node.Link	CtClassImpl	protected
org.sodeac.multichainlist.MultiChainList.CachedLinkerNode.mode	CtFieldReferenceImpl	private
org.sodeac.multichainlist.Node.Link.nextLink	CtFieldReferenceImpl	protected
org.sodeac.multichainlist.Node.dispose()	CtMethodImpl	protected
org.sodeac.multichainlist.MultiChainList.CachedLinkerNode.name	CtFieldReferenceImpl	private
org.sodeac.multichainlist.Node.isPayload()	CtMethodImpl	protected
org.sodeac.multichainlist.CachedLinkerBuilder.linkIntoChain(java.lang.String)	CtMethodImpl	public
org.sodeac.multichainlist.MultiChainList.getChainNameList()	CtMethodImpl	public
org.sodeac.multichainlist.MultiChainList.nodeMaxSize	CtFieldReferenceImpl	protected
org.sodeac.multichainlist.Snapshot.getLastLink()	CtMethodImpl	protected
org.sodeac.multichainlist.ChainView.ChainSnapshot.ChainSnapshotIterator	CtClassImpl	private
org.sodeac.multichainlist.SimpleList.dispose()	CtMethodImpl	public
org.sodeac.multichainlist.MultiChainList.getModificationVersion()	CtMethodImpl	protected
org.sodeac.multichainlist.Snapshot.nodeIterable()	CtMethodImpl	public
org.sodeac.multichainlist.MultiChainList.CachedLinkerNode.childs	CtFieldReferenceImpl	private
org.sodeac.multichainlist.CachedLinkerBuilder.append(E)	CtMethodImpl	public
org.sodeac.multichainlist.ChainView.lockDefaultLinker()	CtMethodImpl	public
org.sodeac.multichainlist.Node.Link.NO_OBSOLETE	CtFieldImpl	public
org.sodeac.multichainlist.Partition.partitionBegin	CtFieldReferenceImpl	protected
org.sodeac.multichainlist.LinkerBuilder.testComplete()	CtMethodImpl	private
org.sodeac.multichainlist.Eyebolt.toString()	CtMethodImpl	public
org.sodeac.multichainlist.MultiChainList.registeredEventHandlerList	CtFieldReferenceImpl	protected
org.sodeac.multichainlist.Node.Link.newerVersion	CtFieldReferenceImpl	protected
org.sodeac.multichainlist.MultiChainList.CachedLinkerNode	CtClassImpl	private
org.sodeac.multichainlist.Linker.LinkageDefinitionContainer.multiChainList	CtFieldReferenceImpl	private
org.sodeac.multichainlist.Bollard.isPayload()	CtMethodImpl	protected
org.sodeac.multichainlist.CachedLinkerBuilder.prependAll(E[])	CtMethodImpl	public
org.sodeac.multichainlist.Node.Link.olderVersion	CtFieldReferenceImpl	protected
org.sodeac.multichainlist.LinkerBuilder.dispose()	CtMethodImpl	protected
org.sodeac.multichainlist.MultiChainList.cachedLinkerNodes	CtFieldReferenceImpl	protected
org.sodeac.multichainlist.Snapshot(org.sodeac.multichainlist.MultiChainList.SnapshotVersion<E>,java.lang.String,org.sodeac.multichainlist.Partition<E>,org.sodeac.multichainlist.MultiChainList<E>)	CtConstructorImpl	protected
org.sodeac.multichainlist.Linker.appendAll(E[])	CtMethodImpl	public
org.sodeac.multichainlist.Snapshot.getFirstElement()	CtMethodImpl	public
org.sodeac.multichainlist.MultiChainList.buildDefaultLinker(org.sodeac.multichainlist.LinkerBuilder)	CtMethodImpl	public
org.sodeac.multichainlist.MultiChainList.partitionList	CtFieldReferenceImpl	protected
org.sodeac.multichainlist.ChainView$ChainSnapshot$ChainSnapshotIterator()	CtConstructorImpl	private
org.sodeac.multichainlist.Partition$Bollard()	CtConstructorImpl	protected
org.sodeac.multichainlist.MultiChainList.definePartitions(java.lang.String[])	CtMethodImpl	public
org.sodeac.multichainlist.Snapshot.clear()	CtMethodImpl	public
org.sodeac.multichainlist.ChainView.defaultLinker()	CtMethodImpl	public
org.sodeac.multichainlist.MultiChainList$CachedLinkerNode()	CtConstructorImpl	private
org.sodeac.multichainlist.ChainView.multiChainList	CtFieldReferenceImpl	protected
org.sodeac.multichainlist.ChainSnapshot.iterator()	CtMethodImpl	public
org.sodeac.multichainlist.Node.Link.node	CtFieldReferenceImpl	protected
org.sodeac.multichainlist.Partition.appendNode(org.sodeac.multichainlist.Node<E>,java.util.Collection<org.sodeac.multichainlist.LinkageDefinition<E>>,org.sodeac.multichainlist.MultiChainList.SnapshotVersion<E>)	CtMethodImpl	protected
org.sodeac.multichainlist.Eyebolt.createNewerLink(org.sodeac.multichainlist.MultiChainList.SnapshotVersion<E>,org.sodeac.multichainlist.Partition.LinkMode)	CtMethodImpl	protected
org.sodeac.multichainlist.MultiChainList.cachedChainView(java.lang.String,java.lang.String)	CtMethodImpl	public
org.sodeac.multichainlist.Snapshot.ElementSnapshotIterator	CtClassImpl	private
org.sodeac.multichainlist.Node(E,org.sodeac.multichainlist.MultiChainList<E>)	CtConstructorImpl	protected
org.sodeac.multichainlist.Node.isLink(java.lang.String)	CtMethodImpl	public
org.sodeac.multichainlist.CachedLinkerBuilder.appendAll(E[])	CtMethodImpl	public
org.sodeac.multichainlist.NodeSnapshotIterator.next()	CtMethodImpl	public
org.sodeac.multichainlist.MultiChainList.SnapshotVersion.sequence	CtFieldReferenceImpl	private
org.sodeac.multichainlist.Snapshot.toArray(T[])	CtMethodImpl	public
org.sodeac.multichainlist.MultiChainList.openSnapshotVersionList	CtFieldReferenceImpl	protected
org.sodeac.multichainlist.LinkerBuilder.newBuilder()	CtMethodImpl	public
org.sodeac.multichainlist.MultiChainList.rwLock	CtFieldReferenceImpl	protected
org.sodeac.multichainlist.ListFullException(long)	CtConstructorImpl	public
org.sodeac.multichainlist.Partition.previews	CtFieldReferenceImpl	protected
org.sodeac.multichainlist.Linker.getPartitionForChain(java.lang.String)	CtMethodImpl	public
org.sodeac.multichainlist.LinkerBuilder.complete	CtFieldReferenceImpl	private
org.sodeac.multichainlist.MultiChainList.obsoleteList	CtFieldReferenceImpl	protected
org.sodeac.multichainlist.MultiChainList.ClearCompleteForwardChain.wrap	CtFieldReferenceImpl	private
org.sodeac.multichainlist.ChainSnapshotIterator.nextLink()	CtMethodImpl	private
org.sodeac.multichainlist.ListFullException.getMaxSize()	CtMethodImpl	public
org.sodeac.multichainlist.SnapshotVersion.addSnapshot(org.sodeac.multichainlist.Snapshot<E>)	CtMethodImpl	protected
org.sodeac.multichainlist.Snapshot.remove(java.lang.Object)	CtMethodImpl	public
org.sodeac.multichainlist.MultiChainList	CtClassImpl	public
org.sodeac.multichainlist.Linker	CtClassImpl	public
org.sodeac.multichainlist.CachedLinkerBuilder.prependAll(java.util.Collection<E>)	CtMethodImpl	public
org.sodeac.multichainlist.SimpleList	CtClassImpl	public
org.sodeac.multichainlist.Snapshot.getVersion()	CtMethodImpl	public
org.sodeac.multichainlist.Partition.appendNode(org.sodeac.multichainlist.Node<E>,java.lang.String,org.sodeac.multichainlist.MultiChainList.SnapshotVersion<E>)	CtMethodImpl	protected
org.sodeac.multichainlist.ChainView(org.sodeac.multichainlist.MultiChainList<E>,java.lang.String,org.sodeac.multichainlist.Partition<E>[])	CtConstructorImpl	protected
org.sodeac.multichainlist.ChainView.dispose()	CtMethodImpl	public
org.sodeac.multichainlist.Link.getElement()	CtMethodImpl	public
org.sodeac.multichainlist.Node.unlinkFromChain(java.lang.String)	CtMethodImpl	public
org.sodeac.multichainlist.SimpleList.buildDefaultLinker(java.lang.String)	CtMethodImpl	public
org.sodeac.multichainlist.Snapshot.linkIterable()	CtMethodImpl	protected
org.sodeac.multichainlist.ChainView.buildDefaultLinker(java.lang.String)	CtMethodImpl	public
org.sodeac.multichainlist.PartitionConflictException.alreadyInChainPartition	CtFieldReferenceImpl	private
org.sodeac.multichainlist.Snapshot.parent	CtFieldReferenceImpl	protected
org.sodeac.multichainlist.ChainSnapshot.close()	CtMethodImpl	public
org.sodeac.multichainlist.Snapshot$LinkSnapshotIterator()	CtConstructorImpl	private
org.sodeac.multichainlist.SnapshotIterator.nextLink()	CtMethodImpl	private
org.sodeac.multichainlist.MultiChainList.SnapshotVersion.openSnapshots	CtFieldReferenceImpl	private
org.sodeac.multichainlist.Snapshot$SnapshotIterator()	CtConstructorImpl	private
org.sodeac.multichainlist.MultiChainList.CachedLinkerNode.Mode	CtEnumImpl	private
org.sodeac.multichainlist.Snapshot.isEmpty()	CtMethodImpl	public
org.sodeac.multichainlist.Partition.getSize(java.lang.String)	CtMethodImpl	public
org.sodeac.multichainlist.Linker$LinkageDefinitionContainer(org.sodeac.multichainlist.MultiChainList<E>)	CtConstructorImpl	private
org.sodeac.multichainlist.ChainView.ChainSnapshot.1	CtClassImpl	package-private
org.sodeac.multichainlist.Snapshot.size	CtFieldReferenceImpl	protected
org.sodeac.multichainlist.MultiChainList.definePartition(java.lang.String)	CtMethodImpl	public
org.sodeac.multichainlist.Snapshot.containsAll(java.util.Collection<?>)	CtMethodImpl	public
org.sodeac.multichainlist.LinkageDefinition	CtClassImpl	public
org.sodeac.multichainlist.MultiChainList$CachedLinkerBuilder()	CtConstructorImpl	private
org.sodeac.multichainlist.MultiChainList()	CtConstructorImpl	public
org.sodeac.multichainlist.Bollard.createHead(org.sodeac.multichainlist.LinkageDefinition<E>,org.sodeac.multichainlist.MultiChainList.SnapshotVersion<E>,org.sodeac.multichainlist.Partition.LinkMode)	CtMethodImpl	protected
org.sodeac.multichainlist.Snapshot.addAll(java.util.Collection<? extends E>)	CtMethodImpl	public
org.sodeac.multichainlist.MultiChainList.getPartition(java.lang.String)	CtMethodImpl	public
org.sodeac.multichainlist.LinkageDefinition.getChainName()	CtMethodImpl	public
org.sodeac.multichainlist.Snapshot.toArray()	CtMethodImpl	public
org.sodeac.multichainlist.LinkerBuilder()	CtConstructorImpl	private
org.sodeac.multichainlist.ChainView.allPartitions	CtFieldReferenceImpl	private
org.sodeac.multichainlist.Linker.appendAll(java.util.Collection<E>)	CtMethodImpl	public
org.sodeac.multichainlist.Snapshot.getLastElement()	CtMethodImpl	public
org.sodeac.multichainlist.Partition.partitionEnd	CtFieldReferenceImpl	protected
org.sodeac.multichainlist.Partition.getLastElement(java.lang.String)	CtMethodImpl	public
org.sodeac.multichainlist.Linker.prependAll(java.util.Collection<E>)	CtMethodImpl	public
org.sodeac.multichainlist.Node.Link.createOnVersion	CtFieldReferenceImpl	protected
org.sodeac.multichainlist.Link.createNewerLink(org.sodeac.multichainlist.MultiChainList.SnapshotVersion<E>,org.sodeac.multichainlist.Partition.LinkMode)	CtMethodImpl	protected
org.sodeac.multichainlist.Partition.toString()	CtMethodImpl	public
org.sodeac.multichainlist.ListFullException	CtClassImpl	public
