method	type	visibility
io.sphere.sdk.contrib.products.commands.ProductImageUploadCommand.ofVariantId(java.io.File,io.sphere.sdk.products.ByIdVariantIdentifier)	CtMethodImpl	public
io.sphere.sdk.contrib.products.commands.ProductImageUploadCommand.withContentType(java.lang.String)	CtMethodImpl	public
io.sphere.sdk.contrib.products.commands.ProductImageUploadCommand.withStaged(java.lang.Boolean)	CtMethodImpl	public
io.sphere.sdk.contrib.products.commands.ProductImageUploadCommand.filename	CtFieldReferenceImpl	private
io.sphere.sdk.contrib.products.commands.ProductImageUploadCommand.withFilename(java.lang.String)	CtMethodImpl	public
io.sphere.sdk.contrib.products.commands.ProductImageUploadCommand.sku	CtFieldReferenceImpl	private
io.sphere.sdk.contrib.products.commands.ProductImageUploadCommand.ofMasterVariant(java.io.File,java.lang.String)	CtMethodImpl	public
io.sphere.sdk.contrib.products.commands.ProductImageUploadCommand.httpRequestIntent()	CtMethodImpl	public
io.sphere.sdk.contrib.products.commands.ProductImageUploadCommand.givenContentType	CtFieldReferenceImpl	private
io.sphere.sdk.contrib.products.commands.ProductImageUploadCommand.jacksonJavaType()	CtMethodImpl	protected
io.sphere.sdk.contrib.products.commands.ProductImageUploadCommand.staged	CtFieldReferenceImpl	private
io.sphere.sdk.contrib.products.commands.ProductImageUploadCommand(java.io.File,java.lang.String,java.lang.Integer,java.lang.String,java.lang.String,java.lang.Boolean)	CtConstructorImpl	private
io.sphere.sdk.contrib.products.commands.ProductImageUploadCommand.variant	CtFieldReferenceImpl	private
io.sphere.sdk.contrib.products.commands.ProductImageUploadCommand.productId	CtFieldReferenceImpl	private
io.sphere.sdk.contrib.products.commands.ProductImageUploadCommand.ofProductIdAndSku(java.io.File,java.lang.String,java.lang.String)	CtMethodImpl	public
io.sphere.sdk.contrib.products.commands.ProductImageUploadCommand.body	CtFieldReferenceImpl	private
io.sphere.sdk.contrib.products.commands.ProductImageUploadCommand	CtClassImpl	public
