method	type	visibility
com.stenway.wsv.WsvParser.parseDocumentAsJaggedArray(java.lang.String)	CtMethodImpl	public
com.stenway.wsv.WsvStreamWriter(java.lang.String,com.stenway.reliabletxt.ReliableTxtEncoding)	CtConstructorImpl	public
com.stenway.wsv.WsvDocument.getEncoding()	CtMethodImpl	public
com.stenway.wsv.WsvTokenizer.addToken(int,int)	CtMethodImpl	private
com.stenway.wsv.WsvSerializer.serializeLine(java.lang.StringBuilder,com.stenway.wsv.WsvLine)	CtMethodImpl	public
com.stenway.wsv.WsvSerializer.serializeDocumentNonPreserving(com.stenway.wsv.WsvDocument)	CtMethodImpl	public
com.stenway.wsv.WsvStreamWriter(java.lang.String)	CtConstructorImpl	public
com.stenway.wsv.WsvParser.MULTIPLE_WSV_LINES_NOT_ALLOWED	CtFieldReferenceImpl	private
com.stenway.wsv.WsvTokenizer.TokenTypeWhitespace	CtFieldReferenceImpl	public
com.stenway.wsv.WsvStreamWriter.writeLine(java.lang.String[],java.lang.String[],java.lang.String)	CtMethodImpl	public
com.stenway.wsv.WsvTokenizer.tokenize()	CtMethodImpl	public
com.stenway.wsv.WsvChar.isWhitespace(int)	CtMethodImpl	public
com.stenway.wsv.WsvTokenizer.lastTokenEndIndex	CtFieldReferenceImpl	private
com.stenway.wsv.WsvDocument.toString(boolean)	CtMethodImpl	public
com.stenway.wsv.WsvTokenizer.TokenTypeLineBreak	CtFieldReferenceImpl	public
com.stenway.wsv.WsvLine	CtClassImpl	public
com.stenway.wsv.WsvLine.toString(boolean)	CtMethodImpl	public
com.stenway.wsv.WsvTokenizer.readString()	CtMethodImpl	private
com.stenway.wsv.WsvChar.getWhitespaceCodePoints()	CtMethodImpl	public
com.stenway.wsv.WsvParser.parseLineAsArray(java.lang.String)	CtMethodImpl	public
com.stenway.wsv.WsvParserException	CtClassImpl	public
com.stenway.wsv.WsvDocument.getLine(int)	CtMethodImpl	public
com.stenway.wsv.WsvStreamWriter.Encoding	CtFieldReferenceImpl	public
com.stenway.wsv.WsvCharIterator(java.lang.String)	CtConstructorImpl	public
com.stenway.wsv.WsvLine.parseAsArray(java.lang.String)	CtMethodImpl	public
com.stenway.wsv.WsvTokenizer.readValue()	CtMethodImpl	private
com.stenway.wsv.WsvStreamReader.Encoding	CtFieldReferenceImpl	public
com.stenway.wsv.WsvCharIterator.readString()	CtMethodImpl	public
com.stenway.wsv.WsvDocument.toString()	CtMethodImpl	public
com.stenway.wsv.WsvStreamWriter.AppendMode	CtFieldReferenceImpl	public
com.stenway.wsv.WsvSerializer.serializeWhitespace(java.lang.StringBuilder,java.lang.String,boolean)	CtMethodImpl	private
com.stenway.wsv.WsvParserException.Index	CtFieldReferenceImpl	public
com.stenway.wsv.WsvSerializer.serializeLine(java.lang.String[])	CtMethodImpl	public
com.stenway.wsv.WsvTokenizer.readLine()	CtMethodImpl	private
com.stenway.wsv.WsvLine.setValues(java.lang.String[])	CtMethodImpl	public
com.stenway.wsv.WsvBasedFormat()	CtConstructorImpl	public
com.stenway.wsv.WsvStreamWriter.close()	CtMethodImpl	public
com.stenway.wsv.WsvTokenizer.TokenTypeStringStart	CtFieldReferenceImpl	public
com.stenway.reliabletxt.ReliableTxtCharIterator.index	CtFieldReferenceImpl	protected
com.stenway.wsv.WsvLine.whitespaces	CtFieldReferenceImpl	package-private
com.stenway.wsv.WsvCharIterator.skipCommentText()	CtMethodImpl	public
com.stenway.wsv.WsvDocument.toArray()	CtMethodImpl	public
com.stenway.wsv.WsvTokenizer.TokenTypeEndOfText	CtFieldReferenceImpl	public
com.stenway.wsv.WsvTokenizer.TokenTypeError	CtFieldReferenceImpl	public
com.stenway.wsv.WsvChar()	CtConstructorImpl	public
com.stenway.wsv.WsvLine.toString()	CtMethodImpl	public
com.stenway.wsv.WsvTokenizer.tokenize(java.lang.String)	CtMethodImpl	public
com.stenway.wsv.WsvParser	CtClassImpl	package-private
com.stenway.wsv.WsvCharIterator.isWhitespace()	CtMethodImpl	public
com.stenway.wsv.WsvDocument.load(java.lang.String)	CtMethodImpl	public
com.stenway.wsv.WsvLine.comment	CtFieldReferenceImpl	package-private
com.stenway.wsv.WsvString	CtClassImpl	public
com.stenway.wsv.WsvSerializer.serializeDocument(com.stenway.wsv.WsvDocument)	CtMethodImpl	public
com.stenway.wsv.WsvDocument(com.stenway.reliabletxt.ReliableTxtEncoding)	CtConstructorImpl	public
com.stenway.wsv.WsvDocument()	CtConstructorImpl	public
com.stenway.wsv.WsvSerializer.serializeLine(java.lang.StringBuilder,java.lang.String[])	CtMethodImpl	public
com.stenway.wsv.WsvTokenizer.readWhitespace()	CtMethodImpl	private
com.stenway.wsv.WsvBasedFormat	CtClassImpl	public
com.stenway.wsv.WsvChar	CtClassImpl	public
com.stenway.wsv.WsvLine.hasValues()	CtMethodImpl	public
com.stenway.wsv.WsvTokenizer.TokenTypeStringEscapedDoubleQuote	CtFieldReferenceImpl	public
com.stenway.wsv.WsvLine.validateWhitespaces(java.lang.String[])	CtMethodImpl	public
com.stenway.wsv.WsvDocument.parse(java.lang.String,boolean)	CtMethodImpl	public
com.stenway.wsv.WsvParser.parseDocumentNonPreserving(java.lang.String)	CtMethodImpl	public
com.stenway.wsv.WsvSerializer.serializeLineNonPreserving(com.stenway.wsv.WsvLine)	CtMethodImpl	public
com.stenway.wsv.WsvCharIterator	CtClassImpl	package-private
com.stenway.wsv.WsvLine.Values	CtFieldReferenceImpl	public
com.stenway.wsv.WsvParser.UNEXPECTED_PARSER_ERROR	CtFieldReferenceImpl	private
com.stenway.wsv.WsvLine.validateComment(java.lang.String)	CtMethodImpl	public
com.stenway.wsv.WsvLine()	CtConstructorImpl	public
com.stenway.wsv.WsvLine.setWhitespaces(java.lang.String[])	CtMethodImpl	public
com.stenway.wsv.WsvSerializer.serializeValuesWithWhitespace(java.lang.StringBuilder,com.stenway.wsv.WsvLine)	CtMethodImpl	private
com.stenway.wsv.WsvSerializer.serializeValuesWithoutWhitespace(java.lang.StringBuilder,com.stenway.wsv.WsvLine)	CtMethodImpl	private
com.stenway.wsv.WsvParser()	CtConstructorImpl	package-private
com.stenway.wsv.WsvParser.parseLineNonPreserving(java.lang.String)	CtMethodImpl	public
com.stenway.wsv.WsvTokenizer	CtClassImpl	public
com.stenway.wsv.WsvStreamWriter.writeLines(com.stenway.wsv.WsvLine[])	CtMethodImpl	public
com.stenway.wsv.WsvTokenizer.TokenTypeStringEnd	CtFieldReferenceImpl	public
com.stenway.wsv.WsvParserException(int,int,int,java.lang.String)	CtConstructorImpl	package-private
com.stenway.wsv.WsvLine.parse(java.lang.String)	CtMethodImpl	public
com.stenway.wsv.WsvDocument.setEncoding(com.stenway.reliabletxt.ReliableTxtEncoding)	CtMethodImpl	public
com.stenway.wsv.WsvTokenizer.TokenTypeStringLineBreak	CtFieldReferenceImpl	public
com.stenway.wsv.WsvStreamWriter.writeLines(com.stenway.wsv.WsvDocument)	CtMethodImpl	public
com.stenway.wsv.WsvStreamWriter.writer	CtFieldReferenceImpl	package-private
com.stenway.wsv.WsvParser.parseLineAsArray(com.stenway.wsv.WsvCharIterator,java.util.ArrayList<java.lang.String>)	CtMethodImpl	private
com.stenway.wsv.WsvTokenizer.tokens	CtFieldReferenceImpl	private
com.stenway.wsv.WsvSerializer.containsSpecialChar(java.lang.String)	CtMethodImpl	private
com.stenway.wsv.WsvTokenizer.TokenTypeValue	CtFieldReferenceImpl	public
com.stenway.wsv.WsvBasedFormat.getWhitespaces(com.stenway.wsv.WsvLine)	CtMethodImpl	public
com.stenway.wsv.WsvStreamWriter(java.lang.String,boolean)	CtConstructorImpl	public
com.stenway.wsv.WsvStreamReader(java.lang.String)	CtConstructorImpl	public
com.stenway.wsv.WsvDocument.encoding	CtFieldReferenceImpl	private
com.stenway.wsv.WsvSerializer	CtClassImpl	public
com.stenway.wsv.WsvCharIterator.getException(java.lang.String)	CtMethodImpl	public
com.stenway.wsv.WsvSerializer.serializeDocument(java.lang.String[][])	CtMethodImpl	public
com.stenway.wsv.WsvString.isWhitespace(java.lang.String)	CtMethodImpl	public
com.stenway.wsv.WsvStreamReader	CtClassImpl	public
com.stenway.wsv.WsvStreamWriter.writeLine(java.lang.String[])	CtMethodImpl	public
com.stenway.wsv.WsvTokenizer.TokenTypeStringText	CtFieldReferenceImpl	public
com.stenway.wsv.WsvStreamWriter.writeLine(com.stenway.wsv.WsvLine)	CtMethodImpl	public
com.stenway.wsv.WsvDocument	CtClassImpl	public
com.stenway.wsv.WsvDocument.parseAsJaggedArray(java.lang.String)	CtMethodImpl	public
com.stenway.wsv.WsvStreamWriter	CtClassImpl	public
com.stenway.wsv.WsvDocument.addLine(com.stenway.wsv.WsvLine)	CtMethodImpl	public
com.stenway.wsv.WsvParserException.LinePosition	CtFieldReferenceImpl	public
com.stenway.wsv.WsvSerializer()	CtConstructorImpl	public
com.stenway.wsv.WsvString()	CtConstructorImpl	public
com.stenway.wsv.WsvTokenizer.TokenTypeComment	CtFieldReferenceImpl	public
com.stenway.wsv.WsvTokenizer(java.lang.String)	CtConstructorImpl	public
com.stenway.wsv.WsvLine.getWhitespaces()	CtMethodImpl	public
com.stenway.wsv.WsvCharIterator.skipWhitespace()	CtMethodImpl	public
com.stenway.wsv.WsvDocument.save(java.lang.String)	CtMethodImpl	public
com.stenway.wsv.WsvStreamWriter.sb	CtFieldReferenceImpl	package-private
com.stenway.wsv.WsvParser.parseLine(java.lang.String)	CtMethodImpl	public
com.stenway.reliabletxt.ReliableTxtCharIterator.sb	CtFieldReferenceImpl	protected
com.stenway.wsv.WsvStreamReader.reader	CtFieldReferenceImpl	package-private
com.stenway.wsv.WsvDocument.addLine(java.lang.String[],java.lang.String[],java.lang.String)	CtMethodImpl	public
com.stenway.wsv.WsvStreamWriter(java.lang.String,com.stenway.reliabletxt.ReliableTxtEncoding,boolean)	CtConstructorImpl	public
com.stenway.wsv.WsvParser.parseDocument(java.lang.String)	CtMethodImpl	public
com.stenway.wsv.WsvTokenizer.TokenTypeNull	CtFieldReferenceImpl	public
com.stenway.wsv.WsvSerializer.serializeValue(java.lang.StringBuilder,java.lang.String)	CtMethodImpl	public
com.stenway.wsv.WsvDocument.load(java.lang.String,boolean)	CtMethodImpl	public
com.stenway.wsv.WsvLine(java.lang.String[],java.lang.String[],java.lang.String)	CtConstructorImpl	public
com.stenway.wsv.WsvDocument.addLine(java.lang.String[])	CtMethodImpl	public
com.stenway.wsv.WsvSerializer.serializeLine(com.stenway.wsv.WsvLine)	CtMethodImpl	public
com.stenway.wsv.WsvLine.parse(java.lang.String,boolean)	CtMethodImpl	public
com.stenway.wsv.WsvLine.getComment()	CtMethodImpl	public
com.stenway.wsv.WsvTokenizer.isWhitespace()	CtMethodImpl	private
com.stenway.wsv.WsvTokenizer.readComment()	CtMethodImpl	private
com.stenway.wsv.WsvStreamReader.close()	CtMethodImpl	public
com.stenway.wsv.WsvLine.setComment(java.lang.String)	CtMethodImpl	public
com.stenway.reliabletxt.ReliableTxtCharIterator.chars	CtFieldReferenceImpl	protected
com.stenway.wsv.WsvCharIterator.readValue()	CtMethodImpl	public
com.stenway.wsv.WsvParserException.LineIndex	CtFieldReferenceImpl	public
com.stenway.wsv.WsvCharIterator.readWhitespaceOrNull()	CtMethodImpl	public
com.stenway.wsv.WsvDocument.parse(java.lang.String)	CtMethodImpl	public
com.stenway.wsv.WsvLine(java.lang.String[])	CtConstructorImpl	public
com.stenway.wsv.WsvParser.parseLine(com.stenway.wsv.WsvCharIterator,java.util.ArrayList<java.lang.String>,java.util.ArrayList<java.lang.String>)	CtMethodImpl	private
com.stenway.wsv.WsvLine.set(java.lang.String[],java.lang.String[],java.lang.String)	CtMethodImpl	package-private
com.stenway.wsv.WsvDocument.Lines	CtFieldReferenceImpl	public
com.stenway.wsv.WsvStreamReader.readLine()	CtMethodImpl	public
com.stenway.wsv.WsvCharIterator.readCommentText()	CtMethodImpl	public
