method	type	visibility
io.strimzi.kafka.bridge.amqp.AmqpConfig.AMQP_MODE	CtFieldReferenceImpl	public
io.strimzi.kafka.bridge.http.HttpSinkBridgeEndpoint.EMPTY_JSON	CtFieldReferenceImpl	private
io.strimzi.kafka.bridge.config.AbstractConfig.config	CtFieldReferenceImpl	protected
io.strimzi.kafka.bridge.http.HttpBridge.listPartitions(io.vertx.ext.web.RoutingContext)	CtMethodImpl	private
io.strimzi.kafka.bridge.converter.DefaultSerializer.serialize(java.lang.String,T)	CtMethodImpl	public
io.strimzi.kafka.bridge.http.HttpSinkBridgeEndpoint.doAssign(io.vertx.ext.web.RoutingContext,io.vertx.core.json.JsonObject)	CtMethodImpl	private
io.strimzi.kafka.bridge.AdminClientEndpoint.listTopics(io.vertx.core.Handler<io.vertx.core.AsyncResult<java.util.Set<java.lang.String>>>)	CtMethodImpl	protected
io.strimzi.kafka.bridge.config.BridgeConfig.fromMap(java.util.Map<java.lang.String, java.lang.Object>)	CtMethodImpl	public
io.strimzi.kafka.bridge.http.HttpBridge.ASSIGN	CtFieldReferenceImpl	package-private
io.strimzi.kafka.bridge.amqp.AmqpBridge.log	CtFieldReferenceImpl	private
io.strimzi.kafka.bridge.http.HttpBridge.GET_OFFSETS	CtFieldReferenceImpl	package-private
io.strimzi.kafka.bridge.SinkBridgeEndpoint.closeHandler(io.vertx.core.Handler<io.strimzi.kafka.bridge.BridgeEndpoint>)	CtMethodImpl	public
io.strimzi.kafka.bridge.config.AbstractConfig(java.util.Map<java.lang.String, java.lang.Object>)	CtConstructorImpl	public
io.strimzi.kafka.bridge.HealthChecker.healthCheckableList	CtFieldReferenceImpl	private
io.strimzi.kafka.bridge.SinkBridgeEndpoint.groupId	CtFieldReferenceImpl	protected
io.strimzi.kafka.bridge.http.HttpSinkBridgeEndpoint.buildRequestUri(io.vertx.ext.web.RoutingContext)	CtMethodImpl	private
io.micrometer.core.instrument.config.NamingConvention.snakeCase	CtFieldReferenceImpl	package-private
io.strimzi.kafka.bridge.config.BridgeConfig.getHttpConfig()	CtMethodImpl	public
io.strimzi.kafka.bridge.AdminClientEndpoint.listOffsets(java.util.Map<io.vertx.kafka.client.common.TopicPartition, io.vertx.kafka.admin.OffsetSpec>,io.vertx.core.Handler<io.vertx.core.AsyncResult<java.util.Map<io.vertx.kafka.client.common.TopicPartition, io.vertx.kafka.admin.ListOffsetsResultInfo>>>)	CtMethodImpl	protected
io.strimzi.kafka.bridge.http.HttpBridgeContext.httpSinkEndpoints	CtFieldReferenceImpl	private
io.strimzi.kafka.bridge.tracing.TracingUtil.log	CtFieldReferenceImpl	private
io.strimzi.kafka.bridge.http.model.HttpBridgeResult(T)	CtConstructorImpl	public
io.strimzi.kafka.bridge.config.BridgeConfig.BRIDGE_ID	CtFieldReferenceImpl	public
io.strimzi.kafka.bridge.tracing.OpenTracingHandle$OTSpanHandle(io.opentracing.Span)	CtConstructorImpl	public
io.strimzi.kafka.bridge.http.HttpBridge.getTopic(io.vertx.ext.web.RoutingContext)	CtMethodImpl	private
io.strimzi.kafka.bridge.http.HttpConfig.isEnabled()	CtMethodImpl	public
io.strimzi.kafka.bridge.SourceBridgeEndpoint.handleClose()	CtMethodImpl	protected
io.strimzi.kafka.bridge.http.HttpBridgeContext.closeAdminClientEndpoint()	CtMethodImpl	public
io.strimzi.kafka.bridge.SinkBridgeEndpoint.commitOffsets(boolean)	CtMethodImpl	private
io.strimzi.kafka.bridge.SinkTopicSubscription.getTopic()	CtMethodImpl	public
io.strimzi.kafka.bridge.http.converter.HttpJsonMessageConverter()	CtConstructorImpl	public
io.strimzi.kafka.bridge.SinkBridgeEndpoint.unsubscribeHandler	CtFieldReferenceImpl	private
io.strimzi.kafka.bridge.config.AbstractConfig	CtClassImpl	public
io.strimzi.kafka.bridge.tracing.OpenTelemetryHandle$OTelSpanHandle(io.opentelemetry.api.trace.Span)	CtConstructorImpl	public
io.strimzi.kafka.bridge.amqp.AmqpBridge.closeConnectionEndpoint(io.vertx.proton.ProtonConnection)	CtMethodImpl	private
io.strimzi.kafka.bridge.http.HttpSourceBridgeEndpoint(io.vertx.core.Vertx,io.strimzi.kafka.bridge.config.BridgeConfig,io.strimzi.kafka.bridge.EmbeddedFormat,org.apache.kafka.common.serialization.Serializer<K>,org.apache.kafka.common.serialization.Serializer<V>)	CtConstructorImpl	public
io.strimzi.kafka.bridge.http.HttpAdminClientEndpoint.doGetPartition(io.vertx.ext.web.RoutingContext)	CtMethodImpl	public
io.strimzi.kafka.bridge.tracing.OpenTelemetryHandle.span(io.vertx.ext.web.RoutingContext,java.lang.String)	CtMethodImpl	public
io.strimzi.kafka.bridge.config.BridgeConfig	CtClassImpl	public
io.strimzi.kafka.bridge.amqp.AmqpBridge.AMQP_ERROR_SEND_TO_KAFKA	CtFieldReferenceImpl	public
io.strimzi.kafka.bridge.http.HttpConfig.HTTP_CONSUMER_TIMEOUT	CtFieldReferenceImpl	public
io.strimzi.kafka.bridge.amqp.AmqpBridge.processOpenReceiver(io.vertx.proton.ProtonConnection,io.vertx.proton.ProtonReceiver)	CtMethodImpl	private
io.strimzi.kafka.bridge.tracing.RequestTextMap.put(java.lang.String,java.lang.String)	CtMethodImpl	public
io.strimzi.kafka.bridge.http.HttpBridge.OPENAPI	CtFieldReferenceImpl	package-private
io.strimzi.kafka.bridge.AdminClientEndpoint.name()	CtMethodImpl	public
io.vertx.core.AbstractVerticle.context	CtFieldReferenceImpl	protected
io.strimzi.kafka.bridge.amqp.AmqpBridge.endpoints	CtFieldReferenceImpl	private
io.strimzi.kafka.bridge.converter.DefaultSerializer()	CtConstructorImpl	public
io.strimzi.kafka.bridge.amqp.AmqpConfig.toString()	CtMethodImpl	public
io.strimzi.kafka.bridge.http.HttpBridge.deleteConsumer(io.vertx.ext.web.RoutingContext)	CtMethodImpl	private
io.strimzi.kafka.bridge.http.HttpOpenApiOperations.text	CtFieldReferenceImpl	private
io.strimzi.kafka.bridge.amqp.AmqpConfig.DEFAULT_MESSAGE_CONVERTER	CtFieldReferenceImpl	public
io.strimzi.kafka.bridge.http.HttpBridge.listSubscriptions(io.vertx.ext.web.RoutingContext)	CtMethodImpl	private
io.strimzi.kafka.bridge.http.HttpEndpoint(io.vertx.ext.web.RoutingContext)	CtConstructorImpl	public
io.strimzi.kafka.bridge.http.HttpBridge.information(io.vertx.ext.web.RoutingContext)	CtMethodImpl	private
io.strimzi.kafka.bridge.SinkTopicSubscription.setOffset(java.lang.Long)	CtMethodImpl	public
io.strimzi.kafka.bridge.http.model.HttpBridgeError.toJson()	CtMethodImpl	public
io.strimzi.kafka.bridge.SinkBridgeEndpoint.unsubscribeHandler(io.vertx.core.AsyncResult<java.lang.Void>)	CtMethodImpl	private
io.strimzi.kafka.bridge.http.HttpConfig.getPort()	CtMethodImpl	public
io.strimzi.kafka.bridge.amqp.AmqpBridge.isAlive()	CtMethodImpl	public
io.strimzi.kafka.bridge.SinkBridgeEndpoint.handleUnsubscribe(io.vertx.core.AsyncResult<java.lang.Void>)	CtMethodImpl	private
io.strimzi.kafka.bridge.config.KafkaProducerConfig.fromMap(java.util.Map<java.lang.String, java.lang.Object>)	CtMethodImpl	public
io.strimzi.kafka.bridge.http.HttpSinkBridgeEndpoint.open()	CtMethodImpl	public
io.strimzi.kafka.bridge.SinkBridgeEndpoint.setPartitionsAssignedHandler(io.vertx.core.Handler<java.util.Set<io.vertx.kafka.client.common.TopicPartition>>)	CtMethodImpl	protected
io.strimzi.kafka.bridge.SinkBridgeEndpoint.partitionsRevokedHandler	CtFieldReferenceImpl	private
io.strimzi.kafka.bridge.Application.deployAmqpBridge(io.vertx.core.Vertx,io.strimzi.kafka.bridge.config.BridgeConfig,io.strimzi.kafka.bridge.MetricsReporter)	CtMethodImpl	private
io.strimzi.kafka.bridge.http.HttpConfig.DEFAULT_CONSUMER_TIMEOUT	CtFieldReferenceImpl	public
io.strimzi.kafka.bridge.config.KafkaConfig.getProducerConfig()	CtMethodImpl	public
io.strimzi.kafka.bridge.tracker.SimpleOffsetTracker(java.lang.String)	CtConstructorImpl	public
io.strimzi.kafka.bridge.tracing.OpenTelemetryHandle.1	CtClassImpl	package-private
io.strimzi.kafka.bridge.SinkBridgeEndpoint.handleSeek(io.vertx.core.AsyncResult<java.lang.Void>)	CtMethodImpl	private
io.strimzi.kafka.bridge.tracing.OpenTelemetryHandle.2	CtClassImpl	package-private
io.strimzi.kafka.bridge.SinkBridgeEndpoint.seekHandler	CtFieldReferenceImpl	private
io.strimzi.kafka.bridge.BridgeContentType.KAFKA_JSON_BINARY	CtFieldReferenceImpl	public
io.strimzi.kafka.bridge.amqp.AmqpBridge.AMQP_ERROR_NO_PARTITIONS	CtFieldReferenceImpl	public
io.strimzi.kafka.bridge.SinkBridgeEndpoint.pollTimeOut	CtFieldReferenceImpl	protected
io.strimzi.kafka.bridge.http.HttpSinkBridgeEndpoint.hostPortPattern	CtFieldReferenceImpl	package-private
io.strimzi.kafka.bridge.tracing.TracingUtil()	CtConstructorImpl	public
io.strimzi.kafka.bridge.http.HttpBridge.httpBridgeContext	CtFieldReferenceImpl	private
io.strimzi.kafka.bridge.amqp.converter.AmqpJsonMessageConverter.MESSAGE_ID	CtFieldReferenceImpl	public
io.strimzi.kafka.bridge.SourceBridgeEndpoint.producerUnsettledMode	CtFieldReferenceImpl	private
io.strimzi.kafka.bridge.amqp.AmqpBridge	CtClassImpl	public
io.strimzi.kafka.bridge.http.HttpOpenApiOperations.toString()	CtMethodImpl	public
io.strimzi.kafka.bridge.tracing.OTelSpanHandle.inject(io.vertx.ext.web.RoutingContext)	CtMethodImpl	public
io.strimzi.kafka.bridge.EmbeddedHttpServer.metricsReporter	CtFieldReferenceImpl	private
io.micrometer.prometheus.PrometheusNamingConvention.timerSuffix	CtFieldReferenceImpl	private
io.strimzi.kafka.bridge.tracing.TracingConstants.COMPONENT	CtFieldReferenceImpl	public
io.strimzi.kafka.bridge.tracing.NoopTracingHandle$NoopSpanHandle()	CtConstructorImpl	private
io.strimzi.kafka.bridge.amqp.converter.AmqpJsonMessageConverter.TO	CtFieldReferenceImpl	public
io.strimzi.kafka.bridge.tracing.OpenTracingHandle	CtClassImpl	package-private
io.strimzi.kafka.bridge.tracker.FullOffsetTracker.topic	CtFieldReferenceImpl	private
io.strimzi.kafka.bridge.config.KafkaConfig.consumerConfig	CtFieldReferenceImpl	private
io.strimzi.kafka.bridge.amqp.AmqpSourceBridgeEndpoint.rejectedDelivery(java.lang.String,io.vertx.proton.ProtonDelivery,java.lang.Throwable)	CtMethodImpl	private
io.strimzi.kafka.bridge.http.HttpBridge.COMMIT	CtFieldReferenceImpl	package-private
io.strimzi.kafka.bridge.tracing.OpenTelemetryHandle.propagator()	CtMethodImpl	private
io.strimzi.kafka.bridge.amqp.AmqpConfig.DEFAULT_AMQP_MODE	CtFieldReferenceImpl	public
io.strimzi.kafka.bridge.tracing.NoopTracingHandle.NoopSpanHandle	CtClassImpl	private
io.strimzi.kafka.bridge.amqp.AmqpSinkBridgeEndpoint.close()	CtMethodImpl	public
io.strimzi.kafka.bridge.QoSEndpoint()	CtConstructorImpl	private
io.strimzi.kafka.bridge.SinkBridgeEndpoint.setPartitionsAssignmentHandlers()	CtMethodImpl	private
io.strimzi.kafka.bridge.amqp.AmqpBridge.createServerOptions()	CtMethodImpl	private
io.strimzi.kafka.bridge.SinkBridgeEndpoint.consumer	CtFieldReferenceImpl	private
io.strimzi.kafka.bridge.config.KafkaAdminConfig.fromMap(java.util.Map<java.lang.String, java.lang.Object>)	CtMethodImpl	public
io.strimzi.kafka.bridge.config.BridgeConfig(java.util.Map<java.lang.String, java.lang.Object>,io.strimzi.kafka.bridge.config.KafkaConfig,io.strimzi.kafka.bridge.amqp.AmqpConfig,io.strimzi.kafka.bridge.http.HttpConfig)	CtConstructorImpl	private
io.strimzi.kafka.bridge.tracing.TracingUtil.initialize(io.strimzi.kafka.bridge.config.BridgeConfig)	CtMethodImpl	public
io.strimzi.kafka.bridge.SourceBridgeEndpoint.vertx	CtFieldReferenceImpl	protected
io.strimzi.kafka.bridge.EmbeddedHttpServer.port	CtFieldReferenceImpl	private
io.strimzi.kafka.bridge.amqp.converter.AmqpJsonMessageConverter.toKafkaRecords(java.lang.String,java.lang.Integer,java.util.Collection<org.apache.qpid.proton.message.Message>)	CtMethodImpl	public
io.strimzi.kafka.bridge.tracing.OTSpanHandle.inject(io.vertx.ext.web.RoutingContext)	CtMethodImpl	public
io.strimzi.kafka.bridge.amqp.AmqpBridge.detachWithError(io.vertx.proton.ProtonLink<?>,java.lang.String,java.lang.String)	CtMethodImpl	package-private
io.strimzi.kafka.bridge.config.KafkaConfig.getAdminConfig()	CtMethodImpl	public
io.strimzi.kafka.bridge.SinkBridgeEndpoint.unsubscribe()	CtMethodImpl	protected
io.strimzi.kafka.bridge.amqp.AmqpBridge.metricsReporter	CtFieldReferenceImpl	private
io.strimzi.kafka.bridge.SinkBridgeEndpoint.consumerInstanceId	CtFieldReferenceImpl	protected
io.strimzi.kafka.bridge.http.HttpBridge.1	CtClassImpl	package-private
io.strimzi.kafka.bridge.http.HttpSinkBridgeEndpoint.doListSubscriptions(io.vertx.ext.web.RoutingContext)	CtMethodImpl	public
io.strimzi.kafka.bridge.SinkTopicSubscription.toString()	CtMethodImpl	public
io.strimzi.kafka.bridge.amqp.AmqpBridge.isReady()	CtMethodImpl	public
io.strimzi.kafka.bridge.amqp.AmqpSinkBridgeEndpoint.sendAmqpError(java.lang.String,java.lang.String,io.vertx.core.AsyncResult<?>)	CtMethodImpl	private
io.strimzi.kafka.bridge.amqp.converter.AmqpRawMessageConverter	CtClassImpl	public
io.strimzi.kafka.bridge.http.HttpUtils.log	CtFieldReferenceImpl	private
io.strimzi.kafka.bridge.SourceBridgeEndpoint.name()	CtMethodImpl	public
io.strimzi.kafka.bridge.amqp.converter.AmqpJsonMessageConverter.toMessages(io.vertx.kafka.client.consumer.KafkaConsumerRecords<java.lang.String, byte[]>)	CtMethodImpl	public
io.strimzi.kafka.bridge.tracing.TracingUtil.toHeaders(io.vertx.kafka.client.consumer.KafkaConsumerRecord<K, V>)	CtMethodImpl	public
io.strimzi.kafka.bridge.http.HttpBridge.HEALTHY	CtFieldReferenceImpl	package-private
io.strimzi.kafka.bridge.http.HttpBridge.9	CtClassImpl	package-private
io.strimzi.kafka.bridge.http.HttpSinkBridgeEndpoint.doSeek(io.vertx.ext.web.RoutingContext,io.vertx.core.json.JsonObject)	CtMethodImpl	private
io.strimzi.kafka.bridge.tracing.OTSpanHandle.finish(int,java.lang.Throwable)	CtMethodImpl	public
io.strimzi.kafka.bridge.amqp.AmqpSourceBridgeEndpoint.converter	CtFieldReferenceImpl	private
io.strimzi.kafka.bridge.amqp.converter.AmqpJsonMessageConverter.BODY	CtFieldReferenceImpl	public
io.strimzi.kafka.bridge.tracing.TracingConstants.OPENTELEMETRY_SERVICE_NAME_PROPERTY_KEY	CtFieldReferenceImpl	public
io.strimzi.kafka.bridge.ConsumerInstanceId.toString()	CtMethodImpl	public
io.strimzi.kafka.bridge.amqp.AmqpSourceBridgeEndpoint.receivers	CtFieldReferenceImpl	private
io.strimzi.kafka.bridge.http.HttpBridge.UNSUBSCRIBE	CtFieldReferenceImpl	package-private
io.strimzi.kafka.bridge.http.HttpBridge.5	CtClassImpl	package-private
io.strimzi.kafka.bridge.SinkBridgeEndpoint.vertx	CtFieldReferenceImpl	protected
io.strimzi.kafka.bridge.ConnectionEndpoint.getSource()	CtMethodImpl	public
io.strimzi.kafka.bridge.http.HttpBridge.GET_PARTITION	CtFieldReferenceImpl	package-private
io.strimzi.kafka.bridge.http.HttpBridge.getCorsHandler()	CtMethodImpl	private
io.strimzi.kafka.bridge.http.HttpSinkBridgeEndpoint(io.vertx.core.Vertx,io.strimzi.kafka.bridge.config.BridgeConfig,io.strimzi.kafka.bridge.http.HttpBridgeContext<K, V>,io.strimzi.kafka.bridge.EmbeddedFormat,org.apache.kafka.common.serialization.Deserializer<K>,org.apache.kafka.common.serialization.Deserializer<V>)	CtConstructorImpl	package-private
io.strimzi.kafka.bridge.HealthChecker.log	CtFieldReferenceImpl	private
io.strimzi.kafka.bridge.amqp.converter.AmqpDefaultMessageConverter.toMessages(io.vertx.kafka.client.consumer.KafkaConsumerRecords<java.lang.String, byte[]>)	CtMethodImpl	public
io.strimzi.kafka.bridge.amqp.AmqpErrorConditionException	CtClassImpl	package-private
io.strimzi.kafka.bridge.tracker.FullOffsetTracker	CtClassImpl	public
io.strimzi.kafka.bridge.http.HttpBridge.createConsumer(io.vertx.ext.web.RoutingContext)	CtMethodImpl	private
io.strimzi.kafka.bridge.http.HttpAdminClientEndpoint(io.vertx.core.Vertx,io.strimzi.kafka.bridge.config.BridgeConfig,io.strimzi.kafka.bridge.http.HttpBridgeContext)	CtConstructorImpl	public
io.strimzi.kafka.bridge.tracing.OTSpanHandle.inject(io.vertx.kafka.client.producer.KafkaProducerRecord<K, V>)	CtMethodImpl	public
io.strimzi.kafka.bridge.tracing.NoopTracingHandle.initialize()	CtMethodImpl	public
io.strimzi.kafka.bridge.JmxCollectorRegistry(java.lang.String)	CtConstructorImpl	public
io.strimzi.kafka.bridge.amqp.AmqpConfig.getCertDir()	CtMethodImpl	public
io.strimzi.kafka.bridge.SinkBridgeEndpoint.handleSubscribe(io.vertx.core.AsyncResult<java.lang.Void>)	CtMethodImpl	private
io.strimzi.kafka.bridge.SinkBridgeEndpoint.setUnsubscribeHandler(io.vertx.core.Handler<io.vertx.core.AsyncResult<java.lang.Void>>)	CtMethodImpl	protected
io.strimzi.kafka.bridge.SinkBridgeEndpoint.subscribe(boolean)	CtMethodImpl	protected
io.strimzi.kafka.bridge.amqp.AmqpConfig.getHost()	CtMethodImpl	public
io.strimzi.kafka.bridge.amqp.AmqpSinkBridgeEndpoint.seekHandler(io.vertx.core.AsyncResult<java.lang.Void>)	CtMethodImpl	private
io.strimzi.kafka.bridge.http.HttpConfig.getCorsAllowedOrigins()	CtMethodImpl	public
io.strimzi.kafka.bridge.IllegalEmbeddedFormatException(java.lang.String)	CtConstructorImpl	public
io.strimzi.kafka.bridge.SinkBridgeEndpoint.initConsumer(boolean,java.util.Properties)	CtMethodImpl	protected
io.strimzi.kafka.bridge.config.BridgeConfig.BRIDGE_CONFIG_PREFIX	CtFieldReferenceImpl	public
io.strimzi.kafka.bridge.http.converter.HttpBinaryMessageConverter	CtClassImpl	public
io.strimzi.kafka.bridge.tracing.RequestTextMap.iterator()	CtMethodImpl	public
io.strimzi.kafka.bridge.tracing.TracingUtil.addProperty(java.util.Properties,java.lang.String,java.lang.String)	CtMethodImpl	package-private
io.strimzi.kafka.bridge.tracker.FullOffsetTracker.PartitionState.settlements	CtFieldReferenceImpl	public
io.strimzi.kafka.bridge.tracing.OpenTelemetryHandle.handleRecordSpan(io.strimzi.kafka.bridge.tracing.SpanHandle<K, V>,io.vertx.kafka.client.consumer.KafkaConsumerRecord<K, V>)	CtMethodImpl	public
io.strimzi.kafka.bridge.SinkBridgeEndpoint.consume(io.vertx.core.Handler<io.vertx.core.AsyncResult<io.vertx.kafka.client.consumer.KafkaConsumerRecords<K, V>>>)	CtMethodImpl	protected
io.strimzi.kafka.bridge.http.HttpBridge.SEND	CtFieldReferenceImpl	package-private
io.strimzi.kafka.bridge.tracing.TracingConstants.OPENTELEMETRY_SERVICE_NAME_ENV_KEY	CtFieldReferenceImpl	public
io.strimzi.kafka.bridge.tracker.FullOffsetTracker.commit(java.util.Map<org.apache.kafka.common.TopicPartition, org.apache.kafka.clients.consumer.OffsetAndMetadata>)	CtMethodImpl	public
io.strimzi.kafka.bridge.amqp.converter.AmqpJsonMessageConverter.SECTION_DATA_TYPE	CtFieldReferenceImpl	public
io.strimzi.kafka.bridge.http.HttpSourceBridgeEndpoint.open()	CtMethodImpl	public
io.strimzi.kafka.bridge.amqp.AmqpErrorConditionException.toCondition()	CtMethodImpl	public
io.strimzi.kafka.bridge.tracker.SimpleOffsetTracker$PartitionState(long,boolean)	CtConstructorImpl	public
io.strimzi.kafka.bridge.amqp.AmqpSinkBridgeEndpoint.commitHandler(io.vertx.core.AsyncResult<java.lang.Void>)	CtMethodImpl	private
io.strimzi.kafka.bridge.tracing.OpenTracingHandle.OTSpanHandle.span	CtFieldReferenceImpl	private
io.strimzi.kafka.bridge.amqp.AmqpMode.from(java.lang.String)	CtMethodImpl	public
io.strimzi.kafka.bridge.EmbeddedHttpServer(io.vertx.core.Vertx,io.strimzi.kafka.bridge.HealthChecker,io.strimzi.kafka.bridge.MetricsReporter,int)	CtConstructorImpl	public
io.strimzi.kafka.bridge.BridgeContentType.JSON	CtFieldReferenceImpl	public
io.strimzi.kafka.bridge.tracing.OpenTracingHandle.OTSpanHandle.2	CtClassImpl	package-private
io.strimzi.kafka.bridge.config.KafkaConsumerConfig	CtClassImpl	public
io.strimzi.kafka.bridge.tracing.OpenTracingHandle.OTSpanHandle.1	CtClassImpl	package-private
io.strimzi.kafka.bridge.config.BridgeConfig.getKafkaConfig()	CtMethodImpl	public
io.strimzi.kafka.bridge.tracker.FullOffsetTracker.map	CtFieldReferenceImpl	private
io.strimzi.kafka.bridge.amqp.AmqpSinkBridgeEndpoint.converter	CtFieldReferenceImpl	private
io.strimzi.kafka.bridge.http.HttpConfig.DEFAULT_HTTP_ENABLED	CtFieldReferenceImpl	public
io.strimzi.kafka.bridge.amqp.converter.AmqpJsonMessageConverter.SECTION_TYPE	CtFieldReferenceImpl	public
io.strimzi.kafka.bridge.http.HttpBridge.poll(io.vertx.ext.web.RoutingContext)	CtMethodImpl	private
io.strimzi.kafka.bridge.tracing.OpenTelemetryHandle	CtClassImpl	package-private
io.strimzi.kafka.bridge.amqp.AmqpBridge.AMQP_ERROR_CONFIGURATION	CtFieldReferenceImpl	public
io.strimzi.kafka.bridge.SinkBridgeEndpoint.setAssignHandler(io.vertx.core.Handler<io.vertx.core.AsyncResult<java.lang.Void>>)	CtMethodImpl	protected
io.micrometer.core.instrument.config.NamingConvention.identity	CtFieldReferenceImpl	package-private
io.strimzi.kafka.bridge.SinkBridgeEndpoint.handleAssign(io.vertx.core.AsyncResult<java.lang.Void>)	CtMethodImpl	private
io.strimzi.kafka.bridge.SinkTopicSubscription(java.lang.String,java.lang.Integer,java.lang.Long)	CtConstructorImpl	public
io.strimzi.kafka.bridge.amqp.AmqpErrorConditionException.serialVersionUID	CtFieldReferenceImpl	private
io.strimzi.kafka.bridge.SinkBridgeEndpoint.setSeekHandler(io.vertx.core.Handler<io.vertx.core.AsyncResult<java.lang.Void>>)	CtMethodImpl	protected
io.micrometer.core.instrument.config.NamingConvention.camelCase	CtFieldReferenceImpl	package-private
io.strimzi.kafka.bridge.Application.KAFKA_BRIDGE_METRICS_ENABLED	CtFieldReferenceImpl	private
io.strimzi.kafka.bridge.amqp.AmqpEndpoint	CtClassImpl	public
io.strimzi.kafka.bridge.AdminClientEndpoint.close()	CtMethodImpl	public
io.strimzi.kafka.bridge.http.HttpBridge.timestampMap	CtFieldReferenceImpl	private
io.strimzi.kafka.bridge.http.HttpConfig.HTTP_CORS_ALLOWED_ORIGINS	CtFieldReferenceImpl	public
io.strimzi.kafka.bridge.config.KafkaConsumerConfig.fromMap(java.util.Map<java.lang.String, java.lang.Object>)	CtMethodImpl	public
io.strimzi.kafka.bridge.amqp.AmqpSinkBridgeEndpoint.handle(io.strimzi.kafka.bridge.Endpoint<?>,io.vertx.core.Handler<?>)	CtMethodImpl	public
io.strimzi.kafka.bridge.http.HttpBridgeContext.openApiOperation	CtFieldReferenceImpl	private
io.strimzi.kafka.bridge.amqp.converter.AmqpJsonMessageConverter()	CtConstructorImpl	public
io.strimzi.kafka.bridge.SourceBridgeEndpoint.close()	CtMethodImpl	public
io.strimzi.kafka.bridge.http.model.HttpBridgeError.code	CtFieldReferenceImpl	private
io.strimzi.kafka.bridge.http.HttpBridgeContext.adminClientEndpoint	CtFieldReferenceImpl	private
io.strimzi.kafka.bridge.JmxCollectorRegistry	CtClassImpl	public
io.strimzi.kafka.bridge.amqp.AmqpSourceBridgeEndpoint(io.vertx.core.Vertx,io.strimzi.kafka.bridge.config.BridgeConfig,io.strimzi.kafka.bridge.EmbeddedFormat,org.apache.kafka.common.serialization.Serializer<K>,org.apache.kafka.common.serialization.Serializer<V>)	CtConstructorImpl	public
io.strimzi.kafka.bridge.tracing.NoopSpanHandle.finish(int,java.lang.Throwable)	CtMethodImpl	public
io.strimzi.kafka.bridge.MetricsReporter$MetricsNamingConvention()	CtConstructorImpl	private
io.strimzi.kafka.bridge.http.HttpBridge.errorHandler(io.vertx.ext.web.RoutingContext)	CtMethodImpl	private
io.strimzi.kafka.bridge.tracing.TracingUtil.tracing	CtFieldReferenceImpl	private
io.strimzi.kafka.bridge.SinkTopicSubscription.getPartition()	CtMethodImpl	public
io.strimzi.kafka.bridge.http.HttpSinkBridgeEndpoint.doUnsubscribe(io.vertx.ext.web.RoutingContext)	CtMethodImpl	public
io.strimzi.kafka.bridge.SinkBridgeEndpoint.commitHandler	CtFieldReferenceImpl	private
io.strimzi.kafka.bridge.EmbeddedHttpServer.start()	CtMethodImpl	public
io.strimzi.kafka.bridge.amqp.AmqpSourceBridgeEndpoint.processCloseReceiver(io.vertx.proton.ProtonReceiver)	CtMethodImpl	private
io.strimzi.kafka.bridge.amqp.AmqpBridge.processOpenConnection(io.vertx.core.AsyncResult<io.vertx.proton.ProtonConnection>)	CtMethodImpl	private
io.strimzi.kafka.bridge.tracing.OTelSpanHandle.finish(int,java.lang.Throwable)	CtMethodImpl	public
io.strimzi.kafka.bridge.tracing.NoopSpanHandle.inject(io.vertx.ext.web.RoutingContext)	CtMethodImpl	public
io.strimzi.kafka.bridge.tracker.SimpleOffsetTracker.track(int,long,org.apache.kafka.clients.consumer.ConsumerRecord<?, ?>)	CtMethodImpl	public
io.strimzi.kafka.bridge.MetricsReporter(io.strimzi.kafka.bridge.JmxCollectorRegistry,io.micrometer.core.instrument.MeterRegistry)	CtConstructorImpl	public
io.strimzi.kafka.bridge.SinkBridgeEndpoint.setCommitHandler(io.vertx.core.Handler<io.vertx.core.AsyncResult<java.lang.Void>>)	CtMethodImpl	protected
io.strimzi.kafka.bridge.SinkBridgeEndpoint.assigned	CtFieldReferenceImpl	protected
io.strimzi.kafka.bridge.http.HttpAdminClientEndpoint.httpBridgeContext	CtFieldReferenceImpl	private
io.strimzi.kafka.bridge.HealthChecker.addHealthCheckable(io.strimzi.kafka.bridge.HealthCheckable)	CtMethodImpl	public
io.strimzi.kafka.bridge.tracing.NoopTracingHandle()	CtConstructorImpl	package-private
io.strimzi.kafka.bridge.tracing.OpenTelemetryHandle.MG	CtFieldReferenceImpl	private
io.strimzi.kafka.bridge.tracing.OpenTracingHandle.getSpanBuilder(io.vertx.ext.web.RoutingContext,java.lang.String)	CtMethodImpl	private
io.strimzi.kafka.bridge.config.KafkaConfig.KAFKA_CONFIG_PREFIX	CtFieldReferenceImpl	public
io.strimzi.kafka.bridge.amqp.AmqpConfig.AMQP_CONFIG_PREFIX	CtFieldReferenceImpl	public
io.strimzi.kafka.bridge.JmxCollectorRegistry.collectorRegistry	CtFieldReferenceImpl	private
io.strimzi.kafka.bridge.http.HttpBridge.seek(io.vertx.ext.web.RoutingContext)	CtMethodImpl	private
io.strimzi.kafka.bridge.SourceBridgeEndpoint.closeHandler	CtFieldReferenceImpl	private
io.strimzi.kafka.bridge.SinkBridgeEndpoint.close()	CtMethodImpl	public
io.strimzi.kafka.bridge.amqp.AmqpConfig.getPort()	CtMethodImpl	public
io.strimzi.kafka.bridge.http.HttpBridge.2	CtClassImpl	package-private
io.strimzi.kafka.bridge.http.HttpBridge.seekToEnd(io.vertx.ext.web.RoutingContext)	CtMethodImpl	private
io.strimzi.kafka.bridge.http.HttpOpenApiOperation.handle(io.vertx.ext.web.RoutingContext)	CtMethodImpl	public
io.strimzi.kafka.bridge.amqp.AmqpBridge.AMQP_ERROR_WRONG_FILTER	CtFieldReferenceImpl	public
io.strimzi.kafka.bridge.converter.DefaultSerializer	CtClassImpl	public
io.strimzi.kafka.bridge.tracker.FullOffsetTracker.getOffsets()	CtMethodImpl	public
io.strimzi.kafka.bridge.http.HttpBridgeContext.getHttpSourceEndpoints()	CtMethodImpl	public
io.strimzi.kafka.bridge.http.HttpConfig.DEFAULT_HOST	CtFieldReferenceImpl	public
io.strimzi.kafka.bridge.amqp.AmqpMode	CtEnumImpl	public
io.strimzi.kafka.bridge.JmxCollectorRegistry.scrape()	CtMethodImpl	public
io.strimzi.kafka.bridge.amqp.AmqpConfig.getMessageConverter()	CtMethodImpl	public
io.strimzi.kafka.bridge.http.HttpBridge.4	CtClassImpl	package-private
io.strimzi.kafka.bridge.SinkBridgeEndpoint.shouldAttachSubscriberHandler	CtFieldReferenceImpl	private
io.strimzi.kafka.bridge.SinkBridgeEndpoint.recordIndex	CtFieldReferenceImpl	private
io.strimzi.kafka.bridge.http.HttpBridge.router	CtFieldReferenceImpl	private
io.strimzi.kafka.bridge.http.HttpBridge.SEEK_TO_END	CtFieldReferenceImpl	package-private
io.strimzi.kafka.bridge.Application.generateOptions()	CtMethodImpl	private
io.strimzi.kafka.bridge.http.HttpSourceBridgeEndpoint.buildOffsets(java.util.List<io.strimzi.kafka.bridge.http.model.HttpBridgeResult<?>>)	CtMethodImpl	private
io.strimzi.kafka.bridge.SinkTopicSubscription(java.lang.String)	CtConstructorImpl	public
io.strimzi.kafka.bridge.http.HttpOpenApiOperations	CtEnumImpl	public
io.strimzi.kafka.bridge.amqp.AmqpSinkBridgeEndpoint.subscribeHandler(io.vertx.core.AsyncResult<java.lang.Void>)	CtMethodImpl	private
io.strimzi.kafka.bridge.tracing.OpenTracingHandle.handleRecordSpan(io.strimzi.kafka.bridge.tracing.SpanHandle<K, V>,io.vertx.kafka.client.consumer.KafkaConsumerRecord<K, V>)	CtMethodImpl	public
io.strimzi.kafka.bridge.tracing.OpenTelemetryHandle.addTracingPropsToProducerConfig(java.util.Properties)	CtMethodImpl	public
io.strimzi.kafka.bridge.amqp.AmqpBridge.createClientOptions()	CtMethodImpl	private
io.strimzi.kafka.bridge.SinkBridgeEndpoint.subscribeHandler(io.vertx.core.AsyncResult<java.lang.Void>)	CtMethodImpl	private
io.strimzi.kafka.bridge.SinkBridgeEndpoint.handlePartitionsRevoked(java.util.Set<io.vertx.kafka.client.common.TopicPartition>)	CtMethodImpl	private
io.strimzi.kafka.bridge.amqp.AmqpBridge.AMQP_ERROR_KAFKA_COMMIT	CtFieldReferenceImpl	public
io.strimzi.kafka.bridge.amqp.AmqpBridge.HEALTH_SERVER_PORT	CtFieldReferenceImpl	private
io.strimzi.kafka.bridge.tracing.NoopTracingHandle.handleRecordSpan(io.strimzi.kafka.bridge.tracing.SpanHandle<K, V>,io.vertx.kafka.client.consumer.KafkaConsumerRecord<K, V>)	CtMethodImpl	public
io.strimzi.kafka.bridge.http.HttpBridge.SEEK_TO_BEGINNING	CtFieldReferenceImpl	package-private
io.strimzi.kafka.bridge.amqp.AmqpMode(java.lang.String)	CtConstructorImpl	private
io.strimzi.kafka.bridge.http.HttpBridge.SUBSCRIBE	CtFieldReferenceImpl	package-private
io.strimzi.kafka.bridge.SinkBridgeEndpoint.consumerInstanceId()	CtMethodImpl	public
io.strimzi.kafka.bridge.AdminClientEndpoint.bridgeConfig	CtFieldReferenceImpl	protected
io.strimzi.kafka.bridge.http.HttpBridge.setHealthChecker(io.strimzi.kafka.bridge.HealthChecker)	CtMethodImpl	public
io.strimzi.kafka.bridge.http.HttpBridge.unsubscribe(io.vertx.ext.web.RoutingContext)	CtMethodImpl	private
io.strimzi.kafka.bridge.tracing.OpenTelemetryHandle.buildSpan(io.opentelemetry.api.trace.SpanBuilder,io.vertx.ext.web.RoutingContext)	CtMethodImpl	private
io.strimzi.kafka.bridge.ConsumerInstanceId.groupId	CtFieldReferenceImpl	private
io.strimzi.kafka.bridge.amqp.AmqpSourceBridgeEndpoint	CtClassImpl	public
io.strimzi.kafka.bridge.http.HttpBridge.INFO	CtFieldReferenceImpl	package-private
io.strimzi.kafka.bridge.http.HttpConfig.HTTP_ENABLED	CtFieldReferenceImpl	public
io.strimzi.kafka.bridge.http.HttpSourceBridgeEndpoint.handle(io.strimzi.kafka.bridge.Endpoint<?>)	CtMethodImpl	public
io.strimzi.kafka.bridge.amqp.AmqpBridge.processDisconnection(io.vertx.proton.ProtonConnection)	CtMethodImpl	private
io.strimzi.kafka.bridge.EmbeddedFormat()	CtConstructorImpl	private
io.strimzi.kafka.bridge.SinkTopicSubscription	CtClassImpl	public
io.strimzi.kafka.bridge.amqp.AmqpSinkBridgeEndpoint	CtClassImpl	public
io.strimzi.kafka.bridge.AdminClientEndpoint.adminClient	CtFieldReferenceImpl	private
io.strimzi.kafka.bridge.amqp.AmqpBridge.client	CtFieldReferenceImpl	private
io.strimzi.kafka.bridge.tracing.OpenTelemetryHandle.OTelSpanHandle.span	CtFieldReferenceImpl	private
io.strimzi.kafka.bridge.amqp.AmqpSinkBridgeEndpoint.GROUP_ID_MATCH	CtFieldReferenceImpl	private
io.strimzi.kafka.bridge.http.HttpAdminClientEndpoint.open()	CtMethodImpl	public
io.strimzi.kafka.bridge.http.HttpAdminClientEndpoint.doGetOffsets(io.vertx.ext.web.RoutingContext)	CtMethodImpl	public
io.strimzi.kafka.bridge.config.KafkaConfig.fromMap(java.util.Map<java.lang.String, java.lang.Object>)	CtMethodImpl	public
io.strimzi.kafka.bridge.SinkBridgeEndpoint.bridgeConfig	CtFieldReferenceImpl	protected
io.strimzi.kafka.bridge.tracker.FullOffsetTracker.track(int,long,org.apache.kafka.clients.consumer.ConsumerRecord<?, ?>)	CtMethodImpl	public
io.strimzi.kafka.bridge.http.HttpConfig.DEFAULT_PORT	CtFieldReferenceImpl	public
io.strimzi.kafka.bridge.tracing.TracingConstants.KAFKA_SERVICE	CtFieldReferenceImpl	public
io.strimzi.kafka.bridge.SinkBridgeEndpoint.subscribe(java.util.regex.Pattern,boolean)	CtMethodImpl	protected
io.strimzi.kafka.bridge.config.KafkaConsumerConfig.KAFKA_CONSUMER_CONFIG_PREFIX	CtFieldReferenceImpl	public
io.strimzi.kafka.bridge.http.HttpBridge.seekToBeginning(io.vertx.ext.web.RoutingContext)	CtMethodImpl	private
io.strimzi.kafka.bridge.http.HttpSinkBridgeEndpoint.doDeleteConsumer(io.vertx.ext.web.RoutingContext)	CtMethodImpl	private
io.strimzi.kafka.bridge.SinkTopicSubscription.setTopic(java.lang.String)	CtMethodImpl	public
io.strimzi.kafka.bridge.tracing.OpenTelemetryHandle()	CtConstructorImpl	package-private
io.strimzi.kafka.bridge.http.HttpBridge(io.strimzi.kafka.bridge.config.BridgeConfig,io.strimzi.kafka.bridge.MetricsReporter)	CtConstructorImpl	public
io.strimzi.kafka.bridge.http.HttpSinkBridgeEndpoint.formatRequestUri(java.lang.String,java.lang.String,java.lang.String)	CtMethodImpl	private
io.strimzi.kafka.bridge.http.HttpUtils()	CtConstructorImpl	public
io.strimzi.kafka.bridge.http.HttpAdminClientEndpoint.doListTopics(io.vertx.ext.web.RoutingContext)	CtMethodImpl	public
io.strimzi.kafka.bridge.http.HttpBridge.getPartition(io.vertx.ext.web.RoutingContext)	CtMethodImpl	private
io.strimzi.kafka.bridge.SinkBridgeEndpoint.seekToBeginning(java.util.Set<io.vertx.kafka.client.common.TopicPartition>,io.vertx.core.Handler<io.vertx.core.AsyncResult<java.lang.Void>>)	CtMethodImpl	protected
io.strimzi.kafka.bridge.amqp.AmqpErrorConditionException(java.lang.String,java.lang.String,java.lang.Throwable)	CtConstructorImpl	public
io.strimzi.kafka.bridge.BridgeContentType.KAFKA_JSON	CtFieldReferenceImpl	public
io.strimzi.kafka.bridge.amqp.AmqpBridge(io.strimzi.kafka.bridge.config.BridgeConfig,io.strimzi.kafka.bridge.MetricsReporter)	CtConstructorImpl	public
io.strimzi.kafka.bridge.SinkTopicSubscription.topic	CtFieldReferenceImpl	private
io.strimzi.kafka.bridge.SourceBridgeEndpoint.producerSettledMode	CtFieldReferenceImpl	private
io.strimzi.kafka.bridge.AdminClientEndpoint.closeHandler(io.vertx.core.Handler<io.strimzi.kafka.bridge.BridgeEndpoint>)	CtMethodImpl	public
io.strimzi.kafka.bridge.config.BridgeConfig.getAmqpConfig()	CtMethodImpl	public
io.strimzi.kafka.bridge.AdminClientEndpoint.describeConfigs(java.util.List<io.vertx.kafka.client.common.ConfigResource>,io.vertx.core.Handler<io.vertx.core.AsyncResult<java.util.Map<io.vertx.kafka.client.common.ConfigResource, io.vertx.kafka.admin.Config>>>)	CtMethodImpl	protected
io.strimzi.kafka.bridge.AdminClientEndpoint.describeTopics(java.util.List<java.lang.String>,io.vertx.core.Handler<io.vertx.core.AsyncResult<java.util.Map<java.lang.String, io.vertx.kafka.admin.TopicDescription>>>)	CtMethodImpl	protected
io.strimzi.kafka.bridge.http.HttpSourceBridgeEndpoint.closing	CtFieldReferenceImpl	private
io.strimzi.kafka.bridge.AdminClientEndpoint.log	CtFieldReferenceImpl	protected
io.strimzi.kafka.bridge.SinkBridgeEndpoint.listSubscriptions(io.vertx.core.Handler<io.vertx.core.AsyncResult<java.util.Set<io.vertx.kafka.client.common.TopicPartition>>>)	CtMethodImpl	protected
io.strimzi.kafka.bridge.http.model.HttpBridgeError.getMessage()	CtMethodImpl	public
io.strimzi.kafka.bridge.SinkBridgeEndpoint.seekToEnd(java.util.Set<io.vertx.kafka.client.common.TopicPartition>,io.vertx.core.Handler<io.vertx.core.AsyncResult<java.lang.Void>>)	CtMethodImpl	protected
io.strimzi.kafka.bridge.http.HttpBridge.listTopics(io.vertx.ext.web.RoutingContext)	CtMethodImpl	private
io.strimzi.kafka.bridge.AdminClientEndpoint	CtClassImpl	public
io.strimzi.kafka.bridge.SinkBridgeEndpoint.keyDeserializer	CtFieldReferenceImpl	protected
io.strimzi.kafka.bridge.http.HttpBridge.contentTypeToFormat(java.lang.String)	CtMethodImpl	private
io.strimzi.kafka.bridge.http.HttpSourceBridgeEndpoint	CtClassImpl	public
io.strimzi.kafka.bridge.http.HttpBridge.13	CtClassImpl	package-private
io.strimzi.kafka.bridge.http.HttpBridge.16	CtClassImpl	package-private
io.strimzi.kafka.bridge.EmbeddedHttpServer	CtClassImpl	public
io.strimzi.kafka.bridge.amqp.AmqpSourceBridgeEndpoint.handle(io.strimzi.kafka.bridge.Endpoint<?>)	CtMethodImpl	public
io.strimzi.kafka.bridge.Application	CtClassImpl	public
io.strimzi.kafka.bridge.amqp.AmqpConfig.DEFAULT_CERT_DIR	CtFieldReferenceImpl	public
io.strimzi.kafka.bridge.HealthChecker()	CtConstructorImpl	public
io.strimzi.kafka.bridge.http.HttpAdminClientEndpoint.doGetTopic(io.vertx.ext.web.RoutingContext)	CtMethodImpl	public
io.strimzi.kafka.bridge.http.HttpBridge.DELETE_CONSUMER	CtFieldReferenceImpl	package-private
io.strimzi.kafka.bridge.MetricsReporter.MetricsNamingConvention	CtClassImpl	private
io.strimzi.kafka.bridge.http.HttpSinkBridgeEndpoint	CtClassImpl	public
io.strimzi.kafka.bridge.amqp.converter.AmqpJsonMessageConverter	CtClassImpl	public
io.strimzi.kafka.bridge.http.HttpBridge.send(io.vertx.ext.web.RoutingContext)	CtMethodImpl	private
io.strimzi.kafka.bridge.http.model.HttpBridgeResult.getResult()	CtMethodImpl	public
io.strimzi.kafka.bridge.http.model.HttpBridgeResult	CtClassImpl	public
io.strimzi.kafka.bridge.amqp.AmqpBridge.AMQP_TOPIC_ANNOTATION	CtFieldReferenceImpl	public
io.strimzi.kafka.bridge.config.BridgeConfig.toString()	CtMethodImpl	public
io.strimzi.kafka.bridge.SinkBridgeEndpoint.handleReceived(io.vertx.kafka.client.consumer.KafkaConsumerRecord<K, V>)	CtMethodImpl	private
io.strimzi.kafka.bridge.amqp.converter.AmqpRawMessageConverter.BUFFER_SIZE	CtFieldReferenceImpl	private
io.strimzi.kafka.bridge.MetricsReporter.jmxCollectorRegistry	CtFieldReferenceImpl	private
io.strimzi.kafka.bridge.http.HttpSinkBridgeEndpoint.doPoll(io.vertx.ext.web.RoutingContext)	CtMethodImpl	private
io.strimzi.kafka.bridge.AdminClientEndpoint(io.vertx.core.Vertx,io.strimzi.kafka.bridge.config.BridgeConfig)	CtConstructorImpl	public
io.strimzi.kafka.bridge.SourceBridgeEndpoint.keySerializer	CtFieldReferenceImpl	protected
io.strimzi.kafka.bridge.http.HttpBridge.GET_TOPIC	CtFieldReferenceImpl	package-private
io.strimzi.kafka.bridge.http.HttpBridge.7	CtClassImpl	package-private
io.strimzi.kafka.bridge.SinkBridgeEndpoint.log	CtFieldReferenceImpl	protected
io.strimzi.kafka.bridge.http.HttpConfig.getHost()	CtMethodImpl	public
io.strimzi.kafka.bridge.http.HttpEndpoint	CtClassImpl	public
io.strimzi.kafka.bridge.http.HttpBridge.httpServerOptions()	CtMethodImpl	private
io.strimzi.kafka.bridge.ConnectionEndpoint.sinks	CtFieldReferenceImpl	private
io.strimzi.kafka.bridge.config.KafkaConsumerConfig.toString()	CtMethodImpl	public
io.strimzi.kafka.bridge.SinkBridgeEndpoint.seek(io.vertx.kafka.client.common.TopicPartition,long,io.vertx.core.Handler<io.vertx.core.AsyncResult<java.lang.Void>>)	CtMethodImpl	protected
io.strimzi.kafka.bridge.config.KafkaConfig(java.util.Map<java.lang.String, java.lang.Object>,io.strimzi.kafka.bridge.config.KafkaConsumerConfig,io.strimzi.kafka.bridge.config.KafkaProducerConfig,io.strimzi.kafka.bridge.config.KafkaAdminConfig)	CtConstructorImpl	private
io.strimzi.kafka.bridge.amqp.converter.AmqpJsonMessageConverter.REPLY_TO	CtFieldReferenceImpl	public
io.strimzi.kafka.bridge.http.HttpBridge.processProducer(io.vertx.ext.web.RoutingContext)	CtMethodImpl	private
io.strimzi.kafka.bridge.amqp.AmqpBridge.processCloseConnection(io.vertx.core.AsyncResult<io.vertx.proton.ProtonConnection>)	CtMethodImpl	private
io.strimzi.kafka.bridge.MetricsReporter	CtClassImpl	public
io.strimzi.kafka.bridge.tracker.SimpleOffsetTracker.PartitionState	CtClassImpl	private
io.strimzi.kafka.bridge.http.HttpBridge.getOffsets(io.vertx.ext.web.RoutingContext)	CtMethodImpl	private
io.strimzi.kafka.bridge.http.HttpBridge.metricsHandler(io.vertx.ext.web.RoutingContext)	CtMethodImpl	private
io.strimzi.kafka.bridge.amqp.AmqpBridge.bridgeConfig	CtFieldReferenceImpl	private
io.strimzi.kafka.bridge.SinkBridgeEndpoint.handleClose()	CtMethodImpl	protected
io.strimzi.kafka.bridge.config.KafkaAdminConfig(java.util.Map<java.lang.String, java.lang.Object>)	CtConstructorImpl	private
io.strimzi.kafka.bridge.Application.absoluteFilePath(java.lang.String)	CtMethodImpl	private
io.strimzi.kafka.bridge.amqp.AmqpBridge.server	CtFieldReferenceImpl	private
io.strimzi.kafka.bridge.http.HttpAdminClientEndpoint	CtClassImpl	public
io.strimzi.kafka.bridge.SinkBridgeEndpoint.partitionsAssigned(java.util.Set<io.vertx.kafka.client.common.TopicPartition>)	CtMethodImpl	private
io.strimzi.kafka.bridge.SinkBridgeEndpoint.setSubscribeHandler(io.vertx.core.Handler<io.vertx.core.AsyncResult<java.lang.Void>>)	CtMethodImpl	protected
io.strimzi.kafka.bridge.tracing.OpenTracingHandle.span(io.vertx.ext.web.RoutingContext,java.lang.String)	CtMethodImpl	public
io.strimzi.kafka.bridge.amqp.AmqpBridge.AMQP_ERROR_KAFKA_SUBSCRIBE	CtFieldReferenceImpl	public
io.strimzi.kafka.bridge.Application.DEFAULT_EMBEDDED_HTTP_SERVER_PORT	CtFieldReferenceImpl	private
io.strimzi.kafka.bridge.SourceBridgeEndpoint.send(io.vertx.kafka.client.producer.KafkaProducerRecord<K, V>,io.vertx.core.Handler<io.vertx.core.AsyncResult<io.vertx.kafka.client.producer.RecordMetadata>>)	CtMethodImpl	protected
io.strimzi.kafka.bridge.tracing.OpenTelemetryHandle.ROUTING_CONTEXT_GETTER	CtFieldReferenceImpl	private
io.strimzi.kafka.bridge.config.KafkaConfig.getConsumerConfig()	CtMethodImpl	public
io.strimzi.kafka.bridge.http.HttpBridge.processAdminClient(io.vertx.ext.web.RoutingContext)	CtMethodImpl	private
io.strimzi.kafka.bridge.http.HttpSourceBridgeEndpoint.buildMessageConverter()	CtMethodImpl	private
io.strimzi.kafka.bridge.config.KafkaAdminConfig.toString()	CtMethodImpl	public
io.strimzi.kafka.bridge.config.BridgeConfig.getTracing()	CtMethodImpl	public
io.micrometer.prometheus.PrometheusNamingConvention.tagKeyChars	CtFieldReferenceImpl	private
io.strimzi.kafka.bridge.http.HttpOpenApiOperations(java.lang.String)	CtConstructorImpl	private
io.strimzi.kafka.bridge.EmbeddedFormat	CtEnumImpl	public
io.strimzi.kafka.bridge.http.HttpSinkBridgeEndpoint.messageConverter	CtFieldReferenceImpl	private
io.strimzi.kafka.bridge.http.HttpOpenApiOperation.log	CtFieldReferenceImpl	protected
io.strimzi.kafka.bridge.tracker.SimpleOffsetTracker.PartitionState.offset	CtFieldReferenceImpl	public
io.strimzi.kafka.bridge.BridgeContentType()	CtConstructorImpl	public
io.strimzi.kafka.bridge.SourceBridgeEndpoint	CtClassImpl	public
io.strimzi.kafka.bridge.http.HttpSinkBridgeEndpoint.handleError(java.lang.Throwable)	CtMethodImpl	private
io.strimzi.kafka.bridge.http.HttpEndpoint.get()	CtMethodImpl	public
io.strimzi.kafka.bridge.tracker.SimpleOffsetTracker.getOffsets()	CtMethodImpl	public
io.strimzi.kafka.bridge.SinkBridgeEndpoint.qos	CtFieldReferenceImpl	protected
io.strimzi.kafka.bridge.converter.DefaultSerializer.configure(java.util.Map<java.lang.String, ?>,boolean)	CtMethodImpl	public
io.strimzi.kafka.bridge.http.HttpBridgeContext.httpSourceEndpoints	CtFieldReferenceImpl	private
io.strimzi.kafka.bridge.SinkBridgeEndpoint.partitionsAssignedHandler	CtFieldReferenceImpl	private
io.strimzi.kafka.bridge.http.model.HttpBridgeError.getCode()	CtMethodImpl	public
io.strimzi.kafka.bridge.http.HttpSourceBridgeEndpoint.messageConverter	CtFieldReferenceImpl	private
io.strimzi.kafka.bridge.http.HttpBridge.POLL	CtFieldReferenceImpl	package-private
io.strimzi.kafka.bridge.SinkTopicSubscription.offset	CtFieldReferenceImpl	private
io.strimzi.kafka.bridge.tracker.SimpleOffsetTracker.PartitionState.changed	CtFieldReferenceImpl	public
io.strimzi.kafka.bridge.config.KafkaProducerConfig.toString()	CtMethodImpl	public
io.strimzi.kafka.bridge.converter.DefaultDeserializer()	CtConstructorImpl	public
io.strimzi.kafka.bridge.http.HttpBridge.processConnection(io.vertx.core.http.HttpConnection)	CtMethodImpl	private
io.strimzi.kafka.bridge.SinkTopicSubscription.setPartition(java.lang.Integer)	CtMethodImpl	public
io.strimzi.kafka.bridge.amqp.AmqpSinkBridgeEndpoint.handle(io.strimzi.kafka.bridge.Endpoint<?>)	CtMethodImpl	public
io.strimzi.kafka.bridge.http.HttpBridge.log	CtFieldReferenceImpl	private
io.strimzi.kafka.bridge.amqp.AmqpBridge.start(io.vertx.core.Promise<java.lang.Void>)	CtMethodImpl	public
io.strimzi.kafka.bridge.amqp.AmqpConfig.DEFAULT_PORT	CtFieldReferenceImpl	public
io.strimzi.kafka.bridge.amqp.AmqpSinkBridgeEndpoint.assignHandler(io.vertx.core.AsyncResult<java.lang.Void>)	CtMethodImpl	private
io.strimzi.kafka.bridge.amqp.AmqpSourceBridgeEndpoint.close()	CtMethodImpl	public
io.strimzi.kafka.bridge.amqp.AmqpBridge.AMQP_ERROR_NO_PARTITION_FILTER	CtFieldReferenceImpl	public
io.strimzi.kafka.bridge.tracing.TracingConstants.OPENTELEMETRY_TRACES_EXPORTER_ENV_KEY	CtFieldReferenceImpl	public
io.strimzi.kafka.bridge.http.HttpBridge.healthChecker	CtFieldReferenceImpl	private
io.strimzi.kafka.bridge.http.HttpAdminClientEndpoint.createPartitionMetadata(io.vertx.kafka.client.common.TopicPartitionInfo)	CtMethodImpl	private
io.strimzi.kafka.bridge.http.HttpBridge.processConsumer(io.vertx.ext.web.RoutingContext)	CtMethodImpl	private
io.strimzi.kafka.bridge.tracing.OpenTracingHandle.envServiceName()	CtMethodImpl	public
io.strimzi.kafka.bridge.tracker.FullOffsetTracker$PartitionState(long)	CtConstructorImpl	public
io.strimzi.kafka.bridge.config.KafkaProducerConfig(java.util.Map<java.lang.String, java.lang.Object>)	CtConstructorImpl	private
io.strimzi.kafka.bridge.SinkBridgeEndpoint.assign(boolean)	CtMethodImpl	protected
io.strimzi.kafka.bridge.http.HttpBridgeContext.getAdminClientEndpoint()	CtMethodImpl	public
io.strimzi.kafka.bridge.amqp.AmqpBridge.isReady	CtFieldReferenceImpl	private
io.strimzi.kafka.bridge.amqp.converter.AmqpJsonMessageConverter.SECTION_AMQP_VALUE_TYPE	CtFieldReferenceImpl	public
io.strimzi.kafka.bridge.amqp.converter.AmqpRawMessageConverter.toKafkaRecord(java.lang.String,java.lang.Integer,org.apache.qpid.proton.message.Message)	CtMethodImpl	public
io.strimzi.kafka.bridge.amqp.AmqpEndpoint.link	CtFieldReferenceImpl	private
io.strimzi.kafka.bridge.EmbeddedHttpServer.log	CtFieldReferenceImpl	private
io.strimzi.kafka.bridge.ConnectionEndpoint	CtClassImpl	public
io.strimzi.kafka.bridge.amqp.AmqpBridge.newError(java.lang.String,java.lang.String)	CtMethodImpl	package-private
io.strimzi.kafka.bridge.EmbeddedHttpServer.vertx	CtFieldReferenceImpl	private
io.strimzi.kafka.bridge.amqp.converter.AmqpJsonMessageConverter.SUBJECT	CtFieldReferenceImpl	public
io.strimzi.kafka.bridge.tracing.TracingConstants()	CtConstructorImpl	public
io.strimzi.kafka.bridge.SinkBridgeEndpoint(io.vertx.core.Vertx,io.strimzi.kafka.bridge.config.BridgeConfig,io.strimzi.kafka.bridge.EmbeddedFormat,org.apache.kafka.common.serialization.Deserializer<K>,org.apache.kafka.common.serialization.Deserializer<V>)	CtConstructorImpl	public
io.strimzi.kafka.bridge.amqp.AmqpConfig(java.util.Map<java.lang.String, java.lang.Object>)	CtConstructorImpl	private
io.strimzi.kafka.bridge.http.HttpSinkBridgeEndpoint.forwardedHostPattern	CtFieldReferenceImpl	package-private
io.strimzi.kafka.bridge.config.KafkaProducerConfig.KAFKA_PRODUCER_CONFIG_PREFIX	CtFieldReferenceImpl	public
io.strimzi.kafka.bridge.http.HttpBridge.isAlive()	CtMethodImpl	public
io.strimzi.kafka.bridge.amqp.AmqpSinkBridgeEndpoint(io.vertx.core.Vertx,io.strimzi.kafka.bridge.config.BridgeConfig,io.strimzi.kafka.bridge.EmbeddedFormat,org.apache.kafka.common.serialization.Deserializer<K>,org.apache.kafka.common.serialization.Deserializer<V>)	CtConstructorImpl	public
io.strimzi.kafka.bridge.amqp.AmqpBridge.AMQP_ERROR_WRONG_PARTITION_FILTER	CtFieldReferenceImpl	public
io.strimzi.kafka.bridge.http.HttpBridge.20	CtClassImpl	package-private
io.strimzi.kafka.bridge.tracing.OpenTelemetryHandle.get()	CtMethodImpl	private
io.strimzi.kafka.bridge.MetricsReporter.getMeterRegistry()	CtMethodImpl	public
io.strimzi.kafka.bridge.amqp.AmqpConfig	CtClassImpl	public
io.strimzi.kafka.bridge.tracker.FullOffsetTracker.PartitionState.offset	CtFieldReferenceImpl	public
io.strimzi.kafka.bridge.config.KafkaConfig.adminConfig	CtFieldReferenceImpl	private
io.strimzi.kafka.bridge.http.HttpBridgeContext()	CtConstructorImpl	public
io.strimzi.kafka.bridge.http.HttpSinkBridgeEndpoint.pollHandler(io.vertx.ext.web.RoutingContext)	CtMethodImpl	private
io.strimzi.kafka.bridge.http.HttpBridge.LIST_PARTITIONS	CtFieldReferenceImpl	package-private
io.strimzi.kafka.bridge.http.converter.HttpBinaryMessageConverter.toKafkaRecords(java.lang.String,java.lang.Integer,io.vertx.core.buffer.Buffer)	CtMethodImpl	public
io.strimzi.kafka.bridge.tracker.SimpleOffsetTracker.topic	CtFieldReferenceImpl	private
io.strimzi.kafka.bridge.http.model.HttpBridgeError(int,java.lang.String)	CtConstructorImpl	public
io.strimzi.kafka.bridge.config.BridgeConfig.TRACING_TYPE	CtFieldReferenceImpl	public
io.strimzi.kafka.bridge.tracing.TracingUtil.getTracing()	CtMethodImpl	public
io.strimzi.kafka.bridge.http.converter.HttpJsonMessageConverter	CtClassImpl	public
io.strimzi.kafka.bridge.http.HttpSinkBridgeEndpoint.forwardedProtoPattern	CtFieldReferenceImpl	package-private
io.strimzi.kafka.bridge.ConsumerInstanceId.getInstanceId()	CtMethodImpl	public
io.strimzi.kafka.bridge.amqp.converter.AmqpRawMessageConverter()	CtConstructorImpl	public
io.strimzi.kafka.bridge.tracing.TracingConstants	CtClassImpl	public
io.strimzi.kafka.bridge.tracker.SimpleOffsetTracker	CtClassImpl	public
io.strimzi.kafka.bridge.http.HttpBridge.22	CtClassImpl	package-private
io.strimzi.kafka.bridge.EmbeddedHttpServer.healthChecker	CtFieldReferenceImpl	private
io.strimzi.kafka.bridge.Application.metricsOptions()	CtMethodImpl	private
io.strimzi.kafka.bridge.http.HttpSinkBridgeEndpoint.httpBridgeContext	CtFieldReferenceImpl	private
io.strimzi.kafka.bridge.http.HttpConfig.fromMap(java.util.Map<java.lang.String, java.lang.Object>)	CtMethodImpl	public
io.strimzi.kafka.bridge.SourceBridgeEndpoint.valueSerializer	CtFieldReferenceImpl	protected
io.strimzi.kafka.bridge.http.HttpBridge.SEEK	CtFieldReferenceImpl	package-private
io.strimzi.kafka.bridge.amqp.converter.AmqpDefaultMessageConverter.toKafkaRecords(java.lang.String,java.lang.Integer,java.util.Collection<org.apache.qpid.proton.message.Message>)	CtMethodImpl	public
io.strimzi.kafka.bridge.amqp.AmqpSinkBridgeEndpoint.open()	CtMethodImpl	public
io.strimzi.kafka.bridge.http.HttpBridge.10	CtClassImpl	package-private
io.strimzi.kafka.bridge.tracker.SimpleOffsetTracker.offsets	CtFieldReferenceImpl	private
io.strimzi.kafka.bridge.http.HttpOpenApiOperation.logResponseMessage(io.vertx.ext.web.RoutingContext)	CtMethodImpl	protected
io.strimzi.kafka.bridge.SinkBridgeEndpoint.startOfBatch()	CtMethodImpl	private
io.strimzi.kafka.bridge.http.HttpBridge.bridgeConfig	CtFieldReferenceImpl	private
io.strimzi.kafka.bridge.amqp.AmqpConfig.AMQP_MESSAGE_CONVERTER	CtFieldReferenceImpl	public
io.strimzi.kafka.bridge.tracing.NoopTracingHandle	CtClassImpl	package-private
io.strimzi.kafka.bridge.IllegalEmbeddedFormatException	CtClassImpl	public
io.strimzi.kafka.bridge.http.HttpBridge.isReady()	CtMethodImpl	public
io.strimzi.kafka.bridge.http.HttpConfig	CtClassImpl	public
io.strimzi.kafka.bridge.SourceBridgeEndpoint.open()	CtMethodImpl	public
io.strimzi.kafka.bridge.tracing.OpenTracingHandle.buildSpan(io.opentracing.Tracer.SpanBuilder,io.vertx.ext.web.RoutingContext)	CtMethodImpl	private
io.strimzi.kafka.bridge.config.KafkaConsumerConfig(java.util.Map<java.lang.String, java.lang.Object>)	CtConstructorImpl	private
io.strimzi.kafka.bridge.SinkBridgeEndpoint.subscribed	CtFieldReferenceImpl	protected
io.strimzi.kafka.bridge.config.KafkaAdminConfig	CtClassImpl	public
io.strimzi.kafka.bridge.amqp.converter.AmqpJsonMessageConverter.toKafkaRecord(java.lang.String,java.lang.Integer,org.apache.qpid.proton.message.Message)	CtMethodImpl	public
io.strimzi.kafka.bridge.amqp.AmqpBridge.instantiateConverter(java.lang.String)	CtMethodImpl	package-private
io.strimzi.kafka.bridge.tracker.FullOffsetTracker.PartitionState.firstUnsettled	CtFieldReferenceImpl	public
io.strimzi.kafka.bridge.config.BridgeConfig.httpConfig	CtFieldReferenceImpl	private
io.strimzi.kafka.bridge.BridgeContentType	CtClassImpl	public
io.strimzi.kafka.bridge.tracing.OpenTelemetryHandle.tracer	CtFieldReferenceImpl	private
io.strimzi.kafka.bridge.SinkBridgeEndpoint.resume()	CtMethodImpl	protected
io.strimzi.kafka.bridge.ConnectionEndpoint.source	CtFieldReferenceImpl	private
io.strimzi.kafka.bridge.tracing.OTelSpanHandle.finish(int)	CtMethodImpl	public
io.micrometer.core.instrument.config.NamingConvention.upperCamelCase	CtFieldReferenceImpl	package-private
io.strimzi.kafka.bridge.tracing.OTSpanHandle.finish(int)	CtMethodImpl	public
io.strimzi.kafka.bridge.http.HttpSourceBridgeEndpoint.handleError(java.lang.Throwable)	CtMethodImpl	private
io.strimzi.kafka.bridge.amqp.AmqpErrorConditionException.error	CtFieldReferenceImpl	private
io.strimzi.kafka.bridge.ConnectionEndpoint()	CtConstructorImpl	public
io.strimzi.kafka.bridge.SinkBridgeEndpoint.handlePartition(io.vertx.core.AsyncResult<java.util.Optional<io.vertx.kafka.client.common.PartitionInfo>>)	CtMethodImpl	private
io.strimzi.kafka.bridge.http.HttpBridge.healthy(io.vertx.ext.web.RoutingContext)	CtMethodImpl	private
io.strimzi.kafka.bridge.MetricsNamingConvention.name(java.lang.String,io.micrometer.core.instrument.Meter.Type,java.lang.String)	CtMethodImpl	public
io.strimzi.kafka.bridge.http.HttpBridge.11	CtClassImpl	package-private
io.strimzi.kafka.bridge.amqp.converter.AmqpDefaultMessageConverter()	CtConstructorImpl	public
io.strimzi.kafka.bridge.http.model.HttpBridgeError.fromJson(io.vertx.core.json.JsonObject)	CtMethodImpl	public
io.strimzi.kafka.bridge.http.HttpBridge.14	CtClassImpl	package-private
io.strimzi.kafka.bridge.tracing.OpenTracingHandle()	CtConstructorImpl	package-private
io.micrometer.core.instrument.config.NamingConvention.slashes	CtFieldReferenceImpl	package-private
io.strimzi.kafka.bridge.amqp.AmqpSinkBridgeEndpoint.sender	CtFieldReferenceImpl	private
io.strimzi.kafka.bridge.http.converter.HttpJsonMessageConverter.toMessages(io.vertx.kafka.client.consumer.KafkaConsumerRecords<byte[], byte[]>)	CtMethodImpl	public
io.strimzi.kafka.bridge.http.HttpBridge.15	CtClassImpl	package-private
io.strimzi.kafka.bridge.http.HttpBridge.19	CtClassImpl	package-private
io.strimzi.kafka.bridge.tracing.OpenTracingHandle$RequestTextMap(io.vertx.core.http.HttpServerRequest)	CtConstructorImpl	public
io.strimzi.kafka.bridge.tracing.TracingConstants.JAEGER	CtFieldReferenceImpl	public
io.strimzi.kafka.bridge.http.HttpBridge.CREATE_CONSUMER	CtFieldReferenceImpl	package-private
io.strimzi.kafka.bridge.http.HttpBridge.18	CtClassImpl	package-private
io.strimzi.kafka.bridge.http.HttpBridge.ready(io.vertx.ext.web.RoutingContext)	CtMethodImpl	private
io.strimzi.kafka.bridge.amqp.AmqpBridge.bindAmqpServer(io.vertx.core.Promise<java.lang.Void>)	CtMethodImpl	private
io.strimzi.kafka.bridge.http.HttpBridge.subscribe(io.vertx.ext.web.RoutingContext)	CtMethodImpl	private
io.strimzi.kafka.bridge.http.converter.HttpJsonMessageConverter.toKafkaRecords(java.lang.String,java.lang.Integer,io.vertx.core.buffer.Buffer)	CtMethodImpl	public
io.strimzi.kafka.bridge.http.HttpBridge.LIST_TOPICS	CtFieldReferenceImpl	package-private
io.strimzi.kafka.bridge.tracker.FullOffsetTracker(java.lang.String)	CtConstructorImpl	public
io.strimzi.kafka.bridge.http.HttpEndpoint.routingContext	CtFieldReferenceImpl	private
io.strimzi.kafka.bridge.tracing.NoopTracingHandle.span(io.vertx.ext.web.RoutingContext,java.lang.String)	CtMethodImpl	public
io.strimzi.kafka.bridge.converter.DefaultDeserializer.configure(java.util.Map<java.lang.String, ?>,boolean)	CtMethodImpl	public
io.strimzi.kafka.bridge.http.HttpConfig.isCorsEnabled()	CtMethodImpl	public
io.strimzi.kafka.bridge.http.HttpOpenApiOperation(io.strimzi.kafka.bridge.http.HttpOpenApiOperations)	CtConstructorImpl	public
io.strimzi.kafka.bridge.tracing.NoopTracingHandle.serviceName(io.strimzi.kafka.bridge.config.BridgeConfig)	CtMethodImpl	public
io.strimzi.kafka.bridge.http.HttpBridge.sendToPartition(io.vertx.ext.web.RoutingContext)	CtMethodImpl	private
io.strimzi.kafka.bridge.amqp.AmqpBridge.AMQP_ERROR_WRONG_OFFSET_FILTER	CtFieldReferenceImpl	public
io.strimzi.kafka.bridge.SinkBridgeEndpoint.topicSubscriptionsPattern	CtFieldReferenceImpl	protected
io.strimzi.kafka.bridge.HealthChecker	CtClassImpl	public
io.strimzi.kafka.bridge.amqp.AmqpBridge.AMQP_OFFSET_FILTER	CtFieldReferenceImpl	public
io.strimzi.kafka.bridge.amqp.converter.AmqpRawMessageConverter.toMessages(io.vertx.kafka.client.consumer.KafkaConsumerRecords<java.lang.String, byte[]>)	CtMethodImpl	public
io.strimzi.kafka.bridge.http.HttpBridgeContext.setOpenApiOperation(io.strimzi.kafka.bridge.http.HttpOpenApiOperations)	CtMethodImpl	public
io.strimzi.kafka.bridge.amqp.AmqpSourceBridgeEndpoint.acceptedDelivery(java.lang.String,io.vertx.proton.ProtonDelivery)	CtMethodImpl	private
io.strimzi.kafka.bridge.http.HttpBridge.21	CtClassImpl	package-private
io.strimzi.kafka.bridge.amqp.AmqpMode.mode	CtFieldReferenceImpl	private
io.strimzi.kafka.bridge.http.HttpSinkBridgeEndpoint.doCreateConsumer(io.vertx.ext.web.RoutingContext,io.vertx.core.json.JsonObject,io.vertx.core.Handler<io.strimzi.kafka.bridge.SinkBridgeEndpoint<K, V>>)	CtMethodImpl	public
io.strimzi.kafka.bridge.amqp.AmqpBridge.stop(io.vertx.core.Promise<java.lang.Void>)	CtMethodImpl	public
io.strimzi.kafka.bridge.amqp.AmqpBridge.AMQP_ERROR_NO_GROUPID	CtFieldReferenceImpl	public
io.strimzi.kafka.bridge.AdminClientEndpoint.vertx	CtFieldReferenceImpl	protected
io.strimzi.kafka.bridge.SinkBridgeEndpoint.commit(java.util.Map<io.vertx.kafka.client.common.TopicPartition, io.vertx.kafka.client.consumer.OffsetAndMetadata>,io.vertx.core.Handler<io.vertx.core.AsyncResult<java.util.Map<io.vertx.kafka.client.common.TopicPartition, io.vertx.kafka.client.consumer.OffsetAndMetadata>>>)	CtMethodImpl	protected
io.strimzi.kafka.bridge.BridgeContentType.KAFKA_JSON_JSON	CtFieldReferenceImpl	public
io.strimzi.kafka.bridge.amqp.AmqpConfig.DEFAULT_HOST	CtFieldReferenceImpl	public
io.strimzi.kafka.bridge.tracing.OpenTelemetryHandle.OTelSpanHandle	CtClassImpl	private
io.strimzi.kafka.bridge.tracker.SimpleOffsetTracker.delivered(int,long)	CtMethodImpl	public
io.strimzi.kafka.bridge.ConsumerInstanceId.hashCode()	CtMethodImpl	public
io.strimzi.kafka.bridge.config.AbstractConfig.getConfig()	CtMethodImpl	public
io.strimzi.kafka.bridge.SinkBridgeEndpoint.handleCommit(io.vertx.core.AsyncResult<java.lang.Void>)	CtMethodImpl	private
io.vertx.core.AbstractVerticle.vertx	CtFieldReferenceImpl	protected
io.strimzi.kafka.bridge.SinkBridgeEndpoint.format	CtFieldReferenceImpl	protected
io.strimzi.kafka.bridge.config.KafkaConfig	CtClassImpl	public
io.strimzi.kafka.bridge.http.HttpSinkBridgeEndpoint.doSubscribe(io.vertx.ext.web.RoutingContext,io.vertx.core.json.JsonObject)	CtMethodImpl	private
io.strimzi.kafka.bridge.http.HttpOpenApiOperation.logRequestMessage(io.vertx.ext.web.RoutingContext)	CtMethodImpl	protected
io.strimzi.kafka.bridge.tracing.NoopSpanHandle.inject(io.vertx.kafka.client.producer.KafkaProducerRecord<K, V>)	CtMethodImpl	public
io.strimzi.kafka.bridge.tracing.TracingUtil	CtClassImpl	public
io.strimzi.kafka.bridge.http.HttpBridgeContext.closeAllSourceBridgeEndpoints()	CtMethodImpl	public
io.strimzi.kafka.bridge.tracing.OpenTracingHandle.initialize()	CtMethodImpl	public
io.strimzi.kafka.bridge.EmbeddedFormat.from(java.lang.String)	CtMethodImpl	public
io.strimzi.kafka.bridge.amqp.AmqpConfig.AMQP_HOST	CtFieldReferenceImpl	public
io.strimzi.kafka.bridge.http.HttpOpenApiOperation.getOperationId()	CtMethodImpl	public
io.strimzi.kafka.bridge.amqp.AmqpConfig.DEFAULT_AMQP_ENABLED	CtFieldReferenceImpl	public
io.strimzi.kafka.bridge.amqp.AmqpSourceBridgeEndpoint.handle(io.strimzi.kafka.bridge.Endpoint<?>,io.vertx.core.Handler<?>)	CtMethodImpl	public
io.strimzi.kafka.bridge.AdminClientEndpoint.name	CtFieldReferenceImpl	protected
io.strimzi.kafka.bridge.http.HttpConfig.toString()	CtMethodImpl	public
io.strimzi.kafka.bridge.config.BridgeConfig.amqpConfig	CtFieldReferenceImpl	private
io.strimzi.kafka.bridge.Application()	CtConstructorImpl	public
io.strimzi.kafka.bridge.tracing.NoopTracingHandle.addTracingPropsToProducerConfig(java.util.Properties)	CtMethodImpl	public
io.strimzi.kafka.bridge.SinkBridgeEndpoint.valueDeserializer	CtFieldReferenceImpl	protected
io.strimzi.kafka.bridge.config.KafkaAdminConfig.KAFKA_ADMIN_CONFIG_PREFIX	CtFieldReferenceImpl	public
io.strimzi.kafka.bridge.converter.DefaultDeserializer	CtClassImpl	public
io.strimzi.kafka.bridge.config.KafkaProducerConfig	CtClassImpl	public
io.strimzi.kafka.bridge.http.HttpConfig.HTTP_CONFIG_PREFIX	CtFieldReferenceImpl	public
io.strimzi.kafka.bridge.IllegalEmbeddedFormatException.serialVersionUID	CtFieldReferenceImpl	private
io.strimzi.kafka.bridge.http.HttpSinkBridgeEndpoint.checkAcceptedBody(java.lang.String)	CtMethodImpl	private
io.strimzi.kafka.bridge.amqp.AmqpBridge.AMQP_ERROR_PARTITION_NOT_EXISTS	CtFieldReferenceImpl	public
io.strimzi.kafka.bridge.AdminClientEndpoint.closeHandler	CtFieldReferenceImpl	private
io.strimzi.kafka.bridge.SourceBridgeEndpoint.closeHandler(io.vertx.core.Handler<io.strimzi.kafka.bridge.BridgeEndpoint>)	CtMethodImpl	public
io.strimzi.kafka.bridge.http.HttpConfig.HTTP_HOST	CtFieldReferenceImpl	public
io.strimzi.kafka.bridge.SinkBridgeEndpoint.setPartitionHandler(io.vertx.core.Handler<io.vertx.core.AsyncResult<java.util.Optional<io.vertx.kafka.client.common.PartitionInfo>>>)	CtMethodImpl	protected
io.strimzi.kafka.bridge.tracing.OpenTracingHandle.RequestTextMap	CtClassImpl	private
io.strimzi.kafka.bridge.SinkBridgeEndpoint.offsetTracker	CtFieldReferenceImpl	protected
io.strimzi.kafka.bridge.MetricsReporter.scrape()	CtMethodImpl	public
io.strimzi.kafka.bridge.amqp.converter.AmqpJsonMessageConverter.SECTION	CtFieldReferenceImpl	public
io.strimzi.kafka.bridge.tracing.OpenTelemetryHandle.envServiceName()	CtMethodImpl	public
io.strimzi.kafka.bridge.MetricsReporter.meterRegistry	CtFieldReferenceImpl	private
io.strimzi.kafka.bridge.SinkTopicSubscription.getOffset()	CtMethodImpl	public
io.strimzi.kafka.bridge.converter.DefaultDeserializer.close()	CtMethodImpl	public
io.strimzi.kafka.bridge.SinkBridgeEndpoint.setReceivedHandler(io.vertx.core.Handler<io.vertx.kafka.client.consumer.KafkaConsumerRecord<K, V>>)	CtMethodImpl	protected
io.strimzi.kafka.bridge.http.HttpBridge.SEND_TO_PARTITION	CtFieldReferenceImpl	package-private
io.strimzi.kafka.bridge.SinkBridgeEndpoint.setPartitionsRevokedHandler(io.vertx.core.Handler<java.util.Set<io.vertx.kafka.client.common.TopicPartition>>)	CtMethodImpl	protected
io.strimzi.kafka.bridge.http.HttpBridgeContext.closeAllSinkBridgeEndpoints()	CtMethodImpl	public
io.strimzi.kafka.bridge.SinkBridgeEndpoint.handlePartitionsAssigned(java.util.Set<io.vertx.kafka.client.common.TopicPartition>)	CtMethodImpl	private
io.strimzi.kafka.bridge.amqp.AmqpBridge.AMQP_OFFSET_ANNOTATION	CtFieldReferenceImpl	public
io.strimzi.kafka.bridge.http.HttpUtils.sendResponse(io.vertx.ext.web.RoutingContext,int,java.lang.String,io.vertx.core.buffer.Buffer)	CtMethodImpl	public
io.strimzi.kafka.bridge.SourceBridgeEndpoint.name	CtFieldReferenceImpl	protected
io.strimzi.kafka.bridge.http.converter.HttpJsonMessageConverter.toKafkaRecord(java.lang.String,java.lang.Integer,io.vertx.core.buffer.Buffer)	CtMethodImpl	public
io.strimzi.kafka.bridge.amqp.AmqpEndpoint(io.vertx.proton.ProtonLink<?>)	CtConstructorImpl	public
io.strimzi.kafka.bridge.http.HttpConfig.getConsumerTimeout()	CtMethodImpl	public
io.strimzi.kafka.bridge.http.HttpBridgeContext	CtClassImpl	public
io.strimzi.kafka.bridge.SourceBridgeEndpoint.bridgeConfig	CtFieldReferenceImpl	protected
io.strimzi.kafka.bridge.amqp.converter.AmqpDefaultMessageConverter.toKafkaRecord(java.lang.String,java.lang.Integer,org.apache.qpid.proton.message.Message)	CtMethodImpl	public
io.strimzi.kafka.bridge.http.HttpSourceBridgeEndpoint.handle(io.strimzi.kafka.bridge.Endpoint<?>,io.vertx.core.Handler<?>)	CtMethodImpl	public
io.strimzi.kafka.bridge.tracing.OpenTelemetryHandle.OTelSpanHandle.scope	CtFieldReferenceImpl	private
io.strimzi.kafka.bridge.amqp.AmqpConfig.AMQP_ENABLED	CtFieldReferenceImpl	public
io.strimzi.kafka.bridge.tracing.OpenTracingHandle.OTSpanHandle	CtClassImpl	private
io.strimzi.kafka.bridge.tracing.OpenTelemetryHandle.setCommonAttributes(io.opentelemetry.api.trace.SpanBuilder,io.vertx.ext.web.RoutingContext)	CtMethodImpl	package-private
io.strimzi.kafka.bridge.ConsumerInstanceId.getGroupId()	CtMethodImpl	public
io.strimzi.kafka.bridge.amqp.AmqpBridge.detachWithError(io.vertx.proton.ProtonLink<?>,org.apache.qpid.proton.amqp.transport.ErrorCondition)	CtMethodImpl	package-private
io.strimzi.kafka.bridge.http.HttpSinkBridgeEndpoint.handle(io.strimzi.kafka.bridge.Endpoint<?>)	CtMethodImpl	public
io.strimzi.kafka.bridge.http.HttpAdminClientEndpoint.doListPartitions(io.vertx.ext.web.RoutingContext)	CtMethodImpl	public
io.strimzi.kafka.bridge.http.HttpBridgeContext.getOpenApiOperation()	CtMethodImpl	public
io.strimzi.kafka.bridge.tracker.FullOffsetTracker.delivered(int,long)	CtMethodImpl	public
io.strimzi.kafka.bridge.ConsumerInstanceId(java.lang.String,java.lang.String)	CtConstructorImpl	public
io.strimzi.kafka.bridge.amqp.AmqpBridge.processOpenSession(io.vertx.proton.ProtonSession)	CtMethodImpl	private
io.strimzi.kafka.bridge.config.KafkaConfig.toString()	CtMethodImpl	public
io.strimzi.kafka.bridge.ConnectionEndpoint.setSource(io.strimzi.kafka.bridge.SourceBridgeEndpoint)	CtMethodImpl	public
io.strimzi.kafka.bridge.http.HttpBridgeContext.setAdminClientEndpoint(io.strimzi.kafka.bridge.AdminClientEndpoint)	CtMethodImpl	package-private
io.strimzi.kafka.bridge.SinkBridgeEndpoint.name	CtFieldReferenceImpl	protected
io.strimzi.kafka.bridge.ConnectionEndpoint.getSinks()	CtMethodImpl	public
io.strimzi.kafka.bridge.SinkBridgeEndpoint.partitionsAssignmentAndSeek()	CtMethodImpl	private
io.strimzi.kafka.bridge.http.HttpAdminClientEndpoint.handle(io.strimzi.kafka.bridge.Endpoint<?>,io.vertx.core.Handler<?>)	CtMethodImpl	public
io.strimzi.kafka.bridge.amqp.converter.AmqpDefaultMessageConverter	CtClassImpl	public
io.strimzi.kafka.bridge.http.model.HttpBridgeResult.result	CtFieldReferenceImpl	package-private
io.strimzi.kafka.bridge.amqp.AmqpSinkBridgeEndpoint.checkFilters(java.lang.Object,java.lang.Object)	CtMethodImpl	private
io.strimzi.kafka.bridge.http.HttpBridge.metricsReporter	CtFieldReferenceImpl	private
io.strimzi.kafka.bridge.SourceBridgeEndpoint.log	CtFieldReferenceImpl	protected
io.strimzi.kafka.bridge.amqp.AmqpEndpoint.get()	CtMethodImpl	public
io.strimzi.kafka.bridge.tracing.OpenTelemetryHandle.getSpanBuilder(io.vertx.ext.web.RoutingContext,java.lang.String)	CtMethodImpl	private
io.strimzi.kafka.bridge.http.HttpSinkBridgeEndpoint.doSeekTo(io.vertx.ext.web.RoutingContext,io.vertx.core.json.JsonObject,io.strimzi.kafka.bridge.http.HttpOpenApiOperations)	CtMethodImpl	private
io.strimzi.kafka.bridge.http.HttpOpenApiOperation	CtClassImpl	public
io.strimzi.kafka.bridge.http.HttpBridge.8	CtClassImpl	package-private
io.strimzi.kafka.bridge.tracing.TracingConstants.OPENTELEMETRY	CtFieldReferenceImpl	public
io.strimzi.kafka.bridge.http.HttpConfig.getCorsAllowedMethods()	CtMethodImpl	public
io.strimzi.kafka.bridge.SinkBridgeEndpoint.receivedHandler	CtFieldReferenceImpl	private
io.strimzi.kafka.bridge.amqp.AmqpConfig.setMessageConverter(java.lang.String)	CtMethodImpl	package-private
io.strimzi.kafka.bridge.amqp.AmqpErrorConditionException(java.lang.String,java.lang.String)	CtConstructorImpl	public
io.strimzi.kafka.bridge.amqp.AmqpSinkBridgeEndpoint.partitionHandler(io.vertx.core.AsyncResult<java.util.Optional<io.vertx.kafka.client.common.PartitionInfo>>)	CtMethodImpl	private
io.strimzi.kafka.bridge.amqp.converter.AmqpJsonMessageConverter.MESSAGE_ANNOTATIONS	CtFieldReferenceImpl	public
io.strimzi.kafka.bridge.tracker.SimpleOffsetTracker.clear()	CtMethodImpl	public
io.strimzi.kafka.bridge.amqp.converter.AmqpJsonMessageConverter.APPLICATION_PROPERTIES	CtFieldReferenceImpl	public
io.strimzi.kafka.bridge.amqp.converter.AmqpJsonMessageConverter.CORRELATION_ID	CtFieldReferenceImpl	public
io.strimzi.kafka.bridge.SinkBridgeEndpoint	CtClassImpl	public
io.strimzi.kafka.bridge.config.BridgeConfig.kafkaConfig	CtFieldReferenceImpl	private
io.strimzi.kafka.bridge.HealthChecker.isAlive()	CtMethodImpl	public
io.strimzi.kafka.bridge.SinkBridgeEndpoint.batchSize	CtFieldReferenceImpl	private
io.strimzi.kafka.bridge.http.HttpConfig.HTTP_CORS_ENABLED	CtFieldReferenceImpl	public
io.strimzi.kafka.bridge.tracing.OpenTracingHandle.RequestTextMap.request	CtFieldReferenceImpl	private
io.strimzi.kafka.bridge.http.HttpOpenApiOperation.logRequest(io.vertx.ext.web.RoutingContext)	CtMethodImpl	protected
io.strimzi.kafka.bridge.tracing.OpenTracingHandle.setCommonTags(io.opentracing.Span,io.vertx.ext.web.RoutingContext)	CtMethodImpl	package-private
io.strimzi.kafka.bridge.http.model.HttpBridgeError.message	CtFieldReferenceImpl	private
io.strimzi.kafka.bridge.http.HttpUtils.sendFile(io.vertx.ext.web.RoutingContext,int,java.lang.String,java.lang.String)	CtMethodImpl	public
io.strimzi.kafka.bridge.Application.main(java.lang.String[])	CtMethodImpl	public
io.strimzi.kafka.bridge.http.HttpBridge.6	CtClassImpl	package-private
io.strimzi.kafka.bridge.tracing.NoopTracingHandle.envServiceName()	CtMethodImpl	public
io.strimzi.kafka.bridge.http.HttpBridgeContext.getHttpSinkEndpoints()	CtMethodImpl	public
io.strimzi.kafka.bridge.config.KafkaConfig.producerConfig	CtFieldReferenceImpl	private
io.strimzi.kafka.bridge.amqp.AmqpBridge.AMQP_PARTITION_FILTER	CtFieldReferenceImpl	public
io.strimzi.kafka.bridge.http.HttpBridge.closeConnectionEndpoint(io.vertx.core.http.HttpConnection)	CtMethodImpl	private
io.strimzi.kafka.bridge.http.HttpBridge.commit(io.vertx.ext.web.RoutingContext)	CtMethodImpl	private
io.strimzi.kafka.bridge.http.HttpBridge.openapi(io.vertx.ext.web.RoutingContext)	CtMethodImpl	private
io.strimzi.kafka.bridge.tracing.OpenTelemetryHandle.serviceName(io.strimzi.kafka.bridge.config.BridgeConfig)	CtMethodImpl	public
io.strimzi.kafka.bridge.converter.DefaultDeserializer.deserialize(java.lang.String,byte[])	CtMethodImpl	public
io.strimzi.kafka.bridge.http.HttpSinkBridgeEndpoint.handle(io.strimzi.kafka.bridge.Endpoint<?>,io.vertx.core.Handler<?>)	CtMethodImpl	public
io.strimzi.kafka.bridge.ConsumerInstanceId.instanceId	CtFieldReferenceImpl	private
io.strimzi.kafka.bridge.SinkBridgeEndpoint.pause()	CtMethodImpl	protected
io.strimzi.kafka.bridge.tracing.OTelSpanHandle.inject(io.vertx.kafka.client.producer.KafkaProducerRecord<K, V>)	CtMethodImpl	public
io.strimzi.kafka.bridge.amqp.AmqpSinkBridgeEndpoint.processCloseSender(io.vertx.proton.ProtonSender)	CtMethodImpl	private
io.strimzi.kafka.bridge.Application.getJmxCollectorRegistry()	CtMethodImpl	private
io.strimzi.kafka.bridge.MetricsReporter.getJmxCollectorRegistry()	CtMethodImpl	public
io.strimzi.kafka.bridge.config.BridgeConfig.getBridgeID()	CtMethodImpl	public
io.strimzi.kafka.bridge.http.HttpBridge.bindHttpServer(io.vertx.core.Promise<java.lang.Void>)	CtMethodImpl	private
io.strimzi.kafka.bridge.amqp.AmqpSinkBridgeEndpoint.sendAmqpError(org.apache.qpid.proton.amqp.transport.ErrorCondition)	CtMethodImpl	private
io.strimzi.kafka.bridge.SinkBridgeEndpoint.name()	CtMethodImpl	public
io.strimzi.kafka.bridge.http.HttpBridge.LIST_SUBSCRIPTIONS	CtFieldReferenceImpl	package-private
io.strimzi.kafka.bridge.amqp.converter.AmqpRawMessageConverter.toKafkaRecords(java.lang.String,java.lang.Integer,java.util.Collection<org.apache.qpid.proton.message.Message>)	CtMethodImpl	public
io.strimzi.kafka.bridge.amqp.AmqpConfig.AMQP_FLOW_CREDIT	CtFieldReferenceImpl	public
io.strimzi.kafka.bridge.http.HttpBridge.httpServer	CtFieldReferenceImpl	private
io.strimzi.kafka.bridge.JmxCollectorRegistry(java.io.File)	CtConstructorImpl	public
io.strimzi.kafka.bridge.amqp.AmqpSinkBridgeEndpoint.flowCheck()	CtMethodImpl	private
io.micrometer.core.instrument.config.NamingConvention.dot	CtFieldReferenceImpl	package-private
io.strimzi.kafka.bridge.ConsumerInstanceId	CtClassImpl	public
io.strimzi.kafka.bridge.http.HttpOpenApiOperation.LOGGER_NAME_PREFIX	CtFieldReferenceImpl	protected
io.strimzi.kafka.bridge.SinkBridgeEndpoint.handleKafkaBatch(io.vertx.kafka.client.consumer.KafkaConsumerRecords<K, V>)	CtMethodImpl	private
io.strimzi.kafka.bridge.http.HttpAdminClientEndpoint.handle(io.strimzi.kafka.bridge.Endpoint<?>)	CtMethodImpl	public
io.strimzi.kafka.bridge.http.HttpBridge.isReady	CtFieldReferenceImpl	private
io.strimzi.kafka.bridge.amqp.AmqpConfig.getFlowCredit()	CtMethodImpl	public
io.strimzi.kafka.bridge.http.HttpOpenApiOperation.logResponse(io.vertx.ext.web.RoutingContext)	CtMethodImpl	protected
io.strimzi.kafka.bridge.converter.DefaultSerializer.close()	CtMethodImpl	public
io.strimzi.kafka.bridge.http.HttpBridge.READY	CtFieldReferenceImpl	package-private
io.strimzi.kafka.bridge.tracker.SimpleOffsetTracker.commit(java.util.Map<org.apache.kafka.common.TopicPartition, org.apache.kafka.clients.consumer.OffsetAndMetadata>)	CtMethodImpl	public
io.strimzi.kafka.bridge.http.HttpSinkBridgeEndpoint.addConfigParameter(java.lang.String,java.lang.String,java.util.Properties)	CtMethodImpl	private
io.strimzi.kafka.bridge.HealthChecker.isReady()	CtMethodImpl	public
io.strimzi.kafka.bridge.amqp.AmqpBridge.connectAmqpClient(io.vertx.core.Promise<java.lang.Void>)	CtMethodImpl	private
io.strimzi.kafka.bridge.amqp.AmqpConfig.getMode()	CtMethodImpl	public
io.strimzi.kafka.bridge.http.HttpOpenApiOperation.operationId	CtFieldReferenceImpl	protected
io.strimzi.kafka.bridge.amqp.AmqpSinkBridgeEndpoint.sendAmqpMessage(io.vertx.kafka.client.consumer.KafkaConsumerRecord<K, V>)	CtMethodImpl	private
io.strimzi.kafka.bridge.SinkBridgeEndpoint.topicPartitionsToAssign(java.util.List<io.vertx.kafka.client.common.PartitionInfo>)	CtMethodImpl	private
io.strimzi.kafka.bridge.amqp.AmqpSinkBridgeEndpoint.mapQoS(io.vertx.proton.ProtonQoS)	CtMethodImpl	private
io.strimzi.kafka.bridge.http.converter.HttpBinaryMessageConverter()	CtConstructorImpl	public
io.strimzi.kafka.bridge.amqp.converter.AmqpJsonMessageConverter.PROPERTIES	CtFieldReferenceImpl	public
io.strimzi.kafka.bridge.http.HttpBridge.12	CtClassImpl	package-private
io.strimzi.kafka.bridge.SinkBridgeEndpoint.topicSubscriptions	CtFieldReferenceImpl	protected
io.strimzi.kafka.bridge.amqp.converter.AmqpJsonMessageConverter.toMessage(java.lang.String,io.vertx.kafka.client.consumer.KafkaConsumerRecord<java.lang.String, byte[]>)	CtMethodImpl	public
io.strimzi.kafka.bridge.tracing.NoopSpanHandle.finish(int)	CtMethodImpl	public
io.strimzi.kafka.bridge.SourceBridgeEndpoint.format	CtFieldReferenceImpl	protected
io.strimzi.kafka.bridge.amqp.AmqpBridge.processOpenSender(io.vertx.proton.ProtonConnection,io.vertx.proton.ProtonSender)	CtMethodImpl	private
io.strimzi.kafka.bridge.http.HttpSourceBridgeEndpoint.maybeClose()	CtMethodImpl	public
io.strimzi.kafka.bridge.SinkBridgeEndpoint.partitionHandler	CtFieldReferenceImpl	private
io.strimzi.kafka.bridge.http.HttpBridge.17	CtClassImpl	package-private
io.strimzi.kafka.bridge.AdminClientEndpoint.handleClose()	CtMethodImpl	protected
io.strimzi.kafka.bridge.SinkBridgeEndpoint.maxBytes	CtFieldReferenceImpl	protected
io.strimzi.kafka.bridge.amqp.converter.AmqpRawMessageConverter.toMessage(java.lang.String,io.vertx.kafka.client.consumer.KafkaConsumerRecord<java.lang.String, byte[]>)	CtMethodImpl	public
io.strimzi.kafka.bridge.tracker.FullOffsetTracker.clear()	CtMethodImpl	public
io.strimzi.kafka.bridge.AdminClientEndpoint.open()	CtMethodImpl	public
io.micrometer.prometheus.PrometheusNamingConvention.nameChars	CtFieldReferenceImpl	private
io.strimzi.kafka.bridge.Application.deployHttpBridge(io.vertx.core.Vertx,io.strimzi.kafka.bridge.config.BridgeConfig,io.strimzi.kafka.bridge.MetricsReporter)	CtMethodImpl	private
io.strimzi.kafka.bridge.http.converter.HttpJsonMessageConverter.toMessage(java.lang.String,io.vertx.kafka.client.consumer.KafkaConsumerRecord<byte[], byte[]>)	CtMethodImpl	public
io.strimzi.kafka.bridge.http.HttpSinkBridgeEndpoint.doCommit(io.vertx.ext.web.RoutingContext,io.vertx.core.json.JsonObject)	CtMethodImpl	private
io.strimzi.kafka.bridge.tracing.OpenTracingHandle.addTracingPropsToProducerConfig(java.util.Properties)	CtMethodImpl	public
io.strimzi.kafka.bridge.amqp.AmqpBridge.processConnection(io.vertx.proton.ProtonConnection)	CtMethodImpl	private
io.strimzi.kafka.bridge.http.HttpOpenApiOperation.log(java.lang.String)	CtMethodImpl	private
io.strimzi.kafka.bridge.SinkBridgeEndpoint.handleKafkaRecord(io.vertx.kafka.client.consumer.KafkaConsumerRecord<K, V>)	CtMethodImpl	private
io.strimzi.kafka.bridge.amqp.AmqpConfig.isEnabled()	CtMethodImpl	public
io.strimzi.kafka.bridge.ConsumerInstanceId.equals(java.lang.Object)	CtMethodImpl	public
io.strimzi.kafka.bridge.amqp.AmqpBridge.AMQP_KEY_ANNOTATION	CtFieldReferenceImpl	public
io.strimzi.kafka.bridge.amqp.AmqpSinkBridgeEndpoint.partitionsAssignedHandler(java.util.Set<io.vertx.kafka.client.common.TopicPartition>)	CtMethodImpl	private
io.strimzi.kafka.bridge.amqp.AmqpConfig.fromMap(java.util.Map<java.lang.String, java.lang.Object>)	CtMethodImpl	public
io.strimzi.kafka.bridge.SinkTopicSubscription.partition	CtFieldReferenceImpl	private
io.strimzi.kafka.bridge.http.HttpBridge.3	CtClassImpl	package-private
io.strimzi.kafka.bridge.amqp.AmqpConfig.DEFAULT_FLOW_CREDIT	CtFieldReferenceImpl	public
io.strimzi.kafka.bridge.tracing.OpenTelemetryHandle.initialize()	CtMethodImpl	public
io.strimzi.kafka.bridge.SinkBridgeEndpoint.endOfBatch()	CtMethodImpl	private
io.strimzi.kafka.bridge.http.HttpConfig.HTTP_CORS_ALLOWED_METHODS	CtFieldReferenceImpl	public
io.strimzi.kafka.bridge.http.HttpBridge.start(io.vertx.core.Promise<java.lang.Void>)	CtMethodImpl	public
io.strimzi.kafka.bridge.tracing.OpenTracingHandle.serviceName(io.strimzi.kafka.bridge.config.BridgeConfig)	CtMethodImpl	public
io.strimzi.kafka.bridge.SinkBridgeEndpoint.assignHandler	CtFieldReferenceImpl	private
io.strimzi.kafka.bridge.amqp.AmqpSinkBridgeEndpoint.partitionsRevokedHandler(java.util.Set<io.vertx.kafka.client.common.TopicPartition>)	CtMethodImpl	private
io.strimzi.kafka.bridge.http.HttpConfig(java.util.Map<java.lang.String, java.lang.Object>)	CtConstructorImpl	private
io.strimzi.kafka.bridge.http.HttpUtils	CtClassImpl	public
io.strimzi.kafka.bridge.amqp.AmqpBridge.CONTAINER_ID	CtFieldReferenceImpl	private
io.strimzi.kafka.bridge.Application.log	CtFieldReferenceImpl	private
io.strimzi.kafka.bridge.http.model.HttpBridgeError	CtClassImpl	public
io.strimzi.kafka.bridge.Application.EMBEDDED_HTTP_SERVER_PORT	CtFieldReferenceImpl	private
io.strimzi.kafka.bridge.tracing.TracingConstants.OPENTELEMETRY_TRACES_EXPORTER_PROPERTY_KEY	CtFieldReferenceImpl	public
io.strimzi.kafka.bridge.http.converter.HttpBinaryMessageConverter.toMessage(java.lang.String,io.vertx.kafka.client.consumer.KafkaConsumerRecord<byte[], byte[]>)	CtMethodImpl	public
io.strimzi.kafka.bridge.amqp.AmqpConfig.AMQP_CERT_DIR	CtFieldReferenceImpl	public
io.strimzi.kafka.bridge.http.HttpBridge.assign(io.vertx.ext.web.RoutingContext)	CtMethodImpl	private
io.strimzi.kafka.bridge.QoSEndpoint	CtEnumImpl	public
io.strimzi.kafka.bridge.amqp.AmqpConfig.AMQP_PORT	CtFieldReferenceImpl	public
io.strimzi.kafka.bridge.http.HttpBridge	CtClassImpl	public
io.strimzi.kafka.bridge.tracker.FullOffsetTracker.PartitionState.flag	CtFieldReferenceImpl	public
io.strimzi.kafka.bridge.http.converter.HttpBinaryMessageConverter.toMessages(io.vertx.kafka.client.consumer.KafkaConsumerRecords<byte[], byte[]>)	CtMethodImpl	public
io.strimzi.kafka.bridge.http.HttpBridge.startInactiveConsumerDeletionTimer(java.lang.Long)	CtMethodImpl	private
io.strimzi.kafka.bridge.SinkBridgeEndpoint.closeHandler	CtFieldReferenceImpl	private
io.strimzi.kafka.bridge.http.converter.HttpBinaryMessageConverter.toKafkaRecord(java.lang.String,java.lang.Integer,io.vertx.core.buffer.Buffer)	CtMethodImpl	public
io.strimzi.kafka.bridge.amqp.converter.AmqpDefaultMessageConverter.toMessage(java.lang.String,io.vertx.kafka.client.consumer.KafkaConsumerRecord<java.lang.String, byte[]>)	CtMethodImpl	public
io.strimzi.kafka.bridge.SinkBridgeEndpoint.commit(io.vertx.core.Handler<io.vertx.core.AsyncResult<java.lang.Void>>)	CtMethodImpl	protected
io.strimzi.kafka.bridge.http.HttpBridge.stop(io.vertx.core.Promise<java.lang.Void>)	CtMethodImpl	public
io.strimzi.kafka.bridge.amqp.AmqpSourceBridgeEndpoint.processMessage(io.vertx.proton.ProtonReceiver,io.vertx.proton.ProtonDelivery,org.apache.qpid.proton.message.Message)	CtMethodImpl	private
io.strimzi.kafka.bridge.http.HttpSinkBridgeEndpoint.buildMessageConverter()	CtMethodImpl	private
io.strimzi.kafka.bridge.http.HttpConfig.HTTP_PORT	CtFieldReferenceImpl	public
io.strimzi.kafka.bridge.SinkBridgeEndpoint.subscribeHandler	CtFieldReferenceImpl	private
io.strimzi.kafka.bridge.amqp.AmqpBridge.AMQP_PARTITION_ANNOTATION	CtFieldReferenceImpl	public
io.strimzi.kafka.bridge.tracker.FullOffsetTracker.PartitionState	CtClassImpl	private
io.strimzi.kafka.bridge.SourceBridgeEndpoint(io.vertx.core.Vertx,io.strimzi.kafka.bridge.config.BridgeConfig,io.strimzi.kafka.bridge.EmbeddedFormat,org.apache.kafka.common.serialization.Serializer<K>,org.apache.kafka.common.serialization.Serializer<V>)	CtConstructorImpl	public
