method	type	visibility
no.systek.dataflow.PriorityTaskQueue.correlationIdSetter	CtFieldReferenceImpl	private
no.systek.dataflow.Steps.3	CtClassImpl	package-private
no.systek.dataflow.Step(java.lang.String,int)	CtConstructorImpl	public
no.systek.dataflow.steps.ConditionalStep	CtClassImpl	public
no.systek.dataflow.Steps$SimpleStep(java.lang.String,int)	CtConstructorImpl	public
no.systek.dataflow.Step.getGraphDepth()	CtMethodImpl	protected
no.systek.dataflow.Steps.2	CtClassImpl	package-private
no.systek.dataflow.Steps.1	CtClassImpl	package-private
no.systek.dataflow.steps.PairJoinStep	CtClassImpl	public
no.systek.dataflow.Steps.newCollector(int)	CtMethodImpl	public
no.systek.dataflow.Steps.newParallelListStep(java.util.function.Function<java.util.List<I>, java.util.List<O>>)	CtMethodImpl	public
no.systek.dataflow.Step.configureTreeAndFindRoots(java.util.HashSet<no.systek.dataflow.Step<?, ?>>,java.util.HashSet<no.systek.dataflow.Step<java.lang.Object, ?>>)	CtMethodImpl	protected
no.systek.dataflow.Step.tryScheduleNextJob(no.systek.dataflow.PriorityTaskQueue)	CtMethodImpl	private
no.systek.dataflow.Step.maxParallelExecution	CtFieldReferenceImpl	private
no.systek.dataflow.Steps.4	CtClassImpl	package-private
no.systek.dataflow.Step.DependencyCreator.step	CtFieldReferenceImpl	public
no.systek.dataflow.Steps.newParallel(java.util.function.Function<I, O>)	CtMethodImpl	public
no.systek.dataflow.StepExecutor.maxParallelTasks	CtFieldReferenceImpl	private
no.systek.dataflow.steps.SourceStep.run(java.lang.Object,java.util.function.Consumer<O>)	CtMethodImpl	protected
no.systek.dataflow.Steps.6	CtClassImpl	package-private
no.systek.dataflow.steps.PairJoinStep.right	CtFieldReferenceImpl	private
no.systek.dataflow.Step.addParent(no.systek.dataflow.Step<?, I>)	CtMethodImpl	protected
no.systek.dataflow.Steps()	CtConstructorImpl	public
no.systek.dataflow.Steps.5	CtClassImpl	package-private
no.systek.dataflow.steps.PairJoinStep.left	CtFieldReferenceImpl	private
no.systek.dataflow.steps.PairJoinStep(java.lang.String)	CtConstructorImpl	protected
no.systek.dataflow.Step.parents	CtFieldReferenceImpl	private
no.systek.dataflow.Steps.ParallelStep	CtClassImpl	public
no.systek.dataflow.steps.PairJoinStep.CLEANUP	CtFieldReferenceImpl	private
no.systek.dataflow.StepExecutor.timeUnit	CtFieldReferenceImpl	private
no.systek.dataflow.steps.PairJoinStep.afterRun(no.systek.dataflow.PriorityTaskQueue)	CtMethodImpl	protected
no.systek.dataflow.Steps	CtClassImpl	public
no.systek.dataflow.steps.ListStep(java.lang.String)	CtConstructorImpl	protected
no.systek.dataflow.PriorityTaskQueue.maxParallelTasks	CtFieldReferenceImpl	private
no.systek.dataflow.PriorityTaskQueue	CtClassImpl	public
no.systek.dataflow.PriorityTaskQueue.taskCompleted	CtFieldReferenceImpl	private
no.systek.dataflow.Step.graphDepth	CtFieldReferenceImpl	private
no.systek.dataflow.steps.ConditionalStep.1	CtClassImpl	package-private
no.systek.dataflow.PriorityTaskQueue.tryScheduleTask(java.util.concurrent.ExecutorService,java.util.function.Consumer<no.systek.dataflow.PriorityTaskQueue>,java.util.function.Consumer<java.lang.Exception>)	CtMethodImpl	private
no.systek.dataflow.Step.DependencyCreator	CtClassImpl	protected
no.systek.dataflow.DependencyCreator.link(no.systek.dataflow.Step<O, ?>)	CtMethodImpl	public
no.systek.dataflow.Step.onResult	CtFieldReferenceImpl	protected
no.systek.dataflow.steps.ConditionalStep.2	CtClassImpl	package-private
no.systek.dataflow.PriorityTaskQueue(int,java.util.function.Supplier<java.lang.String>,java.util.function.Consumer<java.lang.String>)	CtConstructorImpl	public
no.systek.dataflow.Step$DependencyCreator(no.systek.dataflow.Step<I, O>)	CtConstructorImpl	public
no.systek.dataflow.Step.getName()	CtMethodImpl	public
no.systek.dataflow.steps.ConditionalStep.output()	CtMethodImpl	public
no.systek.dataflow.Step.post(I,no.systek.dataflow.PriorityTaskQueue)	CtMethodImpl	public
no.systek.dataflow.Step.name	CtFieldReferenceImpl	private
no.systek.dataflow.ContextSwitcher.LOGGER	CtFieldReferenceImpl	private
no.systek.dataflow.steps.CollectorStep(java.lang.String,int)	CtConstructorImpl	public
no.systek.dataflow.steps.ConditionalStep.run(I,java.util.function.Consumer<O>)	CtMethodImpl	protected
no.systek.dataflow.steps.SourceStep	CtClassImpl	public
no.systek.dataflow.PriorityTaskQueue.HIGHEST_PRIORITY	CtFieldReferenceImpl	public
no.systek.dataflow.steps.CollectorStep.afterRun(no.systek.dataflow.PriorityTaskQueue)	CtMethodImpl	protected
no.systek.dataflow.steps.CollectorStep.CLEANUP	CtFieldReferenceImpl	private
no.systek.dataflow.steps.ConditionalStep.ConditionalResult.condition	CtFieldReferenceImpl	private
no.systek.dataflow.Step.msgBox	CtFieldReferenceImpl	private
no.systek.dataflow.Steps$SimpleConditionalStep(java.lang.String)	CtConstructorImpl	public
no.systek.dataflow.Step.output()	CtMethodImpl	public
no.systek.dataflow.steps.CollectorStep.bufferSize	CtFieldReferenceImpl	private
no.systek.dataflow.steps.PairJoinStep.dependsOnLeft(no.systek.dataflow.Step.DependencyCreator<java.lang.Object, Ileft>)	CtMethodImpl	public
no.systek.dataflow.PriorityTaskQueue.correlationIdProvider	CtFieldReferenceImpl	private
no.systek.dataflow.Steps.newCondition(java.util.function.Predicate<T>)	CtMethodImpl	public
no.systek.dataflow.steps.CollectorStep.items	CtFieldReferenceImpl	private
no.systek.dataflow.Steps.SingleStep	CtClassImpl	public
no.systek.dataflow.PriorityTaskQueue.locked(java.lang.Runnable)	CtMethodImpl	private
no.systek.dataflow.steps.ConditionalStep.ifTrue()	CtMethodImpl	public
no.systek.dataflow.Steps.SimpleConditionalStep	CtClassImpl	public
no.systek.dataflow.Step.scheduledJobs	CtFieldReferenceImpl	private
no.systek.dataflow.Steps.newJoiner(java.util.function.Predicate<java.lang.Object>,java.util.function.BiFunction<Ileft, Iright, O>)	CtMethodImpl	public
no.systek.dataflow.steps.PairJoinStep.dependsOn(no.systek.dataflow.Step.DependencyCreator<java.lang.Object, java.lang.Object>)	CtMethodImpl	public
no.systek.dataflow.PriorityTaskQueue.runningTasks	CtFieldReferenceImpl	private
no.systek.dataflow.StepExecutor.executeList(no.systek.dataflow.Step<?, O>)	CtMethodImpl	public
no.systek.dataflow.steps.ConditionalStep.ConditionalResult.output	CtFieldReferenceImpl	private
no.systek.dataflow.steps.ConditionalStep.onOutputAvailable(O,no.systek.dataflow.PriorityTaskQueue)	CtMethodImpl	protected
no.systek.dataflow.PriorityTaskQueue.addTask(int,java.util.function.Consumer<no.systek.dataflow.PriorityTaskQueue>)	CtMethodImpl	public
no.systek.dataflow.Step.afterRun(no.systek.dataflow.PriorityTaskQueue)	CtMethodImpl	protected
no.systek.dataflow.Step.getChildren()	CtMethodImpl	protected
no.systek.dataflow.StepExecutor(java.util.concurrent.ExecutorService,java.util.function.Consumer<java.lang.String>,java.util.function.Supplier<java.lang.String>,int,long,java.util.concurrent.TimeUnit)	CtConstructorImpl	public
no.systek.dataflow.Steps.SimpleStep	CtClassImpl	public
no.systek.dataflow.ContextSwitcher	CtClassImpl	public
no.systek.dataflow.ContextSwitcher.wrap(java.lang.Runnable,java.util.function.Supplier<java.lang.String>,java.util.function.Consumer<java.lang.String>)	CtMethodImpl	public
no.systek.dataflow.steps.CollectorStep	CtClassImpl	public
no.systek.dataflow.Step	CtClassImpl	public
no.systek.dataflow.StepExecutor.timeout	CtFieldReferenceImpl	private
no.systek.dataflow.Steps.newSource(java.util.function.Supplier<O>)	CtMethodImpl	public
no.systek.dataflow.steps.PairJoinStep.cleanupScheduled	CtFieldReferenceImpl	private
no.systek.dataflow.ContextSwitcher()	CtConstructorImpl	public
no.systek.dataflow.Step.dependsOn(no.systek.dataflow.Step.DependencyCreator<java.lang.Object, I>)	CtMethodImpl	public
no.systek.dataflow.steps.ConditionalStep$ConditionalResult(boolean,O)	CtConstructorImpl	package-private
no.systek.dataflow.StepExecutor	CtClassImpl	public
no.systek.dataflow.Steps.newSingle(java.util.function.Function<I, O>)	CtMethodImpl	public
no.systek.dataflow.PriorityTaskQueue.queues	CtFieldReferenceImpl	private
no.systek.dataflow.StepExecutor.execute(no.systek.dataflow.Step<?, O>,java.lang.Object)	CtMethodImpl	public
no.systek.dataflow.StepExecutor.executeList(no.systek.dataflow.Step<?, O>,java.lang.Object)	CtMethodImpl	public
no.systek.dataflow.Steps$ParallelStep(java.lang.String)	CtConstructorImpl	public
no.systek.dataflow.PriorityTaskQueue.locked(java.util.concurrent.Callable<T>)	CtMethodImpl	private
no.systek.dataflow.steps.PairJoinStep.dependsOnRight(no.systek.dataflow.Step.DependencyCreator<java.lang.Object, Iright>)	CtMethodImpl	public
no.systek.dataflow.Step.children	CtFieldReferenceImpl	private
no.systek.dataflow.steps.ListStep	CtClassImpl	public
no.systek.dataflow.steps.PairJoinStep.run(java.lang.Object,java.util.function.Consumer<O>)	CtMethodImpl	protected
no.systek.dataflow.SimpleConditionalStep.run(T,java.util.function.BiConsumer<java.lang.Boolean, T>)	CtMethodImpl	protected
no.systek.dataflow.StepExecutor.execute(no.systek.dataflow.Step<?, O>)	CtMethodImpl	public
no.systek.dataflow.StepExecutor.executorService	CtFieldReferenceImpl	private
no.systek.dataflow.steps.ConditionalStep.falseChildren	CtFieldReferenceImpl	private
no.systek.dataflow.Step.onOutputAvailable(O,no.systek.dataflow.PriorityTaskQueue)	CtMethodImpl	protected
no.systek.dataflow.steps.ListStep.run(java.util.List<I>,java.util.function.Consumer<O>)	CtMethodImpl	protected
no.systek.dataflow.Step.lock	CtFieldReferenceImpl	private
no.systek.dataflow.StepExecutor.correlationIdGetter	CtFieldReferenceImpl	private
no.systek.dataflow.steps.SourceStep(java.lang.String,int)	CtConstructorImpl	public
no.systek.dataflow.steps.ConditionalStep.ConditionalResult	CtClassImpl	private
no.systek.dataflow.Step(int)	CtConstructorImpl	public
no.systek.dataflow.Step.executeTasksAndAwaitDone(no.systek.dataflow.PriorityTaskQueue,java.util.concurrent.ExecutorService,java.util.function.Consumer<java.lang.Exception>,java.lang.Object,java.util.function.Consumer<O>,long,java.util.concurrent.TimeUnit)	CtMethodImpl	public
no.systek.dataflow.steps.CollectorStep.scheduledCleanup	CtFieldReferenceImpl	private
no.systek.dataflow.StepExecutor.LOGGER	CtFieldReferenceImpl	private
no.systek.dataflow.StepExecutor.correlationIdSettter	CtFieldReferenceImpl	private
no.systek.dataflow.SimpleStep.run(I,java.util.function.Consumer<O>)	CtMethodImpl	protected
no.systek.dataflow.steps.ConditionalStep.ifFalse()	CtMethodImpl	public
no.systek.dataflow.PriorityTaskQueue.executeTasksAndAwaitDone(java.util.concurrent.ExecutorService,java.util.function.Consumer<java.lang.Exception>,long,java.util.concurrent.TimeUnit)	CtMethodImpl	public
no.systek.dataflow.Steps$SingleStep(java.lang.String)	CtConstructorImpl	public
no.systek.dataflow.PriorityTaskQueue.lock	CtFieldReferenceImpl	private
no.systek.dataflow.steps.CollectorStep.run(T,java.util.function.Consumer<java.util.List<T>>)	CtMethodImpl	protected
no.systek.dataflow.steps.ConditionalStep(java.lang.String,int)	CtConstructorImpl	public
no.systek.dataflow.steps.CollectorStep.pushItems(java.util.function.Consumer<java.util.List<T>>)	CtMethodImpl	private
