method	type	visibility
com.panayotis.arjs.HelpUtils.combine(java.util.Collection<T>[])	CtMethodImpl	package-private
com.panayotis.arjs.Args.getCommon(java.util.Collection<T>,java.util.Collection<T>)	CtMethodImpl	private
com.panayotis.arjs.StringArg	CtClassImpl	public
com.panayotis.arjs.Args.print(java.lang.StringBuilder,java.lang.String)	CtMethodImpl	private
com.panayotis.arjs.TypedArg.converter	CtFieldReferenceImpl	private
com.panayotis.arjs.HelpUtils	CtClassImpl	package-private
com.panayotis.arjs.MultiIntegralArg.convert(long[])	CtMethodImpl	private
com.panayotis.arjs.Args.multi	CtFieldReferenceImpl	private
com.panayotis.arjs.StringArg.getCheckedValue()	CtMethodImpl	private
com.panayotis.arjs.Args.getArgsWithPlural(java.util.Collection<com.panayotis.arjs.ArgResult>)	CtMethodImpl	private
com.panayotis.arjs.BoolExclusiveArg	CtClassImpl	public
com.panayotis.arjs.Args.isUnique(java.util.Collection<java.util.Set<T>>,java.util.Collection<T>)	CtMethodImpl	private
com.panayotis.arjs.Args()	CtConstructorImpl	public
com.panayotis.arjs.TypedArg.set(java.lang.String)	CtMethodImpl	protected
com.panayotis.arjs.ErrorStrategy.2	CtClassImpl	package-private
com.panayotis.arjs.Args.passthrough(java.lang.String[])	CtMethodImpl	public
com.panayotis.arjs.ErrorStrategy.3	CtClassImpl	package-private
com.panayotis.arjs.Args.print(java.lang.StringBuilder,java.lang.String,java.lang.String,java.lang.String)	CtMethodImpl	private
com.panayotis.arjs.FileArg(java.io.File)	CtConstructorImpl	public
com.panayotis.arjs.ErrorStrategy.4	CtClassImpl	package-private
com.panayotis.arjs.MultiDecimalArg.convert(double[])	CtMethodImpl	private
com.panayotis.arjs.StringArg()	CtConstructorImpl	public
com.panayotis.arjs.Args.checkNotExists(java.lang.String)	CtMethodImpl	private
com.panayotis.arjs.Args.INSET	CtFieldReferenceImpl	private
com.panayotis.arjs.Args.printDependencies(java.lang.StringBuilder,java.util.Map<com.panayotis.arjs.ArgResult, java.util.Set<com.panayotis.arjs.ArgResult>>,boolean)	CtMethodImpl	private
com.panayotis.arjs.StringArg.length()	CtMethodImpl	public
com.panayotis.arjs.Args.passthrough	CtFieldReferenceImpl	private
com.panayotis.arjs.Args.def(java.lang.String,java.lang.Runnable)	CtMethodImpl	public
com.panayotis.arjs.Args.setNamesAsGiven(boolean)	CtMethodImpl	public
com.panayotis.arjs.StringArg(java.lang.String)	CtConstructorImpl	public
com.panayotis.arjs.ErrorStrategy.1	CtClassImpl	package-private
com.panayotis.arjs.Args.info(java.lang.String,java.lang.String,java.lang.String)	CtMethodImpl	public
com.panayotis.arjs.Args.getArgValues(java.util.Collection<com.panayotis.arjs.ArgResult>)	CtMethodImpl	private
com.panayotis.arjs.Args.groupArgs(java.lang.StringBuilder,com.panayotis.arjs.ArgResult)	CtMethodImpl	private
com.panayotis.arjs.FileArg(java.lang.String)	CtConstructorImpl	public
com.panayotis.arjs.Args.singleGroupCalc(java.util.Set<com.panayotis.arjs.ArgResult>,java.util.List<java.util.List<java.lang.String>>,java.util.List<java.util.List<java.lang.String>>)	CtMethodImpl	private
com.panayotis.arjs.ArgumentException	CtClassImpl	public
com.panayotis.arjs.Args.isInCollection(java.util.Collection<java.util.Set<T>>,T)	CtMethodImpl	private
com.panayotis.arjs.ErrorStrategy	CtEnumImpl	public
com.panayotis.arjs.BoolExclusiveArg()	CtConstructorImpl	public
com.panayotis.arjs.BoolExclusiveArg(java.lang.Boolean,boolean)	CtConstructorImpl	private
com.panayotis.arjs.Args.error(com.panayotis.arjs.ErrorStrategy)	CtMethodImpl	public
com.panayotis.arjs.Args.group(java.lang.String,java.lang.String[])	CtMethodImpl	public
com.panayotis.arjs.MultiBoolArg.set(java.lang.String)	CtMethodImpl	protected
com.panayotis.arjs.Args.info	CtFieldReferenceImpl	private
com.panayotis.arjs.Args.error(com.panayotis.arjs.ArgResult)	CtMethodImpl	public
com.panayotis.arjs.Args.nullable(java.lang.String[])	CtMethodImpl	public
com.panayotis.arjs.BaseArg	CtClassImpl	public
com.panayotis.arjs.Args.multi(java.lang.String[])	CtMethodImpl	public
com.panayotis.arjs.Args.NL	CtFieldReferenceImpl	private
com.panayotis.arjs.Args.required	CtFieldReferenceImpl	private
com.panayotis.arjs.Args.LINELENGTH	CtFieldReferenceImpl	private
com.panayotis.arjs.MultiIntegralArg	CtClassImpl	public
com.panayotis.arjs.ErrorStrategy(boolean)	CtConstructorImpl	private
com.panayotis.arjs.BoolArg	CtClassImpl	public
com.panayotis.arjs.IntegralArg(java.math.BigInteger)	CtConstructorImpl	public
com.panayotis.arjs.MultiIntegralArg(java.math.BigInteger[])	CtConstructorImpl	public
com.panayotis.arjs.Args.getArgWithParam(com.panayotis.arjs.ArgResult,boolean)	CtMethodImpl	private
com.panayotis.arjs.IntegralArg.conv	CtFieldReferenceImpl	package-private
com.panayotis.arjs.Args.depends	CtFieldReferenceImpl	private
com.panayotis.arjs.BoolArg(boolean)	CtConstructorImpl	public
com.panayotis.arjs.BaseArg.val	CtFieldReferenceImpl	private
com.panayotis.arjs.Args.defhelp(java.lang.String[])	CtMethodImpl	public
com.panayotis.arjs.FileArg()	CtConstructorImpl	public
com.panayotis.arjs.IntegralArg(long)	CtConstructorImpl	public
com.panayotis.arjs.Args.usages(java.lang.StringBuilder,java.util.Collection<java.lang.String>)	CtMethodImpl	private
com.panayotis.arjs.BaseArg.isSet()	CtMethodImpl	public
com.panayotis.arjs.BaseArg.hashCode()	CtMethodImpl	public
com.panayotis.arjs.HelpUtils()	CtConstructorImpl	package-private
com.panayotis.arjs.MultiFileArg	CtClassImpl	public
com.panayotis.arjs.Args.errorStrategy	CtFieldReferenceImpl	private
com.panayotis.arjs.BoolExclusiveArg.getInverse()	CtMethodImpl	public
com.panayotis.arjs.ErrorStrategy.requiresHelp	CtFieldReferenceImpl	package-private
com.panayotis.arjs.Args.transitive	CtFieldReferenceImpl	private
com.panayotis.arjs.Args.unique	CtFieldReferenceImpl	private
com.panayotis.arjs.Args.setCondensed(char)	CtMethodImpl	public
com.panayotis.arjs.Args.def(java.lang.String,com.panayotis.arjs.BaseArg<?>)	CtMethodImpl	public
com.panayotis.arjs.Args.checkValid(java.lang.String)	CtMethodImpl	private
com.panayotis.arjs.TypedArg(java.util.function.Function<java.lang.String, T>)	CtConstructorImpl	public
com.panayotis.arjs.Args.checkExist(java.lang.String)	CtMethodImpl	private
com.panayotis.arjs.BoolArg.set(java.lang.String)	CtMethodImpl	protected
com.panayotis.arjs.MultiTypedArg.converter	CtFieldReferenceImpl	private
com.panayotis.arjs.Args.groups	CtFieldReferenceImpl	private
com.panayotis.arjs.DecimalArg.conv	CtFieldReferenceImpl	package-private
com.panayotis.arjs.MultiStringArg(java.lang.String[])	CtConstructorImpl	public
com.panayotis.arjs.Args.toString()	CtMethodImpl	public
com.panayotis.arjs.Args.infoname	CtFieldReferenceImpl	private
com.panayotis.arjs.Args.getHelpText(java.util.Collection<com.panayotis.arjs.ArgResult>,java.util.Collection<java.lang.String>)	CtMethodImpl	private
com.panayotis.arjs.BaseArg.get()	CtMethodImpl	public
com.panayotis.arjs.StringArg.toString()	CtMethodImpl	public
com.panayotis.arjs.Args.getArgs(java.util.Collection<com.panayotis.arjs.ArgResult>)	CtMethodImpl	private
com.panayotis.arjs.StringArg.subSequence(int,int)	CtMethodImpl	public
com.panayotis.arjs.BaseArg.toString()	CtMethodImpl	public
com.panayotis.arjs.MultiDecimalArg(double[])	CtConstructorImpl	public
com.panayotis.arjs.Args.setJoined(char)	CtMethodImpl	public
com.panayotis.arjs.DecimalArg()	CtConstructorImpl	public
com.panayotis.arjs.BoolExclusiveArg.set(java.lang.String)	CtMethodImpl	protected
com.panayotis.arjs.MultiDecimalArg(java.math.BigDecimal[])	CtConstructorImpl	public
com.panayotis.arjs.DecimalArg(float)	CtConstructorImpl	public
com.panayotis.arjs.Args.getArg(com.panayotis.arjs.ArgResult)	CtMethodImpl	private
com.panayotis.arjs.HelpUtils.split(java.lang.String,boolean,int,int)	CtMethodImpl	package-private
com.panayotis.arjs.Args.softdepends	CtFieldReferenceImpl	private
com.panayotis.arjs.Args.joinedChar	CtFieldReferenceImpl	private
com.panayotis.arjs.Args.areArgsMissing(java.util.Collection<com.panayotis.arjs.ArgResult>,java.util.Collection<com.panayotis.arjs.ArgResult>)	CtMethodImpl	private
com.panayotis.arjs.MultiBoolArg()	CtConstructorImpl	public
com.panayotis.arjs.Args.def(java.lang.String,com.panayotis.arjs.ArgResult,boolean,boolean)	CtMethodImpl	private
com.panayotis.arjs.IntegralArg()	CtConstructorImpl	public
com.panayotis.arjs.Args.execError(java.lang.String)	CtMethodImpl	private
com.panayotis.arjs.FileArg	CtClassImpl	public
com.panayotis.arjs.HelpUtils.split(java.lang.String,boolean,int)	CtMethodImpl	package-private
com.panayotis.arjs.Args.errorArg	CtFieldReferenceImpl	private
com.panayotis.arjs.BoolExclusiveArg(boolean)	CtConstructorImpl	public
com.panayotis.arjs.MultiTypedArg.set(java.lang.String)	CtMethodImpl	protected
com.panayotis.arjs.Args.parse(java.lang.String[])	CtMethodImpl	public
com.panayotis.arjs.DecimalArg(java.math.BigDecimal)	CtConstructorImpl	public
com.panayotis.arjs.MultiIntegralArg(long[])	CtConstructorImpl	public
com.panayotis.arjs.IntegralArg	CtClassImpl	public
com.panayotis.arjs.Args.HELP	CtFieldReferenceImpl	private
com.panayotis.arjs.MultiBoolArg	CtClassImpl	public
com.panayotis.arjs.BaseArg.equals(java.lang.Object)	CtMethodImpl	public
com.panayotis.arjs.Args	CtClassImpl	public
com.panayotis.arjs.Args.defs	CtFieldReferenceImpl	private
com.panayotis.arjs.Args.getUsage(java.lang.StringBuilder,java.util.Collection<java.lang.String>)	CtMethodImpl	private
com.panayotis.arjs.Args.req(java.lang.String[])	CtMethodImpl	public
com.panayotis.arjs.Args.uniq(java.lang.String[])	CtMethodImpl	public
com.panayotis.arjs.Args.info(java.lang.String,java.lang.String)	CtMethodImpl	public
com.panayotis.arjs.ArgumentException(java.lang.String)	CtConstructorImpl	public
com.panayotis.arjs.MultiTypedArg(java.util.function.Function<java.lang.String, T>,T[])	CtConstructorImpl	public
com.panayotis.arjs.MultiFileArg(java.io.File[])	CtConstructorImpl	public
com.panayotis.arjs.Args.sets(java.lang.String[],int,java.lang.String)	CtMethodImpl	private
com.panayotis.arjs.MultiStringArg	CtClassImpl	public
com.panayotis.arjs.BoolExclusiveArg.inverse	CtFieldReferenceImpl	private
com.panayotis.arjs.Args.usages	CtFieldReferenceImpl	private
com.panayotis.arjs.Args.canonicalArgs(java.lang.String[])	CtMethodImpl	private
com.panayotis.arjs.HelpUtils.spaces(int)	CtMethodImpl	package-private
com.panayotis.arjs.BoolArg()	CtConstructorImpl	public
com.panayotis.arjs.Args.usage(java.lang.String[])	CtMethodImpl	public
com.panayotis.arjs.BaseArg.setVal(T)	CtMethodImpl	protected
com.panayotis.arjs.Args.dep(java.lang.String,java.lang.String[])	CtMethodImpl	public
com.panayotis.arjs.Args.containsAny(java.util.Collection<T>,java.util.Collection<T>)	CtMethodImpl	private
com.panayotis.arjs.DecimalArg	CtClassImpl	public
com.panayotis.arjs.MultiDecimalArg	CtClassImpl	public
com.panayotis.arjs.BaseArg(T)	CtConstructorImpl	protected
com.panayotis.arjs.HelpUtils.convertToDistributedLine(java.util.List<java.lang.String>,int)	CtMethodImpl	private
com.panayotis.arjs.TypedArg(java.util.function.Function<java.lang.String, T>,T)	CtConstructorImpl	public
com.panayotis.arjs.Args.nullable	CtFieldReferenceImpl	private
com.panayotis.arjs.Args.getArg(com.panayotis.arjs.ArgResult,boolean)	CtMethodImpl	private
com.panayotis.arjs.Args.singleGroupPrint(java.lang.String,java.util.List<java.lang.String>,java.util.List<java.lang.String>,int,java.lang.String,java.lang.StringBuilder)	CtMethodImpl	private
com.panayotis.arjs.Args.def(java.lang.String,com.panayotis.arjs.ArgResult)	CtMethodImpl	public
com.panayotis.arjs.Args.alias(java.lang.String,java.lang.String)	CtMethodImpl	public
com.panayotis.arjs.Args.condensedChar	CtFieldReferenceImpl	private
com.panayotis.arjs.Args.depsoft(java.lang.String,java.lang.String[])	CtMethodImpl	public
com.panayotis.arjs.Args.getUsage()	CtMethodImpl	public
com.panayotis.arjs.MultiTypedArg.getSafeList(Q[])	CtMethodImpl	private
com.panayotis.arjs.TypedArg	CtClassImpl	public
com.panayotis.arjs.StringArg.charAt(int)	CtMethodImpl	public
com.panayotis.arjs.MultiTypedArg	CtClassImpl	public
com.panayotis.arjs.Args.namesAsGiven	CtFieldReferenceImpl	private
