method	type	visibility
org.tomitribe.sheldon.adapter.CommandActivationSpec.commands	CtFieldReferenceImpl	private
org.tomitribe.sheldon.adapter.RunnableWork.isAuthenticated()	CtMethodImpl	private
org.tomitribe.sheldon.corejava.SystemBean.date()	CtMethodImpl	public
org.tomitribe.sheldon.ssh.ArgumentsParser(java.io.InputStream)	CtConstructorImpl	public
org.tomitribe.sheldon.cdi.TerminalSessionContext$ScopedInstance(javax.enterprise.inject.spi.Bean<T>,javax.enterprise.context.spi.CreationalContext<T>,T)	CtConstructorImpl	public
org.tomitribe.sheldon.util.Scratch$Section(org.tomitribe.sheldon.util.Scratch.Section,java.io.PipedOutputStream,java.util.concurrent.Future<?>)	CtConstructorImpl	public
org.tomitribe.sheldon.cdi.TerminalSessionContext.isActive()	CtMethodImpl	public
org.tomitribe.sheldon.cdi.TerminalSessionContext.state	CtFieldReferenceImpl	public
org.tomitribe.sheldon.adapter.CommandResourceAdapter.authenticate(java.lang.String,java.lang.String)	CtMethodImpl	public
org.tomitribe.sheldon.adapter.CommandResourceAdapter.setPrompt(java.lang.String)	CtMethodImpl	public
org.tomitribe.sheldon.util.Section.complete()	CtMethodImpl	public
org.tomitribe.sheldon.adapter.EndpointTarget.invoke(java.lang.reflect.Method,java.lang.Object[])	CtMethodImpl	public
org.tomitribe.sheldon.ssh.Arguments	CtClassImpl	public
org.tomitribe.sheldon.ssh.TtyCodes.TTY_UNDERSCORE	CtFieldReferenceImpl	public
org.tomitribe.sheldon.adapter.CommandResourceAdapter.start(javax.resource.spi.BootstrapContext)	CtMethodImpl	public
org.tomitribe.sheldon.ssh.TtyCodes.TTY_FG_RED	CtFieldReferenceImpl	public
org.tomitribe.sheldon.adapter.CommandActivationSpec.setBeanClass(java.lang.Class)	CtMethodImpl	public
org.tomitribe.sheldon.ssh.CommandCompleter(org.tomitribe.crest.Main)	CtConstructorImpl	public
org.tomitribe.sheldon.authenticator.PasswordAuthenticatorImpl(org.tomitribe.sheldon.adapter.SecurityHandler)	CtConstructorImpl	public
org.tomitribe.sheldon.ssh.TtyCodes.TTY_FG_GREEN	CtFieldReferenceImpl	public
org.tomitribe.sheldon.cdi.TerminalState.m(java.lang.String,java.lang.Object[])	CtMethodImpl	private
org.tomitribe.sheldon.cdi.TerminalSessionExtension.beforeBeanDiscovery(javax.enterprise.inject.spi.BeforeBeanDiscovery)	CtMethodImpl	public
org.tomitribe.sheldon.ssh.SshdServer.stop()	CtMethodImpl	public
org.tomitribe.sheldon.adapter.NotAuthenticatedException(java.lang.String)	CtConstructorImpl	public
org.tomitribe.sheldon.adapter.RunnableWork.getWorkContexts()	CtMethodImpl	public
org.tomitribe.sheldon.ssh.CommandCompleter	CtClassImpl	public
org.tomitribe.sheldon.ssh.SshdServer.start()	CtMethodImpl	public
org.tomitribe.sheldon.commands.CrestCommands.consoleSession	CtFieldReferenceImpl	private
org.tomitribe.sheldon.corejava.SystemPropertiesBean.osVersion()	CtMethodImpl	public
org.tomitribe.sheldon.ssh.ArgumentsParser.Seq.states	CtFieldReferenceImpl	private
org.tomitribe.sheldon.ssh.ConsoleSession	CtClassImpl	public
org.tomitribe.sheldon.adapter.CommandResourceAdapter.equals(java.lang.Object)	CtMethodImpl	public
org.tomitribe.sheldon.corejava.SystemPropertiesBean.getProperty(java.lang.String)	CtMethodImpl	public
org.tomitribe.sheldon.util.Translator.run()	CtMethodImpl	public
org.tomitribe.sheldon.ssh.TtyCodes.ESC	CtFieldReferenceImpl	public
org.tomitribe.sheldon.ssh.ArgumentsParser.parse(java.lang.String)	CtMethodImpl	public
org.tomitribe.sheldon.util.Utils	CtClassImpl	public
org.tomitribe.sheldon.corejava.SystemPropertiesBean.setProperty(java.lang.String,java.lang.String)	CtMethodImpl	public
org.tomitribe.sheldon.corejava.RuntimeBean.maxMemory(org.tomitribe.util.SizeUnit)	CtMethodImpl	public
org.tomitribe.sheldon.adapter.CommandResourceAdapter.main	CtFieldReferenceImpl	private
org.tomitribe.sheldon.commands.CrestCommands.env	CtFieldReferenceImpl	private
org.tomitribe.sheldon.ssh.ConsoleEnvironment.in	CtFieldReferenceImpl	private
org.tomitribe.sheldon.corejava.SystemPropertiesBean.user()	CtMethodImpl	public
org.tomitribe.sheldon.cdi.TerminalSessionExtension.afterBeanDiscovery(javax.enterprise.inject.spi.AfterBeanDiscovery,javax.enterprise.inject.spi.BeanManager)	CtMethodImpl	public
org.tomitribe.sheldon.ssh.TtyCodes.TTY_BG_BLACK	CtFieldReferenceImpl	public
org.tomitribe.sheldon.ssh.ConsoleEnvironment	CtClassImpl	package-private
org.tomitribe.sheldon.cdi.TerminalSessionContext.get(javax.enterprise.context.spi.Contextual<T>,javax.enterprise.context.spi.CreationalContext<T>)	CtMethodImpl	public
org.tomitribe.sheldon.adapter.CommandActivationSpec	CtClassImpl	public
org.tomitribe.sheldon.adapter.RunnableWork.release()	CtMethodImpl	public
org.tomitribe.sheldon.ssh.SshdServer	CtClassImpl	public
org.tomitribe.sheldon.corejava.SystemPropertiesBean.javaVendor()	CtMethodImpl	public
org.tomitribe.sheldon.commands.CrestCommands.setOutputStream(java.io.OutputStream)	CtMethodImpl	public
org.tomitribe.sheldon.corejava.SystemPropertiesBean.dir()	CtMethodImpl	public
org.tomitribe.sheldon.adapter.CommandResourceAdapter.prompt	CtFieldReferenceImpl	private
org.tomitribe.sheldon.adapter.CommandActivationSpec.validate()	CtMethodImpl	public
org.tomitribe.sheldon.commands.CrestCommands.contextRunnable	CtFieldReferenceImpl	private
org.tomitribe.sheldon.ssh.ArgumentsParser.use(char,org.tomitribe.sheldon.ssh.ArgumentsParser.State)	CtMethodImpl	private
org.tomitribe.sheldon.util.Utils()	CtConstructorImpl	private
org.tomitribe.sheldon.adapter.CommandResourceAdapter.1	CtClassImpl	package-private
org.tomitribe.sheldon.adapter.NotAuthenticatedException(java.lang.Throwable)	CtConstructorImpl	public
org.tomitribe.sheldon.ssh.Seq.state(org.tomitribe.sheldon.ssh.ArgumentsParser.State)	CtMethodImpl	public
org.tomitribe.sheldon.ssh.ArgumentsParser.input	CtFieldReferenceImpl	package-private
org.tomitribe.sheldon.authenticator.AuthenticateWork.securityContext	CtFieldReferenceImpl	private
org.tomitribe.sheldon.ssh.TtyCodes.TTY_BG_YELLOW	CtFieldReferenceImpl	public
org.tomitribe.sheldon.util.Scratch$BottlesOfBeer(java.io.InputStream,java.io.PrintStream)	CtConstructorImpl	public
org.superbiz.RuntimeBean	CtClassImpl	public
org.tomitribe.sheldon.ssh.TtyCodes.TTY_BG_RED	CtFieldReferenceImpl	public
org.tomitribe.sheldon.ssh.ConsoleEnvironment.out	CtFieldReferenceImpl	private
org.tomitribe.sheldon.ssh.SshdServer.port	CtFieldReferenceImpl	private
org.tomitribe.sheldon.authenticator.WorkSecurityContext.password	CtFieldReferenceImpl	private
org.tomitribe.sheldon.ssh.ArgumentsParser.read()	CtMethodImpl	private
org.tomitribe.sheldon.ssh.SshdServer(org.tomitribe.sheldon.ssh.ConsoleSession,int,org.tomitribe.sheldon.adapter.SecurityHandler)	CtConstructorImpl	public
org.tomitribe.sheldon.adapter.RunnableWork.run()	CtMethodImpl	public
org.tomitribe.sheldon.ssh.SshdServer.Credential	CtClassImpl	public
org.superbiz.FunBean.doList(java.util.regex.Pattern)	CtMethodImpl	public
org.superbiz.SystemPropertiesBean.dir(java.io.File)	CtMethodImpl	public
org.superbiz.SystemBean.date()	CtMethodImpl	public
org.tomitribe.sheldon.cdi.TerminalSessionContext.ScopedInstance.bean	CtFieldReferenceImpl	private
org.tomitribe.sheldon.ssh.ArgumentsParser.escapeInDoubleQuotes()	CtMethodImpl	private
org.tomitribe.sheldon.adapter.CommandResourceAdapter.hashCode()	CtMethodImpl	public
org.tomitribe.sheldon.cdi.TerminalSessionContext.ScopedInstance	CtClassImpl	public
org.tomitribe.sheldon.corejava.SystemPropertiesBean.javaVersion()	CtMethodImpl	public
org.tomitribe.sheldon.ssh.ConsoleEnvironment(java.io.PrintStream,java.io.InputStream)	CtConstructorImpl	public
org.superbiz.FunBean.properties	CtFieldReferenceImpl	private
org.tomitribe.sheldon.adapter.CommandActivationSpec.getCommands()	CtMethodImpl	public
org.tomitribe.sheldon.ssh.ArgumentsParser.state	CtFieldReferenceImpl	package-private
org.tomitribe.sheldon.cdi.TerminalSessionContext.TerminalState.ids	CtFieldReferenceImpl	private
org.tomitribe.sheldon.adapter.CommandResourceAdapter.getSshPort()	CtMethodImpl	public
org.tomitribe.sheldon.adapter.CommandActivationSpec.beanClass	CtFieldReferenceImpl	private
org.tomitribe.sheldon.corejava.SystemBean.properties()	CtMethodImpl	public
org.tomitribe.sheldon.cdi.ScopedInstance.getInstance()	CtMethodImpl	public
org.superbiz.RuntimeBean.processors()	CtMethodImpl	public
org.tomitribe.sheldon.ssh.ArgumentsParser.endCommand()	CtMethodImpl	public
org.tomitribe.sheldon.ssh.TtyCodes.TTY_FG_BLUE	CtFieldReferenceImpl	public
org.tomitribe.sheldon.util.Scratch.ImportantNumbers	CtClassImpl	private
org.tomitribe.sheldon.ssh.SshdServer.Credential.value	CtFieldReferenceImpl	private
org.tomitribe.sheldon.corejava.RuntimeBean.totalMemory(org.tomitribe.util.SizeUnit)	CtMethodImpl	public
org.tomitribe.sheldon.cdi.TerminalSessionContext.ScopedInstance.instance	CtFieldReferenceImpl	private
org.tomitribe.sheldon.corejava.SystemPropertiesBean.javaVendorUrl()	CtMethodImpl	public
org.superbiz.UserBean.whoami()	CtMethodImpl	public
org.tomitribe.sheldon.ssh.SshdServer.session	CtFieldReferenceImpl	private
org.tomitribe.sheldon.util.Scratch.BottlesOfBeer	CtClassImpl	private
org.tomitribe.sheldon.commands.factories.CrestComandsFactory.session	CtFieldReferenceImpl	private
org.superbiz.FunBean.doGet(java.lang.String)	CtMethodImpl	public
org.tomitribe.sheldon.corejava.SystemBean	CtClassImpl	public
org.tomitribe.sheldon.ssh.ArgumentsParser.escape()	CtMethodImpl	private
org.superbiz.UserBean.context	CtFieldReferenceImpl	private
org.tomitribe.sheldon.commands.CrestCommands.out	CtFieldReferenceImpl	private
org.tomitribe.sheldon.ssh.TtyCodes.TTY_BG_MAGENTA	CtFieldReferenceImpl	public
org.tomitribe.sheldon.ssh.ArgumentsParser	CtClassImpl	public
org.tomitribe.sheldon.adapter.CommandResourceAdapter$EndpointTarget(javax.resource.spi.endpoint.MessageEndpoint)	CtConstructorImpl	public
org.tomitribe.sheldon.util.Scratch.ImportantNumbers.fromPrevious	CtFieldReferenceImpl	private
org.tomitribe.sheldon.cdi.TerminalSessionContext	CtClassImpl	public
org.tomitribe.sheldon.ssh.TtyCodes.TTY_BLINK	CtFieldReferenceImpl	public
org.tomitribe.sheldon.commands.CrestCommands.setSession(org.apache.sshd.server.session.ServerSession)	CtMethodImpl	public
org.tomitribe.sheldon.corejava.RuntimeBean.gc()	CtMethodImpl	public
org.tomitribe.sheldon.ssh.SshdServer$Credential(java.lang.String)	CtConstructorImpl	public
org.tomitribe.sheldon.ssh.BuildIn()	CtConstructorImpl	public
org.tomitribe.sheldon.ssh.ArgumentsParser.result	CtFieldReferenceImpl	package-private
org.tomitribe.sheldon.ssh.TtyCodes.TTY_FG_CYAN	CtFieldReferenceImpl	public
org.tomitribe.sheldon.util.Scratch.ToUpperCase	CtClassImpl	private
org.tomitribe.sheldon.cdi.TerminalSessionContext.TerminalState.map	CtFieldReferenceImpl	private
org.tomitribe.sheldon.ssh.ArgumentsParser(java.lang.String)	CtConstructorImpl	public
org.tomitribe.sheldon.util.Scratch.ToUpperCase.toNext	CtFieldReferenceImpl	private
org.superbiz.FunBean()	CtConstructorImpl	public
org.tomitribe.sheldon.ssh.ArgumentsParser.backslash()	CtMethodImpl	private
org.tomitribe.sheldon.ssh.ArgumentsParser.arg	CtFieldReferenceImpl	package-private
org.tomitribe.sheldon.ssh.ArgumentsParser.next(org.tomitribe.sheldon.ssh.ArgumentsParser.State)	CtMethodImpl	private
org.tomitribe.sheldon.corejava.SystemPropertiesBean.osArch()	CtMethodImpl	public
org.tomitribe.sheldon.adapter.RunnableWork	CtClassImpl	public
org.tomitribe.sheldon.corejava.SystemBean()	CtConstructorImpl	public
org.tomitribe.sheldon.util.Utils.IS_WIN	CtFieldReferenceImpl	private
org.tomitribe.sheldon.commands.factories.CrestComandsFactory(org.tomitribe.sheldon.ssh.ConsoleSession,org.tomitribe.sheldon.adapter.SecurityHandler)	CtConstructorImpl	public
org.tomitribe.sheldon.corejava.SystemPropertiesBean()	CtConstructorImpl	public
org.tomitribe.sheldon.cdi.TerminalSessionContext.TerminalState.ids	CtFieldImpl	private
org.tomitribe.sheldon.corejava.SystemPropertiesBean.home()	CtMethodImpl	public
org.tomitribe.sheldon.ssh.TtyCodes.TTY_HIDDEN	CtFieldReferenceImpl	public
org.superbiz.RuntimeBean()	CtConstructorImpl	public
org.superbiz.SystemPropertiesBean	CtClassImpl	public
org.tomitribe.sheldon.commands.CrestCommands.cbk	CtFieldReferenceImpl	private
org.superbiz.FunBean.doSet(java.lang.String,java.lang.String)	CtMethodImpl	public
org.tomitribe.sheldon.adapter.NotAuthenticatedException(java.lang.String,java.lang.Throwable)	CtConstructorImpl	public
org.tomitribe.sheldon.authenticator.AuthenticateWork.release()	CtMethodImpl	public
org.tomitribe.sheldon.adapter.CommandResourceAdapter.getPrompt()	CtMethodImpl	public
org.tomitribe.sheldon.corejava.SystemBean.env()	CtMethodImpl	public
org.tomitribe.sheldon.adapter.CommandResourceAdapter	CtClassImpl	public
org.tomitribe.sheldon.adapter.RunnableWork.runnable	CtFieldReferenceImpl	private
org.tomitribe.sheldon.ssh.StopException	CtClassImpl	public
org.tomitribe.sheldon.ssh.ConsoleEnvironment.getOutput()	CtMethodImpl	public
org.superbiz.SystemPropertiesBean.home()	CtMethodImpl	public
org.tomitribe.sheldon.adapter.CommandResourceAdapter.endpointDeactivation(javax.resource.spi.endpoint.MessageEndpointFactory,javax.resource.spi.ActivationSpec)	CtMethodImpl	public
org.tomitribe.sheldon.cdi.TerminalSessionContext.beanManager	CtFieldReferenceImpl	private
org.tomitribe.sheldon.ssh.TtyCodes.TTY_DIM	CtFieldReferenceImpl	public
org.tomitribe.sheldon.ssh.ConsoleSession.1	CtClassImpl	package-private
org.tomitribe.sheldon.ssh.CommandCompleter.complete(java.lang.String,int,java.util.List<java.lang.CharSequence>)	CtMethodImpl	public
org.superbiz.RuntimeBean.totalMemory(org.tomitribe.util.SizeUnit)	CtMethodImpl	public
org.superbiz.SystemBean	CtClassImpl	public
org.tomitribe.sheldon.adapter.CommandResourceAdapter.getXAResources(javax.resource.spi.ActivationSpec[])	CtMethodImpl	public
org.tomitribe.sheldon.util.Scratch$ImportantNumbers(java.io.InputStream,java.io.PrintStream)	CtConstructorImpl	public
org.tomitribe.sheldon.ssh.TtyCodes.TTY_BRIGHT	CtFieldReferenceImpl	public
org.tomitribe.sheldon.adapter.NotAuthenticatedException()	CtConstructorImpl	public
org.tomitribe.sheldon.ssh.SshdServer.securityHandler	CtFieldReferenceImpl	private
org.tomitribe.sheldon.util.Scratch.Translator	CtClassImpl	private
org.tomitribe.sheldon.cdi.TerminalSessionExtension()	CtConstructorImpl	public
org.tomitribe.sheldon.commands.CrestCommands.session	CtFieldReferenceImpl	private
org.tomitribe.sheldon.cdi.TerminalState.getInstance(javax.enterprise.context.spi.CreationalContext<T>,javax.enterprise.inject.spi.Bean<T>,javax.enterprise.inject.spi.BeanManager)	CtMethodImpl	private
org.tomitribe.sheldon.adapter.CommandActivationSpec()	CtConstructorImpl	public
org.superbiz.SystemBean.env()	CtMethodImpl	public
org.superbiz.UserBean	CtClassImpl	public
org.tomitribe.sheldon.adapter.CommandResourceAdapter.runWithSecurityContext(java.lang.Runnable,java.lang.String,java.lang.String)	CtMethodImpl	public
org.tomitribe.sheldon.ssh.TtyCodes.TTY_FG_BLACK	CtFieldReferenceImpl	public
org.tomitribe.sheldon.adapter.RunnableWork(java.lang.Runnable)	CtConstructorImpl	public
org.superbiz.SystemPropertiesBean.home(java.io.File)	CtMethodImpl	public
org.tomitribe.sheldon.adapter.RunnableWork.requiresAuthentication()	CtMethodImpl	private
org.tomitribe.sheldon.authenticator.WorkSecurityContext.authenticated	CtFieldReferenceImpl	private
org.tomitribe.sheldon.commands.CrestCommands.setExitCallback(org.apache.sshd.server.ExitCallback)	CtMethodImpl	public
org.tomitribe.sheldon.util.Scratch.iHateThisCheckStyleCheck()	CtMethodImpl	public
org.tomitribe.sheldon.ssh.StopException()	CtConstructorImpl	public
org.tomitribe.sheldon.cdi.TerminalSessionContext.TerminalState	CtClassImpl	public
org.tomitribe.sheldon.ssh.TtyCodes.TTY_FG_WHITE	CtFieldReferenceImpl	public
org.tomitribe.sheldon.adapter.RunnableWork.classLoader	CtFieldReferenceImpl	private
org.tomitribe.sheldon.corejava.RuntimeBean.freeMemory(org.tomitribe.util.SizeUnit)	CtMethodImpl	public
org.tomitribe.sheldon.util.ToUpperCase.run()	CtMethodImpl	public
org.tomitribe.sheldon.authenticator.AuthenticateWork(java.lang.String,java.lang.String)	CtConstructorImpl	public
org.tomitribe.sheldon.cdi.TerminalSessionContext.destroy()	CtMethodImpl	public
org.tomitribe.sheldon.ssh.ArgumentsParser.Seq	CtClassImpl	public
org.tomitribe.sheldon.corejava.RuntimeBean.threads()	CtMethodImpl	public
org.tomitribe.sheldon.commands.CrestCommands.destroy()	CtMethodImpl	public
org.superbiz.SystemPropertiesBean()	CtConstructorImpl	public
org.tomitribe.sheldon.authenticator.WorkSecurityContext.isAuthenticated()	CtMethodImpl	public
org.tomitribe.sheldon.adapter.CommandActivationSpec.getBeanClass()	CtMethodImpl	public
org.tomitribe.sheldon.adapter.CommandResourceAdapter.sshPort	CtFieldReferenceImpl	private
org.tomitribe.sheldon.ssh.ConsoleEnvironment.services	CtFieldReferenceImpl	private
org.tomitribe.sheldon.util.Scratch.ImportantNumbers.toNext	CtFieldReferenceImpl	private
org.tomitribe.sheldon.util.Scratch()	CtConstructorImpl	public
org.tomitribe.sheldon.util.BottlesOfBeer.run()	CtMethodImpl	public
org.tomitribe.sheldon.util.Scratch.ToUpperCase.fromPrevious	CtFieldReferenceImpl	private
org.tomitribe.sheldon.adapter.CommandResourceAdapter.stop()	CtMethodImpl	public
org.tomitribe.sheldon.cdi.TerminalSessionContext.getScope()	CtMethodImpl	public
org.tomitribe.sheldon.corejava.RuntimeBean	CtClassImpl	public
org.tomitribe.sheldon.adapter.CommandResourceAdapter.EndpointTarget	CtClassImpl	private
org.tomitribe.sheldon.util.Scratch.Section	CtClassImpl	public
org.tomitribe.sheldon.authenticator.AuthenticateWork.isAuthenticated()	CtMethodImpl	public
org.tomitribe.sheldon.cdi.TerminalState.destroy()	CtMethodImpl	public
org.tomitribe.sheldon.commands.CrestCommands.setInputStream(java.io.InputStream)	CtMethodImpl	public
org.tomitribe.sheldon.adapter.CommandResourceAdapter.EndpointTarget.commands	CtFieldReferenceImpl	private
org.tomitribe.sheldon.commands.CrestCommands	CtClassImpl	public
org.tomitribe.sheldon.util.Scratch.Section.previous	CtFieldReferenceImpl	private
org.tomitribe.sheldon.ssh.SshdServer.KEY_NAME	CtFieldReferenceImpl	private
org.superbiz.SystemBean.properties()	CtMethodImpl	public
org.tomitribe.sheldon.commands.CrestCommands.thread	CtFieldReferenceImpl	private
org.tomitribe.sheldon.ssh.ArgumentsParser.inSingleQuotes()	CtMethodImpl	private
org.superbiz.UserBean()	CtConstructorImpl	public
org.superbiz.RuntimeBean.gc()	CtMethodImpl	public
org.tomitribe.sheldon.commands.factories.CrestComandsFactory.create()	CtMethodImpl	public
org.tomitribe.sheldon.ssh.ConsoleSession.prompt	CtFieldReferenceImpl	private
org.tomitribe.sheldon.ssh.TtyCodes.TTY_BG_GREEN	CtFieldReferenceImpl	public
org.tomitribe.sheldon.util.Scratch.BottlesOfBeer.toNext	CtFieldReferenceImpl	private
org.tomitribe.sheldon.cdi.TerminalSessionContext(javax.enterprise.inject.spi.BeanManager)	CtConstructorImpl	public
org.tomitribe.sheldon.cdi.TerminalSessionContext.1	CtClassImpl	package-private
org.tomitribe.sheldon.util.ImportantNumbers.run()	CtMethodImpl	public
org.tomitribe.sheldon.ssh.TtyCodes.TTY_RESET	CtFieldReferenceImpl	public
org.tomitribe.sheldon.util.Scratch	CtClassImpl	public
org.tomitribe.sheldon.adapter.CommandResourceAdapter.workManager	CtFieldReferenceImpl	private
org.tomitribe.sheldon.ssh.ArgumentsParser.isSeparator(char)	CtMethodImpl	private
org.tomitribe.sheldon.util.Scratch.main(java.lang.String[])	CtMethodImpl	public
org.tomitribe.sheldon.util.Scratch$ToUpperCase(java.io.InputStream,java.io.PrintStream)	CtConstructorImpl	public
org.tomitribe.sheldon.commands.CrestCommands.1	CtClassImpl	package-private
org.tomitribe.sheldon.corejava.SystemPropertiesBean.osName()	CtMethodImpl	public
org.tomitribe.sheldon.cdi.ScopedInstance.getBean()	CtMethodImpl	public
org.tomitribe.sheldon.ssh.SshdServer.sshServer	CtFieldReferenceImpl	private
org.tomitribe.sheldon.ssh.ConsoleEnvironment.getError()	CtMethodImpl	public
org.tomitribe.sheldon.commands.CrestCommands.start(org.apache.sshd.server.Environment)	CtMethodImpl	public
org.tomitribe.sheldon.cdi.TerminalSessionContext.logger	CtFieldReferenceImpl	private
org.tomitribe.sheldon.commands.CrestCommands.in	CtFieldReferenceImpl	private
org.tomitribe.sheldon.corejava.RuntimeBean()	CtConstructorImpl	public
org.tomitribe.sheldon.ssh.Arguments.get()	CtMethodImpl	public
org.tomitribe.sheldon.ssh.ArgumentsParser.parseArgs()	CtMethodImpl	public
org.tomitribe.sheldon.ssh.ConsoleEnvironment.getProperties()	CtMethodImpl	public
org.tomitribe.sheldon.authenticator.WorkSecurityContext	CtClassImpl	public
org.tomitribe.sheldon.authenticator.PasswordAuthenticatorImpl.securityHandler	CtFieldReferenceImpl	private
org.tomitribe.sheldon.ssh.BuildIn	CtClassImpl	public
org.tomitribe.sheldon.ssh.TtyCodes.TTY_REVERSE	CtFieldReferenceImpl	public
org.tomitribe.sheldon.ssh.SshdServer.CREDENTIAL	CtFieldReferenceImpl	public
org.tomitribe.sheldon.ssh.ArgumentsParser.commands	CtFieldReferenceImpl	package-private
org.tomitribe.sheldon.ssh.ConsoleSession.doSession(java.io.InputStream,java.io.OutputStream)	CtMethodImpl	public
org.tomitribe.sheldon.authenticator.AuthenticateWork.getWorkContexts()	CtMethodImpl	public
org.tomitribe.sheldon.ssh.ConsoleEnvironment.getInput()	CtMethodImpl	public
org.tomitribe.sheldon.adapter.RunnableWork.workContexts	CtFieldReferenceImpl	private
org.tomitribe.sheldon.commands.factories.CrestComandsFactory.contextRunnable	CtFieldReferenceImpl	private
org.tomitribe.sheldon.util.Scratch.BottlesOfBeer.fromPrevious	CtFieldReferenceImpl	private
org.superbiz.RuntimeBean.freeMemory(org.tomitribe.util.SizeUnit)	CtMethodImpl	public
org.tomitribe.sheldon.adapter.CommandResourceAdapter.session	CtFieldReferenceImpl	private
org.tomitribe.sheldon.commands.CrestCommands.err	CtFieldReferenceImpl	private
org.tomitribe.sheldon.ssh.BuildIn.exit()	CtMethodImpl	public
org.tomitribe.sheldon.commands.CrestCommands.setErrorStream(java.io.OutputStream)	CtMethodImpl	public
org.tomitribe.sheldon.corejava.SystemPropertiesBean	CtClassImpl	public
org.tomitribe.sheldon.adapter.CommandResourceAdapter.EndpointTarget.messageEndpoint	CtFieldReferenceImpl	private
org.tomitribe.sheldon.cdi.ScopedInstance.getCreationalContext()	CtMethodImpl	public
org.tomitribe.sheldon.ssh.ArgumentsParser.inDoubleQuotes()	CtMethodImpl	private
org.tomitribe.sheldon.adapter.CommandResourceAdapter.targets	CtFieldReferenceImpl	package-private
org.tomitribe.sheldon.authenticator.AuthenticateWork.authenticated	CtFieldReferenceImpl	private
org.tomitribe.sheldon.ssh.TtyCodes.TTY_FG_YELLOW	CtFieldReferenceImpl	public
org.tomitribe.sheldon.util.Scratch$Translator(java.io.InputStream,java.io.PrintStream)	CtConstructorImpl	public
org.tomitribe.sheldon.util.Scratch.Translator.fromPrevious	CtFieldReferenceImpl	private
org.superbiz.FunBean	CtClassImpl	public
org.tomitribe.sheldon.adapter.CommandActivationSpec.getResourceAdapter()	CtMethodImpl	public
org.tomitribe.sheldon.commands.factories.CrestComandsFactory	CtClassImpl	public
org.tomitribe.sheldon.ssh.ArgumentsParser.EOF	CtFieldReferenceImpl	private
org.tomitribe.sheldon.cdi.TerminalSessionContext.TerminalState.id	CtFieldReferenceImpl	private
org.tomitribe.sheldon.ssh.ConsoleSession.main	CtFieldReferenceImpl	private
org.tomitribe.sheldon.ssh.Arguments.args	CtFieldReferenceImpl	private
org.tomitribe.sheldon.ssh.CommandCompleter.main	CtFieldReferenceImpl	private
org.tomitribe.sheldon.adapter.CommandActivationSpec.setResourceAdapter(javax.resource.spi.ResourceAdapter)	CtMethodImpl	public
org.tomitribe.sheldon.ssh.ConsoleSession(org.tomitribe.crest.Main,java.lang.String)	CtConstructorImpl	public
org.tomitribe.sheldon.ssh.ConsoleSession.handleUserInput(java.lang.String,java.io.InputStream,java.io.OutputStream)	CtMethodImpl	private
org.superbiz.RuntimeBean.maxMemory(org.tomitribe.util.SizeUnit)	CtMethodImpl	public
org.tomitribe.sheldon.ssh.Arguments(java.lang.String[])	CtConstructorImpl	package-private
org.tomitribe.sheldon.authenticator.AuthenticateWork.run()	CtMethodImpl	public
org.tomitribe.sheldon.authenticator.PasswordAuthenticatorImpl	CtClassImpl	public
org.tomitribe.sheldon.adapter.CommandResourceAdapter.setSshPort(java.lang.Integer)	CtMethodImpl	public
org.tomitribe.sheldon.ssh.TtyCodes.TTY_FG_MAGENTA	CtFieldReferenceImpl	public
org.tomitribe.sheldon.authenticator.WorkSecurityContext.setupSecurityContext(javax.security.auth.callback.CallbackHandler,javax.security.auth.Subject,javax.security.auth.Subject)	CtMethodImpl	public
org.tomitribe.sheldon.commands.CrestCommands(org.tomitribe.sheldon.ssh.ConsoleSession,org.tomitribe.sheldon.adapter.SecurityHandler)	CtConstructorImpl	public
javax.resource.spi.work.SecurityContext.serialVersionUID	CtFieldReferenceImpl	private
org.tomitribe.sheldon.util.Utils.isWin()	CtMethodImpl	public
org.superbiz.SystemPropertiesBean.dir()	CtMethodImpl	public
org.tomitribe.sheldon.adapter.CommandResourceAdapter.sshdServer	CtFieldReferenceImpl	private
org.tomitribe.sheldon.ssh.ArgumentsParser$Seq()	CtConstructorImpl	public
org.tomitribe.sheldon.cdi.TerminalSessionExtension	CtClassImpl	public
org.tomitribe.sheldon.corejava.SystemPropertiesBean.home(java.io.File)	CtMethodImpl	public
org.tomitribe.sheldon.ssh.ArgumentsParser.continueBare()	CtMethodImpl	private
org.tomitribe.sheldon.authenticator.PasswordAuthenticatorImpl.authenticate(java.lang.String,java.lang.String,org.apache.sshd.server.session.ServerSession)	CtMethodImpl	public
org.tomitribe.sheldon.util.Scratch.Translator.toNext	CtFieldReferenceImpl	private
org.tomitribe.sheldon.authenticator.AuthenticateWork	CtClassImpl	public
org.tomitribe.sheldon.util.Scratch.Section.future	CtFieldReferenceImpl	private
org.tomitribe.sheldon.ssh.ArgumentsParser.flush()	CtMethodImpl	public
org.tomitribe.sheldon.util.Scratch.Section.pipe	CtFieldReferenceImpl	private
org.tomitribe.sheldon.ssh.StopException(java.lang.Throwable)	CtConstructorImpl	public
org.tomitribe.sheldon.adapter.CommandResourceAdapter()	CtConstructorImpl	public
org.tomitribe.sheldon.cdi.TerminalSessionContext.ScopedInstance.creationalContext	CtFieldReferenceImpl	private
org.superbiz.SystemBean()	CtConstructorImpl	public
org.tomitribe.sheldon.adapter.RunnableWork.getSecurityContext()	CtMethodImpl	private
org.tomitribe.sheldon.cdi.TerminalSessionContext$TerminalState()	CtConstructorImpl	public
org.tomitribe.sheldon.commands.CrestCommands.run()	CtMethodImpl	public
org.tomitribe.sheldon.ssh.TtyCodes.TTY_BG_BLUE	CtFieldReferenceImpl	public
org.tomitribe.sheldon.ssh.TtyCodes.TTY_BG_WHITE	CtFieldReferenceImpl	public
org.tomitribe.sheldon.corejava.SystemPropertiesBean.dir(java.io.File)	CtMethodImpl	public
org.tomitribe.sheldon.adapter.CommandResourceAdapter.endpointActivation(javax.resource.spi.endpoint.MessageEndpointFactory,javax.resource.spi.ActivationSpec)	CtMethodImpl	public
org.tomitribe.sheldon.adapter.CommandActivationSpec.resourceAdapter	CtFieldReferenceImpl	private
org.tomitribe.sheldon.adapter.NotAuthenticatedException	CtClassImpl	public
org.tomitribe.sheldon.ssh.TtyCodes.TTY_BG_CYAN	CtFieldReferenceImpl	public
org.tomitribe.sheldon.ssh.Seq.states()	CtMethodImpl	public
org.tomitribe.sheldon.cdi.TerminalSessionContext.get(javax.enterprise.context.spi.Contextual<T>)	CtMethodImpl	public
org.tomitribe.sheldon.cdi.TerminalSessionContext.TerminalState.1	CtClassImpl	package-private
org.tomitribe.sheldon.authenticator.WorkSecurityContext.username	CtFieldReferenceImpl	private
org.tomitribe.sheldon.ssh.Credential.getValue()	CtMethodImpl	public
org.tomitribe.sheldon.authenticator.WorkSecurityContext(java.lang.String,java.lang.String)	CtConstructorImpl	public
