method	type	visibility
regexodus.Pattern.tokenizer(char[],int,int)	CtMethodImpl	public
regexodus.CharacterClass.NONHSPACE	CtFieldReferenceImpl	private
regexodus.PerlSubstitution.IntRefHandler	CtClassImpl	private
regexodus.Pattern.startsWith(java.lang.String)	CtMethodImpl	public
regexodus.SearchEntry.MState.index	CtFieldReferenceImpl	package-private
regexodus.ds.CharCharMap.isEmpty()	CtMethodImpl	public
regexodus.PerlSubstitution$Element()	CtConstructorImpl	private
regexodus.Term.DEPTH	CtFieldReferenceImpl	private
regexodus.Category.contents()	CtMethodImpl	public
regexodus.Term.CNT_GT_EQ	CtFieldReferenceImpl	package-private
regexodus.Pattern.root0	CtFieldReferenceImpl	package-private
regexodus.ds.IntBitSet.andNot(regexodus.ds.IntBitSet)	CtMethodImpl	public
regexodus.Pattern.matcher()	CtMethodImpl	public
regexodus.SearchEntry.CState.prev	CtFieldReferenceImpl	package-private
regexodus.Matcher.compareRegionsI(char[],int,int,int,int)	CtMethodImpl	private
regexodus.Matcher.serialVersionUID	CtFieldReferenceImpl	private
regexodus.ds.CharCharMap(regexodus.ds.CharCharMap)	CtConstructorImpl	public
regexodus.Replacer.TableSubstitution.dictionary	CtFieldReferenceImpl	package-private
regexodus.Matcher.compareRegionsReverse(char[],int,int,int,int,boolean,boolean)	CtMethodImpl	private
regexodus.Category.cal	CtFieldReferenceImpl	private
regexodus.ds.IntBitSet.xor(regexodus.ds.IntBitSet)	CtMethodImpl	public
regexodus.CharacterClass.NONVSPACE	CtFieldReferenceImpl	private
regexodus.Term.makeGreedyStar(int[],regexodus.Term,java.util.ArrayList<regexodus.TermIterator>)	CtMethodImpl	private
regexodus.Pretokenizer.COMMENT	CtFieldReferenceImpl	package-private
regexodus.ds.IntBitSet.equals(java.lang.Object)	CtMethodImpl	public
regexodus.Term.instanceNum	CtFieldReferenceImpl	private
regexodus.Block.set(int)	CtMethodImpl	package-private
regexodus.ds.CharCharMap.setLoadFactor(float)	CtMethodImpl	public
regexodus.Block.add(regexodus.Block,regexodus.Block,boolean)	CtMethodImpl	private
regexodus.Category.upper	CtFieldReferenceImpl	private
regexodus.Pattern.toString_d()	CtMethodImpl	public
regexodus.RETokenizer(regexodus.Pattern,java.io.Reader,int)	CtConstructorImpl	public
regexodus.Matcher.replaceAll(regexodus.Substitution)	CtMethodImpl	public
regexodus.Term.termLookup(int)	CtMethodImpl	package-private
regexodus.Pretokenizer.CLASS_GROUP	CtFieldReferenceImpl	package-private
regexodus.RETokenizer.pos	CtFieldReferenceImpl	private
regexodus.Category.Mc	CtFieldReferenceImpl	public
regexodus.Replacer.setSubstitution(java.lang.String)	CtMethodImpl	public
regexodus.Optimizer.find(regexodus.Term)	CtMethodImpl	package-private
regexodus.ChanceSubstitution.queueEntry	CtFieldReferenceImpl	private
regexodus.Replacer.StringBufferBuffer.serialVersionUID	CtFieldImpl	private
regexodus.Replacer(regexodus.Pattern,java.lang.String)	CtConstructorImpl	public
regexodus.CharacterClass.parseClass(char[],int,int,regexodus.Term,boolean,boolean,boolean,boolean)	CtMethodImpl	package-private
regexodus.Term.lookaheadId	CtFieldReferenceImpl	package-private
regexodus.IntRefHandler.equals(java.lang.Object)	CtMethodImpl	public
regexodus.CharacterClass.makeHSpace(regexodus.Term,boolean,boolean)	CtMethodImpl	package-private
regexodus.Term.END_EOL	CtFieldReferenceImpl	package-private
regexodus.Block.EMPTY_BITS	CtFieldReferenceImpl	private
regexodus.Replacer.replace(regexodus.MatchResult,int)	CtMethodImpl	public
regexodus.FindBack(regexodus.Term,int,int,regexodus.Term)	CtConstructorImpl	package-private
regexodus.Pretokenizer.next()	CtMethodImpl	package-private
regexodus.ds.IntBitSet.get(int,int)	CtMethodImpl	public
regexodus.CharacterClass.parseClass(char[],int,int,regexodus.BlockSet,boolean,boolean,boolean,boolean)	CtMethodImpl	private
regexodus.PerlSubstitution.queueEntry	CtFieldReferenceImpl	private
regexodus.StringBuilderBuffer.append(char[],int,int)	CtMethodImpl	public
regexodus.Term.INDEPENDENT_IN	CtFieldReferenceImpl	package-private
regexodus.Lookbehind	CtClassImpl	package-private
regexodus.RETokenizer.next()	CtMethodImpl	public
regexodus.BlockSet.setRange(char,char)	CtMethodImpl	package-private
regexodus.SearchEntry.mCurrent	CtFieldReferenceImpl	private
regexodus.Category.lower	CtFieldReferenceImpl	private
regexodus.MatchResult.PREFIX	CtFieldReferenceImpl	public
regexodus.Matcher.groups()	CtMethodImpl	public
regexodus.Matcher.getGroup(java.lang.String,regexodus.TextBuffer)	CtMethodImpl	public
regexodus.Term.cntreg	CtFieldReferenceImpl	package-private
regexodus.Block.bits	CtFieldReferenceImpl	private
regexodus.TermIterator.optimize()	CtMethodImpl	package-private
regexodus.Pattern.counters	CtFieldReferenceImpl	package-private
regexodus.Pattern.serializeToString()	CtMethodImpl	public
regexodus.BlockSet.isLarge	CtFieldReferenceImpl	private
regexodus.Term.REPEAT_0_INF	CtFieldReferenceImpl	package-private
regexodus.SearchEntry()	CtConstructorImpl	package-private
regexodus.Matcher.group(java.lang.String)	CtMethodImpl	public
regexodus.Term.makeLazyStar(int[],regexodus.Term)	CtMethodImpl	private
regexodus.Replacer.replace(regexodus.Matcher,regexodus.Substitution,java.io.Writer)	CtMethodImpl	private
regexodus.Pattern.groupId(java.lang.String)	CtMethodImpl	public
regexodus.Category.No	CtFieldReferenceImpl	public
regexodus.UnicodeConstants.CATEGORY_COUNT	CtFieldReferenceImpl	public
regexodus.Block.count(regexodus.ds.IntBitSet,int,int)	CtMethodImpl	private
regexodus.ChanceSubstitution.MODE_REVERSE	CtFieldReferenceImpl	package-private
regexodus.Term.makeLazyLimits(int[],regexodus.Term,int[])	CtMethodImpl	private
regexodus.ds.CharCharMap.toString(java.lang.String)	CtMethodImpl	public
regexodus.MemReg.serialVersionUID	CtFieldReferenceImpl	private
regexodus.Replacer.WriteException	CtClassImpl	private
regexodus.Matcher.memregCount	CtFieldReferenceImpl	private
regexodus.Block.toBitset2(regexodus.Block[])	CtMethodImpl	package-private
regexodus.Matcher.length(int)	CtMethodImpl	public
regexodus.Matcher.targetChars()	CtMethodImpl	public
regexodus.Replacer.replace(regexodus.MatchResult,java.lang.String,java.io.Writer)	CtMethodImpl	public
regexodus.Matcher.getGroup(int,java.lang.StringBuilder)	CtMethodImpl	public
regexodus.ds.IntBitSet(int[])	CtConstructorImpl	public
regexodus.Pretokenizer	CtClassImpl	package-private
regexodus.ds.CharCharMap.ensureCapacity(int)	CtMethodImpl	public
regexodus.ChanceSubstitution.groupRef	CtFieldReferenceImpl	private
regexodus.Term.NLOOKBEHIND_OUT	CtFieldReferenceImpl	package-private
regexodus.Replacer.pattern	CtFieldReferenceImpl	private
regexodus.Matcher.first	CtFieldReferenceImpl	private
regexodus.Term.LAST_TRANSPARENT	CtFieldReferenceImpl	package-private
regexodus.Replacer.makeTable(java.lang.String[])	CtMethodImpl	public
regexodus.RETokenizer.isEmptyEnabled()	CtMethodImpl	public
regexodus.Find(regexodus.Term,int,regexodus.Term)	CtConstructorImpl	package-private
regexodus.SearchEntry.index	CtFieldReferenceImpl	package-private
regexodus.SearchEntry	CtClassImpl	package-private
regexodus.RETokenizer	CtClassImpl	public
regexodus.ds.CharCharMap.defaultReturnValue	CtFieldReferenceImpl	public
regexodus.StringRefHandler.hashCode()	CtMethodImpl	public
regexodus.Pretokenizer.ttype	CtFieldReferenceImpl	package-private
regexodus.ds.IntBitSet.set(int)	CtMethodImpl	public
regexodus.Matcher.group()	CtMethodImpl	public
regexodus.RETokenizer.endReached	CtFieldReferenceImpl	private
regexodus.ds.CharCharMap.toString(java.lang.String,boolean)	CtMethodImpl	protected
regexodus.ds.CharCharMap.Entry.value	CtFieldReferenceImpl	public
regexodus.BlockSet.add(regexodus.ds.IntBitSet,regexodus.ds.IntBitSet,int,int,boolean)	CtMethodImpl	package-private
regexodus.CharacterClass.UVSPACE	CtFieldReferenceImpl	private
regexodus.Matcher.find(char[],int,int,regexodus.Term)	CtMethodImpl	private
regexodus.PatternSyntaxException(java.lang.String)	CtConstructorImpl	public
regexodus.ChanceSubstitution$PlainElement(java.lang.String)	CtConstructorImpl	package-private
regexodus.SearchEntry.MState	CtClassImpl	private
regexodus.Pattern(java.lang.String,java.lang.String)	CtConstructorImpl	public
regexodus.StringBufferBuffer.append(char[],int,int)	CtMethodImpl	public
regexodus.ChanceSubstitution.ESC_ID	CtFieldReferenceImpl	private
regexodus.Category.upperToLower	CtFieldReferenceImpl	private
regexodus.StringBufferBuffer.append(char)	CtMethodImpl	public
regexodus.ds.IntBitSet.set(int,boolean)	CtMethodImpl	public
regexodus.Replacer.replace(java.lang.CharSequence,java.lang.StringBuilder)	CtMethodImpl	public
regexodus.ds.IntBitSet.intersects(regexodus.ds.IntBitSet)	CtMethodImpl	public
regexodus.PlainElement.hashCode()	CtMethodImpl	public
regexodus.CharacterClass.DIGIT	CtFieldReferenceImpl	private
regexodus.RETokenizer.hasMore()	CtMethodImpl	private
regexodus.CharacterClass.UHSPACE	CtFieldReferenceImpl	private
regexodus.Pretokenizer.POS_LOOKAHEAD	CtFieldReferenceImpl	package-private
regexodus.ds.CharCharMap.size	CtFieldReferenceImpl	protected
regexodus.PerlSubstitution.MODE_INSENSITIVE	CtFieldReferenceImpl	public
regexodus.UnicodeConstants.Pc	CtFieldReferenceImpl	public
regexodus.BlockSet.set(regexodus.ds.IntBitSet,int,int)	CtMethodImpl	private
regexodus.Pattern.compile(java.lang.String,int)	CtMethodImpl	public
regexodus.Term.MEMREG_CONDITION	CtFieldReferenceImpl	package-private
regexodus.ConditionalExpr(regexodus.Lookbehind)	CtConstructorImpl	package-private
regexodus.CharacterClass.makeWordBoundary(regexodus.Term,boolean,boolean)	CtMethodImpl	package-private
regexodus.UnicodeConstants.Sk	CtFieldReferenceImpl	public
regexodus.ds.IntBitSet.data	CtFieldReferenceImpl	private
regexodus.SearchEntry.term	CtFieldReferenceImpl	package-private
regexodus.UnicodeConstants.So	CtFieldReferenceImpl	public
regexodus.ChanceSubstitution.NAME_ID	CtFieldReferenceImpl	private
regexodus.BlockSet.setChar(char)	CtMethodImpl	package-private
regexodus.ConditionalExpr(int)	CtConstructorImpl	package-private
regexodus.Category.Cn	CtFieldReferenceImpl	public
regexodus.Replacer.makeTable(java.util.Map<java.lang.String, java.lang.String>)	CtMethodImpl	public
regexodus.Category.superCategories	CtFieldReferenceImpl	public
regexodus.Matcher.1.hasMore	CtFieldReferenceImpl	private
regexodus.ds.IntBitSet.clear()	CtMethodImpl	public
regexodus.ChanceSubstitution.MODE_ID	CtFieldReferenceImpl	private
regexodus.Replacer.replace(regexodus.MatchResult,int,java.io.Writer)	CtMethodImpl	public
regexodus.CharacterClass.namedClasses	CtFieldReferenceImpl	private
regexodus.Pretokenizer.offset	CtFieldReferenceImpl	private
regexodus.Replacer.StringBuilderBuffer.serialVersionUID	CtFieldReferenceImpl	private
regexodus.Matcher.charAt(int,int)	CtMethodImpl	public
regexodus.Lookahead.equals(java.lang.Object)	CtMethodImpl	public
regexodus.CharacterClass.parseGroup(char[],int,int,regexodus.Term,boolean,boolean,boolean,boolean)	CtMethodImpl	package-private
regexodus.Category.Zl	CtFieldReferenceImpl	public
regexodus.CharacterClass.initPosixClasses()	CtMethodImpl	private
regexodus.PerlSubstitution.PlainElement.str	CtFieldReferenceImpl	private
regexodus.Term.maxCount	CtFieldReferenceImpl	package-private
regexodus.CharacterClass.makeVSpace(regexodus.Term,boolean,boolean)	CtMethodImpl	package-private
regexodus.Lookahead	CtClassImpl	package-private
regexodus.ds.IntBitSet.negate()	CtMethodImpl	public
regexodus.ds.IntBitSet.copy()	CtMethodImpl	public
regexodus.IntRefHandler.hashCode()	CtMethodImpl	public
regexodus.MemReg.out	CtFieldReferenceImpl	package-private
regexodus.Term.BRANCH_STORE_CNT	CtFieldReferenceImpl	package-private
regexodus.Matcher.findBack(char[],int,int,regexodus.Term)	CtMethodImpl	private
regexodus.Pretokenizer.FLAGS	CtFieldReferenceImpl	package-private
regexodus.PerlSubstitution.StringRefHandler.index	CtFieldReferenceImpl	private
regexodus.ds.CharCharMap.loadFactor	CtFieldReferenceImpl	protected
regexodus.Matcher.getGroup(java.lang.String,java.lang.StringBuilder,int)	CtMethodImpl	public
regexodus.Term.START	CtFieldReferenceImpl	package-private
regexodus.Category.openBrackets	CtFieldReferenceImpl	private
regexodus.IntRefHandler.append(regexodus.MatchResult,regexodus.TextBuffer,boolean)	CtMethodImpl	package-private
regexodus.Matcher.find()	CtMethodImpl	public
regexodus.Replacer(regexodus.Pattern,regexodus.Substitution)	CtConstructorImpl	public
regexodus.Category.hashCode()	CtMethodImpl	public
regexodus.Replacer(regexodus.Pattern,java.lang.String,boolean)	CtConstructorImpl	public
regexodus.Matcher.search(int)	CtMethodImpl	public
regexodus.ds.CharCharMap.place(char)	CtMethodImpl	protected
regexodus.Pretokenizer.tOffset	CtFieldReferenceImpl	package-private
regexodus.UnicodeConstants.Nl	CtFieldReferenceImpl	public
regexodus.CharacterClass.NONDIGIT	CtFieldReferenceImpl	private
regexodus.Replacer$StringBufferBuffer(java.lang.StringBuffer)	CtConstructorImpl	public
regexodus.Block.subtract(regexodus.Block[],regexodus.Block[],int,int,boolean)	CtMethodImpl	package-private
regexodus.LAEntry.index	CtFieldReferenceImpl	package-private
regexodus.Matcher.counterCount	CtFieldReferenceImpl	private
regexodus.ds.IntBitSet.nextClearBit(int)	CtMethodImpl	public
regexodus.Category.Me	CtFieldReferenceImpl	public
regexodus.Term.FIRST_TRANSPARENT	CtFieldReferenceImpl	package-private
regexodus.REFlags.DOTALL	CtFieldReferenceImpl	public
regexodus.Lookbehind.close()	CtMethodImpl	protected
regexodus.SearchEntry.cCurrent	CtFieldReferenceImpl	private
regexodus.Replacer.replace(java.lang.CharSequence,java.lang.StringBuilder,int)	CtMethodImpl	public
regexodus.ConditionalExpr.newBranchStarted	CtFieldReferenceImpl	private
regexodus.Matcher.memregs	CtFieldReferenceImpl	private
regexodus.Pretokenizer.POS_LOOKBEHIND	CtFieldReferenceImpl	package-private
regexodus.ChanceSubstitution.PlainElement.str	CtFieldReferenceImpl	private
regexodus.ConditionalExpr	CtClassImpl	package-private
regexodus.Matcher.setAll(java.io.Reader)	CtMethodImpl	public
regexodus.SearchEntry.CState	CtClassImpl	private
regexodus.BlockSet.subtract(regexodus.BlockSet)	CtMethodImpl	package-private
regexodus.CharacterClass.SPACE	CtFieldReferenceImpl	private
regexodus.Replacer.TableSubstitution	CtClassImpl	private
regexodus.Term.newBranch()	CtMethodImpl	private
regexodus.Term.ANY_CHAR_NE	CtFieldReferenceImpl	package-private
regexodus.Replacer.replace(regexodus.MatchResult,java.lang.String,java.lang.StringBuilder)	CtMethodImpl	public
regexodus.ChanceSubstitution.StringRefHandler	CtClassImpl	private
regexodus.ds.Entry.hashCode()	CtMethodImpl	public
regexodus.CharacterClass.NONSPACE	CtFieldReferenceImpl	private
regexodus.Term.out1	CtFieldReferenceImpl	package-private
regexodus.Term()	CtConstructorImpl	package-private
regexodus.ds.IntBitSet.size()	CtMethodImpl	public
regexodus.ds.IntBitSet.set(int,int)	CtMethodImpl	public
regexodus.Matcher.equals(java.lang.Object)	CtMethodImpl	public
regexodus.LAEntry.equals(java.lang.Object)	CtMethodImpl	public
regexodus.Matcher.matchesPrefix()	CtMethodImpl	public
regexodus.Category.closers	CtFieldReferenceImpl	private
regexodus.Pattern.flagsAsString()	CtMethodImpl	public
regexodus.MemReg.equals(java.lang.Object)	CtMethodImpl	public
regexodus.MemReg.index	CtFieldReferenceImpl	private
regexodus.Pattern.root	CtFieldReferenceImpl	package-private
regexodus.ds.CharCharMap.hashCode()	CtMethodImpl	public
regexodus.BlockSet.intersect(regexodus.BlockSet)	CtMethodImpl	package-private
regexodus.ds.Entry.setValue(char)	CtMethodImpl	public
regexodus.Pattern.matches(java.lang.String)	CtMethodImpl	public
regexodus.Matcher.prefixBounds	CtFieldReferenceImpl	private
regexodus.UnicodeConstants.BLOCK_COUNT	CtFieldReferenceImpl	public
regexodus.Matcher.counters	CtFieldReferenceImpl	private
regexodus.StringBuilderBuffer.toStringBuilder()	CtMethodImpl	public
regexodus.RETokenizer.collect(regexodus.RETokenizer,java.lang.String[],int)	CtMethodImpl	private
regexodus.SearchEntry.serialVersionUID	CtFieldReferenceImpl	private
regexodus.Term.append(int,int,char[],int[],int[],java.util.ArrayList<regexodus.TermIterator>,java.util.HashMap<java.lang.String, java.lang.Integer>)	CtMethodImpl	private
regexodus.UnicodeConstants.Sc	CtFieldReferenceImpl	public
regexodus.Matcher.targetEnd()	CtMethodImpl	public
regexodus.Matcher.groupCount()	CtMethodImpl	public
regexodus.Term	CtClassImpl	public
regexodus.Term.makeLazyQMark(int[],regexodus.Term)	CtMethodImpl	private
regexodus.Term.UBOUNDARY	CtFieldReferenceImpl	package-private
regexodus.BlockSet.setHorizontalSpace(boolean)	CtMethodImpl	package-private
regexodus.BackReference	CtClassImpl	package-private
regexodus.Pretokenizer.START	CtFieldReferenceImpl	private
regexodus.ChanceSubstitution.toString()	CtMethodImpl	public
regexodus.Term.PLOOKAHEAD_OUT	CtFieldReferenceImpl	package-private
regexodus.BlockSet.block0	CtFieldReferenceImpl	private
regexodus.UnicodeConstants.Lo	CtFieldReferenceImpl	public
regexodus.Replacer.replace(java.lang.CharSequence,java.io.Writer)	CtMethodImpl	public
regexodus.Branch.serialVersionUID	CtFieldReferenceImpl	private
regexodus.Replacer.StringBuilderBuffer	CtClassImpl	public
regexodus.SearchEntry.popState(regexodus.SearchEntry,regexodus.MemReg[],int[])	CtMethodImpl	package-private
regexodus.LAEntry.top	CtFieldReferenceImpl	package-private
regexodus.Matcher.lookaheadCount	CtFieldReferenceImpl	private
regexodus.Optimizer	CtClassImpl	package-private
regexodus.IndependentGroup(int)	CtConstructorImpl	package-private
regexodus.Branch(int)	CtConstructorImpl	package-private
regexodus.Matcher.group(int)	CtMethodImpl	public
regexodus.PerlSubstitution.Element	CtClassImpl	private
regexodus.PerlSubstitution	CtClassImpl	public
regexodus.Term.BITSET2	CtFieldReferenceImpl	package-private
regexodus.ds.CharCharMap.replace(char,char)	CtMethodImpl	public
regexodus.Matcher.repeat(char[],int,int,regexodus.Term)	CtMethodImpl	private
regexodus.PerlSubstitution.parseModes(java.lang.String)	CtMethodImpl	public
regexodus.CharacterClass.UNONHSPACE	CtFieldReferenceImpl	private
regexodus.CharacterClass.UNONVSPACE	CtFieldReferenceImpl	private
regexodus.SearchEntry.CState.value	CtFieldReferenceImpl	package-private
regexodus.BackReference(int,boolean,boolean,boolean,boolean)	CtConstructorImpl	package-private
regexodus.PerlSubstitution$IntRefHandler(java.lang.String,java.lang.Integer,int)	CtConstructorImpl	package-private
regexodus.CharacterClass.makeWordEnd(regexodus.Term,boolean)	CtMethodImpl	package-private
regexodus.Matcher.findAll(int)	CtMethodImpl	public
regexodus.SearchEntry.sub	CtFieldReferenceImpl	package-private
regexodus.ds.Entry.equals(java.lang.Object)	CtMethodImpl	public
regexodus.CharacterClass.printRealm(java.util.ArrayList<java.lang.String>,java.lang.String)	CtMethodImpl	private
regexodus.Term.LOOKBEHIND_CONDITION_IN	CtFieldReferenceImpl	package-private
regexodus.RETokenizer(regexodus.Matcher,boolean)	CtConstructorImpl	private
regexodus.Block.FULL_BITS	CtFieldReferenceImpl	private
regexodus.Term.categoryBitset	CtFieldReferenceImpl	private
regexodus.Category.N	CtFieldReferenceImpl	public
regexodus.Lookbehind.isPositive	CtFieldReferenceImpl	package-private
regexodus.ds.CharCharMap.clear(int)	CtMethodImpl	public
regexodus.FindBack	CtClassImpl	package-private
regexodus.SearchEntry.MState.out	CtFieldReferenceImpl	package-private
regexodus.RETokenizer.hasToken	CtFieldReferenceImpl	private
regexodus.Category.matchBracket(char)	CtMethodImpl	public
regexodus.Category.Pd	CtFieldReferenceImpl	public
regexodus.CharacterClass.registerClass(java.lang.String,regexodus.BlockSet,java.util.ArrayList<java.lang.String>)	CtMethodImpl	private
regexodus.UnicodeConstants.Ps	CtFieldReferenceImpl	public
regexodus.Matcher()	CtConstructorImpl	private
regexodus.BlockSet.getWeight()	CtMethodImpl	private
regexodus.ConditionalExpr.hashCode()	CtMethodImpl	public
regexodus.ds.CharCharMap(int,float)	CtConstructorImpl	public
regexodus.PerlSubstitution.serialVersionUID	CtFieldReferenceImpl	private
regexodus.Category.openers	CtFieldReferenceImpl	private
regexodus.LAEntry.serialVersionUID	CtFieldReferenceImpl	private
regexodus.RETokenizer.equals(java.lang.Object)	CtMethodImpl	public
regexodus.MatchResult.SUFFIX	CtFieldReferenceImpl	public
regexodus.Matcher.wEnd	CtFieldReferenceImpl	private
regexodus.Replacer.toString()	CtMethodImpl	public
regexodus.Pattern(java.lang.String)	CtConstructorImpl	public
regexodus.Term.mode_insensitive	CtFieldReferenceImpl	package-private
regexodus.CharacterClass.unicodeBlocks	CtFieldReferenceImpl	private
regexodus.Term.GROUP_OUT	CtFieldReferenceImpl	package-private
regexodus.Term.bitset2	CtFieldReferenceImpl	package-private
regexodus.Category.P	CtFieldReferenceImpl	public
regexodus.Matcher.bounds(int)	CtMethodImpl	private
regexodus.Term.type	CtFieldReferenceImpl	package-private
regexodus.Pattern.matcher(java.io.Reader,int)	CtMethodImpl	public
regexodus.Category.Pf	CtFieldReferenceImpl	public
regexodus.Pattern.getFlag(char)	CtMethodImpl	private
regexodus.Optimizer.equals(java.lang.Object)	CtMethodImpl	public
regexodus.ConditionalExpr.serialVersionUID	CtFieldReferenceImpl	private
regexodus.BlockSet	CtClassImpl	package-private
regexodus.UnicodeConstants.Co	CtFieldReferenceImpl	public
regexodus.CharacterClass.b0	CtFieldReferenceImpl	private
regexodus.Matcher.find(int)	CtMethodImpl	public
regexodus.Matcher.findReg(char[],int,int,int,regexodus.Term,int)	CtMethodImpl	private
regexodus.BlockSet.setVerticalSpace(boolean)	CtMethodImpl	package-private
regexodus.Category.makeBlocks()	CtMethodImpl	private
regexodus.CharacterClass.parseName(char[],int,int,java.lang.StringBuilder,boolean)	CtMethodImpl	private
regexodus.BlockSet.add(regexodus.BlockSet)	CtMethodImpl	package-private
regexodus.Category.Zp	CtFieldReferenceImpl	public
regexodus.Lookbehind.prevDistance	CtFieldReferenceImpl	private
regexodus.Replacer.replace(char[],int,int,regexodus.TextBuffer)	CtMethodImpl	private
regexodus.Replacer.setPattern(regexodus.Pattern)	CtMethodImpl	public
regexodus.Replacer.StringBuilderBuffer.sb	CtFieldReferenceImpl	public
regexodus.Lookahead.isPositive	CtFieldReferenceImpl	package-private
regexodus.Group	CtClassImpl	package-private
regexodus.Matcher.compareRegions(char[],int,int,int,int,regexodus.Term)	CtMethodImpl	private
regexodus.ds.CharCharMap.remove(char)	CtMethodImpl	public
regexodus.Category.Cc	CtFieldReferenceImpl	public
regexodus.Replacer.setSubstitution(regexodus.Substitution)	CtMethodImpl	public
regexodus.SearchEntry.hashCode()	CtMethodImpl	public
regexodus.ds.Entry.getKey()	CtMethodImpl	public
regexodus.Branch()	CtConstructorImpl	package-private
regexodus.Category.caseDown(char)	CtMethodImpl	public
regexodus.Pretokenizer.END	CtFieldReferenceImpl	package-private
regexodus.Replacer$StringBuilderBuffer(java.lang.StringBuilder)	CtConstructorImpl	public
regexodus.Replacer.replace(regexodus.Matcher,regexodus.Substitution,regexodus.TextBuffer)	CtMethodImpl	public
regexodus.ChanceSubstitution.IntRefHandler	CtClassImpl	private
regexodus.Branch	CtClassImpl	package-private
regexodus.Term.LOOKAHEAD_COUNT	CtFieldReferenceImpl	private
regexodus.Category.Ps	CtFieldReferenceImpl	public
regexodus.Matcher.re	CtFieldReferenceImpl	private
regexodus.Term.BACKTRACK_0	CtFieldReferenceImpl	package-private
regexodus.Replacer.replace(java.lang.CharSequence,regexodus.TextBuffer)	CtMethodImpl	public
regexodus.BlockSet.setDigit(boolean)	CtMethodImpl	package-private
regexodus.BlockSet.setWordChar(boolean)	CtMethodImpl	package-private
regexodus.Pattern.toString()	CtMethodImpl	public
regexodus.Pattern.flags	CtFieldReferenceImpl	private
regexodus.Term.CRSTORE_CRINC	CtFieldReferenceImpl	package-private
regexodus.Pretokenizer.PLAIN_GROUP	CtFieldReferenceImpl	package-private
regexodus.UnicodeConstants.Pd	CtFieldReferenceImpl	public
regexodus.Replacer$StringBuilderBuffer()	CtConstructorImpl	public
regexodus.SearchEntry.regLen	CtFieldReferenceImpl	package-private
regexodus.Block()	CtConstructorImpl	package-private
regexodus.IndependentGroup	CtClassImpl	package-private
regexodus.Term.distance	CtFieldReferenceImpl	package-private
regexodus.PerlSubstitution.Element.prefix	CtFieldReferenceImpl	package-private
regexodus.Replacer.setSubstitution(java.lang.String,boolean)	CtMethodImpl	public
regexodus.Matcher.length()	CtMethodImpl	public
regexodus.TermIterator(regexodus.Term,int,int,java.util.ArrayList<regexodus.TermIterator>)	CtConstructorImpl	package-private
regexodus.Category.equals(java.lang.Object)	CtMethodImpl	public
regexodus.ds.IntBitSet.set(int,int,boolean)	CtMethodImpl	public
regexodus.SearchEntry.cHead	CtFieldReferenceImpl	private
regexodus.Pattern.caseless	CtFieldReferenceImpl	package-private
regexodus.Pretokenizer.NEG_LOOKAHEAD	CtFieldReferenceImpl	package-private
regexodus.ConditionalExpr.startNewBranch()	CtMethodImpl	protected
regexodus.Matcher.setTarget(java.io.Reader,int)	CtMethodImpl	public
regexodus.RETokenizer.emptyTokensEnabled	CtFieldReferenceImpl	private
regexodus.ds.IntBitSet.isEmpty()	CtMethodImpl	public
regexodus.Matcher.1.checked	CtFieldReferenceImpl	private
regexodus.Pattern.parseFlags(java.lang.String)	CtMethodImpl	private
regexodus.Replacer.replaceStep(regexodus.Matcher,regexodus.Substitution,regexodus.TextBuffer)	CtMethodImpl	public
regexodus.UnicodeConstants.Zp	CtFieldReferenceImpl	public
regexodus.Category.Horizontal	CtFieldReferenceImpl	public
regexodus.Matcher.replaceFirst(java.lang.String)	CtMethodImpl	public
regexodus.Category.closingBrackets	CtFieldReferenceImpl	private
regexodus.Term.CR_SET_0	CtFieldReferenceImpl	package-private
regexodus.RETokenizer.setEmptyEnabled(boolean)	CtMethodImpl	public
regexodus.CharacterClass.posixClasses	CtFieldReferenceImpl	private
regexodus.Matcher.skip()	CtMethodImpl	public
regexodus.SearchEntry$MState()	CtConstructorImpl	private
regexodus.Matcher.proceed()	CtMethodImpl	public
regexodus.StringRefHandler.append(regexodus.MatchResult,regexodus.TextBuffer)	CtMethodImpl	package-private
regexodus.Matcher.replaceAmount(java.lang.String,int)	CtMethodImpl	public
regexodus.Term.REG	CtFieldReferenceImpl	package-private
regexodus.Replacer.replace(regexodus.MatchResult,java.lang.String,regexodus.TextBuffer)	CtMethodImpl	private
regexodus.Term.VOID	CtFieldReferenceImpl	package-private
regexodus.Term.makeTree(regexodus.Pretokenizer,char[],int[],int[],regexodus.Term,java.util.ArrayList<regexodus.TermIterator>,java.util.HashMap<java.lang.String, java.lang.Integer>)	CtMethodImpl	private
regexodus.Term.failNext	CtFieldReferenceImpl	package-private
regexodus.UnicodeConstants.Pe	CtFieldReferenceImpl	public
regexodus.Replacer.StringBufferBuffer.sb	CtFieldReferenceImpl	public
regexodus.ds.CharCharMap.size()	CtMethodImpl	public
regexodus.Term.c	CtFieldReferenceImpl	package-private
regexodus.UnicodeConstants.Nd	CtFieldReferenceImpl	public
regexodus.RETokenizer.checked	CtFieldReferenceImpl	private
regexodus.UnicodeConstants.Mn	CtFieldReferenceImpl	public
regexodus.Block.get(int)	CtMethodImpl	package-private
regexodus.Term.linkd(regexodus.Term,regexodus.Term)	CtMethodImpl	private
regexodus.Term.SUCCESS	CtFieldReferenceImpl	package-private
regexodus.ds.IntBitSet.flip(int)	CtMethodImpl	public
regexodus.ds.CharCharMap.zeroValue	CtFieldReferenceImpl	protected
regexodus.MatchResult.MATCH	CtFieldReferenceImpl	public
regexodus.Term.LIMITS_PARSE_RESULT_INDEX	CtFieldReferenceImpl	private
regexodus.MemReg.hashCode()	CtMethodImpl	public
regexodus.ds.CharCharMap.containsValue(char)	CtMethodImpl	public
regexodus.Matcher.toString()	CtMethodImpl	public
regexodus.SearchEntry.CState.index	CtFieldReferenceImpl	package-private
regexodus.Category.Sc	CtFieldReferenceImpl	public
regexodus.PerlSubstitution.PlainElement	CtClassImpl	private
regexodus.SearchEntry.MState.in	CtFieldReferenceImpl	package-private
regexodus.Category.length	CtFieldReferenceImpl	public
regexodus.Term.LIMITS_FAILURE	CtFieldReferenceImpl	private
regexodus.Term.NLOOKAHEAD_IN	CtFieldReferenceImpl	package-private
regexodus.RETokenizer.hashCode()	CtMethodImpl	public
regexodus.ds.CharCharMap.get(char)	CtMethodImpl	public
regexodus.Category.lowerToUpper	CtFieldReferenceImpl	private
regexodus.ds.CharCharMap.getOrDefault(char,char)	CtMethodImpl	public
regexodus.CharacterClass.unicodeCategories	CtFieldReferenceImpl	private
regexodus.Matcher.getString(int,int)	CtMethodImpl	public
regexodus.BlockSet()	CtConstructorImpl	package-private
regexodus.Term.BRANCH_STORE_CNT_AUX1	CtFieldReferenceImpl	package-private
regexodus.Lookbehind.replaceCurrent(regexodus.Term)	CtMethodImpl	protected
regexodus.BlockSet.subtract(regexodus.ds.IntBitSet,regexodus.ds.IntBitSet,boolean)	CtMethodImpl	package-private
regexodus.BlockSet.setPositive(boolean)	CtMethodImpl	package-private
regexodus.Lookahead.serialVersionUID	CtFieldReferenceImpl	private
regexodus.Lookbehind(int,boolean)	CtConstructorImpl	package-private
regexodus.Term.REPEAT_MIN_MAX	CtFieldReferenceImpl	package-private
regexodus.Term.VARS_LENGTH	CtFieldReferenceImpl	private
regexodus.Pattern.replacer(regexodus.Substitution)	CtMethodImpl	public
regexodus.Term.BRANCH	CtFieldReferenceImpl	package-private
regexodus.Matcher.minQueueLength	CtFieldReferenceImpl	private
regexodus.ds.CharCharMap	CtClassImpl	public
regexodus.ds.CharCharMap(char[],char[])	CtConstructorImpl	public
regexodus.Block.toString()	CtMethodImpl	public
regexodus.Category.Pe	CtFieldReferenceImpl	public
regexodus.Replacer$TableSubstitution(java.util.LinkedHashMap<java.lang.String, java.lang.String>)	CtConstructorImpl	package-private
regexodus.Term.in	CtFieldReferenceImpl	package-private
regexodus.CharacterClass.stringValue(int)	CtMethodImpl	package-private
regexodus.Pattern.internalCompile(java.lang.String,int)	CtMethodImpl	private
regexodus.Category.Nd	CtFieldReferenceImpl	public
regexodus.CharacterClass.stringValue2(regexodus.ds.IntBitSet[])	CtMethodImpl	package-private
regexodus.Matcher.top	CtFieldReferenceImpl	private
regexodus.CharacterClass.blockDataEnds	CtFieldReferenceImpl	private
regexodus.Pretokenizer.end	CtFieldReferenceImpl	private
regexodus.PatternSyntaxException	CtClassImpl	public
regexodus.Category.Lc	CtFieldReferenceImpl	public
regexodus.Category.Mn	CtFieldReferenceImpl	public
regexodus.ChanceSubstitution(java.lang.String,double,long)	CtConstructorImpl	public
regexodus.Replacer.replace(java.io.Reader,int)	CtMethodImpl	public
regexodus.RETokenizer.split()	CtMethodImpl	public
regexodus.ds.IntBitSet.cardinality()	CtMethodImpl	public
regexodus.Pattern.matcher(regexodus.MatchResult,int)	CtMethodImpl	public
regexodus.Category	CtClassImpl	public
regexodus.LAEntry.hashCode()	CtMethodImpl	public
regexodus.ChanceSubstitution	CtClassImpl	public
regexodus.ChanceSubstitution.chance	CtFieldReferenceImpl	private
regexodus.Pattern.setFlags(java.lang.String)	CtMethodImpl	public
regexodus.Matcher.proceed(int)	CtMethodImpl	public
regexodus.CharacterClass()	CtConstructorImpl	package-private
regexodus.Term.FIND	CtFieldReferenceImpl	package-private
regexodus.Replacer$DummySubstitution(java.lang.String)	CtConstructorImpl	package-private
regexodus.ds.IntBitSet.clear(int,int)	CtMethodImpl	public
regexodus.Term.REPEAT_REG_MIN_MAX	CtFieldReferenceImpl	package-private
regexodus.Pattern.deserializeFromString(java.lang.String)	CtMethodImpl	public
regexodus.Term.eat	CtFieldReferenceImpl	package-private
regexodus.Term.BACKTRACK_FINDREG_MIN	CtFieldReferenceImpl	package-private
regexodus.Category.caseUp(char)	CtMethodImpl	public
regexodus.UnicodeConstants.No	CtFieldReferenceImpl	public
regexodus.PerlSubstitution$StringRefHandler(java.lang.String,java.lang.String,int)	CtConstructorImpl	package-private
regexodus.RETokenizer.nextToken()	CtMethodImpl	private
regexodus.SearchEntry.MState.next	CtFieldReferenceImpl	package-private
regexodus.ds.CharCharMap.getLoadFactor()	CtMethodImpl	public
regexodus.Term.NLOOKBEHIND_IN	CtFieldReferenceImpl	package-private
regexodus.CharacterClass.makeWordChar(regexodus.Term,boolean,boolean)	CtMethodImpl	package-private
regexodus.LAEntry.actual	CtFieldReferenceImpl	package-private
regexodus.Category.reverseEqual(java.lang.CharSequence,java.lang.CharSequence)	CtMethodImpl	public
regexodus.Lookahead.hashCode()	CtMethodImpl	public
regexodus.UnicodeConstants.Me	CtFieldReferenceImpl	public
regexodus.Replacer.wrap(java.lang.StringBuffer)	CtMethodImpl	public
regexodus.Term.makeGreedyPlus(int[],regexodus.Term,java.util.ArrayList<regexodus.TermIterator>)	CtMethodImpl	private
regexodus.ChanceSubstitution.state	CtFieldReferenceImpl	private
regexodus.ds.CharCharMap.putAll(char[],int,char[],int,int)	CtMethodImpl	public
regexodus.REFlags.DEFAULT	CtFieldReferenceImpl	public
regexodus.Category.Word	CtFieldReferenceImpl	public
regexodus.StringBuilderBuffer.append(char)	CtMethodImpl	public
regexodus.Category.Nl	CtFieldReferenceImpl	public
regexodus.Replacer.equals(java.lang.Object)	CtMethodImpl	public
regexodus.Pretokenizer.skip	CtFieldReferenceImpl	private
regexodus.Term.weight	CtFieldReferenceImpl	package-private
regexodus.Term.makeGreedyQMark(int[],regexodus.Term)	CtMethodImpl	private
regexodus.PerlSubstitution$PlainElement(java.lang.String)	CtConstructorImpl	package-private
regexodus.Replacer.wrap(java.io.Writer)	CtMethodImpl	private
regexodus.Pretokenizer.INDEPENDENT_REGEX	CtFieldReferenceImpl	package-private
regexodus.SearchEntry.saveCntState(regexodus.SearchEntry,int,int)	CtMethodImpl	package-private
regexodus.Optimizer.atom	CtFieldReferenceImpl	private
regexodus.ChanceSubstitution(java.lang.String)	CtConstructorImpl	public
regexodus.CharacterClass.ADD	CtFieldReferenceImpl	private
regexodus.ds.CharCharMap.containsKey(char)	CtMethodImpl	public
regexodus.Block.emptyBits(regexodus.ds.IntBitSet)	CtMethodImpl	private
regexodus.Matcher.prefix()	CtMethodImpl	public
regexodus.Matcher.replaceFirst(regexodus.Substitution)	CtMethodImpl	public
regexodus.Term.NLOOKAHEAD_OUT	CtFieldReferenceImpl	package-private
regexodus.Term.inverse	CtFieldReferenceImpl	package-private
regexodus.BlockSet.equals(java.lang.Object)	CtMethodImpl	public
regexodus.Replacer$StringBufferBuffer()	CtConstructorImpl	public
regexodus.Matcher.setTarget(java.lang.CharSequence)	CtMethodImpl	public
regexodus.Pattern.compile(java.lang.String)	CtMethodImpl	public
regexodus.Replacer.serialVersionUID	CtFieldReferenceImpl	private
regexodus.LAEntry	CtClassImpl	package-private
regexodus.Category.Sm	CtFieldReferenceImpl	public
regexodus.ds.CharCharMap.locateKey(char)	CtMethodImpl	protected
regexodus.Optimizer.find(regexodus.Term,int)	CtMethodImpl	private
regexodus.ds.IntBitSet(int,int)	CtConstructorImpl	public
regexodus.Matcher.ACCEPT_INCOMPLETE	CtFieldReferenceImpl	public
regexodus.MemReg.in	CtFieldReferenceImpl	package-private
regexodus.Block.shared	CtFieldReferenceImpl	private
regexodus.Matcher(regexodus.Pattern)	CtConstructorImpl	public
regexodus.Matcher.ANCHOR_START	CtFieldReferenceImpl	public
regexodus.Matcher.setTarget(char[],int,int)	CtMethodImpl	public
regexodus.Term.branchOut	CtFieldReferenceImpl	package-private
regexodus.CharacterClass.VSPACE	CtFieldReferenceImpl	private
regexodus.Pattern.tokenizer(java.io.Reader,int)	CtMethodImpl	public
regexodus.ds.CharCharMap.notEmpty()	CtMethodImpl	public
regexodus.Term.CR_GT_EQ	CtFieldReferenceImpl	package-private
regexodus.Matcher.getGroup(int,java.lang.StringBuilder,int)	CtMethodImpl	public
regexodus.PerlSubstitution.StringRefHandler	CtClassImpl	private
regexodus.Pattern	CtClassImpl	public
regexodus.Term.replaceCurrent(regexodus.Term)	CtMethodImpl	package-private
regexodus.Pattern.stringRepr	CtFieldReferenceImpl	package-private
regexodus.Matcher.targetBounds	CtFieldReferenceImpl	private
regexodus.PlainElement.append(regexodus.MatchResult,regexodus.TextBuffer)	CtMethodImpl	package-private
regexodus.MemReg(int)	CtConstructorImpl	package-private
regexodus.Category()	CtConstructorImpl	private
regexodus.ChanceSubstitution$Element()	CtConstructorImpl	private
regexodus.Replacer.StringBufferBuffer	CtClassImpl	public
regexodus.ds.Entry.getValue()	CtMethodImpl	public
regexodus.Term.MEMREG_COUNT	CtFieldReferenceImpl	private
regexodus.Matcher.findBackReg(char[],int,int,int,int,regexodus.Term,int)	CtMethodImpl	private
regexodus.Term.CNTREG_COUNT	CtFieldReferenceImpl	private
regexodus.PerlSubstitution.makeQueue(regexodus.Matcher)	CtMethodImpl	private
regexodus.PerlSubstitution.MODE_REVERSE	CtFieldReferenceImpl	public
regexodus.Lookbehind.append(regexodus.Term)	CtMethodImpl	protected
regexodus.Matcher.isCaptured(int)	CtMethodImpl	public
regexodus.SearchEntry.cnt	CtFieldReferenceImpl	package-private
regexodus.Matcher.lookaheads	CtFieldReferenceImpl	private
regexodus.Category.Sk	CtFieldReferenceImpl	public
regexodus.Matcher.called	CtFieldReferenceImpl	private
regexodus.PerlSubstitution.hashCode()	CtMethodImpl	public
regexodus.Term.parseLimits(int,int,char[],int[])	CtMethodImpl	private
regexodus.Matcher.groupv()	CtMethodImpl	public
regexodus.Term.LITERAL_END	CtFieldReferenceImpl	package-private
regexodus.PlainElement.equals(java.lang.Object)	CtMethodImpl	public
regexodus.Optimizer.makeFirst(regexodus.Term)	CtMethodImpl	package-private
regexodus.ds.CharCharMap.defaultReturnValue()	CtMethodImpl	public
regexodus.Term.INDEPENDENT_OUT	CtFieldReferenceImpl	package-private
regexodus.ChanceSubstitution(java.lang.String,double)	CtConstructorImpl	public
regexodus.Optimizer.makeBacktrack(regexodus.Term)	CtMethodImpl	package-private
regexodus.PerlSubstitution.IntRefHandler.index	CtFieldReferenceImpl	private
regexodus.Replacer.getPattern()	CtMethodImpl	public
regexodus.CharacterClass.UNONWORDCHAR	CtFieldReferenceImpl	private
regexodus.Pattern.serialVersionUID	CtFieldReferenceImpl	private
regexodus.ds.CharCharMap$Entry()	CtConstructorImpl	public
regexodus.SearchEntry.toString()	CtMethodImpl	public
regexodus.ChanceSubstitution.StringRefHandler.index	CtFieldReferenceImpl	private
regexodus.Block.copyBits(regexodus.Block)	CtMethodImpl	private
regexodus.Replacer.wrap(java.lang.StringBuilder)	CtMethodImpl	public
regexodus.Term.link(regexodus.Term,regexodus.Term)	CtMethodImpl	private
regexodus.Block.isFull	CtFieldReferenceImpl	private
regexodus.Term.LOOKAHEAD_CONDITION_IN	CtFieldReferenceImpl	package-private
regexodus.BlockSet.setChars(java.lang.String)	CtMethodImpl	package-private
regexodus.Term.UDIRECTION	CtFieldReferenceImpl	package-private
regexodus.Term.BOUNDARY	CtFieldReferenceImpl	package-private
regexodus.REFlags.MULTILINE	CtFieldReferenceImpl	public
regexodus.BlockSet.positive	CtFieldReferenceImpl	private
regexodus.UnicodeConstants.Zl	CtFieldReferenceImpl	public
regexodus.Lookbehind.equals(java.lang.Object)	CtMethodImpl	public
regexodus.Pretokenizer.flagsChanged	CtFieldReferenceImpl	private
regexodus.Term.mode_upper	CtFieldReferenceImpl	package-private
regexodus.Matcher.copy()	CtMethodImpl	public
regexodus.ds.CharCharMap.hasZeroValue	CtFieldReferenceImpl	protected
regexodus.Category.blocks	CtFieldReferenceImpl	package-private
regexodus.Matcher.init()	CtMethodImpl	private
regexodus.Replacer.replace(java.io.Reader,int,java.io.Writer)	CtMethodImpl	public
regexodus.PerlSubstitution.ESC_ID	CtFieldReferenceImpl	private
regexodus.Term.mode_reverse	CtFieldReferenceImpl	package-private
regexodus.Optimizer(regexodus.Term,int)	CtConstructorImpl	private
regexodus.Block(regexodus.ds.IntBitSet)	CtConstructorImpl	package-private
regexodus.TableSubstitution.appendSubstitution(regexodus.MatchResult,regexodus.TextBuffer)	CtMethodImpl	public
regexodus.Replacer$WriteException(java.io.IOException)	CtConstructorImpl	package-private
regexodus.Matcher.offset	CtFieldReferenceImpl	private
regexodus.Group.serialVersionUID	CtFieldReferenceImpl	private
regexodus.ds.CharCharMap.putResize(char,char)	CtMethodImpl	private
regexodus.PerlSubstitution.NAME_ID	CtFieldReferenceImpl	private
regexodus.Term.LINE_END	CtFieldReferenceImpl	package-private
regexodus.PerlSubstitution()	CtConstructorImpl	public
regexodus.Term.prev	CtFieldReferenceImpl	package-private
regexodus.CharacterClass.USPACE	CtFieldReferenceImpl	private
regexodus.Matcher.start(java.lang.String)	CtMethodImpl	public
regexodus.Term.LAST_MATCH_END	CtFieldReferenceImpl	package-private
regexodus.Pattern()	CtConstructorImpl	protected
regexodus.PerlSubstitution.IntRefHandler.modes	CtFieldReferenceImpl	private
regexodus.Pretokenizer.data	CtFieldReferenceImpl	private
regexodus.Category.reverseWithBrackets(java.lang.CharSequence)	CtMethodImpl	public
regexodus.Matcher.dataStart()	CtMethodImpl	public
regexodus.ChanceSubstitution.appendSubstitution(regexodus.MatchResult,regexodus.TextBuffer)	CtMethodImpl	public
regexodus.ChanceSubstitution.serialVersionUID	CtFieldReferenceImpl	private
regexodus.UnicodeConstants.Pf	CtFieldReferenceImpl	public
regexodus.SearchEntry.MState.prev	CtFieldReferenceImpl	package-private
regexodus.PerlSubstitution.MODE_ID	CtFieldReferenceImpl	private
regexodus.Pretokenizer.flags	CtFieldReferenceImpl	private
regexodus.ds.CharCharMap.toString()	CtMethodImpl	public
regexodus.Pattern.namedGroupMap	CtFieldReferenceImpl	package-private
regexodus.Pattern.replacer(java.lang.String)	CtMethodImpl	public
regexodus.Category.Co	CtFieldReferenceImpl	public
regexodus.Replacer.replace(regexodus.MatchResult,int,java.lang.StringBuilder)	CtMethodImpl	public
regexodus.Pattern.memregs	CtFieldReferenceImpl	package-private
regexodus.PerlSubstitution.appendSubstitution(regexodus.MatchResult,regexodus.TextBuffer)	CtMethodImpl	public
regexodus.Replacer.DummySubstitution.str	CtFieldReferenceImpl	package-private
regexodus.Category.toString()	CtMethodImpl	public
regexodus.Matcher.shared	CtFieldReferenceImpl	private
regexodus.Pretokenizer.groupName	CtFieldReferenceImpl	package-private
regexodus.ChanceSubstitution.IntRefHandler.index	CtFieldReferenceImpl	private
regexodus.Term.makeNumber(int,int,char[])	CtMethodImpl	private
regexodus.REFlags.UNICODE	CtFieldReferenceImpl	public
regexodus.PerlSubstitution.groupRef	CtFieldReferenceImpl	private
regexodus.CharacterClass.blockDataNames	CtFieldReferenceImpl	private
regexodus.CharacterClass.stringValue0(regexodus.ds.IntBitSet)	CtMethodImpl	package-private
regexodus.BlockSet.weight	CtFieldReferenceImpl	private
regexodus.CharacterClass.initNamedBlock(java.lang.String,int,int)	CtMethodImpl	private
regexodus.ds.CharCharMap.serialVersionUID	CtFieldReferenceImpl	private
regexodus.Lookbehind.serialVersionUID	CtFieldReferenceImpl	private
regexodus.BlockSet.emptyBlock0	CtFieldReferenceImpl	private
regexodus.Matcher.isCaptured()	CtMethodImpl	public
regexodus.CharacterClass.NONWORDCHAR	CtFieldReferenceImpl	private
regexodus.Term.END	CtFieldReferenceImpl	package-private
regexodus.Matcher.suffixBounds	CtFieldReferenceImpl	private
regexodus.Matcher.getGroup(java.lang.String,regexodus.TextBuffer,int)	CtMethodImpl	public
regexodus.UnicodeConstants.Cc	CtFieldReferenceImpl	public
regexodus.ChanceSubstitution.StringRefHandler.modes	CtFieldReferenceImpl	private
regexodus.Pattern.tokenizer(java.lang.String)	CtMethodImpl	public
regexodus.ChanceSubstitution.refPtn	CtFieldReferenceImpl	private
regexodus.StringBufferBuffer.toStringBuffer()	CtMethodImpl	public
regexodus.BlockSet.toString()	CtMethodImpl	public
regexodus.Pattern.lookaheads	CtFieldReferenceImpl	package-private
regexodus.ds.IntBitSet.and(regexodus.ds.IntBitSet)	CtMethodImpl	public
regexodus.Matcher	CtClassImpl	public
regexodus.CharacterClass	CtClassImpl	package-private
regexodus.Term.LITERAL_START	CtFieldReferenceImpl	package-private
regexodus.SearchEntry.mHead	CtFieldReferenceImpl	private
regexodus.Term.LITERAL_FLAG	CtFieldReferenceImpl	private
regexodus.BlockSet.blocks	CtFieldReferenceImpl	private
regexodus.Replacer.replace(java.lang.CharSequence)	CtMethodImpl	public
regexodus.Term.instances	CtFieldReferenceImpl	private
regexodus.Pattern.groupCount()	CtMethodImpl	public
regexodus.PerlSubstitution.toString()	CtMethodImpl	public
regexodus.CharacterClass.UNONSPACE	CtFieldReferenceImpl	private
regexodus.Category.Lo	CtFieldReferenceImpl	public
regexodus.RETokenizer.matcher	CtFieldReferenceImpl	private
regexodus.Pattern.compile(java.lang.String,java.lang.String)	CtMethodImpl	public
regexodus.CharacterClass.HSPACE	CtFieldReferenceImpl	private
regexodus.Term.makeGreedyLimits(int[],regexodus.Term,int[],java.util.ArrayList<regexodus.TermIterator>)	CtMethodImpl	private
regexodus.Matcher.setPosition(int)	CtMethodImpl	public
regexodus.StringBufferBuffer.toString()	CtMethodImpl	public
regexodus.SearchEntry$CState()	CtConstructorImpl	private
regexodus.Term.makeLazyPlus(int[],regexodus.Term)	CtMethodImpl	private
regexodus.Group()	CtConstructorImpl	package-private
regexodus.Category.Pc	CtFieldReferenceImpl	public
regexodus.StringBufferBuffer.append(java.lang.String)	CtMethodImpl	public
regexodus.Pattern.getFlags()	CtMethodImpl	public
regexodus.ds.CharCharMap.defaultReturnValue(char)	CtMethodImpl	public
regexodus.ds.IntBitSet.hashCode()	CtMethodImpl	public
regexodus.UnicodeConstants.MAX_WEIGHT	CtFieldReferenceImpl	public
regexodus.Pattern(java.lang.String,int)	CtConstructorImpl	public
regexodus.Term.BACKTRACK_MIN	CtFieldReferenceImpl	package-private
regexodus.Pretokenizer.NEG_LOOKBEHIND	CtFieldReferenceImpl	package-private
regexodus.Term.startNewBranch()	CtMethodImpl	package-private
regexodus.Term.CHAR	CtFieldReferenceImpl	package-private
regexodus.Pattern.parseFlags(char[],int,int)	CtMethodImpl	package-private
regexodus.Lookahead(int,boolean)	CtConstructorImpl	package-private
regexodus.Matcher.start()	CtMethodImpl	public
regexodus.Term.LINE_START	CtFieldReferenceImpl	package-private
regexodus.Term.LOOKAHEAD_CONDITION_OUT	CtFieldReferenceImpl	package-private
regexodus.BlockSet.hashCode()	CtMethodImpl	public
regexodus.Term.hashCode()	CtMethodImpl	public
regexodus.BlockSet.addImpl(regexodus.BlockSet,regexodus.BlockSet,boolean)	CtMethodImpl	private
regexodus.Replacer.replace(regexodus.Matcher,regexodus.Substitution,regexodus.TextBuffer,int)	CtMethodImpl	public
regexodus.Pattern.equals(java.lang.Object)	CtMethodImpl	public
regexodus.Category.So	CtFieldReferenceImpl	public
regexodus.Matcher.pattern()	CtMethodImpl	public
regexodus.TermIterator	CtClassImpl	package-private
regexodus.Pretokenizer.NAMED_GROUP	CtFieldReferenceImpl	package-private
regexodus.Category.IdentifierPart	CtFieldReferenceImpl	public
regexodus.Term.toString()	CtMethodImpl	public
regexodus.Category.C	CtFieldReferenceImpl	public
regexodus.CharacterClass.makeWordStart(regexodus.Term,boolean)	CtMethodImpl	package-private
regexodus.ChanceSubstitution.Element.prefix	CtFieldReferenceImpl	package-private
regexodus.CharacterClass.UNONDIGIT	CtFieldReferenceImpl	private
regexodus.Lookbehind.startNewBranch()	CtMethodImpl	protected
regexodus.UnicodeConstants.BLOCK_SIZE	CtFieldReferenceImpl	public
regexodus.Matcher.getGroup(java.lang.String,java.lang.StringBuilder)	CtMethodImpl	public
regexodus.Term.CR_LT	CtFieldReferenceImpl	package-private
regexodus.Term.ANY_CHAR	CtFieldReferenceImpl	package-private
regexodus.Term.current	CtFieldReferenceImpl	package-private
regexodus.Pretokenizer.tOutside	CtFieldReferenceImpl	package-private
regexodus.UnicodeConstants.Cn	CtFieldReferenceImpl	public
regexodus.BlockSet.reset()	CtMethodImpl	package-private
regexodus.Term.BACKTRACK_FIND_MIN	CtFieldReferenceImpl	package-private
regexodus.Pattern.matcher(regexodus.MatchResult,java.lang.String)	CtMethodImpl	public
regexodus.ds.CharCharMap.replace(char,char,char)	CtMethodImpl	public
regexodus.Replacer$TableSubstitution(java.lang.String[])	CtConstructorImpl	package-private
regexodus.ChanceSubstitution.nextLong()	CtMethodImpl	public
regexodus.Matcher.ANCHOR_LASTMATCH	CtFieldReferenceImpl	public
regexodus.SearchEntry.equals(java.lang.Object)	CtMethodImpl	public
regexodus.Category.Pi	CtFieldReferenceImpl	public
regexodus.Category.IdentifierStart	CtFieldReferenceImpl	public
regexodus.ConditionalExpr.linkAsBranch	CtFieldReferenceImpl	private
regexodus.RETokenizer.token	CtFieldReferenceImpl	private
regexodus.ChanceSubstitution$PlainElement(java.lang.String,java.lang.String)	CtConstructorImpl	package-private
regexodus.Category.Cf	CtFieldReferenceImpl	public
regexodus.CharacterClass.makeDigit(regexodus.Term,boolean,boolean)	CtMethodImpl	package-private
regexodus.Term.FINDREG	CtFieldReferenceImpl	package-private
regexodus.ChanceSubstitution$StringRefHandler(java.lang.String,java.lang.String,int)	CtConstructorImpl	package-private
regexodus.ds.CharCharMap.putAll(char[],char[])	CtMethodImpl	public
regexodus.Matcher.start(int)	CtMethodImpl	public
regexodus.Term.parseGroupId(char[],int,int,regexodus.Term,java.util.HashMap<java.lang.String, java.lang.Integer>,char)	CtMethodImpl	private
regexodus.Term.REG_I	CtFieldReferenceImpl	package-private
regexodus.MemReg.tmp	CtFieldReferenceImpl	package-private
regexodus.Matcher.targetStart()	CtMethodImpl	public
regexodus.RETokenizer.hasNext()	CtMethodImpl	public
regexodus.Term.next	CtFieldReferenceImpl	package-private
regexodus.Category.Ll	CtFieldReferenceImpl	public
regexodus.Matcher.defaultEntry	CtFieldReferenceImpl	private
regexodus.CharacterClass.b2	CtFieldReferenceImpl	private
regexodus.Term.out	CtFieldReferenceImpl	package-private
regexodus.Matcher.dataEnd()	CtMethodImpl	public
regexodus.Pattern.split(java.lang.CharSequence)	CtMethodImpl	public
regexodus.PerlSubstitution.StringRefHandler.modes	CtFieldReferenceImpl	private
regexodus.ds.CharCharMap.findKey(char,char)	CtMethodImpl	public
regexodus.ds.IntBitSet.length()	CtMethodImpl	public
regexodus.Pattern.hashCode()	CtMethodImpl	public
regexodus.Term.toStringAll()	CtMethodImpl	public
regexodus.ChanceSubstitution.IntRefHandler.modes	CtFieldReferenceImpl	private
regexodus.ds.CharCharMap.mask	CtFieldReferenceImpl	protected
regexodus.ChanceSubstitution.MODE_INSENSITIVE	CtFieldReferenceImpl	package-private
regexodus.MemReg.toString()	CtMethodImpl	public
regexodus.ds.Entry.toString()	CtMethodImpl	public
regexodus.ds.IntBitSet	CtClassImpl	public
regexodus.REFlags.IGNORE_CASE	CtFieldReferenceImpl	public
regexodus.Category.Lm	CtFieldReferenceImpl	public
regexodus.Category.Zs	CtFieldReferenceImpl	public
regexodus.PerlSubstitution.MODE_UPPER	CtFieldReferenceImpl	public
regexodus.ds.IntBitSet.clear(int)	CtMethodImpl	public
regexodus.Pattern.matcher(char[],int,int)	CtMethodImpl	public
regexodus.BlockSet.add(regexodus.BlockSet,boolean)	CtMethodImpl	package-private
regexodus.Lookbehind.hashCode()	CtMethodImpl	public
regexodus.Category(int[],java.lang.String)	CtConstructorImpl	private
regexodus.Pretokenizer.CONDITIONAL_GROUP	CtFieldReferenceImpl	package-private
regexodus.PerlSubstitution.refPtn	CtFieldReferenceImpl	private
regexodus.Replacer.replace(char[],int,int,java.io.Writer)	CtMethodImpl	public
regexodus.ds.CharCharMap.clear()	CtMethodImpl	public
regexodus.Matcher.end(java.lang.String)	CtMethodImpl	public
regexodus.Matcher.getGroup(int,regexodus.TextBuffer)	CtMethodImpl	public
regexodus.RETokenizer.reset()	CtMethodImpl	public
regexodus.UnicodeConstants.Ll	CtFieldReferenceImpl	public
regexodus.Matcher.lastMatchAnchor	CtFieldReferenceImpl	private
regexodus.Matcher.cacheLength	CtFieldReferenceImpl	private
regexodus.DummySubstitution.appendSubstitution(regexodus.MatchResult,regexodus.TextBuffer)	CtMethodImpl	public
regexodus.Term.REPEAT_REG_MIN_INF	CtFieldReferenceImpl	package-private
regexodus.Matcher.ANCHOR_END	CtFieldReferenceImpl	public
regexodus.ds.CharCharMap.keyTable	CtFieldReferenceImpl	protected
regexodus.CharacterClass.initNamedCategory(java.lang.String)	CtMethodImpl	private
regexodus.SearchEntry.reset(int)	CtMethodImpl	package-private
regexodus.Term.equals(java.lang.Object)	CtMethodImpl	public
regexodus.ChanceSubstitution.value(regexodus.MatchResult)	CtMethodImpl	public
regexodus.UnicodeConstants.Pi	CtFieldReferenceImpl	public
regexodus.Matcher.isCaptured(java.lang.String)	CtMethodImpl	public
regexodus.Category.Space	CtFieldReferenceImpl	public
regexodus.CharacterClass.WORDCHAR	CtFieldReferenceImpl	private
regexodus.Term.mode_bracket	CtFieldReferenceImpl	package-private
regexodus.ds.CharCharMap.valueTable	CtFieldReferenceImpl	protected
regexodus.RETokenizer(regexodus.Pattern,char[],int,int)	CtConstructorImpl	public
regexodus.PerlSubstitution(java.lang.String)	CtConstructorImpl	public
regexodus.Term.PLOOKAHEAD_IN	CtFieldReferenceImpl	package-private
regexodus.ds.CharCharMap.Entry.key	CtFieldReferenceImpl	public
regexodus.Block	CtClassImpl	package-private
regexodus.Category.M	CtFieldReferenceImpl	public
regexodus.PerlSubstitution.MODE_BRACKET	CtFieldReferenceImpl	public
regexodus.Replacer.replace(java.io.Reader,int,regexodus.TextBuffer)	CtMethodImpl	private
regexodus.REFlags.XML_SCHEMA	CtFieldReferenceImpl	public
regexodus.PerlSubstitution.equals(java.lang.Object)	CtMethodImpl	public
regexodus.PerlSubstitution.value(regexodus.MatchResult)	CtMethodImpl	public
regexodus.RETokenizer.check()	CtMethodImpl	private
regexodus.Replacer	CtClassImpl	public
regexodus.CharacterClass.UDIGIT	CtFieldReferenceImpl	private
regexodus.Group(int)	CtConstructorImpl	package-private
regexodus.REFlags.IGNORE_SPACES	CtFieldReferenceImpl	public
regexodus.Optimizer.hashCode()	CtMethodImpl	public
regexodus.ds.CharCharMap.Entry	CtClassImpl	public
regexodus.Pretokenizer.serialVersionUID	CtFieldReferenceImpl	private
regexodus.Term.serialVersionUID	CtFieldReferenceImpl	private
regexodus.Matcher.startAnchor	CtFieldReferenceImpl	private
regexodus.ChanceSubstitution.MODE_BRACKET	CtFieldReferenceImpl	package-private
regexodus.Term.DIRECTION	CtFieldReferenceImpl	package-private
regexodus.ds.CharCharMap.shift	CtFieldReferenceImpl	protected
regexodus.StringBuilderBuffer.append(java.lang.String)	CtMethodImpl	public
regexodus.ds.CharCharMap.putAll(char[],char[],int)	CtMethodImpl	public
regexodus.Category.reverseBracketEqual(java.lang.CharSequence,java.lang.CharSequence)	CtMethodImpl	public
regexodus.Category.categories	CtFieldReferenceImpl	public
regexodus.ds.IntBitSet.nextSetBit(int)	CtMethodImpl	public
regexodus.Pretokenizer.groupDeclared	CtFieldReferenceImpl	package-private
regexodus.ds.IntBitSet.flip(int,int)	CtMethodImpl	public
regexodus.Matcher.matches()	CtMethodImpl	public
regexodus.ds.CharCharMap()	CtConstructorImpl	public
regexodus.Matcher.charAt(int)	CtMethodImpl	public
regexodus.ds.CharCharMap.putAll(regexodus.ds.CharCharMap)	CtMethodImpl	public
regexodus.Matcher.matches(java.lang.String)	CtMethodImpl	public
regexodus.UnicodeConstants.Cf	CtFieldReferenceImpl	public
regexodus.ChanceSubstitution.nextDouble()	CtMethodImpl	public
regexodus.BlockSet.subtract(regexodus.BlockSet,boolean)	CtMethodImpl	private
regexodus.Category.n	CtFieldReferenceImpl	private
regexodus.CharacterClass.initNames()	CtMethodImpl	private
regexodus.PlainElement.append(regexodus.MatchResult,regexodus.TextBuffer,boolean)	CtMethodImpl	package-private
regexodus.Matcher.suffix()	CtMethodImpl	public
regexodus.ds.CharCharMap.equals(java.lang.Object)	CtMethodImpl	public
regexodus.CharacterClass.getNamedClass(java.lang.String)	CtMethodImpl	private
regexodus.UnicodeConstants.Lu	CtFieldReferenceImpl	public
regexodus.Replacer.substitution	CtFieldReferenceImpl	private
regexodus.Replacer.replace(regexodus.MatchResult,int,regexodus.TextBuffer)	CtMethodImpl	private
regexodus.PerlSubstitution$PlainElement(java.lang.String,java.lang.String)	CtConstructorImpl	package-private
regexodus.Term.BITSET	CtFieldReferenceImpl	package-private
regexodus.Term.first	CtFieldReferenceImpl	protected
regexodus.Term.LIMITS_LENGTH	CtFieldReferenceImpl	private
regexodus.UnicodeConstants.Zs	CtFieldReferenceImpl	public
regexodus.Replacer.replace(char[],int,int)	CtMethodImpl	public
regexodus.Term.makeTree(char[],int,int,int[],regexodus.Pattern)	CtMethodImpl	private
regexodus.BlockSet.setSpace(boolean)	CtMethodImpl	package-private
regexodus.Matcher.findAll()	CtMethodImpl	public
regexodus.ds.CharCharMap.tableSize(int,float)	CtMethodImpl	package-private
regexodus.Replacer.replace(java.io.Reader,int,java.lang.StringBuilder)	CtMethodImpl	public
regexodus.LAEntry()	CtConstructorImpl	package-private
regexodus.Term.PLOOKBEHIND_OUT	CtFieldReferenceImpl	package-private
regexodus.UnicodeConstants.Sm	CtFieldReferenceImpl	public
regexodus.Category.S	CtFieldReferenceImpl	public
regexodus.Matcher.target()	CtMethodImpl	public
regexodus.Pattern.setFlags(int)	CtMethodImpl	public
regexodus.Term.append(regexodus.Term)	CtMethodImpl	package-private
regexodus.ds.CharCharMap.shrink(int)	CtMethodImpl	public
regexodus.RETokenizer.remove()	CtMethodImpl	public
regexodus.ds.CharCharMap.clone()	CtMethodImpl	public
regexodus.Category.Lu	CtFieldReferenceImpl	public
regexodus.BlockSet.unify(regexodus.BlockSet,regexodus.Term)	CtMethodImpl	package-private
regexodus.Matcher.getGroup(int,regexodus.TextBuffer,int)	CtMethodImpl	public
regexodus.Term.BACKTRACK_REG_MIN	CtFieldReferenceImpl	package-private
regexodus.Matcher.replaceAmount(regexodus.Substitution,int)	CtMethodImpl	public
regexodus.Replacer.getSubstitution()	CtMethodImpl	public
regexodus.ChanceSubstitution.hashCode()	CtMethodImpl	public
regexodus.ds.CharCharMap.putIfAbsent(char,char)	CtMethodImpl	public
regexodus.Replacer.WriteException.reason	CtFieldReferenceImpl	package-private
regexodus.ConditionalExpr(regexodus.Lookahead)	CtConstructorImpl	package-private
regexodus.Replacer.replace(char[],int,int,java.lang.StringBuilder)	CtMethodImpl	public
regexodus.Term.LIMITS_OK	CtFieldReferenceImpl	private
regexodus.Category.caseFold(char)	CtMethodImpl	public
regexodus.Term(int)	CtConstructorImpl	package-private
regexodus.SearchEntry.on	CtFieldReferenceImpl	package-private
regexodus.Block.hashCode()	CtMethodImpl	public
regexodus.Category.Cs	CtFieldReferenceImpl	public
regexodus.CharacterClass.INTERSECT	CtFieldReferenceImpl	private
regexodus.Matcher(regexodus.Pattern,java.lang.CharSequence)	CtConstructorImpl	public
regexodus.Optimizer.THRESHOLD	CtFieldReferenceImpl	private
regexodus.Pretokenizer.c	CtFieldReferenceImpl	package-private
regexodus.Term.minCount	CtFieldReferenceImpl	package-private
regexodus.StringRefHandler.equals(java.lang.Object)	CtMethodImpl	public
regexodus.CharacterClass.namesInitialized	CtFieldReferenceImpl	private
regexodus.Matcher.rflush()	CtMethodImpl	private
regexodus.Matcher.setTarget(java.lang.CharSequence,int,int)	CtMethodImpl	public
regexodus.Block.add(regexodus.Block[],regexodus.Block[],int,int,boolean)	CtMethodImpl	package-private
regexodus.Pattern.split(java.lang.CharSequence,int)	CtMethodImpl	public
regexodus.SearchEntry.saveMemregState(regexodus.SearchEntry,int,regexodus.MemReg)	CtMethodImpl	package-private
regexodus.Matcher.cacheOffset	CtFieldReferenceImpl	private
regexodus.Term.READ_CNT_LT	CtFieldReferenceImpl	package-private
regexodus.Matcher.foundStrings()	CtMethodImpl	public
regexodus.Replacer.1	CtClassImpl	package-private
regexodus.Term.REPEAT_MIN_INF	CtFieldReferenceImpl	package-private
regexodus.Block.fullBits(regexodus.ds.IntBitSet)	CtMethodImpl	private
regexodus.CharacterClass.UWORDCHAR	CtFieldReferenceImpl	private
regexodus.ds.IntBitSet()	CtConstructorImpl	public
regexodus.Term.CNT_INC	CtFieldReferenceImpl	package-private
regexodus.Pretokenizer(char[],int,int)	CtConstructorImpl	package-private
regexodus.Category.Po	CtFieldReferenceImpl	public
regexodus.Term.bitset	CtFieldReferenceImpl	package-private
regexodus.BlockSet.isPositive()	CtMethodImpl	package-private
regexodus.Category.Lt	CtFieldReferenceImpl	public
regexodus.RETokenizer(regexodus.Pattern,java.lang.String)	CtConstructorImpl	public
regexodus.Replacer.DummySubstitution	CtClassImpl	private
regexodus.Matcher.data	CtFieldReferenceImpl	private
regexodus.ChanceSubstitution()	CtConstructorImpl	public
regexodus.Category.Vertical	CtFieldReferenceImpl	public
regexodus.Matcher.toString_d()	CtMethodImpl	private
regexodus.Replacer.hashCode()	CtMethodImpl	public
regexodus.Matcher.setTarget(regexodus.Matcher,int)	CtMethodImpl	public
regexodus.Term.target	CtFieldReferenceImpl	package-private
regexodus.LAEntry.toString()	CtMethodImpl	public
regexodus.Category.contains(char)	CtMethodImpl	public
regexodus.Category.Identifier	CtFieldReferenceImpl	public
regexodus.Find	CtClassImpl	package-private
regexodus.Pretokenizer.flags(int)	CtMethodImpl	package-private
regexodus.ds.CharCharMap.put(char,char)	CtMethodImpl	public
regexodus.TermIterator.serialVersionUID	CtFieldReferenceImpl	private
regexodus.SearchEntry.isState	CtFieldReferenceImpl	package-private
regexodus.Optimizer.distance	CtFieldReferenceImpl	private
regexodus.Lookbehind.length(regexodus.Term)	CtMethodImpl	private
regexodus.ds.IntBitSet.or(regexodus.ds.IntBitSet)	CtMethodImpl	public
regexodus.Matcher.end	CtFieldReferenceImpl	private
regexodus.StringBuilderBuffer.toString()	CtMethodImpl	public
regexodus.MatchResult.TARGET	CtFieldReferenceImpl	public
regexodus.BlockSet.subtractImpl(regexodus.BlockSet,regexodus.BlockSet,boolean)	CtMethodImpl	private
regexodus.CharacterClass.toHexDigit(char)	CtMethodImpl	package-private
regexodus.Category.Z	CtFieldReferenceImpl	public
regexodus.ChanceSubstitution.makeQueue(regexodus.Matcher)	CtMethodImpl	private
regexodus.Block.subtract(regexodus.Block,regexodus.Block,boolean)	CtMethodImpl	private
regexodus.Term.makeTree(java.lang.String,int[],regexodus.Pattern)	CtMethodImpl	package-private
regexodus.Term.toStringAll(java.util.ArrayList<java.lang.Integer>)	CtMethodImpl	private
regexodus.Term.close()	CtMethodImpl	package-private
regexodus.Matcher.isStart()	CtMethodImpl	public
regexodus.Term.parseTerm(char[],int,int,regexodus.Term,int)	CtMethodImpl	private
regexodus.UnicodeConstants.Cs	CtFieldReferenceImpl	public
regexodus.Term.memreg	CtFieldReferenceImpl	package-private
regexodus.Matcher.1	CtClassImpl	package-private
regexodus.ConditionalExpr.equals(java.lang.Object)	CtMethodImpl	public
regexodus.CharacterClass.makeSpace(regexodus.Term,boolean,boolean)	CtMethodImpl	package-private
regexodus.StringRefHandler.append(regexodus.MatchResult,regexodus.TextBuffer,boolean)	CtMethodImpl	package-private
regexodus.Matcher.hashCode()	CtMethodImpl	public
regexodus.BackReference.serialVersionUID	CtFieldReferenceImpl	private
regexodus.Term.GROUP_IN	CtFieldReferenceImpl	package-private
regexodus.ChanceSubstitution$IntRefHandler(java.lang.String,java.lang.Integer,int)	CtConstructorImpl	package-private
regexodus.BlockSet.setCategory(java.lang.String)	CtMethodImpl	package-private
regexodus.Category.L	CtFieldReferenceImpl	public
regexodus.CharacterClass.SUBTRACT	CtFieldReferenceImpl	private
regexodus.IntRefHandler.append(regexodus.MatchResult,regexodus.TextBuffer)	CtMethodImpl	package-private
regexodus.Term.PLOOKBEHIND_IN	CtFieldReferenceImpl	package-private
regexodus.BlockSet.enableLargeMode()	CtMethodImpl	private
regexodus.Matcher.compareRegionsForward(char[],int,int,int,int,boolean,boolean)	CtMethodImpl	private
regexodus.Matcher.cache	CtFieldReferenceImpl	private
regexodus.UnicodeConstants.Mc	CtFieldReferenceImpl	public
regexodus.ConditionalExpr.node	CtFieldReferenceImpl	private
regexodus.Matcher.replaceAll(java.lang.String)	CtMethodImpl	public
regexodus.UnicodeConstants.Lt	CtFieldReferenceImpl	public
regexodus.ds.CharCharMap.resize(int)	CtMethodImpl	protected
regexodus.ds.IntBitSet.get(int)	CtMethodImpl	public
regexodus.ChanceSubstitution.equals(java.lang.Object)	CtMethodImpl	public
regexodus.Matcher.flush()	CtMethodImpl	public
regexodus.BlockSet.isLarge()	CtMethodImpl	package-private
regexodus.IndependentGroup.serialVersionUID	CtFieldReferenceImpl	private
regexodus.ChanceSubstitution.PlainElement	CtClassImpl	private
regexodus.Term.LOOKBEHIND_CONDITION_OUT	CtFieldReferenceImpl	package-private
regexodus.Block.equals(java.lang.Object)	CtMethodImpl	public
regexodus.Matcher.wOffset	CtFieldReferenceImpl	private
regexodus.CharacterClass.parseName(char[],int,int,regexodus.Term,boolean,boolean)	CtMethodImpl	package-private
regexodus.PerlSubstitution.Element.next	CtFieldReferenceImpl	package-private
regexodus.UnicodeConstants.Lm	CtFieldReferenceImpl	public
regexodus.Pattern.matcher(java.lang.CharSequence)	CtMethodImpl	public
regexodus.ds.CharCharMap(int)	CtConstructorImpl	public
regexodus.ds.CharCharMap.putOrDefault(char,char,char)	CtMethodImpl	public
regexodus.ds.CharCharMap.threshold	CtFieldReferenceImpl	protected
regexodus.Term.CNT_SET_0	CtFieldReferenceImpl	package-private
regexodus.ChanceSubstitution.Element	CtClassImpl	private
regexodus.Matcher.setPattern(regexodus.Pattern)	CtMethodImpl	public
regexodus.SearchEntry.CState.next	CtFieldReferenceImpl	package-private
regexodus.Replacer.StringBufferBuffer.serialVersionUID	CtFieldReferenceImpl	private
regexodus.CharacterClass.blockDataStarts	CtFieldReferenceImpl	private
regexodus.MemReg	CtClassImpl	package-private
regexodus.BlockSet.intersect(regexodus.BlockSet,boolean)	CtMethodImpl	private
regexodus.ChanceSubstitution.Element.next	CtFieldReferenceImpl	package-private
regexodus.Matcher.end()	CtMethodImpl	public
regexodus.Matcher.setTarget(char[],int,int,boolean)	CtMethodImpl	public
regexodus.Matcher.end(int)	CtMethodImpl	public
regexodus.RETokenizer.toString()	CtMethodImpl	public
regexodus.Replacer.replace(java.lang.CharSequence,int)	CtMethodImpl	public
regexodus.Replacer.StringBuilderBuffer.serialVersionUID	CtFieldImpl	private
regexodus.UnicodeConstants.Po	CtFieldReferenceImpl	public
regexodus.MemReg.reset()	CtMethodImpl	package-private
