method	type	visibility
com.github.uuidcode.util.CoreUtil.createField(java.lang.String)	CtMethodImpl	private
com.github.uuidcode.builder.html.HtmlBuilder.text(java.lang.String)	CtMethodImpl	public
com.github.uuidcode.builder.pojo.Pojo.of()	CtMethodImpl	public
com.github.uuidcode.builder.html.HtmlBuilder.a(com.github.uuidcode.builder.html.Node[])	CtMethodImpl	public
com.github.uuidcode.util.CoreUtil.RIGHT_BRACE	CtFieldReferenceImpl	public
com.github.uuidcode.builder.html.Div	CtClassImpl	public
com.github.uuidcode.builder.html.HtmlBuilder.del(com.github.uuidcode.builder.html.Node[])	CtMethodImpl	public
com.github.uuidcode.builder.process.Tail.setSleepSecond(int)	CtMethodImpl	public
com.github.uuidcode.util.StringStream.joiningWithSpaceAndThen()	CtMethodImpl	public
com.github.uuidcode.builder.html.Div()	CtConstructorImpl	public
com.github.uuidcode.builder.html.HtmlBuilder.br(com.github.uuidcode.builder.html.Node[])	CtMethodImpl	public
com.github.uuidcode.builder.html.Body()	CtConstructorImpl	public
com.github.uuidcode.builder.selenium.ChromeDriverBuilder.setInnerHTML(org.openqa.selenium.By,java.lang.String)	CtMethodImpl	public
com.github.uuidcode.builder.html.Node.password()	CtMethodImpl	public
com.github.uuidcode.builder.html.Attribute.setName(java.lang.String)	CtMethodImpl	public
com.github.uuidcode.builder.pojo.Pojo.build(com.github.uuidcode.builder.pojo.Property)	CtMethodImpl	private
com.github.uuidcode.util.GenericOf	CtClassImpl	public
com.github.uuidcode.builder.map.KeyBuilder.mapper	CtFieldReferenceImpl	private
com.github.uuidcode.builder.pojo.PojoBuilder.getJavaType(java.lang.String)	CtMethodImpl	public
com.github.uuidcode.builder.html.Tr	CtClassImpl	public
com.github.uuidcode.util.StringStream.joiningWithUnderscore()	CtMethodImpl	public
com.github.uuidcode.builder.html.HtmlBuilder.strong(com.github.uuidcode.builder.html.Node[])	CtMethodImpl	public
com.github.uuidcode.util.StringStream.addSpace()	CtMethodImpl	public
com.github.uuidcode.util.CoreUtil.joiningWithCommaAndSpace(java.util.List<java.lang.String>)	CtMethodImpl	public
com.github.uuidcode.builder.pojo.PojoBuilder.1	CtClassImpl	package-private
com.github.uuidcode.builder.selenium.ChromeDriverBuilder.sendKey(org.openqa.selenium.By,java.lang.String)	CtMethodImpl	public
com.github.uuidcode.builder.html.Node.stylesheet()	CtMethodImpl	public
com.github.uuidcode.builder.process.MavenProcessBuilder.getLibraryList()	CtMethodImpl	public
com.github.uuidcode.builder.pojo.PojoBuilder.isAvailableField(java.util.Map.Entry<java.lang.String, java.lang.Object>)	CtMethodImpl	public
com.github.uuidcode.util.CoreUtil.gson	CtFieldReferenceImpl	private
com.github.uuidcode.builder.request.RequestBuilder.post(java.lang.String)	CtMethodImpl	public
com.github.uuidcode.builder.pojo.PojoBuilder.build()	CtMethodImpl	public
com.github.uuidcode.builder.process.MavenProcessBuilder.optionList	CtFieldReferenceImpl	private
com.github.uuidcode.builder.pojo.Property.getGetMethodName()	CtMethodImpl	public
com.github.uuidcode.builder.html.Attribute.addValue(java.lang.String)	CtMethodImpl	public
com.github.uuidcode.builder.html.Html.of()	CtMethodImpl	public
com.github.uuidcode.util.CoreUtil.toRuntimeException(java.lang.Throwable)	CtMethodImpl	public
com.github.uuidcode.builder.html.Input.of()	CtMethodImpl	public
com.github.uuidcode.builder.html.HtmlBuilder.ul(com.github.uuidcode.builder.html.Node[])	CtMethodImpl	public
com.github.uuidcode.builder.html.HtmlBuilder.ul(java.util.List<com.github.uuidcode.builder.html.Node>)	CtMethodImpl	public
com.github.uuidcode.builder.html.Select()	CtConstructorImpl	public
com.github.uuidcode.builder.html.Td	CtClassImpl	public
com.github.uuidcode.builder.html.Th	CtClassImpl	public
com.github.uuidcode.builder.html.Textarea.of()	CtMethodImpl	public
com.github.uuidcode.builder.request.RequestBuilder.addHeader(java.lang.String,java.lang.String)	CtMethodImpl	public
com.github.uuidcode.util.CoreUtil.setMaxTime(org.joda.time.DateTime)	CtMethodImpl	public
com.github.uuidcode.builder.map.ValueBuilder.getMapper()	CtMethodImpl	public
com.github.uuidcode.builder.pojo.PojoBuilder.packageName	CtFieldReferenceImpl	private
com.github.uuidcode.builder.html.Node.setParentNode(com.github.uuidcode.builder.html.Node)	CtMethodImpl	public
com.github.uuidcode.util.StringStream	CtClassImpl	public
com.github.uuidcode.builder.pojo.PropertyTypeConverter.doubleType(com.github.uuidcode.builder.pojo.Property)	CtMethodImpl	private
com.github.uuidcode.builder.process.JavaProcessBuilder.useConcMarkSweepGC()	CtMethodImpl	public
com.github.uuidcode.builder.request.RequestBuilder.cookie(java.lang.String)	CtMethodImpl	public
com.github.uuidcode.adapter.StringTypeAdapter	CtClassImpl	public
com.github.uuidcode.builder.selenium.ChromeDriverBuilder.createShutdownHook()	CtMethodImpl	private
com.github.uuidcode.builder.html.HtmlBuilder.option(com.github.uuidcode.builder.html.Node[])	CtMethodImpl	public
com.github.uuidcode.util.NameValuePairConverter.setFieldNamingPolicy(com.google.gson.FieldNamingPolicy)	CtMethodImpl	public
com.github.uuidcode.builder.selenium.LoginForm.setThird(java.lang.String)	CtMethodImpl	public
com.github.uuidcode.builder.pojo.Property.setValue(java.lang.Object)	CtMethodImpl	public
com.github.uuidcode.builder.map.MapBuilder.setValueBuilder(com.github.uuidcode.builder.map.ValueBuilder<T, V>)	CtMethodImpl	public
com.github.uuidcode.util.StringStream.joiningWithSlash()	CtMethodImpl	public
com.github.uuidcode.builder.pojo.Pojo.getPropertyList()	CtMethodImpl	public
com.github.uuidcode.util.StringStream.addEqual()	CtMethodImpl	public
com.github.uuidcode.model.CoreObject.equals(java.lang.Object)	CtMethodImpl	public
com.github.uuidcode.util.CoreUtil.asList(T[])	CtMethodImpl	public
com.github.uuidcode.builder.pojo.PropertyTypeConverter.getClass(java.lang.Object)	CtMethodImpl	private
com.github.uuidcode.builder.selenium.ChromeDriverBuilder.sleep(int)	CtMethodImpl	public
com.github.uuidcode.builder.pojo.PojoBuilder.setClassName(java.lang.String)	CtMethodImpl	public
com.github.uuidcode.util.StringStream.joiningWithVerticalBar()	CtMethodImpl	public
com.github.uuidcode.builder.process.Tail()	CtConstructorImpl	public
com.github.uuidcode.builder.selenium.ChromeDriverBuilder.getDefaultOptions()	CtMethodImpl	private
com.github.uuidcode.builder.html.Node.add(java.util.List<com.github.uuidcode.builder.html.Node>)	CtMethodImpl	public
com.github.uuidcode.builder.map.ItemBuilder.setMapper(java.util.function.Function<T, K>)	CtMethodImpl	public
com.github.uuidcode.util.StringStream.add(boolean,java.util.List<java.lang.String>)	CtMethodImpl	public
com.github.uuidcode.util.StringStream.of()	CtMethodImpl	public
com.github.uuidcode.builder.html.HtmlBuilder	CtClassImpl	public
com.github.uuidcode.util.CoreUtil.setMinTime(java.util.Date)	CtMethodImpl	public
com.github.uuidcode.builder.request.LatencyType.connectionTimeout	CtFieldReferenceImpl	private
com.github.uuidcode.builder.validation.ValidationBuilder.of(T,boolean)	CtMethodImpl	public
com.github.uuidcode.util.CoreUtil.splitList(java.lang.String)	CtMethodImpl	public
com.github.uuidcode.builder.html.Tbody	CtClassImpl	public
com.github.uuidcode.builder.process.JavaProcessBuilder.XmxGiga(int)	CtMethodImpl	public
com.github.uuidcode.builder.pojo.Property.processType(com.github.uuidcode.builder.pojo.Property)	CtMethodImpl	public
com.github.uuidcode.util.CoreUtil.exec(java.lang.String)	CtMethodImpl	public
com.github.uuidcode.builder.selenium.LoginForm.of()	CtMethodImpl	public
com.github.uuidcode.builder.html.Utils.wrap(java.lang.String,java.lang.String,java.lang.String)	CtMethodImpl	public
com.github.uuidcode.builder.pojo.Property.getIsList()	CtMethodImpl	public
com.github.uuidcode.adapter.DateTypeAdapter()	CtConstructorImpl	public
com.github.uuidcode.adapter.LongTypeAdapter.write(com.google.gson.stream.JsonWriter,java.lang.Long)	CtMethodImpl	public
com.github.uuidcode.builder.selenium.ChromeDriverBuilder.getHost()	CtMethodImpl	public
com.github.uuidcode.builder.html.Node()	CtConstructorImpl	public
com.github.uuidcode.builder.html.Dd.of()	CtMethodImpl	public
com.github.uuidcode.builder.request.RequestBuilder.get(java.lang.String)	CtMethodImpl	public
com.github.uuidcode.util.CoreUtil.getGsonBuilder()	CtMethodImpl	public
com.github.uuidcode.builder.request.RequestBuilder.json(java.lang.Object)	CtMethodImpl	public
com.github.uuidcode.builder.html.Node.parentNode	CtFieldReferenceImpl	private
com.github.uuidcode.util.CoreUtil.splitListWithNewLine(java.lang.String)	CtMethodImpl	public
com.github.uuidcode.builder.html.Blockquote.of()	CtMethodImpl	public
com.github.uuidcode.builder.html.H4.of()	CtMethodImpl	public
com.github.uuidcode.builder.html.Th()	CtConstructorImpl	public
com.github.uuidcode.util.StringStream.addComma()	CtMethodImpl	public
com.github.uuidcode.model.CoreObject.hashCode()	CtMethodImpl	public
com.github.uuidcode.util.StringStream.add(boolean,java.lang.Object,java.lang.Object)	CtMethodImpl	public
com.github.uuidcode.builder.html.Node.addClass(java.lang.String)	CtMethodImpl	public
com.github.uuidcode.builder.html.Script()	CtConstructorImpl	public
com.github.uuidcode.util.CoreUtil.getNextMonday(org.joda.time.DateTime)	CtMethodImpl	public
com.github.uuidcode.builder.html.Ul()	CtConstructorImpl	public
com.github.uuidcode.builder.html.Node.attributeList	CtFieldReferenceImpl	private
com.github.uuidcode.builder.html.HtmlBuilder.link(com.github.uuidcode.builder.html.Node[])	CtMethodImpl	public
com.github.uuidcode.builder.selenium.LoginForm.firstSuffix	CtFieldReferenceImpl	private
com.github.uuidcode.builder.html.Body	CtClassImpl	public
com.github.uuidcode.builder.pojo.PojoBuilder.toPropert(java.lang.String)	CtMethodImpl	public
com.github.uuidcode.util.StringStream.addSharp()	CtMethodImpl	public
com.github.uuidcode.util.CoreUtil.toFirstCharUpperCase(java.lang.String)	CtMethodImpl	public
com.github.uuidcode.builder.pojo.Pojo.processProperty()	CtMethodImpl	private
com.github.uuidcode.builder.process.JavaProcessBuilder.GIGA	CtFieldReferenceImpl	public
com.github.uuidcode.builder.html.Del	CtClassImpl	public
com.github.uuidcode.util.CoreUtil.inputStreamToString(java.io.InputStream)	CtMethodImpl	public
com.github.uuidcode.builder.html.Node.submit()	CtMethodImpl	public
com.github.uuidcode.util.StringStream.of(java.lang.Object)	CtMethodImpl	public
com.github.uuidcode.builder.pojo.Pojo.getHasListType()	CtMethodImpl	public
com.github.uuidcode.util.CoreUtil.LEFT_BRACE	CtFieldReferenceImpl	public
com.github.uuidcode.builder.html.HtmlBuilder.img()	CtMethodImpl	public
com.github.uuidcode.builder.pojo.Property.optional()	CtMethodImpl	public
com.github.uuidcode.builder.html.HtmlBuilder.h2(com.github.uuidcode.builder.html.Node[])	CtMethodImpl	public
com.github.uuidcode.util.StringStream.of(java.util.List<T>,java.util.function.Function<T, java.lang.String>)	CtMethodImpl	public
com.github.uuidcode.builder.selenium.ChromeDriverBuilder.driver	CtFieldReferenceImpl	private
com.github.uuidcode.util.CoreUtil.toJson(java.lang.Object)	CtMethodImpl	public
com.github.uuidcode.util.CoreExclusionStrategy.shouldSkipField(com.google.gson.FieldAttributes)	CtMethodImpl	public
com.github.uuidcode.util.CoreUtil.getNextSaturday(org.joda.time.DateTime)	CtMethodImpl	public
com.github.uuidcode.builder.validation.ValidationBuilder.add(java.util.function.Predicate<T>,java.lang.String)	CtMethodImpl	public
com.github.uuidcode.util.CoreUtil.EMPTY	CtFieldReferenceImpl	public
com.github.uuidcode.builder.pojo.Property.setNewType(boolean)	CtMethodImpl	public
com.github.uuidcode.util.CoreUtil.RIGHT_ANGLE_BRACKET	CtFieldReferenceImpl	public
com.github.uuidcode.builder.html.Img	CtClassImpl	public
com.github.uuidcode.builder.html.Node.requiresEndTag	CtFieldReferenceImpl	private
com.github.uuidcode.builder.html.Strong	CtClassImpl	public
com.github.uuidcode.builder.map.KeyBuilder.setValue(java.util.function.Function<T, V>)	CtMethodImpl	public
com.github.uuidcode.builder.request.RequestBuilder.authentication(java.lang.String)	CtMethodImpl	public
com.github.uuidcode.util.CoreUtil.equals(java.util.function.Function<T, java.lang.String>,java.lang.String)	CtMethodImpl	public
com.github.uuidcode.util.CoreUtil.lastAsOptional(java.util.List<T>)	CtMethodImpl	public
com.github.uuidcode.builder.html.Code()	CtConstructorImpl	public
com.github.uuidcode.util.StringStream.appendIndent(int)	CtMethodImpl	public
com.github.uuidcode.builder.html.Head.of()	CtMethodImpl	public
com.github.uuidcode.builder.pojo.Property.newType	CtFieldReferenceImpl	private
com.github.uuidcode.builder.pojo.PojoBuilder.nameConverterMap	CtFieldReferenceImpl	public
com.github.uuidcode.builder.process.MavenProcessBuilder.getDependenciesClasspathIndex(java.util.List<java.lang.String>)	CtMethodImpl	private
com.github.uuidcode.builder.process.Tail	CtClassImpl	public
com.github.uuidcode.util.CoreUtil	CtClassImpl	public
com.github.uuidcode.builder.html.Del()	CtConstructorImpl	public
com.github.uuidcode.builder.html.Table()	CtConstructorImpl	public
com.github.uuidcode.builder.selenium.LoginForm.setToken(java.lang.String)	CtMethodImpl	public
com.github.uuidcode.builder.html.Span()	CtConstructorImpl	public
com.github.uuidcode.builder.process.JavaProcessBuilder.loggc(java.lang.String)	CtMethodImpl	public
com.github.uuidcode.util.CoreUtil.toQueryStringWithQuestionMark(java.lang.Object)	CtMethodImpl	public
com.github.uuidcode.util.StringStream.addNotEmpty(java.lang.Object)	CtMethodImpl	public
com.github.uuidcode.builder.html.Tbody()	CtConstructorImpl	public
com.github.uuidcode.builder.html.Utils.startTag(java.lang.String)	CtMethodImpl	public
com.github.uuidcode.util.StringStream.joiningAndThen(java.util.function.Function<java.lang.Integer, java.lang.String>)	CtMethodImpl	public
com.github.uuidcode.builder.html.Html	CtClassImpl	public
com.github.uuidcode.builder.selenium.ChromeDriverBuilder.setScrollTopOffset(int)	CtMethodImpl	public
com.github.uuidcode.builder.map.KeyBuilder.getMapper()	CtMethodImpl	public
com.github.uuidcode.util.StringStream.joiningWithVerticalBarAndThen()	CtMethodImpl	public
com.github.uuidcode.builder.process.Tail.sleepSecond	CtFieldReferenceImpl	private
com.github.uuidcode.util.StringStream.add(java.util.function.Supplier<java.lang.Boolean>,java.lang.Object)	CtMethodImpl	public
com.github.uuidcode.util.CoreUtil.toQueryString(com.google.gson.FieldNamingPolicy,java.lang.Object)	CtMethodImpl	public
com.github.uuidcode.builder.html.Node.addAttribute(com.github.uuidcode.builder.html.Attribute)	CtMethodImpl	public
com.github.uuidcode.builder.request.LatencyType.getSocketTimeout()	CtMethodImpl	public
com.github.uuidcode.builder.html.Node.childNodeList	CtFieldReferenceImpl	private
com.github.uuidcode.util.StringStream.setIntermediateOperationList(java.util.List<com.github.uuidcode.util.IntermediateOperation>)	CtMethodImpl	public
com.github.uuidcode.builder.map.ValueBuilder()	CtConstructorImpl	public
com.github.uuidcode.builder.html.H6()	CtConstructorImpl	public
com.github.uuidcode.builder.pojo.Pojo.className	CtFieldReferenceImpl	private
com.github.uuidcode.builder.validation.ValidationBuilder	CtClassImpl	public
com.github.uuidcode.builder.html.H6.of()	CtMethodImpl	public
com.github.uuidcode.builder.html.Node.setDisabled(boolean)	CtMethodImpl	public
com.github.uuidcode.util.CoreUtil.urlDecode(java.lang.String)	CtMethodImpl	public
com.github.uuidcode.util.StringStream.joining(java.lang.CharSequence)	CtMethodImpl	public
com.github.uuidcode.util.StringStream.add(java.util.List<java.lang.String>)	CtMethodImpl	public
com.github.uuidcode.util.CoreUtil.dateTimeFormatter	CtFieldReferenceImpl	private
com.github.uuidcode.util.StringStream.joiningWithDotAndThen()	CtMethodImpl	public
com.github.uuidcode.builder.validation.ValidationBuilder(T,boolean)	CtConstructorImpl	public
com.github.uuidcode.builder.html.Text.of(java.lang.String)	CtMethodImpl	public
com.github.uuidcode.builder.pojo.Property.getJavaType()	CtMethodImpl	public
com.github.uuidcode.builder.process.Tail.createReader()	CtMethodImpl	private
com.github.uuidcode.builder.html.Li()	CtConstructorImpl	public
com.github.uuidcode.util.CoreUtil.SPACE	CtFieldReferenceImpl	public
com.github.uuidcode.builder.process.JavaProcessBuilder.useParallelOldGC()	CtMethodImpl	public
com.github.uuidcode.builder.selenium.LoginForm.setUri(java.lang.String)	CtMethodImpl	public
com.github.uuidcode.util.CoreUtil.base64Encode(java.lang.String)	CtMethodImpl	public
com.github.uuidcode.builder.html.Del.of()	CtMethodImpl	public
com.github.uuidcode.util.StringStream.appendIndent()	CtMethodImpl	public
com.github.uuidcode.util.NameValuePairConverter.fieldNamingPolicy	CtFieldReferenceImpl	private
com.github.uuidcode.builder.html.Tr()	CtConstructorImpl	public
com.github.uuidcode.util.CoreUtil.splitListWithUnderscore(java.lang.String)	CtMethodImpl	public
com.github.uuidcode.builder.html.H4()	CtConstructorImpl	public
com.github.uuidcode.util.CoreUtil.toNameValuePairList(com.google.gson.FieldNamingPolicy,java.lang.Object)	CtMethodImpl	public
com.github.uuidcode.builder.pojo.Pojo.setClassName(java.lang.String)	CtMethodImpl	public
com.github.uuidcode.builder.html.HtmlBuilder.textarea(com.github.uuidcode.builder.html.Node[])	CtMethodImpl	public
com.github.uuidcode.builder.html.HtmlBuilder.ol(com.github.uuidcode.builder.html.Node[])	CtMethodImpl	public
com.github.uuidcode.util.CoreUtil.AMPERSAND	CtFieldReferenceImpl	public
com.github.uuidcode.util.CoreUtil.toFirstCharLowerCase(java.lang.String)	CtMethodImpl	public
com.github.uuidcode.builder.html.Img()	CtConstructorImpl	public
com.github.uuidcode.builder.html.Dd()	CtConstructorImpl	public
com.github.uuidcode.builder.html.Thead	CtClassImpl	public
com.github.uuidcode.builder.html.Textarea()	CtConstructorImpl	public
com.github.uuidcode.builder.html.Strong.of()	CtMethodImpl	public
com.github.uuidcode.builder.html.HtmlBuilder.div(com.github.uuidcode.builder.html.Node[])	CtMethodImpl	public
com.github.uuidcode.builder.map.ItemBuilder	CtClassImpl	public
com.github.uuidcode.builder.html.Blockquote	CtClassImpl	public
com.github.uuidcode.builder.pojo.Pojo.getMethodContent()	CtMethodImpl	public
com.github.uuidcode.util.StringStream.joiningWithSlashAndThen()	CtMethodImpl	public
com.github.uuidcode.builder.html.Li	CtClassImpl	public
com.github.uuidcode.builder.request.RequestBuilder.addHeader(org.apache.http.Header)	CtMethodImpl	public
com.github.uuidcode.builder.pojo.PojoBuilder.getConvertedType(java.lang.String)	CtMethodImpl	private
com.github.uuidcode.adapter.StringTypeAdapter.read(com.google.gson.stream.JsonReader)	CtMethodImpl	public
com.github.uuidcode.builder.selenium.ChromeDriverBuilder.getWait()	CtMethodImpl	private
com.github.uuidcode.builder.html.Select	CtClassImpl	public
com.github.uuidcode.util.CoreUtil.getCanonicalPath(java.io.File)	CtMethodImpl	public
com.github.uuidcode.builder.selenium.LoginForm.second	CtFieldReferenceImpl	private
com.github.uuidcode.builder.pojo.Pojo.setPackageName(java.lang.String)	CtMethodImpl	public
com.github.uuidcode.util.CoreUtil.escapeSingleQuotation(java.lang.String)	CtMethodImpl	public
com.github.uuidcode.builder.pojo.Property.TYPE_DATE	CtFieldReferenceImpl	public
com.github.uuidcode.builder.html.Tbody.of()	CtMethodImpl	public
com.github.uuidcode.util.CoreUtil.lookupEnum(java.lang.Class<E>,java.lang.String)	CtMethodImpl	public
com.github.uuidcode.util.CoreUtil.getNextTuesday(org.joda.time.DateTime)	CtMethodImpl	public
com.github.uuidcode.util.CoreUtil.getNextFriday(java.util.Date)	CtMethodImpl	public
com.github.uuidcode.builder.html.Code.of()	CtMethodImpl	public
com.github.uuidcode.builder.pojo.PojoBuilder.typeConvertMap	CtFieldReferenceImpl	public
com.github.uuidcode.builder.html.Iframe	CtClassImpl	public
com.github.uuidcode.builder.pojo.Property.isList	CtFieldReferenceImpl	private
com.github.uuidcode.builder.validation.ValidationBuilder.add(java.util.function.Predicate<T>,java.util.function.Supplier<java.lang.RuntimeException>)	CtMethodImpl	public
com.github.uuidcode.builder.selenium.LoginForm.third	CtFieldReferenceImpl	private
com.github.uuidcode.builder.process.JavaProcessBuilder.Xmn(java.lang.String)	CtMethodImpl	private
com.github.uuidcode.util.CoreUtil.parseDateTime(java.lang.String)	CtMethodImpl	public
com.github.uuidcode.builder.process.MavenProcessBuilder	CtClassImpl	public
com.github.uuidcode.builder.process.JavaProcessBuilder()	CtConstructorImpl	public
com.github.uuidcode.util.CoreUtil.toNameValuePairList(com.google.gson.FieldNamingPolicy,java.util.Map<?, ?>)	CtMethodImpl	private
com.github.uuidcode.builder.html.Utils.joiningWithLineSeparator(java.util.List<java.lang.String>)	CtMethodImpl	public
com.github.uuidcode.util.StringStream.addSlash()	CtMethodImpl	public
com.github.uuidcode.builder.map.ItemBuilder.mapper	CtFieldReferenceImpl	private
com.github.uuidcode.builder.html.HtmlBuilder.tbody(com.github.uuidcode.builder.html.Node[])	CtMethodImpl	public
com.github.uuidcode.builder.html.HtmlBuilder.thead(com.github.uuidcode.builder.html.Node[])	CtMethodImpl	public
com.github.uuidcode.builder.map.KeyBuilder.of(java.util.function.Function<T, K>)	CtMethodImpl	public
com.github.uuidcode.util.CoreUtil.createUUID()	CtMethodImpl	public
com.github.uuidcode.util.CoreUtil.HYPHEN	CtFieldReferenceImpl	public
com.github.uuidcode.util.CoreUtil.formatDatetime(java.util.Date)	CtMethodImpl	public
com.github.uuidcode.util.CoreUtil.QUESTION_MARK	CtFieldReferenceImpl	public
com.github.uuidcode.builder.html.Img.of()	CtMethodImpl	public
com.github.uuidcode.builder.selenium.ChromeDriverBuilder.wait(org.openqa.selenium.By)	CtMethodImpl	private
com.github.uuidcode.builder.html.Node.contentList()	CtMethodImpl	public
com.github.uuidcode.util.CoreUtil.template(java.lang.String,java.lang.Object)	CtMethodImpl	public
com.github.uuidcode.util.StringStream.joiningWithDot()	CtMethodImpl	public
com.github.uuidcode.builder.selenium.ChromeDriverBuilder	CtClassImpl	public
com.github.uuidcode.builder.process.Tail.setFile(java.lang.String)	CtMethodImpl	public
com.github.uuidcode.util.CoreUtil.getNextDayOfWeek(java.util.Date,int)	CtMethodImpl	public
com.github.uuidcode.builder.pojo.PojoBuilder.includedFieldSet	CtFieldReferenceImpl	public
com.github.uuidcode.builder.request.RequestBuilder.debug(org.apache.http.HttpResponse,java.lang.String)	CtMethodImpl	private
com.github.uuidcode.util.CoreUtil.base64Encode(byte[])	CtMethodImpl	public
com.github.uuidcode.util.GenericOf.wrapped	CtFieldReferenceImpl	private
com.github.uuidcode.util.StringStream.joiningAndThen(java.lang.CharSequence)	CtMethodImpl	public
com.github.uuidcode.util.StringStream.joiningWithComma()	CtMethodImpl	public
com.github.uuidcode.builder.html.Br()	CtConstructorImpl	public
com.github.uuidcode.builder.pojo.PropertyTypeConverter.mapType(com.github.uuidcode.builder.pojo.Property)	CtMethodImpl	private
com.github.uuidcode.builder.html.Form.of()	CtMethodImpl	public
com.github.uuidcode.util.IntermediateOperation.setIntermediateFunction(java.util.function.Function<java.util.stream.Stream<java.lang.String>, java.util.stream.Stream<java.lang.String>>)	CtMethodImpl	public
com.github.uuidcode.builder.selenium.LoginForm.getFirstSuffix()	CtMethodImpl	public
com.github.uuidcode.util.CoreUtil.getNextWednesday(java.util.Date)	CtMethodImpl	public
com.github.uuidcode.builder.html.HtmlBuilder.h6(com.github.uuidcode.builder.html.Node[])	CtMethodImpl	public
com.github.uuidcode.util.CoreUtil.underscoreToLowerCamel(java.lang.String)	CtMethodImpl	public
com.github.uuidcode.util.CoreUtil.getNextSaturday(java.util.Date)	CtMethodImpl	public
com.github.uuidcode.util.CoreUtil.LINE_FEED	CtFieldReferenceImpl	public
com.github.uuidcode.builder.html.Node	CtClassImpl	public
com.github.uuidcode.builder.selenium.ChromeDriverBuilder.setHost(java.lang.String)	CtMethodImpl	public
com.github.uuidcode.util.CoreUtil.getClipboard()	CtMethodImpl	public
com.github.uuidcode.util.GenericOf.getOwnerType()	CtMethodImpl	public
com.github.uuidcode.builder.html.HtmlBuilder.em(com.github.uuidcode.builder.html.Node[])	CtMethodImpl	public
com.github.uuidcode.builder.validation.ValidationBuilder.of(T)	CtMethodImpl	public
com.github.uuidcode.util.CoreUtil.wrapWithDoubleQuote(java.lang.String)	CtMethodImpl	public
com.github.uuidcode.builder.html.Node.setId(java.lang.String)	CtMethodImpl	public
com.github.uuidcode.builder.request.RequestBuilder.getFieldNamePolicy()	CtMethodImpl	public
com.github.uuidcode.builder.html.Utils	CtClassImpl	public
com.github.uuidcode.util.CoreUtil.VERTICAL_BAR	CtFieldReferenceImpl	public
com.github.uuidcode.builder.html.HtmlBuilder.li(com.github.uuidcode.builder.html.Node[])	CtMethodImpl	public
com.github.uuidcode.builder.pojo.Property.getValueAsMap()	CtMethodImpl	public
com.github.uuidcode.builder.html.HtmlBuilder.label(com.github.uuidcode.builder.html.Node[])	CtMethodImpl	public
com.github.uuidcode.builder.map.MapBuilder.getKeyBuilder()	CtMethodImpl	public
com.github.uuidcode.builder.process.JavaProcessBuilder.setClassName(java.lang.Class)	CtMethodImpl	public
com.github.uuidcode.util.CoreUtil.prettifyJson(java.lang.String)	CtMethodImpl	public
com.github.uuidcode.builder.process.JavaProcessBuilder.addClasspath(java.lang.String)	CtMethodImpl	public
com.github.uuidcode.util.CoreUtil.getNextFriday(org.joda.time.DateTime)	CtMethodImpl	public
com.github.uuidcode.util.GenericOf.getRawType()	CtMethodImpl	public
com.github.uuidcode.builder.html.Dl()	CtConstructorImpl	public
com.github.uuidcode.util.CoreUtil.getHandlebars()	CtMethodImpl	public
com.github.uuidcode.util.CoreUtil.getJarPath(java.lang.Class)	CtMethodImpl	public
com.github.uuidcode.util.CoreUtil.formatDate(java.util.Date)	CtMethodImpl	public
com.github.uuidcode.builder.html.I.of()	CtMethodImpl	public
com.github.uuidcode.adapter.DateTypeAdapter	CtClassImpl	public
com.github.uuidcode.builder.html.Form()	CtConstructorImpl	public
com.github.uuidcode.util.CoreUtil.getNextSunday(org.joda.time.DateTime)	CtMethodImpl	public
com.github.uuidcode.builder.process.JavaProcessBuilder.addOption(java.util.List<java.lang.String>)	CtMethodImpl	public
com.github.uuidcode.builder.html.Tr.of()	CtMethodImpl	public
com.github.uuidcode.util.StringStream.wrapWithDoubleQuotation()	CtMethodImpl	public
com.github.uuidcode.util.StringStream.split(java.lang.String,java.lang.String)	CtMethodImpl	public
com.github.uuidcode.builder.html.Hr.of()	CtMethodImpl	public
com.github.uuidcode.util.IntermediateOperation.filter(java.util.function.Predicate<java.lang.String>)	CtMethodImpl	public
com.github.uuidcode.builder.html.Utils.wrapWithDoubleQuotation(java.lang.String)	CtMethodImpl	public
com.github.uuidcode.builder.pojo.Pojo.generateAndSave(java.lang.String)	CtMethodImpl	public
com.github.uuidcode.builder.html.Label()	CtConstructorImpl	public
com.github.uuidcode.builder.request.RequestBuilder	CtClassImpl	public
com.github.uuidcode.builder.selenium.ChromeDriverBuilder.scrollTopOffset	CtFieldReferenceImpl	private
com.github.uuidcode.builder.pojo.Property.setIsList()	CtMethodImpl	public
com.github.uuidcode.builder.pojo.Property.getFieldTemplate()	CtMethodImpl	private
com.github.uuidcode.builder.html.Iframe.of()	CtMethodImpl	public
com.github.uuidcode.builder.pojo.PojoBuilder.addIncludeField(java.lang.String)	CtMethodImpl	public
com.github.uuidcode.builder.process.JavaProcessBuilder.addClasspath(java.util.List<java.lang.String>)	CtMethodImpl	public
com.github.uuidcode.util.CoreUtil.getContent(java.io.File)	CtMethodImpl	public
com.github.uuidcode.builder.html.Hr	CtClassImpl	public
com.github.uuidcode.builder.pojo.Pojo.getOfMethod()	CtMethodImpl	private
com.github.uuidcode.builder.html.I()	CtConstructorImpl	public
com.github.uuidcode.adapter.StringTypeAdapter()	CtConstructorImpl	public
com.github.uuidcode.util.CoreUtil.fromJsonToList(java.lang.String)	CtMethodImpl	public
com.github.uuidcode.builder.html.Label	CtClassImpl	public
com.github.uuidcode.builder.html.HtmlBuilder.select(com.github.uuidcode.builder.html.Node[])	CtMethodImpl	public
com.github.uuidcode.util.CoreUtil.SHARP	CtFieldReferenceImpl	public
com.github.uuidcode.builder.process.JavaProcessBuilder.addOption(java.lang.String)	CtMethodImpl	public
com.github.uuidcode.builder.process.JavaProcessBuilder.javaagent(java.lang.String)	CtMethodImpl	public
com.github.uuidcode.builder.html.HtmlBuilder.dt(com.github.uuidcode.builder.html.Node[])	CtMethodImpl	public
com.github.uuidcode.builder.html.HtmlBuilder.td(com.github.uuidcode.builder.html.Node[])	CtMethodImpl	public
com.github.uuidcode.builder.pojo.Property.isDate()	CtMethodImpl	public
com.github.uuidcode.builder.pojo.Property.setIsList(boolean)	CtMethodImpl	public
com.github.uuidcode.util.StringStream.of(java.util.List<java.lang.String>)	CtMethodImpl	public
com.github.uuidcode.builder.html.Hr()	CtConstructorImpl	public
com.github.uuidcode.builder.html.Node.joiningAndAsList(java.util.List<java.lang.String>)	CtMethodImpl	private
com.github.uuidcode.util.CoreUtil.SEMICOLON	CtFieldReferenceImpl	public
com.github.uuidcode.builder.process.JavaProcessBuilder.argumentList	CtFieldReferenceImpl	private
com.github.uuidcode.util.CoreUtil.lineSeparator()	CtMethodImpl	public
com.github.uuidcode.builder.pojo.PropertyTypeConverter.stringType(com.github.uuidcode.builder.pojo.Property)	CtMethodImpl	private
com.github.uuidcode.builder.request.RequestBuilder.of()	CtMethodImpl	public
com.github.uuidcode.builder.html.Utils()	CtConstructorImpl	public
com.github.uuidcode.builder.html.P()	CtConstructorImpl	public
com.github.uuidcode.builder.pojo.Property.getNewType()	CtMethodImpl	public
com.github.uuidcode.builder.pojo.PojoBuilder.setPackageName(java.lang.String)	CtMethodImpl	public
com.github.uuidcode.util.CoreUtil.setMinTime(org.joda.time.DateTime)	CtMethodImpl	public
com.github.uuidcode.util.IntermediateOperation()	CtConstructorImpl	public
com.github.uuidcode.util.NameValuePairConverter	CtClassImpl	public
com.github.uuidcode.util.CoreUtil.isNotEmpty(java.util.List)	CtMethodImpl	public
com.github.uuidcode.builder.html.Link	CtClassImpl	public
com.github.uuidcode.builder.process.JavaProcessBuilder.Xms(java.lang.String)	CtMethodImpl	private
com.github.uuidcode.util.StringStream.add(java.util.List<T>,java.util.function.Function<T, java.lang.String>)	CtMethodImpl	public
com.github.uuidcode.util.StringStream.addLeftAngleBracket()	CtMethodImpl	public
com.github.uuidcode.builder.request.RequestBuilder.body(java.lang.Object)	CtMethodImpl	public
com.github.uuidcode.util.CoreUtil.getValue(java.lang.Object)	CtMethodImpl	public
com.github.uuidcode.builder.html.HtmlBuilder.i(com.github.uuidcode.builder.html.Node[])	CtMethodImpl	public
com.github.uuidcode.builder.html.Text.setText(java.lang.String)	CtMethodImpl	public
com.github.uuidcode.util.CoreUtil.parseInt(java.lang.String)	CtMethodImpl	public
com.github.uuidcode.builder.pojo.Pojo.packageName	CtFieldReferenceImpl	private
com.github.uuidcode.util.StringStream.addLineFeed()	CtMethodImpl	public
com.github.uuidcode.builder.process.Tail.logger	CtFieldReferenceImpl	protected
com.github.uuidcode.util.StringStream.setFinisher(java.util.function.Function<java.lang.String, java.lang.String>)	CtMethodImpl	public
com.github.uuidcode.builder.validation.ValidationBuilder.add(boolean,java.util.function.Supplier<java.lang.RuntimeException>)	CtMethodImpl	private
com.github.uuidcode.builder.html.Node.setSrc(java.lang.String)	CtMethodImpl	public
com.github.uuidcode.builder.html.Attribute.of(java.lang.String)	CtMethodImpl	public
com.github.uuidcode.builder.request.RequestBuilder.logger	CtFieldReferenceImpl	protected
com.github.uuidcode.builder.html.Node.getParentNode()	CtMethodImpl	public
com.github.uuidcode.builder.html.Textarea	CtClassImpl	public
com.github.uuidcode.util.CoreUtil.isNotEmpty(java.lang.String)	CtMethodImpl	public
com.github.uuidcode.builder.html.Button.of()	CtMethodImpl	public
com.github.uuidcode.builder.pojo.Pojo.generate()	CtMethodImpl	public
com.github.uuidcode.util.StringStream.skip(java.lang.Long)	CtMethodImpl	public
com.github.uuidcode.util.StringStream.joiningWithUnderscoreAndThen()	CtMethodImpl	public
com.github.uuidcode.builder.html.Node.getRequiresEndTag()	CtMethodImpl	public
com.github.uuidcode.builder.request.RequestBuilder.executeAndGetContent()	CtMethodImpl	public
com.github.uuidcode.builder.html.Dt()	CtConstructorImpl	public
com.github.uuidcode.util.IntermediateOperation.map(java.util.function.Function<java.lang.String, java.lang.String>)	CtMethodImpl	public
com.github.uuidcode.util.GenericOf.container	CtFieldReferenceImpl	private
com.github.uuidcode.builder.pojo.Property.TYPE_LONG	CtFieldReferenceImpl	public
com.github.uuidcode.builder.html.H2	CtClassImpl	public
com.github.uuidcode.builder.pojo.PropertyTypeConverter	CtClassImpl	package-private
com.github.uuidcode.util.StringStream.joiningWithHyphenAndThen()	CtMethodImpl	public
com.github.uuidcode.util.CoreUtil.readLines(java.lang.String)	CtMethodImpl	public
com.github.uuidcode.adapter.LongTypeAdapter.read(com.google.gson.stream.JsonReader)	CtMethodImpl	public
com.github.uuidcode.builder.request.RequestBuilder.executeAndGetObject(java.lang.reflect.Type)	CtMethodImpl	public
com.github.uuidcode.builder.process.MavenProcessBuilder.getCommand()	CtMethodImpl	public
com.github.uuidcode.builder.html.Em.of()	CtMethodImpl	public
com.github.uuidcode.builder.request.RequestBuilder.get(java.lang.String,java.lang.String)	CtMethodImpl	public
com.github.uuidcode.util.StringStream.addWithWrappedBrace(java.lang.String)	CtMethodImpl	public
com.github.uuidcode.builder.process.Tail.run()	CtMethodImpl	public
com.github.uuidcode.builder.validation.ValidationBuilder.enabled	CtFieldReferenceImpl	private
com.github.uuidcode.util.StringStream.filter(java.util.function.Predicate<java.lang.String>)	CtMethodImpl	public
com.github.uuidcode.builder.request.RequestBuilder.put(java.lang.String)	CtMethodImpl	public
com.github.uuidcode.builder.selenium.ChromeDriverBuilder.of()	CtMethodImpl	public
com.github.uuidcode.builder.html.A()	CtConstructorImpl	public
com.github.uuidcode.util.StringStream.skip(java.lang.Integer)	CtMethodImpl	public
com.github.uuidcode.util.CoreUtil.EQUAL	CtFieldReferenceImpl	public
com.github.uuidcode.builder.pojo.Property	CtClassImpl	public
com.github.uuidcode.builder.selenium.ChromeDriverBuilder.headless()	CtMethodImpl	public
com.github.uuidcode.util.CoreUtil.SLASH	CtFieldReferenceImpl	public
com.github.uuidcode.builder.html.Node.setRel(java.lang.String)	CtMethodImpl	public
com.github.uuidcode.builder.pojo.Property.className	CtFieldReferenceImpl	private
com.github.uuidcode.builder.pojo.Property.getName()	CtMethodImpl	public
com.github.uuidcode.builder.pojo.Pojo.build()	CtMethodImpl	public
com.github.uuidcode.builder.pojo.Property.isAvailable()	CtMethodImpl	public
com.github.uuidcode.builder.pojo.PojoBuilder.getPropertyListFromMap(java.util.Map<java.lang.String, java.lang.Object>)	CtMethodImpl	public
com.github.uuidcode.builder.selenium.ChromeDriverBuilder.loadUrlAndContainsAtSource(java.lang.String,java.lang.String)	CtMethodImpl	public
com.github.uuidcode.util.StringStream.joiningWithQuestionMark()	CtMethodImpl	public
com.github.uuidcode.builder.html.Button()	CtConstructorImpl	public
com.github.uuidcode.builder.html.H5()	CtConstructorImpl	public
com.github.uuidcode.util.StringStream.intermediateOperationList	CtFieldReferenceImpl	private
com.github.uuidcode.builder.process.JavaProcessBuilder.createClassPath()	CtMethodImpl	public
com.github.uuidcode.builder.html.Attribute.name	CtFieldReferenceImpl	private
com.github.uuidcode.builder.process.MavenProcessBuilder.dependencyBuildClasspath()	CtMethodImpl	public
com.github.uuidcode.builder.html.Node.add(com.github.uuidcode.builder.html.Node[])	CtMethodImpl	public
com.github.uuidcode.builder.selenium.ChromeDriverBuilder.scrollDownByClassName(java.lang.String)	CtMethodImpl	public
com.github.uuidcode.builder.html.Ul	CtClassImpl	public
com.github.uuidcode.util.StringStream.joiningAndThen()	CtMethodImpl	public
com.github.uuidcode.builder.process.JavaProcessBuilder.Xmx(java.lang.String)	CtMethodImpl	private
com.github.uuidcode.builder.request.RequestBuilder.executeAndGetObject(java.lang.Class<T>,java.lang.reflect.Type)	CtMethodImpl	private
com.github.uuidcode.util.CoreUtil.templateInline(java.lang.String,java.lang.Object)	CtMethodImpl	public
com.github.uuidcode.builder.html.HtmlBuilder.h1(com.github.uuidcode.builder.html.Node[])	CtMethodImpl	public
com.github.uuidcode.builder.pojo.Pojo.setPropertyList(java.util.List<com.github.uuidcode.builder.pojo.Property>)	CtMethodImpl	public
com.github.uuidcode.util.CoreUtil.getNextWednesday(org.joda.time.DateTime)	CtMethodImpl	public
com.github.uuidcode.builder.html.Dt	CtClassImpl	public
com.github.uuidcode.builder.html.Table	CtClassImpl	public
com.github.uuidcode.builder.html.HtmlBuilder.body(com.github.uuidcode.builder.html.Node[])	CtMethodImpl	public
com.github.uuidcode.builder.html.Node.add(com.github.uuidcode.builder.html.Node)	CtMethodImpl	public
com.github.uuidcode.util.CoreUtil.indent(int)	CtMethodImpl	public
com.github.uuidcode.util.CoreUtil.toNameValuePairList(java.lang.Object)	CtMethodImpl	public
com.github.uuidcode.builder.pojo.PropertyTypeConverter.convertMap	CtFieldReferenceImpl	private
com.github.uuidcode.builder.map.MapBuilder.build(java.util.List<T>)	CtMethodImpl	public
com.github.uuidcode.util.CoreUtil.wrap(java.lang.String,java.lang.String,java.lang.String)	CtMethodImpl	public
com.github.uuidcode.util.CoreUtil.COMMA	CtFieldReferenceImpl	public
com.github.uuidcode.builder.map.ValueBuilder.of(java.util.function.Function<T, K>)	CtMethodImpl	public
com.github.uuidcode.builder.html.Dd	CtClassImpl	public
com.github.uuidcode.builder.map.KeyBuilder()	CtConstructorImpl	public
com.github.uuidcode.builder.pojo.Pojo.logger	CtFieldReferenceImpl	private
com.github.uuidcode.builder.html.Node.tagName	CtFieldReferenceImpl	private
com.github.uuidcode.builder.process.MavenProcessBuilder()	CtConstructorImpl	package-private
com.github.uuidcode.builder.selenium.LoginForm.getThird()	CtMethodImpl	public
com.github.uuidcode.builder.process.JavaProcessBuilder.className	CtFieldReferenceImpl	private
com.github.uuidcode.builder.html.H1()	CtConstructorImpl	public
com.github.uuidcode.builder.html.Dl	CtClassImpl	public
com.github.uuidcode.builder.html.Em	CtClassImpl	public
com.github.uuidcode.builder.html.HtmlBuilder.button(com.github.uuidcode.builder.html.Node[])	CtMethodImpl	public
com.github.uuidcode.builder.html.HtmlBuilder.script(com.github.uuidcode.builder.html.Text[])	CtMethodImpl	public
com.github.uuidcode.builder.map.ValueBuilder.mapper	CtFieldReferenceImpl	private
com.github.uuidcode.builder.selenium.ChromeDriverBuilder.host	CtFieldReferenceImpl	private
com.github.uuidcode.builder.html.Body.of()	CtMethodImpl	public
com.github.uuidcode.builder.html.Iframe()	CtConstructorImpl	public
com.github.uuidcode.util.CoreUtil.splitListWithColon(java.lang.String)	CtMethodImpl	public
com.github.uuidcode.builder.html.H5.of()	CtMethodImpl	public
com.github.uuidcode.util.IntermediateOperation	CtClassImpl	public
com.github.uuidcode.builder.request.LatencyType.socketTimeout	CtFieldReferenceImpl	private
com.github.uuidcode.util.CoreUtil.internalInputStreamToString(java.io.InputStream)	CtMethodImpl	private
com.github.uuidcode.builder.html.HtmlBuilder.dd(com.github.uuidcode.builder.html.Node[])	CtMethodImpl	public
com.github.uuidcode.util.CoreUtil.joiningWithPathSeparator(java.util.List<java.lang.String>)	CtMethodImpl	public
com.github.uuidcode.util.StringStream.map(java.util.function.Function<java.lang.String, java.lang.String>)	CtMethodImpl	public
com.github.uuidcode.builder.pojo.PropertyTypeConverter.convert(com.github.uuidcode.builder.pojo.Property)	CtMethodImpl	package-private
com.github.uuidcode.util.CoreUtil.urlEncode(java.lang.String)	CtMethodImpl	public
com.github.uuidcode.builder.request.RequestBuilder.ofLowerCaseWithUnderscores()	CtMethodImpl	public
com.github.uuidcode.builder.map.MapBuilder.setKeyBuilder(com.github.uuidcode.builder.map.KeyBuilder<T, K>)	CtMethodImpl	public
com.github.uuidcode.builder.selenium.ChromeDriverBuilder.logger	CtFieldReferenceImpl	protected
com.github.uuidcode.builder.pojo.Property.getValue()	CtMethodImpl	public
com.github.uuidcode.util.CoreUtil.joining(java.util.List<java.lang.String>)	CtMethodImpl	public
com.github.uuidcode.builder.html.Ol.of()	CtMethodImpl	public
com.github.uuidcode.builder.html.Ul.of()	CtMethodImpl	public
com.github.uuidcode.builder.pojo.PojoBuilder.className	CtFieldReferenceImpl	private
com.github.uuidcode.builder.pojo.Pojo.hasProperty()	CtMethodImpl	public
com.github.uuidcode.util.NameValuePairConverter.convert(java.lang.Object)	CtMethodImpl	public
com.github.uuidcode.builder.html.Option.of()	CtMethodImpl	public
com.github.uuidcode.builder.request.RequestBuilder.executeAndDownload(java.io.File)	CtMethodImpl	public
com.github.uuidcode.builder.request.RequestBuilder.authenticationBasic(java.lang.String)	CtMethodImpl	public
com.github.uuidcode.builder.html.H1	CtClassImpl	public
com.github.uuidcode.util.CoreUtil.getNextThursday(java.util.Date)	CtMethodImpl	public
com.github.uuidcode.builder.html.Input	CtClassImpl	public
com.github.uuidcode.builder.html.H3	CtClassImpl	public
com.github.uuidcode.builder.html.Td()	CtConstructorImpl	public
com.github.uuidcode.builder.html.H5	CtClassImpl	public
com.github.uuidcode.builder.selenium.ChromeDriverBuilder.login(com.github.uuidcode.builder.selenium.LoginForm)	CtMethodImpl	public
com.github.uuidcode.util.CoreUtil.base64Decode(java.lang.String)	CtMethodImpl	public
com.github.uuidcode.util.CoreUtil.toQueryStringWithQuestionMark(com.google.gson.FieldNamingPolicy,java.lang.Object)	CtMethodImpl	public
com.github.uuidcode.builder.html.HtmlBuilder.span(com.github.uuidcode.builder.html.Node[])	CtMethodImpl	public
com.github.uuidcode.builder.html.Attribute	CtClassImpl	public
com.github.uuidcode.builder.html.H1.of()	CtMethodImpl	public
com.github.uuidcode.builder.process.JavaProcessBuilder.useG1GC()	CtMethodImpl	public
com.github.uuidcode.builder.selenium.ChromeDriverBuilder.scrollDownById(java.lang.String)	CtMethodImpl	public
com.github.uuidcode.builder.html.Thead.of()	CtMethodImpl	public
com.github.uuidcode.builder.selenium.ChromeDriverBuilder.click(org.openqa.selenium.By)	CtMethodImpl	public
com.github.uuidcode.builder.html.Script	CtClassImpl	public
com.github.uuidcode.builder.request.RequestBuilder.headerList	CtFieldReferenceImpl	private
com.github.uuidcode.builder.pojo.Pojo.propertyList	CtFieldReferenceImpl	private
com.github.uuidcode.builder.pojo.Pojo.pojoList	CtFieldReferenceImpl	private
com.github.uuidcode.builder.html.HtmlBuilder.blockquote(com.github.uuidcode.builder.html.Node[])	CtMethodImpl	public
com.github.uuidcode.builder.request.RequestBuilder.addHeader(java.util.List<org.apache.http.Header>)	CtMethodImpl	public
com.github.uuidcode.builder.html.P.of()	CtMethodImpl	public
com.github.uuidcode.builder.pojo.Pojo.generateAndPrint()	CtMethodImpl	public
com.github.uuidcode.builder.request.RequestBuilder.executeAndGetObject(java.lang.Class<T>)	CtMethodImpl	public
com.github.uuidcode.util.CoreExclusionStrategy.shouldSkipClass(java.lang.Class<?>)	CtMethodImpl	public
com.github.uuidcode.builder.validation.ValidationBuilder.of()	CtMethodImpl	public
com.github.uuidcode.util.StringStream.addRightBrace()	CtMethodImpl	public
com.github.uuidcode.builder.map.KeyBuilder	CtClassImpl	public
com.github.uuidcode.builder.pojo.Pojo.processPropertyForNewType()	CtMethodImpl	private
com.github.uuidcode.builder.html.Td.of()	CtMethodImpl	public
com.github.uuidcode.builder.html.Node.getChildContentList()	CtMethodImpl	private
com.github.uuidcode.builder.selenium.ChromeDriverBuilder.getSleepSecond()	CtMethodImpl	public
com.github.uuidcode.util.CoreUtil.getNextDayOfWeek(org.joda.time.DateTime,int)	CtMethodImpl	public
com.github.uuidcode.builder.map.MapBuilder	CtClassImpl	public
com.github.uuidcode.util.CoreUtil.splitListWithFileSeparator(java.lang.String)	CtMethodImpl	public
com.github.uuidcode.builder.html.Br.of()	CtMethodImpl	public
com.github.uuidcode.builder.pojo.PojoBuilder.excludedFieldSet	CtFieldReferenceImpl	public
com.github.uuidcode.builder.map.ItemBuilder.getMapper()	CtMethodImpl	public
com.github.uuidcode.builder.pojo.Property.TYPE_STRING	CtFieldReferenceImpl	public
com.github.uuidcode.util.CoreUtil.wrapWithBrace(java.lang.String)	CtMethodImpl	public
com.github.uuidcode.builder.pojo.Pojo.getHasDateType()	CtMethodImpl	public
com.github.uuidcode.builder.process.JavaProcessBuilder.logger	CtFieldReferenceImpl	protected
com.github.uuidcode.builder.selenium.ChromeDriverBuilder.getChromeDriver()	CtMethodImpl	public
com.github.uuidcode.builder.pojo.Property.setName(java.lang.String)	CtMethodImpl	public
com.github.uuidcode.builder.selenium.LoginForm.first	CtFieldReferenceImpl	private
com.github.uuidcode.builder.pojo.PojoBuilder.addNameConvert(java.lang.String,java.lang.String)	CtMethodImpl	public
com.github.uuidcode.util.IntermediateOperation.run(java.util.stream.Stream<java.lang.String>)	CtMethodImpl	public
com.github.uuidcode.builder.selenium.LoginForm.getUri()	CtMethodImpl	public
com.github.uuidcode.builder.validation.ValidationBuilder()	CtConstructorImpl	public
com.github.uuidcode.builder.process.Tail.of()	CtMethodImpl	public
com.github.uuidcode.builder.process.JavaProcessBuilder.addArgument(java.lang.String)	CtMethodImpl	public
com.github.uuidcode.util.CoreUtil.fileSeparator()	CtMethodImpl	public
com.github.uuidcode.util.CoreUtil.getNextThursday(org.joda.time.DateTime)	CtMethodImpl	public
com.github.uuidcode.builder.html.HtmlBuilder.form(com.github.uuidcode.builder.html.Node[])	CtMethodImpl	public
com.github.uuidcode.builder.process.ProcessBuilder.logger	CtFieldReferenceImpl	public
com.github.uuidcode.builder.process.JavaProcessBuilder.setClassName(java.lang.String)	CtMethodImpl	public
com.github.uuidcode.builder.pojo.Property.getClassName()	CtMethodImpl	public
com.github.uuidcode.builder.html.Node.setType(java.lang.String)	CtMethodImpl	public
com.github.uuidcode.builder.pojo.Property.getType()	CtMethodImpl	public
com.github.uuidcode.builder.selenium.ChromeDriverBuilder.scroll(int)	CtMethodImpl	public
com.github.uuidcode.util.StringStream.add(boolean,java.lang.Object)	CtMethodImpl	public
com.github.uuidcode.util.NameValuePairConverter.setField(java.lang.reflect.Field)	CtMethodImpl	public
com.github.uuidcode.builder.html.Node.INDENT	CtFieldReferenceImpl	public
com.github.uuidcode.builder.html.HtmlBuilder.p(com.github.uuidcode.builder.html.Node[])	CtMethodImpl	public
com.github.uuidcode.builder.html.H2()	CtConstructorImpl	public
com.github.uuidcode.builder.validation.ValidationBuilder.of(T,java.util.function.Predicate<T>)	CtMethodImpl	public
com.github.uuidcode.builder.html.Node.setHref(java.lang.String)	CtMethodImpl	public
com.github.uuidcode.util.CoreUtil()	CtConstructorImpl	public
com.github.uuidcode.builder.request.RequestBuilder.execute()	CtMethodImpl	public
com.github.uuidcode.builder.html.Node.setPlaceholder(java.lang.String)	CtMethodImpl	public
com.github.uuidcode.util.CoreUtil.BACK_SLASH	CtFieldReferenceImpl	public
com.github.uuidcode.util.CoreUtil.getNextTuesday(java.util.Date)	CtMethodImpl	public
com.github.uuidcode.builder.pojo.PojoBuilder.isAvailableField(java.lang.String)	CtMethodImpl	public
com.github.uuidcode.util.StringStream.addDot()	CtMethodImpl	public
com.github.uuidcode.adapter.LongTypeAdapter()	CtConstructorImpl	public
com.github.uuidcode.builder.pojo.Property.TYPE_BOOLEAN	CtFieldReferenceImpl	public
com.github.uuidcode.builder.map.KeyBuilder.setMapper(java.util.function.Function<T, K>)	CtMethodImpl	public
com.github.uuidcode.builder.request.RequestBuilder.executeAndGetList(java.lang.Class<T>)	CtMethodImpl	public
com.github.uuidcode.builder.html.Attribute.of(java.lang.String,java.lang.String)	CtMethodImpl	public
com.github.uuidcode.builder.html.Code	CtClassImpl	public
com.github.uuidcode.adapter.DateTypeAdapter.write(com.google.gson.stream.JsonWriter,java.util.Date)	CtMethodImpl	public
com.github.uuidcode.builder.html.Node.hidden()	CtMethodImpl	public
com.github.uuidcode.builder.html.Thead()	CtConstructorImpl	public
com.github.uuidcode.builder.selenium.LoginForm.token	CtFieldReferenceImpl	private
com.github.uuidcode.util.CoreUtil.multipleEmptyLineToOneEmptyLine(java.lang.String)	CtMethodImpl	public
com.github.uuidcode.builder.selenium.LoginForm.setFirstSuffix(java.lang.String)	CtMethodImpl	public
com.github.uuidcode.util.StringStream.joiningWithCommaAndLineSeparator()	CtMethodImpl	public
com.github.uuidcode.builder.html.I	CtClassImpl	public
com.github.uuidcode.builder.request.RequestBuilder.body(java.lang.String,java.io.InputStream)	CtMethodImpl	public
com.github.uuidcode.util.CoreUtil.getNextSunday(java.util.Date)	CtMethodImpl	public
com.github.uuidcode.builder.html.Node.getChildNodeList()	CtMethodImpl	public
com.github.uuidcode.util.CoreUtil.splitListWithSpace(java.lang.String)	CtMethodImpl	public
com.github.uuidcode.builder.html.Button	CtClassImpl	public
com.github.uuidcode.builder.selenium.ChromeDriverBuilder.sleepSecond	CtFieldReferenceImpl	private
com.github.uuidcode.builder.map.ItemBuilder()	CtConstructorImpl	public
com.github.uuidcode.builder.request.RequestBuilder.resultFieldNamePolicy	CtFieldReferenceImpl	private
com.github.uuidcode.util.CoreUtil.commaAndSpace()	CtMethodImpl	public
com.github.uuidcode.builder.pojo.Pojo.save(java.lang.String,java.lang.String)	CtMethodImpl	private
com.github.uuidcode.builder.request.RequestBuilder.referer(java.lang.String)	CtMethodImpl	public
com.github.uuidcode.util.StringStream.add(java.lang.Object,boolean)	CtMethodImpl	public
com.github.uuidcode.util.StringStream.addLeftParenthesis()	CtMethodImpl	public
com.github.uuidcode.builder.request.RequestBuilder.setResultFieldNamePolicy(com.google.gson.FieldNamingPolicy)	CtMethodImpl	public
com.github.uuidcode.builder.pojo.Property.setClassName(java.lang.String)	CtMethodImpl	public
com.github.uuidcode.builder.html.Attribute()	CtConstructorImpl	public
com.github.uuidcode.builder.html.HtmlBuilder.h5(com.github.uuidcode.builder.html.Node[])	CtMethodImpl	public
com.github.uuidcode.builder.selenium.LoginForm.uri	CtFieldReferenceImpl	private
com.github.uuidcode.builder.html.A	CtClassImpl	public
com.github.uuidcode.builder.html.Node.joining(java.util.List<java.lang.String>)	CtMethodImpl	private
com.github.uuidcode.builder.pojo.Pojo.getOfTemplate()	CtMethodImpl	private
com.github.uuidcode.util.StringStream.finisher	CtFieldReferenceImpl	private
com.github.uuidcode.builder.html.Html()	CtConstructorImpl	public
com.github.uuidcode.builder.html.Node.text()	CtMethodImpl	public
com.github.uuidcode.builder.process.JavaProcessBuilder.MEGA	CtFieldReferenceImpl	public
com.github.uuidcode.builder.request.RequestBuilder.body(org.apache.http.HttpEntity)	CtMethodImpl	public
com.github.uuidcode.builder.request.LatencyType.getConnectionTimeout()	CtMethodImpl	public
com.github.uuidcode.builder.html.H4	CtClassImpl	public
com.github.uuidcode.builder.process.Tail.sleep()	CtMethodImpl	private
com.github.uuidcode.util.IntermediateOperation.intermediateFunction	CtFieldReferenceImpl	private
com.github.uuidcode.builder.html.Text()	CtConstructorImpl	public
com.github.uuidcode.builder.pojo.Pojo	CtClassImpl	public
com.github.uuidcode.builder.html.Node.prependIndent(java.lang.String)	CtMethodImpl	private
com.github.uuidcode.model.CoreObject()	CtConstructorImpl	public
com.github.uuidcode.builder.request.LatencyType	CtEnumImpl	public
com.github.uuidcode.builder.selenium.ChromeDriverBuilder.loadUrl(java.lang.String)	CtMethodImpl	public
com.github.uuidcode.builder.html.P	CtClassImpl	public
com.github.uuidcode.util.CoreUtil.setContent(java.io.File,java.lang.String)	CtMethodImpl	public
com.github.uuidcode.builder.validation.ValidationBuilder(T)	CtConstructorImpl	public
com.github.uuidcode.builder.map.ItemBuilder.of(java.util.function.Function<T, K>)	CtMethodImpl	public
com.github.uuidcode.util.CoreUtil.fromJson(java.lang.String,java.lang.Class<T>)	CtMethodImpl	public
com.github.uuidcode.util.StringStream.addLeftBrace()	CtMethodImpl	public
com.github.uuidcode.builder.html.Option	CtClassImpl	public
com.github.uuidcode.util.CoreExclusionStrategy()	CtConstructorImpl	package-private
com.github.uuidcode.util.StringStream.builder	CtFieldReferenceImpl	private
com.github.uuidcode.builder.html.Node.setValue(java.lang.String)	CtMethodImpl	public
com.github.uuidcode.builder.html.Dt.of()	CtMethodImpl	public
com.github.uuidcode.util.StringStream.getFinisher()	CtMethodImpl	public
com.github.uuidcode.adapter.LongTypeAdapter	CtClassImpl	public
com.github.uuidcode.util.CoreUtil.last(java.util.List<T>)	CtMethodImpl	public
com.github.uuidcode.builder.html.Script.of(com.github.uuidcode.builder.html.Text[])	CtMethodImpl	public
com.github.uuidcode.util.StringStream.add(boolean,java.util.function.Supplier<java.lang.String>)	CtMethodImpl	public
com.github.uuidcode.builder.html.Head	CtClassImpl	public
com.github.uuidcode.util.NameValuePairConverter.getField()	CtMethodImpl	public
com.github.uuidcode.util.StringStream.getIntermediateOperationList()	CtMethodImpl	public
com.github.uuidcode.builder.process.JavaProcessBuilder.XmsGiga(int)	CtMethodImpl	public
com.github.uuidcode.builder.request.RequestBuilder.get(java.lang.String,java.lang.Object)	CtMethodImpl	public
com.github.uuidcode.util.CoreUtil.DOT	CtFieldReferenceImpl	public
com.github.uuidcode.builder.html.Attribute.toString()	CtMethodImpl	public
com.github.uuidcode.builder.selenium.LoginForm.setSecond(java.lang.String)	CtMethodImpl	public
com.github.uuidcode.util.CoreUtil.getContentFromResource(java.lang.String)	CtMethodImpl	public
com.github.uuidcode.builder.selenium.ChromeDriverBuilder.sleep()	CtMethodImpl	public
com.github.uuidcode.util.StringStream.joining()	CtMethodImpl	public
com.github.uuidcode.builder.html.HtmlBuilder.input()	CtMethodImpl	public
com.github.uuidcode.builder.selenium.LoginForm	CtClassImpl	public
com.github.uuidcode.builder.html.H3()	CtConstructorImpl	public
com.github.uuidcode.builder.request.RequestBuilder.setFieldNamePolicy(com.google.gson.FieldNamingPolicy)	CtMethodImpl	public
com.github.uuidcode.builder.request.RequestBuilder.setHeaderList(java.util.List<org.apache.http.Header>)	CtMethodImpl	public
com.github.uuidcode.builder.request.RequestBuilder.getHeaderList()	CtMethodImpl	public
com.github.uuidcode.builder.selenium.ChromeDriverBuilder.quit()	CtMethodImpl	public
com.github.uuidcode.builder.pojo.PojoBuilder()	CtConstructorImpl	public
com.github.uuidcode.util.StringStream.joining(java.util.function.Function<java.lang.Integer, java.lang.String>)	CtMethodImpl	public
com.github.uuidcode.util.CoreUtil.UTF8	CtFieldReferenceImpl	public
com.github.uuidcode.util.StringStream.addRightParenthesis()	CtMethodImpl	public
com.github.uuidcode.builder.html.HtmlBuilder.hr(com.github.uuidcode.builder.html.Node[])	CtMethodImpl	public
com.github.uuidcode.builder.html.Table.of()	CtMethodImpl	public
com.github.uuidcode.util.StringStream.joiningWithNewLine()	CtMethodImpl	public
com.github.uuidcode.builder.process.JavaProcessBuilder.XmnGiga(int)	CtMethodImpl	public
com.github.uuidcode.builder.html.HtmlBuilder()	CtConstructorImpl	public
com.github.uuidcode.builder.html.A.of()	CtMethodImpl	public
com.github.uuidcode.util.CoreUtil.splitList(java.lang.String,java.lang.String)	CtMethodImpl	public
com.github.uuidcode.builder.html.Attribute.getValueSet()	CtMethodImpl	public
com.github.uuidcode.builder.pojo.Property.value	CtFieldReferenceImpl	private
com.github.uuidcode.builder.process.JavaProcessBuilder.classpathList	CtFieldReferenceImpl	private
com.github.uuidcode.util.StringStream.addSemicolon()	CtMethodImpl	public
com.github.uuidcode.builder.request.RequestBuilder.executeAndGetMap()	CtMethodImpl	public
com.github.uuidcode.builder.map.MapBuilder.keyBuilder	CtFieldReferenceImpl	private
com.github.uuidcode.builder.pojo.Property.getSetMethodName()	CtMethodImpl	public
com.github.uuidcode.builder.html.Node.addClass(java.lang.String[])	CtMethodImpl	public
com.github.uuidcode.util.CoreUtil.setMaxTime(java.util.Date)	CtMethodImpl	public
com.github.uuidcode.builder.pojo.PropertyTypeConverter.convert(com.github.uuidcode.builder.pojo.Property,java.lang.Object)	CtMethodImpl	private
com.github.uuidcode.builder.process.Tail.read()	CtMethodImpl	private
com.github.uuidcode.builder.html.HtmlBuilder.html(com.github.uuidcode.builder.html.Node[])	CtMethodImpl	public
com.github.uuidcode.builder.process.JavaProcessBuilder.printGCDateStamps()	CtMethodImpl	public
com.github.uuidcode.util.CoreUtil.pathSeparator()	CtMethodImpl	public
com.github.uuidcode.builder.process.JavaProcessBuilder	CtClassImpl	public
com.github.uuidcode.builder.request.RequestBuilder.executeAndGetMapList()	CtMethodImpl	public
com.github.uuidcode.builder.selenium.ChromeDriverBuilder.setSleepSecond(int)	CtMethodImpl	public
com.github.uuidcode.builder.process.JavaProcessBuilder.XmxMega(int)	CtMethodImpl	public
com.github.uuidcode.builder.html.Em()	CtConstructorImpl	public
com.github.uuidcode.builder.pojo.PojoBuilder.getTargetDirectory()	CtMethodImpl	public
com.github.uuidcode.util.CoreUtil.fromJsonToMap(java.lang.String)	CtMethodImpl	public
com.github.uuidcode.util.CoreUtil.keyStartsWith(java.lang.String)	CtMethodImpl	public
com.github.uuidcode.builder.request.RequestBuilder.fieldNamePolicy	CtFieldReferenceImpl	private
com.github.uuidcode.builder.process.JavaProcessBuilder.XmsMega(int)	CtMethodImpl	public
com.github.uuidcode.util.CoreUtil.logger	CtFieldReferenceImpl	protected
com.github.uuidcode.util.NameValuePairConverter.getFieldNamingPolicy()	CtMethodImpl	public
com.github.uuidcode.util.CoreUtil.formatDatetime(java.util.Date,java.lang.String)	CtMethodImpl	public
com.github.uuidcode.builder.html.Dl.of()	CtMethodImpl	public
com.github.uuidcode.util.CoreUtil.toQueryString(java.lang.Object)	CtMethodImpl	public
com.github.uuidcode.util.StringStream.joiningWithCommaAndThen()	CtMethodImpl	public
com.github.uuidcode.builder.pojo.Property()	CtConstructorImpl	public
com.github.uuidcode.util.CoreUtil.getNextMonday(java.util.Date)	CtMethodImpl	public
com.github.uuidcode.util.StringStream.addEmpty()	CtMethodImpl	public
com.github.uuidcode.builder.pojo.PropertyTypeConverter.listType(com.github.uuidcode.builder.pojo.Property)	CtMethodImpl	package-private
com.github.uuidcode.builder.html.Node.html()	CtMethodImpl	public
com.github.uuidcode.builder.pojo.Pojo.getFieldContent()	CtMethodImpl	public
com.github.uuidcode.builder.process.JavaProcessBuilder.of()	CtMethodImpl	public
com.github.uuidcode.builder.pojo.Pojo.getPackageName()	CtMethodImpl	public
com.github.uuidcode.util.CoreUtil.isEmpty(java.util.List)	CtMethodImpl	public
com.github.uuidcode.builder.html.Select.of()	CtMethodImpl	public
com.github.uuidcode.util.StringStream.add(com.github.uuidcode.util.StringStream,java.util.List<T>,java.util.function.Function<T, java.lang.String>)	CtMethodImpl	private
com.github.uuidcode.util.CoreUtil.UNDERSCORE	CtFieldReferenceImpl	public
com.github.uuidcode.util.StringStream.addRightAngleBracket()	CtMethodImpl	public
com.github.uuidcode.builder.html.Text.contentList()	CtMethodImpl	public
com.github.uuidcode.builder.request.RequestBuilder.getResultFieldNamePolicy()	CtMethodImpl	public
com.github.uuidcode.adapter.StringTypeAdapter.write(com.google.gson.stream.JsonWriter,java.lang.String)	CtMethodImpl	public
com.github.uuidcode.builder.pojo.PojoBuilder.getPackageName()	CtMethodImpl	public
com.github.uuidcode.builder.pojo.Property.name	CtFieldReferenceImpl	private
com.github.uuidcode.builder.request.RequestBuilder.latencyType	CtFieldReferenceImpl	private
com.github.uuidcode.builder.html.Option()	CtConstructorImpl	public
com.github.uuidcode.builder.request.RequestBuilder.setLatencyType(com.github.uuidcode.builder.request.LatencyType)	CtMethodImpl	public
com.github.uuidcode.builder.html.Ol	CtClassImpl	public
com.github.uuidcode.builder.html.Node.attribute()	CtMethodImpl	private
com.github.uuidcode.builder.pojo.PojoBuilder.targetDirectory	CtFieldReferenceImpl	private
com.github.uuidcode.util.CoreUtil.wrap(java.lang.String,java.lang.String)	CtMethodImpl	public
com.github.uuidcode.builder.pojo.Property.getFieldContent()	CtMethodImpl	public
com.github.uuidcode.builder.pojo.Property.type	CtFieldReferenceImpl	private
com.github.uuidcode.util.StringStream.joiningWithSpace()	CtMethodImpl	public
com.github.uuidcode.builder.html.Link()	CtConstructorImpl	public
com.github.uuidcode.builder.pojo.PojoBuilder.setSchema(java.lang.String)	CtMethodImpl	public
com.github.uuidcode.util.CoreUtil.toNameValuePair(com.google.gson.FieldNamingPolicy,java.util.Map.Entry<?, ?>)	CtMethodImpl	private
com.github.uuidcode.builder.request.RequestBuilder.executeAndGetCode()	CtMethodImpl	public
com.github.uuidcode.builder.pojo.PropertyTypeConverter()	CtConstructorImpl	package-private
com.github.uuidcode.util.StringStream.add(java.lang.Object)	CtMethodImpl	public
com.github.uuidcode.builder.map.ValueBuilder.setMapper(java.util.function.Function<T, K>)	CtMethodImpl	public
com.github.uuidcode.util.CoreUtil.indent(java.lang.String)	CtMethodImpl	public
com.github.uuidcode.util.CoreUtil.internalExec(java.lang.String)	CtMethodImpl	private
com.github.uuidcode.builder.request.LatencyType(java.lang.Integer,java.lang.Integer)	CtConstructorImpl	private
com.github.uuidcode.builder.html.Node.prependIndent(java.util.List<java.lang.String>)	CtMethodImpl	private
com.github.uuidcode.util.CoreUtil.wrapWithAngleBracket(java.lang.String)	CtMethodImpl	public
com.github.uuidcode.builder.process.JavaProcessBuilder.getCommand()	CtMethodImpl	public
com.github.uuidcode.builder.process.JavaProcessBuilder.useSerialGC()	CtMethodImpl	public
com.github.uuidcode.util.CoreUtil.splitListWithFilePathSeparator(java.lang.String)	CtMethodImpl	public
com.github.uuidcode.builder.pojo.PojoBuilder.addExcludeField(java.lang.String)	CtMethodImpl	public
com.github.uuidcode.builder.html.Span	CtClassImpl	public
com.github.uuidcode.adapter.DateTypeAdapter.read(com.google.gson.stream.JsonReader)	CtMethodImpl	public
com.github.uuidcode.builder.selenium.ChromeDriverBuilder.containsAtSource(java.lang.String)	CtMethodImpl	public
com.github.uuidcode.builder.html.HtmlBuilder.tr(com.github.uuidcode.builder.html.Node[])	CtMethodImpl	public
com.github.uuidcode.builder.html.HtmlBuilder.h3(com.github.uuidcode.builder.html.Node[])	CtMethodImpl	public
com.github.uuidcode.builder.pojo.Pojo()	CtConstructorImpl	public
com.github.uuidcode.builder.html.Blockquote()	CtConstructorImpl	public
com.github.uuidcode.builder.html.HtmlBuilder.th(com.github.uuidcode.builder.html.Node[])	CtMethodImpl	public
com.github.uuidcode.builder.pojo.PojoBuilder.of()	CtMethodImpl	public
com.github.uuidcode.builder.request.RequestBuilder.delete(java.lang.String)	CtMethodImpl	public
com.github.uuidcode.util.StringStream.addSpaceEqualSpace()	CtMethodImpl	public
com.github.uuidcode.builder.html.HtmlBuilder.table(com.github.uuidcode.builder.html.Node[])	CtMethodImpl	public
com.github.uuidcode.builder.html.Utils.endTag(java.lang.String)	CtMethodImpl	public
com.github.uuidcode.builder.selenium.ChromeDriverBuilder.script(java.lang.String)	CtMethodImpl	public
com.github.uuidcode.util.NameValuePairConverter.field	CtFieldReferenceImpl	private
com.github.uuidcode.builder.html.Attribute.valueSet	CtFieldReferenceImpl	private
com.github.uuidcode.builder.process.Tail.setFile(java.io.File)	CtMethodImpl	public
com.github.uuidcode.builder.html.Node.setName(java.lang.String)	CtMethodImpl	public
com.github.uuidcode.builder.html.Th.of()	CtMethodImpl	public
com.github.uuidcode.builder.process.JavaProcessBuilder.XmnMega(int)	CtMethodImpl	public
com.github.uuidcode.builder.html.Text.text	CtFieldReferenceImpl	private
com.github.uuidcode.util.IntermediateOperation.skip(java.lang.Long)	CtMethodImpl	public
com.github.uuidcode.builder.selenium.ChromeDriverBuilder.scroll(java.lang.String)	CtMethodImpl	public
com.github.uuidcode.util.StringStream.joiningWithHyphen()	CtMethodImpl	public
com.github.uuidcode.builder.selenium.LoginForm.getSecond()	CtMethodImpl	public
com.github.uuidcode.builder.html.Attribute.getName()	CtMethodImpl	public
com.github.uuidcode.builder.pojo.PojoBuilder.setTargetDirectory(java.lang.String)	CtMethodImpl	public
com.github.uuidcode.builder.request.RequestBuilder()	CtConstructorImpl	public
com.github.uuidcode.builder.process.JavaProcessBuilder.optionList	CtFieldReferenceImpl	private
com.github.uuidcode.builder.process.Tail.file	CtFieldReferenceImpl	private
com.github.uuidcode.builder.html.Input()	CtConstructorImpl	public
com.github.uuidcode.util.CoreUtil.isEmpty(java.lang.String)	CtMethodImpl	public
com.github.uuidcode.builder.html.Node.shrink(java.util.List<java.lang.String>)	CtMethodImpl	public
com.github.uuidcode.builder.process.MavenProcessBuilder.getLibraryPathList()	CtMethodImpl	public
com.github.uuidcode.util.NameValuePairConverter.of()	CtMethodImpl	public
com.github.uuidcode.builder.html.Label.of()	CtMethodImpl	public
com.github.uuidcode.util.CoreUtil.generate(java.lang.String,int)	CtMethodImpl	public
com.github.uuidcode.builder.selenium.LoginForm()	CtConstructorImpl	public
com.github.uuidcode.builder.map.MapBuilder.valueBuilder	CtFieldReferenceImpl	private
com.github.uuidcode.util.CoreUtil.RIGHT_PARENTHESIS	CtFieldReferenceImpl	public
com.github.uuidcode.util.CoreUtil.indent()	CtMethodImpl	public
com.github.uuidcode.builder.request.RequestBuilder.executeAndGetCookie()	CtMethodImpl	public
com.github.uuidcode.util.CoreUtil.joining(java.util.List<java.lang.String>,java.lang.String)	CtMethodImpl	public
com.github.uuidcode.builder.request.RequestBuilder.ofLowLatency()	CtMethodImpl	public
com.github.uuidcode.builder.pojo.Property.processName()	CtMethodImpl	public
com.github.uuidcode.builder.pojo.Property.of(java.util.Map.Entry<java.lang.String, java.lang.Object>)	CtMethodImpl	public
com.github.uuidcode.util.CoreUtil.dotToSlash(java.lang.String)	CtMethodImpl	public
com.github.uuidcode.builder.pojo.Pojo.getHasPackageName()	CtMethodImpl	public
com.github.uuidcode.builder.html.Span.of()	CtMethodImpl	public
com.github.uuidcode.util.StringStream.joiningWithLineFeed()	CtMethodImpl	public
com.github.uuidcode.util.StringStream.joiningWithNewLineAndThen()	CtMethodImpl	public
com.github.uuidcode.builder.html.Strong()	CtConstructorImpl	public
com.github.uuidcode.builder.html.Form	CtClassImpl	public
com.github.uuidcode.builder.html.Node.setFor(java.lang.String)	CtMethodImpl	public
com.github.uuidcode.builder.selenium.LoginForm.setFirst(java.lang.String)	CtMethodImpl	public
com.github.uuidcode.util.CoreUtil.firstAsOptional(java.util.List<T>)	CtMethodImpl	public
com.github.uuidcode.builder.request.RequestBuilder.userAgent(java.lang.String)	CtMethodImpl	public
com.github.uuidcode.util.CoreUtil.SPACE4	CtFieldReferenceImpl	public
com.github.uuidcode.util.CoreUtil.appendSpaces4(java.lang.String)	CtMethodImpl	public
com.github.uuidcode.builder.html.Node.setTagName(java.lang.String)	CtMethodImpl	public
com.github.uuidcode.builder.pojo.PojoBuilder.getClassName()	CtMethodImpl	public
com.github.uuidcode.builder.html.HtmlBuilder.iframe(com.github.uuidcode.builder.html.Node[])	CtMethodImpl	public
com.github.uuidcode.builder.html.Utils.joiningWithSpace(java.util.Set<java.lang.String>)	CtMethodImpl	public
com.github.uuidcode.util.CoreUtil.parseLong(java.lang.String)	CtMethodImpl	public
com.github.uuidcode.builder.html.Link.of()	CtMethodImpl	public
com.github.uuidcode.builder.request.RequestBuilder.request	CtFieldReferenceImpl	private
com.github.uuidcode.model.CoreObject	CtClassImpl	public
com.github.uuidcode.builder.html.Node.processIndent(java.util.List<java.lang.String>)	CtMethodImpl	private
com.github.uuidcode.builder.html.Br	CtClassImpl	public
com.github.uuidcode.builder.pojo.Property.getMethodTemplate()	CtMethodImpl	private
com.github.uuidcode.builder.selenium.ChromeDriverBuilder.jQueryClick(java.lang.String)	CtMethodImpl	public
com.github.uuidcode.builder.pojo.PropertyTypeConverter.logger	CtFieldReferenceImpl	private
com.github.uuidcode.builder.map.MapBuilder.build(java.util.Set<T>)	CtMethodImpl	public
com.github.uuidcode.builder.html.H3.of()	CtMethodImpl	public
com.github.uuidcode.builder.html.HtmlBuilder.head(com.github.uuidcode.builder.html.Node[])	CtMethodImpl	public
com.github.uuidcode.util.CoreUtil.splitListWithDot(java.lang.String)	CtMethodImpl	public
com.github.uuidcode.util.StringStream.joiningWithCommaAndSpace()	CtMethodImpl	public
com.github.uuidcode.util.CoreUtil.lineSeparator(int)	CtMethodImpl	public
com.github.uuidcode.util.CoreUtil.LEFT_PARENTHESIS	CtFieldReferenceImpl	public
com.github.uuidcode.builder.html.H6	CtClassImpl	public
com.github.uuidcode.util.GenericOf(java.lang.Class<X>,java.lang.Class<Y>)	CtConstructorImpl	public
com.github.uuidcode.builder.html.H2.of()	CtMethodImpl	public
com.github.uuidcode.util.GenericOf.getActualTypeArguments()	CtMethodImpl	public
com.github.uuidcode.builder.html.HtmlBuilder.h4(com.github.uuidcode.builder.html.Node[])	CtMethodImpl	public
com.github.uuidcode.util.CoreUtil.split(java.lang.String,java.lang.String)	CtMethodImpl	public
com.github.uuidcode.util.StringStream.joiningWithAmpersand()	CtMethodImpl	public
com.github.uuidcode.builder.validation.ValidationBuilder.t	CtFieldReferenceImpl	private
com.github.uuidcode.builder.process.MavenProcessBuilder.of()	CtMethodImpl	public
com.github.uuidcode.builder.html.Node.setRequiresEndTag(boolean)	CtMethodImpl	public
com.github.uuidcode.builder.html.Ol()	CtConstructorImpl	public
com.github.uuidcode.builder.pojo.Pojo.getClassName()	CtMethodImpl	public
com.github.uuidcode.builder.html.Text	CtClassImpl	public
com.github.uuidcode.builder.map.ValueBuilder	CtClassImpl	public
com.github.uuidcode.builder.selenium.ChromeDriverBuilder(org.openqa.selenium.chrome.ChromeOptions)	CtConstructorImpl	private
com.github.uuidcode.util.CoreUtil.first(java.util.List<T>)	CtMethodImpl	public
com.github.uuidcode.builder.html.HtmlBuilder.dl(com.github.uuidcode.builder.html.Node[])	CtMethodImpl	public
com.github.uuidcode.builder.map.MapBuilder()	CtConstructorImpl	public
com.github.uuidcode.builder.process.JavaProcessBuilder.printGCDetails()	CtMethodImpl	public
com.github.uuidcode.builder.html.Div.of()	CtMethodImpl	public
com.github.uuidcode.builder.html.Li.of()	CtMethodImpl	public
com.github.uuidcode.util.StringStream()	CtConstructorImpl	public
com.github.uuidcode.builder.html.Node.addStyle(java.lang.String)	CtMethodImpl	public
com.github.uuidcode.builder.pojo.PropertyTypeConverter.booleanType(com.github.uuidcode.builder.pojo.Property)	CtMethodImpl	private
com.github.uuidcode.util.CoreUtil.unchecked(com.github.uuidcode.util.CheckedFunction<T, R>)	CtMethodImpl	public
com.github.uuidcode.util.CoreUtil.underscoreToUpperCamel(java.lang.String)	CtMethodImpl	public
com.github.uuidcode.builder.pojo.Property.getMethodContent()	CtMethodImpl	public
com.github.uuidcode.builder.selenium.LoginForm.getToken()	CtMethodImpl	public
com.github.uuidcode.builder.html.Head()	CtConstructorImpl	public
com.github.uuidcode.builder.selenium.LoginForm.getFirst()	CtMethodImpl	public
com.github.uuidcode.builder.map.MapBuilder.getValueBuilder()	CtMethodImpl	public
com.github.uuidcode.builder.pojo.PojoBuilder	CtClassImpl	public
com.github.uuidcode.builder.pojo.PojoBuilder.setJson(java.lang.String)	CtMethodImpl	public
com.github.uuidcode.builder.pojo.Property.of()	CtMethodImpl	public
com.github.uuidcode.util.CoreExclusionStrategy	CtClassImpl	package-private
com.github.uuidcode.util.CoreUtil.toList(java.lang.Class<E>)	CtMethodImpl	public
com.github.uuidcode.builder.pojo.PojoBuilder.propertyList	CtFieldReferenceImpl	private
com.github.uuidcode.builder.pojo.Property.setType(java.lang.String)	CtMethodImpl	public
com.github.uuidcode.util.CoreUtil.LEFT_ANGLE_BRACKET	CtFieldReferenceImpl	public
com.github.uuidcode.builder.process.JavaProcessBuilder.addDefaultClasspath()	CtMethodImpl	public
com.github.uuidcode.util.StringStream.setFinisher(boolean,java.util.function.Function<java.lang.String, java.lang.String>)	CtMethodImpl	public
com.github.uuidcode.util.CoreUtil.dateTimeParsers	CtFieldReferenceImpl	private
com.github.uuidcode.util.NameValuePairConverter()	CtConstructorImpl	public
