method	type	visibility
com.querydsl.core.types.dsl.SimpleExpression.countDistinct	CtFieldReferenceImpl	private
com.marvinformatics.hibernate.json.JsonUserType.hashCode(java.lang.Object)	CtMethodImpl	public
com.marvinformatics.hibernate.json.JsonListUserType.instantiate(int)	CtMethodImpl	public
com.marvinformatics.hibernate.json.model.QOrder.labels	CtFieldReferenceImpl	public
com.marvinformatics.hibernate.json.PostgreSQL93Dialect()	CtConstructorImpl	public
com.marvinformatics.hibernate.json.JsonListUserType.wrap(org.hibernate.engine.spi.SessionImplementor,java.lang.Object)	CtMethodImpl	public
com.marvinformatics.hibernate.json.JsonExpressions()	CtConstructorImpl	public
com.marvinformatics.hibernate.json.model.QOrder.serialVersionUID	CtFieldReferenceImpl	private
com.marvinformatics.hibernate.json.model.QItem.item	CtFieldReferenceImpl	public
org.hibernate.dialect.Dialect.typeNames	CtFieldReferenceImpl	private
com.marvinformatics.hibernate.json.JsonSetUserType.replaceElements(java.lang.Object,java.lang.Object,org.hibernate.persister.collection.CollectionPersister,java.lang.Object,java.util.Map,org.hibernate.engine.spi.SessionImplementor)	CtMethodImpl	public
com.marvinformatics.hibernate.json.model.QOrder	CtClassImpl	public
com.marvinformatics.hibernate.json.JsonUserType.sqlTypes()	CtMethodImpl	public
org.hibernate.usertype.DynamicParameterizedType.RETURNED_CLASS	CtFieldReferenceImpl	package-private
org.hibernate.dialect.PostgreSQL81Dialect.EXTRACTER	CtFieldReferenceImpl	private
com.marvinformatics.hibernate.json.model.QLabel.serialVersionUID	CtFieldReferenceImpl	private
com.marvinformatics.hibernate.json.JsonListUserType	CtClassImpl	public
com.marvinformatics.hibernate.json.model.QItem.serialVersionUID	CtFieldReferenceImpl	private
com.marvinformatics.hibernate.json.JsonSetUserType()	CtConstructorImpl	public
com.marvinformatics.hibernate.json.model.QItem.label	CtFieldReferenceImpl	public
com.marvinformatics.hibernate.json.JsonUserType.returnedClass()	CtMethodImpl	public
com.marvinformatics.hibernate.json.PostgreSQLJsonDialect()	CtConstructorImpl	public
org.hibernate.dialect.Dialect.uniqueDelegate	CtFieldReferenceImpl	private
com.querydsl.core.types.dsl.BeanPath.casts	CtFieldReferenceImpl	private
org.hibernate.dialect.Dialect.CLOSED_QUOTE	CtFieldReferenceImpl	public
com.querydsl.core.types.dsl.SimpleExpression.isnotnull	CtFieldReferenceImpl	private
org.hibernate.dialect.Dialect.hibernateTypeNames	CtFieldReferenceImpl	private
com.marvinformatics.hibernate.json.JsonUserType.convertObjectToJson(java.lang.Object)	CtMethodImpl	package-private
org.hibernate.usertype.DynamicParameterizedType.PARAMETER_TYPE	CtFieldReferenceImpl	package-private
com.marvinformatics.hibernate.json.JsonListUserType.cast(java.lang.Object)	CtMethodImpl	private
com.marvinformatics.hibernate.json.JsonUserType.nullSafeGet(java.sql.ResultSet,java.lang.String[],org.hibernate.engine.spi.SessionImplementor,java.lang.Object)	CtMethodImpl	public
com.marvinformatics.hibernate.json.model.QItem.extra	CtFieldReferenceImpl	public
com.marvinformatics.hibernate.json.JsonUserType.equals(java.lang.Object,java.lang.Object)	CtMethodImpl	public
com.marvinformatics.hibernate.json.model.QItem(com.querydsl.core.types.PathMetadata)	CtConstructorImpl	public
org.hibernate.dialect.Dialect.sqlKeywords	CtFieldReferenceImpl	private
com.marvinformatics.hibernate.json.JsonUserType.SQL_TYPES	CtFieldReferenceImpl	private
com.marvinformatics.hibernate.json.model.QLabel(com.querydsl.core.types.Path<? extends com.marvinformatics.hibernate.json.model.Label>)	CtConstructorImpl	public
org.hibernate.dialect.Dialect.QUOTE	CtFieldReferenceImpl	public
com.marvinformatics.hibernate.json.model.QLabel.lang	CtFieldReferenceImpl	public
com.marvinformatics.hibernate.json.model.QLabel.value	CtFieldReferenceImpl	public
com.marvinformatics.hibernate.json.JsonListUserType.contains(java.lang.Object,java.lang.Object)	CtMethodImpl	public
org.hibernate.dialect.Dialect.properties	CtFieldReferenceImpl	private
com.marvinformatics.hibernate.json.model.QOrder.items	CtFieldReferenceImpl	public
com.marvinformatics.hibernate.json.JsonSetUserType	CtClassImpl	public
com.marvinformatics.hibernate.json.model.QLabel	CtClassImpl	public
com.marvinformatics.hibernate.json.model.QOrder(com.querydsl.core.types.PathMetadata)	CtConstructorImpl	public
com.querydsl.core.types.dsl.BeanPath.serialVersionUID	CtFieldReferenceImpl	private
com.marvinformatics.hibernate.json.JsonExpressions	CtClassImpl	public
com.marvinformatics.hibernate.json.model.QItem(java.lang.String)	CtConstructorImpl	public
com.marvinformatics.hibernate.json.model.QItem.id	CtFieldReferenceImpl	public
com.marvinformatics.hibernate.json.model.QLabel.label	CtFieldReferenceImpl	public
com.marvinformatics.hibernate.json.JsonUserType.assemble(java.io.Serializable,java.lang.Object)	CtMethodImpl	public
com.marvinformatics.hibernate.json.model.QLabel(com.querydsl.core.types.PathMetadata)	CtConstructorImpl	public
com.querydsl.core.types.dsl.DslExpression.mixin	CtFieldReferenceImpl	protected
com.marvinformatics.hibernate.json.model.QOrder(java.lang.String)	CtConstructorImpl	public
com.querydsl.core.types.dsl.SimpleExpression.count	CtFieldReferenceImpl	private
com.marvinformatics.hibernate.json.JsonListUserType.indexOf(java.lang.Object,java.lang.Object)	CtMethodImpl	public
org.hibernate.usertype.DynamicParameterizedType.ENTITY	CtFieldReferenceImpl	package-private
com.marvinformatics.hibernate.json.JsonSetUserType.wrap(org.hibernate.engine.spi.SessionImplementor,java.lang.Object)	CtMethodImpl	public
com.marvinformatics.hibernate.json.JsonSetUserType.instantiate(int)	CtMethodImpl	public
com.querydsl.core.types.dsl.SimpleExpression.serialVersionUID	CtFieldReferenceImpl	private
org.hibernate.dialect.Dialect.LEGACY_LOB_MERGE_STRATEGY	CtFieldReferenceImpl	protected
com.marvinformatics.hibernate.json.JsonListUserType()	CtConstructorImpl	public
com.marvinformatics.hibernate.json.JsonUserType.setParameterValues(java.util.Properties)	CtMethodImpl	public
com.querydsl.core.types.dsl.DslExpression.hashCode	CtFieldReferenceImpl	protected
com.marvinformatics.hibernate.json.model.QLabel.order	CtFieldReferenceImpl	public
com.marvinformatics.hibernate.json.model.QOrder.order	CtFieldReferenceImpl	public
org.hibernate.usertype.DynamicParameterizedType.PROPERTY	CtFieldReferenceImpl	package-private
com.marvinformatics.hibernate.json.JsonSetUserType.getElementsIterator(java.lang.Object)	CtMethodImpl	public
com.marvinformatics.hibernate.json.model.QOrder.ssn	CtFieldReferenceImpl	public
org.hibernate.dialect.Dialect.LOG	CtFieldReferenceImpl	private
com.marvinformatics.hibernate.json.PostgreSQLJsonDialect	CtClassImpl	public
com.marvinformatics.hibernate.json.PostgreSQL93Dialect	CtClassImpl	public
org.hibernate.dialect.Dialect.NEW_LOCATOR_LOB_MERGE_STRATEGY	CtFieldReferenceImpl	protected
com.marvinformatics.hibernate.json.PostgreSQL94Dialect	CtClassImpl	public
com.marvinformatics.hibernate.json.model.QOrder(com.querydsl.core.types.Path<? extends com.marvinformatics.hibernate.json.model.Order>)	CtConstructorImpl	public
com.marvinformatics.hibernate.json.JsonUserType.replace(java.lang.Object,java.lang.Object,java.lang.Object)	CtMethodImpl	public
com.marvinformatics.hibernate.json.JsonUserType.disassemble(java.lang.Object)	CtMethodImpl	public
com.marvinformatics.hibernate.json.JsonSetUserType.cast(java.lang.Object)	CtMethodImpl	private
org.hibernate.dialect.Dialect.sqlFunctions	CtFieldReferenceImpl	private
org.hibernate.usertype.DynamicParameterizedType.ACCESS_TYPE	CtFieldReferenceImpl	package-private
com.querydsl.core.types.dsl.SimpleExpression.isnull	CtFieldReferenceImpl	private
org.hibernate.usertype.DynamicParameterizedType.IS_PRIMARY_KEY	CtFieldReferenceImpl	package-private
com.marvinformatics.hibernate.json.model.QItem(com.querydsl.core.types.Path<? extends com.marvinformatics.hibernate.json.model.Item>)	CtConstructorImpl	public
com.marvinformatics.hibernate.json.JsonUserType	CtClassImpl	public
com.marvinformatics.hibernate.json.JsonUserType.returnedClass	CtFieldReferenceImpl	private
com.marvinformatics.hibernate.json.JsonUserType()	CtConstructorImpl	public
com.marvinformatics.hibernate.json.JsonListUserType.getElementsIterator(java.lang.Object)	CtMethodImpl	public
com.marvinformatics.hibernate.json.JsonExpressions.jsonText(com.querydsl.core.types.dsl.MapPath<?, E, ?>,java.lang.String)	CtMethodImpl	public
com.querydsl.core.types.dsl.EntityPathBase.serialVersionUID	CtFieldReferenceImpl	private
com.querydsl.core.types.dsl.BeanPath.inits	CtFieldReferenceImpl	private
com.marvinformatics.hibernate.json.JsonUserType.isMutable()	CtMethodImpl	public
com.marvinformatics.hibernate.json.JsonSetUserType.contains(java.lang.Object,java.lang.Object)	CtMethodImpl	public
org.hibernate.dialect.Dialect.DEFAULT_BATCH_SIZE	CtFieldReferenceImpl	public
org.hibernate.usertype.DynamicParameterizedType.XPROPERTY	CtFieldReferenceImpl	package-private
com.marvinformatics.hibernate.json.JsonSetUserType.instantiate(org.hibernate.engine.spi.SessionImplementor,org.hibernate.persister.collection.CollectionPersister)	CtMethodImpl	public
com.marvinformatics.hibernate.json.JsonUserType.convertJsonToObject(java.lang.String)	CtMethodImpl	package-private
com.marvinformatics.hibernate.json.model.QItem	CtClassImpl	public
com.marvinformatics.hibernate.json.model.QOrder.id	CtFieldReferenceImpl	public
com.marvinformatics.hibernate.json.JsonUserType.nullSafeSet(java.sql.PreparedStatement,java.lang.Object,int,org.hibernate.engine.spi.SessionImplementor)	CtMethodImpl	public
org.hibernate.dialect.Dialect.NO_BATCH	CtFieldReferenceImpl	public
com.marvinformatics.hibernate.json.JsonSetUserType.indexOf(java.lang.Object,java.lang.Object)	CtMethodImpl	public
com.marvinformatics.hibernate.json.model.QOrder.description	CtFieldReferenceImpl	public
org.hibernate.dialect.Dialect.EXTRACTER	CtFieldReferenceImpl	private
com.marvinformatics.hibernate.json.JsonUserType.deepCopy(java.lang.Object)	CtMethodImpl	public
org.hibernate.usertype.DynamicParameterizedType.IS_DYNAMIC	CtFieldReferenceImpl	package-private
com.marvinformatics.hibernate.json.JsonListUserType.instantiate(org.hibernate.engine.spi.SessionImplementor,org.hibernate.persister.collection.CollectionPersister)	CtMethodImpl	public
com.marvinformatics.hibernate.json.JsonUserType.createJavaType(com.fasterxml.jackson.databind.ObjectMapper)	CtMethodImpl	public
org.hibernate.dialect.Dialect.STREAM_XFER_LOB_MERGE_STRATEGY	CtFieldReferenceImpl	protected
com.marvinformatics.hibernate.json.JsonSetUserType.createJavaType(com.fasterxml.jackson.databind.ObjectMapper)	CtMethodImpl	public
com.querydsl.core.types.dsl.BeanPath.pathMixin	CtFieldReferenceImpl	private
com.marvinformatics.hibernate.json.JsonListUserType.replaceElements(java.lang.Object,java.lang.Object,org.hibernate.persister.collection.CollectionPersister,java.lang.Object,java.util.Map,org.hibernate.engine.spi.SessionImplementor)	CtMethodImpl	public
com.marvinformatics.hibernate.json.JsonExpressions.jsonText(com.querydsl.core.types.Path<?>,com.querydsl.core.types.Path<E>)	CtMethodImpl	public
com.querydsl.core.types.dsl.DslExpression.serialVersionUID	CtFieldReferenceImpl	private
com.marvinformatics.hibernate.json.JsonListUserType.createJavaType(com.fasterxml.jackson.databind.ObjectMapper)	CtMethodImpl	public
com.marvinformatics.hibernate.json.model.QItem.name	CtFieldReferenceImpl	public
com.marvinformatics.hibernate.json.PostgreSQL94Dialect()	CtConstructorImpl	public
com.marvinformatics.hibernate.json.model.QLabel(java.lang.String)	CtConstructorImpl	public
