method	type	visibility
uk.org.webcompere.modelassert.json.Result(java.lang.String,java.lang.String,boolean)	CtConstructorImpl	public
uk.org.webcompere.modelassert.json.condition.HasValueWithLooseType.test(com.fasterxml.jackson.databind.JsonNode)	CtMethodImpl	public
uk.org.webcompere.modelassert.json.dsl.At.satisfies(uk.org.webcompere.modelassert.json.Condition)	CtMethodImpl	public
uk.org.webcompere.modelassert.json.condition.HasSize(int)	CtConstructorImpl	public
uk.org.webcompere.modelassert.json.condition.MissingCondition	CtClassImpl	public
uk.org.webcompere.modelassert.json.condition.NumberCondition.Comparison.alternatives	CtFieldReferenceImpl	private
uk.org.webcompere.modelassert.json.condition.NumberCondition.Comparison.LESS_THAN_OR_EQUAL	CtEnumValueImpl	public
uk.org.webcompere.modelassert.json.condition.MatchesTextCondition.test(com.fasterxml.jackson.databind.JsonNode)	CtMethodImpl	public
uk.org.webcompere.modelassert.json.condition.JsonAt(java.lang.String,uk.org.webcompere.modelassert.json.Condition)	CtConstructorImpl	public
uk.org.webcompere.modelassert.json.condition.tree.PathMatch(java.lang.String[])	CtConstructorImpl	private
uk.org.webcompere.modelassert.json.condition.ArrayContains.correctRestForNulls(java.lang.Object[])	CtMethodImpl	private
uk.org.webcompere.modelassert.json.condition.ObjectContainsKeys(boolean,java.lang.String,java.lang.String[])	CtConstructorImpl	public
uk.org.webcompere.modelassert.json.condition.tree.StringPathMatcher.toString()	CtMethodImpl	public
uk.org.webcompere.modelassert.json.condition.NullCondition.describe()	CtMethodImpl	public
uk.org.webcompere.modelassert.json.impl.MemoizedSupplier.of(java.util.function.Supplier<T>)	CtMethodImpl	public
uk.org.webcompere.modelassert.json.condition.MatchesTextCondition.textMatches(java.util.regex.Pattern)	CtMethodImpl	public
uk.org.webcompere.modelassert.json.condition.tree.ArrayComparisonElementCondition.describe()	CtMethodImpl	public
uk.org.webcompere.modelassert.json.condition.Not(uk.org.webcompere.modelassert.json.Condition)	CtConstructorImpl	private
uk.org.webcompere.modelassert.json.condition.NumberCondition.Comparison	CtEnumImpl	public
uk.org.webcompere.modelassert.json.condition.array.Match.streamCounterparts()	CtMethodImpl	public
uk.org.webcompere.modelassert.json.assertjson.AssertJson.converted	CtFieldReferenceImpl	private
uk.org.webcompere.modelassert.json.condition.PredicateWrappedCondition.typeName	CtFieldReferenceImpl	private
uk.org.webcompere.modelassert.json.dsl.nodespecific.tree.PathDsl	CtClassImpl	public
uk.org.webcompere.modelassert.json.JsonAssertions	CtClassImpl	public
uk.org.webcompere.modelassert.json.JsonAssertions.yaml()	CtMethodImpl	public
uk.org.webcompere.modelassert.json.dsl.JsonAssertDslBuilders()	CtConstructorImpl	public
uk.org.webcompere.modelassert.json.JsonAssertions.yamlFile()	CtMethodImpl	public
uk.org.webcompere.modelassert.json.condition.NullCondition()	CtConstructorImpl	private
uk.org.webcompere.modelassert.json.condition.tree.Location(java.util.List<java.lang.String>)	CtConstructorImpl	private
uk.org.webcompere.modelassert.json.condition.HasValue.valueExtractor	CtFieldReferenceImpl	private
uk.org.webcompere.modelassert.json.condition.JsonIsNotNull()	CtConstructorImpl	public
uk.org.webcompere.modelassert.json.dsl.nodespecific.tree.PathDsl.isIgnored()	CtMethodImpl	public
uk.org.webcompere.modelassert.json.dsl.nodespecific.ObjectNodes(uk.org.webcompere.modelassert.json.dsl.Satisfies<A>)	CtConstructorImpl	public
uk.org.webcompere.modelassert.json.impl.CoreJsonAssertion.matches(java.lang.Object)	CtMethodImpl	public
uk.org.webcompere.modelassert.json.condition.tree.TreeComparisonCondition.describe()	CtMethodImpl	public
uk.org.webcompere.modelassert.json.JsonProviders.jsonObjectProvider()	CtMethodImpl	public
uk.org.webcompere.modelassert.json.condition.ObjectContainsKeys.strictOrder	CtFieldReferenceImpl	private
uk.org.webcompere.modelassert.json.condition.HasSize	CtClassImpl	public
uk.org.webcompere.modelassert.json.condition.NumberCondition.Comparison.GREATER_THAN_OR_EQUAL	CtEnumValueImpl	public
uk.org.webcompere.modelassert.json.Patterns.ISO_8601_ZONED_DATE_TIME	CtFieldReferenceImpl	public
uk.org.webcompere.modelassert.json.dsl.nodespecific.tree.PathDsl(uk.org.webcompere.modelassert.json.dsl.nodespecific.tree.WhereDsl<A>,uk.org.webcompere.modelassert.json.condition.tree.PathMatch)	CtConstructorImpl	private
uk.org.webcompere.modelassert.json.condition.tree.Location(java.util.List<java.lang.String>,java.lang.String)	CtConstructorImpl	private
uk.org.webcompere.modelassert.json.condition.tree.Location.path	CtFieldReferenceImpl	private
uk.org.webcompere.modelassert.json.condition.MatchesTextCondition(java.util.regex.Pattern,java.lang.String)	CtConstructorImpl	public
uk.org.webcompere.modelassert.json.JsonAssertions.assertYaml(java.nio.file.Path)	CtMethodImpl	public
uk.org.webcompere.modelassert.json.condition.tree.PathMatch.JSON_POINTER_DELIMITER	CtFieldReferenceImpl	private
uk.org.webcompere.modelassert.json.condition.NumberCondition.describe()	CtMethodImpl	public
uk.org.webcompere.modelassert.json.condition.NumberCondition.comparison	CtFieldReferenceImpl	private
uk.org.webcompere.modelassert.json.JsonProviders()	CtConstructorImpl	public
uk.org.webcompere.modelassert.json.Result.withPreCondition(java.lang.String)	CtMethodImpl	public
uk.org.webcompere.modelassert.json.dsl.nodespecific.tree.WhereDsl.keysInAnyOrder()	CtMethodImpl	public
uk.org.webcompere.modelassert.json.condition.JsonAt.condition	CtFieldReferenceImpl	private
uk.org.webcompere.modelassert.json.condition.tree.Location.isEmpty()	CtMethodImpl	public
uk.org.webcompere.modelassert.json.dsl.nodespecific.tree.PathDsl.keysInOrder()	CtMethodImpl	public
uk.org.webcompere.modelassert.json.condition.IsEmpty()	CtConstructorImpl	public
uk.org.webcompere.modelassert.json.condition.HasValue.describe()	CtMethodImpl	public
uk.org.webcompere.modelassert.json.dsl.JsonAssertDslBuilders$At(uk.org.webcompere.modelassert.json.dsl.Satisfies<A>,java.lang.String)	CtConstructorImpl	public
uk.org.webcompere.modelassert.json.condition.tree.TreeComparisonCondition.rulesInPriorityOrder()	CtMethodImpl	private
uk.org.webcompere.modelassert.json.condition.tree.Location.toString()	CtMethodImpl	public
uk.org.webcompere.modelassert.json.condition.tree.RegexPathMatcher.pattern	CtFieldReferenceImpl	private
uk.org.webcompere.modelassert.json.condition.MatchesTextCondition(java.lang.String,java.util.function.Predicate<java.lang.String>)	CtConstructorImpl	public
uk.org.webcompere.modelassert.json.condition.MatchesTextCondition.describe()	CtMethodImpl	public
uk.org.webcompere.modelassert.json.JsonProviders.jsonFileProvider()	CtMethodImpl	public
uk.org.webcompere.modelassert.json.condition.tree.PathRule	CtClassImpl	public
uk.org.webcompere.modelassert.json.impl.CoreJsonAssertion	CtClassImpl	public
uk.org.webcompere.modelassert.json.JsonAssertions.assertJson(com.fasterxml.jackson.databind.JsonNode)	CtMethodImpl	public
uk.org.webcompere.modelassert.json.condition.PredicateWrappedCondition	CtClassImpl	public
uk.org.webcompere.modelassert.json.hamcrest.HamcrestJsonAssertionBuilder	CtClassImpl	public
uk.org.webcompere.modelassert.json.condition.array.ArrayElementConditionAdapter.test(com.fasterxml.jackson.databind.JsonNode,int)	CtMethodImpl	public
uk.org.webcompere.modelassert.json.condition.tree.ArrayComparisonElementCondition(com.fasterxml.jackson.databind.JsonNode,int,uk.org.webcompere.modelassert.json.condition.tree.Location,uk.org.webcompere.modelassert.json.condition.tree.TreeComparisonCondition)	CtConstructorImpl	public
uk.org.webcompere.modelassert.json.condition.ArrayContains.strictComparison(com.fasterxml.jackson.databind.node.ArrayNode)	CtMethodImpl	private
uk.org.webcompere.modelassert.json.condition.OrCondition	CtClassImpl	public
uk.org.webcompere.modelassert.json.condition.MissingCondition.test(com.fasterxml.jackson.databind.JsonNode)	CtMethodImpl	public
uk.org.webcompere.modelassert.json.hamcrest.HamcrestJsonAssertionBuilder.assertion	CtFieldReferenceImpl	private
uk.org.webcompere.modelassert.json.condition.tree.Location.first()	CtMethodImpl	public
uk.org.webcompere.modelassert.json.condition.HasSize.sizeOf(uk.org.webcompere.modelassert.json.dsl.Satisfies<A>)	CtMethodImpl	public
uk.org.webcompere.modelassert.json.dsl.nodespecific.tree.WhereDsl(uk.org.webcompere.modelassert.json.dsl.Satisfies<A>)	CtConstructorImpl	public
uk.org.webcompere.modelassert.json.condition.HasValue	CtClassImpl	public
uk.org.webcompere.modelassert.json.Result.isPassed	CtFieldReferenceImpl	private
uk.org.webcompere.modelassert.json.condition.tree.PathRule(uk.org.webcompere.modelassert.json.condition.tree.TreeRule)	CtConstructorImpl	public
uk.org.webcompere.modelassert.json.condition.HasValueWithLooseType.describe()	CtMethodImpl	public
uk.org.webcompere.modelassert.json.condition.tree.RegexPathMatcher.ANY_FIELD_PATTERN	CtFieldReferenceImpl	public
uk.org.webcompere.modelassert.json.impl.CoreJsonAssertion.toArgumentMatcher()	CtMethodImpl	public
uk.org.webcompere.modelassert.json.Result.withNewDescription(java.lang.String)	CtMethodImpl	public
uk.org.webcompere.modelassert.json.condition.ConditionList()	CtConstructorImpl	public
uk.org.webcompere.modelassert.json.condition.tree.PathRule.getRuleCondition()	CtMethodImpl	public
uk.org.webcompere.modelassert.json.condition.MissingCondition()	CtConstructorImpl	private
uk.org.webcompere.modelassert.json.condition.PredicateWrappedCondition.describe()	CtMethodImpl	public
uk.org.webcompere.modelassert.json.condition.tree.PathRule(uk.org.webcompere.modelassert.json.condition.tree.PathMatch,uk.org.webcompere.modelassert.json.Condition)	CtConstructorImpl	public
uk.org.webcompere.modelassert.json.condition.tree.WildCardPathMatcher(uk.org.webcompere.modelassert.json.PathWildCard)	CtConstructorImpl	public
uk.org.webcompere.modelassert.json.JsonAssertions.assertJson(java.nio.file.Path)	CtMethodImpl	public
uk.org.webcompere.modelassert.json.Patterns.ISO_8601_DATE	CtFieldReferenceImpl	public
uk.org.webcompere.modelassert.json.condition.MatchesTextCondition.conditionName	CtFieldReferenceImpl	private
uk.org.webcompere.modelassert.json.condition.tree.TreeComparisonCondition.compareTrees(com.fasterxml.jackson.databind.JsonNode,com.fasterxml.jackson.databind.JsonNode,uk.org.webcompere.modelassert.json.condition.tree.Location,java.util.List<java.lang.String>)	CtMethodImpl	package-private
uk.org.webcompere.modelassert.json.condition.ArrayContains.description	CtFieldReferenceImpl	private
uk.org.webcompere.modelassert.json.condition.MatchesTextCondition	CtClassImpl	public
uk.org.webcompere.modelassert.json.condition.tree.TreeComparisonCondition.keysShouldBeInOrder(uk.org.webcompere.modelassert.json.condition.tree.Location)	CtMethodImpl	private
uk.org.webcompere.modelassert.json.condition.NumberCondition.nodePasses(com.fasterxml.jackson.databind.JsonNode)	CtMethodImpl	private
uk.org.webcompere.modelassert.json.condition.HasSize.testNumber(int)	CtMethodImpl	private
uk.org.webcompere.modelassert.json.condition.NumberCondition.longComparison(long)	CtMethodImpl	private
uk.org.webcompere.modelassert.json.condition.tree.ArrayComparisonElementCondition.indexOfExpected	CtFieldReferenceImpl	private
uk.org.webcompere.modelassert.json.condition.tree.PathMatch(java.lang.Object,java.lang.Object[])	CtConstructorImpl	public
uk.org.webcompere.modelassert.json.condition.NumberCondition.intComparison(long)	CtMethodImpl	private
uk.org.webcompere.modelassert.json.condition.tree.ArrayComparisonElementCondition.treeComparisonCondition	CtFieldReferenceImpl	private
uk.org.webcompere.modelassert.json.condition.Not.test(com.fasterxml.jackson.databind.JsonNode)	CtMethodImpl	public
uk.org.webcompere.modelassert.json.condition.tree.PathRule.toString()	CtMethodImpl	public
uk.org.webcompere.modelassert.json.condition.MatcherCondition.describe()	CtMethodImpl	public
uk.org.webcompere.modelassert.json.impl.CoreJsonAssertion.assertion()	CtMethodImpl	package-private
uk.org.webcompere.modelassert.json.condition.NumberCondition$Comparison(java.lang.String,uk.org.webcompere.modelassert.json.condition.NumberCondition.Comparison[])	CtConstructorImpl	private
uk.org.webcompere.modelassert.json.dsl.JsonAssertDslBuilders.At	CtClassImpl	public
uk.org.webcompere.modelassert.json.JsonProviders.OBJECT_MAPPER	CtFieldReferenceImpl	private
uk.org.webcompere.modelassert.json.dsl.JsonAssertDslBuilders.At.path	CtFieldReferenceImpl	private
uk.org.webcompere.modelassert.json.JsonProviders.jsonStringProvider()	CtMethodImpl	public
uk.org.webcompere.modelassert.json.condition.Not.describe()	CtMethodImpl	public
uk.org.webcompere.modelassert.json.PathWildCard	CtEnumImpl	public
uk.org.webcompere.modelassert.json.dsl.nodespecific.tree.PathDsl.whereDsl	CtFieldReferenceImpl	private
uk.org.webcompere.modelassert.json.condition.tree.TreeComparisonCondition.performLooseArrayComparison(com.fasterxml.jackson.databind.node.ArrayNode,com.fasterxml.jackson.databind.node.ArrayNode,uk.org.webcompere.modelassert.json.condition.tree.Location,java.util.List<java.lang.String>)	CtMethodImpl	private
uk.org.webcompere.modelassert.json.dsl.nodespecific.tree.PathDsl.arrayInAnyOrder()	CtMethodImpl	public
uk.org.webcompere.modelassert.json.dsl.nodespecific.tree.WhereDsl.coreAssertion	CtFieldReferenceImpl	private
uk.org.webcompere.modelassert.json.condition.Not.delegate	CtFieldReferenceImpl	private
uk.org.webcompere.modelassert.json.JsonProviders.yamlPathProvider()	CtMethodImpl	public
uk.org.webcompere.modelassert.json.PathWildCard()	CtConstructorImpl	private
uk.org.webcompere.modelassert.json.condition.NumberCondition(N,uk.org.webcompere.modelassert.json.condition.NumberCondition.Comparison)	CtConstructorImpl	public
uk.org.webcompere.modelassert.json.dsl.nodespecific.ArrayNodes(uk.org.webcompere.modelassert.json.dsl.Satisfies<A>)	CtConstructorImpl	public
uk.org.webcompere.modelassert.json.condition.ArrayContains.arrayElementConditions	CtFieldReferenceImpl	private
uk.org.webcompere.modelassert.json.condition.tree.PathMatch.toString()	CtMethodImpl	public
uk.org.webcompere.modelassert.json.condition.tree.PathMatch.ofJsonPointer(java.lang.String)	CtMethodImpl	public
uk.org.webcompere.modelassert.json.JsonAssertions.jsonFile()	CtMethodImpl	public
uk.org.webcompere.modelassert.json.condition.tree.TreeComparisonCondition.test(com.fasterxml.jackson.databind.JsonNode)	CtMethodImpl	public
uk.org.webcompere.modelassert.json.condition.tree.TreeComparisonCondition.performExactArrayComparison(com.fasterxml.jackson.databind.node.ArrayNode,com.fasterxml.jackson.databind.node.ArrayNode,uk.org.webcompere.modelassert.json.condition.tree.Location,java.util.List<java.lang.String>)	CtMethodImpl	private
uk.org.webcompere.modelassert.json.condition.JsonAt.test(com.fasterxml.jackson.databind.JsonNode)	CtMethodImpl	public
uk.org.webcompere.modelassert.json.condition.tree.StringPathMatcher(java.lang.String)	CtConstructorImpl	public
uk.org.webcompere.modelassert.json.condition.tree.ArrayComparisonElementCondition.elementInExpected	CtFieldReferenceImpl	private
uk.org.webcompere.modelassert.json.condition.Ignore.test(com.fasterxml.jackson.databind.JsonNode)	CtMethodImpl	public
uk.org.webcompere.modelassert.json.condition.HasValueWithLooseType	CtClassImpl	public
uk.org.webcompere.modelassert.json.condition.array.LooseComparison.removeLeastOccurringCounterpart(java.util.List<uk.org.webcompere.modelassert.json.condition.array.LooseComparison.Match>)	CtMethodImpl	private
uk.org.webcompere.modelassert.json.condition.array.Multiset.add(T)	CtMethodImpl	public
uk.org.webcompere.modelassert.json.condition.array.LooseComparison.description	CtFieldReferenceImpl	private
uk.org.webcompere.modelassert.json.dsl.nodespecific.tree.PathDsl.arrayContains()	CtMethodImpl	public
uk.org.webcompere.modelassert.json.dsl.nodespecific.tree.WhereDsl	CtClassImpl	public
uk.org.webcompere.modelassert.json.JsonAssertions.assertJson(java.lang.String)	CtMethodImpl	public
uk.org.webcompere.modelassert.json.Result(java.util.function.Supplier<java.lang.String>,java.lang.String,boolean)	CtConstructorImpl	public
uk.org.webcompere.modelassert.json.condition.Ignore()	CtConstructorImpl	public
uk.org.webcompere.modelassert.json.JsonProviders.yamlStringProvider()	CtMethodImpl	public
uk.org.webcompere.modelassert.json.condition.NullCondition	CtClassImpl	public
uk.org.webcompere.modelassert.json.condition.NumberCondition.expected	CtFieldReferenceImpl	private
uk.org.webcompere.modelassert.json.condition.ArrayContains.describe(uk.org.webcompere.modelassert.json.condition.ConditionList)	CtMethodImpl	private
uk.org.webcompere.modelassert.json.JsonProviders.jsonPathProvider()	CtMethodImpl	public
uk.org.webcompere.modelassert.json.JsonProviders.YAML_MAPPER	CtFieldReferenceImpl	private
uk.org.webcompere.modelassert.json.condition.tree.RegexPathMatcher.toString()	CtMethodImpl	public
uk.org.webcompere.modelassert.json.condition.NumberCondition(java.lang.Class<N>,N,uk.org.webcompere.modelassert.json.condition.NumberCondition.Comparison)	CtConstructorImpl	public
uk.org.webcompere.modelassert.json.condition.array.Multiset.entries()	CtMethodImpl	public
uk.org.webcompere.modelassert.json.condition.array.Multiset()	CtConstructorImpl	public
uk.org.webcompere.modelassert.json.condition.NumberCondition.Comparison.GREATER_THAN	CtEnumValueImpl	public
uk.org.webcompere.modelassert.json.impl.CoreJsonAssertion.describeMismatch(java.lang.Object,org.hamcrest.Description)	CtMethodImpl	public
uk.org.webcompere.modelassert.json.condition.AndCondition.first	CtFieldReferenceImpl	private
uk.org.webcompere.modelassert.json.condition.tree.PathRule.ruleCondition	CtFieldReferenceImpl	private
uk.org.webcompere.modelassert.json.condition.Ignore.describe()	CtMethodImpl	public
uk.org.webcompere.modelassert.json.condition.HasValue(java.util.function.Function<com.fasterxml.jackson.databind.JsonNode, V>,V)	CtConstructorImpl	public
uk.org.webcompere.modelassert.json.impl.MemoizedSupplier	CtClassImpl	public
uk.org.webcompere.modelassert.json.condition.OrCondition.describe()	CtMethodImpl	public
uk.org.webcompere.modelassert.json.condition.HasValueWithLooseType.expected	CtFieldReferenceImpl	private
uk.org.webcompere.modelassert.json.condition.array.LooseComparison.fromConditions(java.util.List<uk.org.webcompere.modelassert.json.Condition>,java.util.function.Supplier<java.lang.String>)	CtMethodImpl	public
uk.org.webcompere.modelassert.json.Result	CtClassImpl	public
uk.org.webcompere.modelassert.json.condition.tree.StringPathMatcher.matches(uk.org.webcompere.modelassert.json.condition.tree.Location,java.util.List<uk.org.webcompere.modelassert.json.condition.tree.PathMatcher>)	CtMethodImpl	public
uk.org.webcompere.modelassert.json.Patterns.GUID_PATTERN	CtFieldReferenceImpl	public
uk.org.webcompere.modelassert.json.Patterns()	CtConstructorImpl	public
uk.org.webcompere.modelassert.json.condition.tree.TreeComparisonCondition.findRule(uk.org.webcompere.modelassert.json.condition.tree.Location,uk.org.webcompere.modelassert.json.condition.tree.TreeRule)	CtMethodImpl	private
uk.org.webcompere.modelassert.json.condition.tree.TreeComparisonCondition.compareObjects(com.fasterxml.jackson.databind.node.ObjectNode,com.fasterxml.jackson.databind.node.ObjectNode,uk.org.webcompere.modelassert.json.condition.tree.Location,java.util.List<java.lang.String>)	CtMethodImpl	private
uk.org.webcompere.modelassert.json.condition.ArrayContains.containsValuesExactly(java.lang.Object,java.lang.Object[])	CtMethodImpl	public
uk.org.webcompere.modelassert.json.condition.array.ArrayElementConditionAdapter.describe()	CtMethodImpl	public
uk.org.webcompere.modelassert.json.condition.array.ArrayElementConditionAdapter(uk.org.webcompere.modelassert.json.Condition)	CtConstructorImpl	public
uk.org.webcompere.modelassert.json.condition.ObjectContainsKeys	CtClassImpl	public
uk.org.webcompere.modelassert.json.condition.ArrayContains.describe(java.lang.Object,java.lang.Object[])	CtMethodImpl	private
uk.org.webcompere.modelassert.json.condition.tree.WildCardPathMatcher.matches(uk.org.webcompere.modelassert.json.condition.tree.Location,java.util.List<uk.org.webcompere.modelassert.json.condition.tree.PathMatcher>)	CtMethodImpl	public
uk.org.webcompere.modelassert.json.condition.array.LooseComparison.calcMatches(int,com.fasterxml.jackson.databind.node.ArrayNode)	CtMethodImpl	private
uk.org.webcompere.modelassert.json.condition.PredicateWrappedCondition.typeDetector	CtFieldReferenceImpl	private
uk.org.webcompere.modelassert.json.condition.tree.ArrayComparisonElementCondition.test(com.fasterxml.jackson.databind.JsonNode,int)	CtMethodImpl	public
uk.org.webcompere.modelassert.json.condition.ArrayContains.containsValues(uk.org.webcompere.modelassert.json.condition.ConditionList)	CtMethodImpl	public
uk.org.webcompere.modelassert.json.condition.NumberCondition.getNumericComparison(com.fasterxml.jackson.databind.JsonNode)	CtMethodImpl	private
uk.org.webcompere.modelassert.json.condition.array.ArrayElementConditionAdapter	CtClassImpl	public
uk.org.webcompere.modelassert.json.dsl.nodespecific.tree.WhereDsl.pathRule(uk.org.webcompere.modelassert.json.condition.tree.PathRule)	CtMethodImpl	package-private
uk.org.webcompere.modelassert.json.impl.CoreJsonAssertion.satisfies(uk.org.webcompere.modelassert.json.Condition)	CtMethodImpl	public
uk.org.webcompere.modelassert.json.dsl.nodespecific.tree.WhereDsl.configuredBy(java.util.function.UnaryOperator<uk.org.webcompere.modelassert.json.dsl.nodespecific.tree.WhereDsl<A>>)	CtMethodImpl	public
uk.org.webcompere.modelassert.json.condition.tree.Location()	CtConstructorImpl	public
uk.org.webcompere.modelassert.json.JsonAssertions()	CtConstructorImpl	public
uk.org.webcompere.modelassert.json.Patterns.ANY_INTEGER	CtFieldReferenceImpl	public
uk.org.webcompere.modelassert.json.condition.PredicateWrappedCondition.delegate	CtFieldReferenceImpl	private
uk.org.webcompere.modelassert.json.dsl.JsonAssertDslBuilders	CtClassImpl	public
uk.org.webcompere.modelassert.json.condition.tree.TreeComparisonCondition.isKeyAllowedByRules(com.fasterxml.jackson.databind.node.ObjectNode,uk.org.webcompere.modelassert.json.condition.tree.Location,java.lang.String)	CtMethodImpl	private
uk.org.webcompere.modelassert.json.JsonProviders	CtClassImpl	public
uk.org.webcompere.modelassert.json.condition.NumberCondition.requiredType	CtFieldReferenceImpl	private
uk.org.webcompere.modelassert.json.impl.MemoizedSupplier(java.util.function.Supplier<T>)	CtConstructorImpl	public
uk.org.webcompere.modelassert.json.condition.tree.TreeComparisonCondition(com.fasterxml.jackson.databind.JsonNode)	CtConstructorImpl	private
uk.org.webcompere.modelassert.json.dsl.nodespecific.TextNodes(uk.org.webcompere.modelassert.json.dsl.Satisfies<A>)	CtConstructorImpl	public
uk.org.webcompere.modelassert.json.condition.tree.PathRule.rule	CtFieldReferenceImpl	private
uk.org.webcompere.modelassert.json.condition.AndCondition(uk.org.webcompere.modelassert.json.Condition,uk.org.webcompere.modelassert.json.Condition)	CtConstructorImpl	public
uk.org.webcompere.modelassert.json.condition.PredicateWrappedCondition(java.lang.String,java.util.function.Predicate<com.fasterxml.jackson.databind.JsonNode>)	CtConstructorImpl	public
uk.org.webcompere.modelassert.json.JsonProviders.yamlFileProvider()	CtMethodImpl	public
uk.org.webcompere.modelassert.json.condition.NumberCondition.Comparison.EQUAL_TO	CtEnumValueImpl	public
uk.org.webcompere.modelassert.json.dsl.SubsetDsl(uk.org.webcompere.modelassert.json.dsl.Satisfies<A>)	CtConstructorImpl	public
uk.org.webcompere.modelassert.json.condition.Not	CtClassImpl	public
uk.org.webcompere.modelassert.json.condition.array.LooseComparison.Match.index	CtFieldReferenceImpl	private
uk.org.webcompere.modelassert.json.condition.OrCondition.test(com.fasterxml.jackson.databind.JsonNode)	CtMethodImpl	public
uk.org.webcompere.modelassert.json.dsl.JsonAssertDslBuilders.At.satisfies	CtFieldReferenceImpl	private
uk.org.webcompere.modelassert.json.Result.conditionSupplier	CtFieldReferenceImpl	private
uk.org.webcompere.modelassert.json.condition.ObjectContainsKeys(java.lang.String,java.lang.String[])	CtConstructorImpl	public
uk.org.webcompere.modelassert.json.dsl.nodespecific.tree.WhereDsl.objectContains()	CtMethodImpl	public
uk.org.webcompere.modelassert.json.condition.Not.NOT_PREFIX	CtFieldReferenceImpl	private
uk.org.webcompere.modelassert.json.hamcrest.HamcrestJsonAssertion(uk.org.webcompere.modelassert.json.JsonProvider<T>)	CtConstructorImpl	public
uk.org.webcompere.modelassert.json.condition.MissingCondition.getInstance()	CtMethodImpl	public
uk.org.webcompere.modelassert.json.condition.ConditionList.conditionList	CtFieldReferenceImpl	private
uk.org.webcompere.modelassert.json.condition.array.Multiset.items	CtFieldReferenceImpl	private
uk.org.webcompere.modelassert.json.condition.ConditionList.toCondition()	CtMethodImpl	public
uk.org.webcompere.modelassert.json.condition.tree.RegexPathMatcher.matches(uk.org.webcompere.modelassert.json.condition.tree.Location,java.util.List<uk.org.webcompere.modelassert.json.condition.tree.PathMatcher>)	CtMethodImpl	public
uk.org.webcompere.modelassert.json.JsonAssertions.yamlFilePath()	CtMethodImpl	public
uk.org.webcompere.modelassert.json.condition.MissingCondition.INSTANCE	CtFieldReferenceImpl	private
uk.org.webcompere.modelassert.json.condition.tree.PathRule.pathMatch	CtFieldReferenceImpl	private
uk.org.webcompere.modelassert.json.dsl.nodespecific.tree.WhereDsl.arrayContains()	CtMethodImpl	public
uk.org.webcompere.modelassert.json.condition.tree.ArrayComparisonElementCondition.pathToHere	CtFieldReferenceImpl	private
uk.org.webcompere.modelassert.json.dsl.nodespecific.NumberNodes(uk.org.webcompere.modelassert.json.dsl.Satisfies<A>)	CtConstructorImpl	public
uk.org.webcompere.modelassert.json.condition.Ignore	CtClassImpl	public
uk.org.webcompere.modelassert.json.condition.MatchesTextCondition(java.util.regex.Pattern)	CtConstructorImpl	public
uk.org.webcompere.modelassert.json.condition.ConditionList.satisfies(uk.org.webcompere.modelassert.json.Condition)	CtMethodImpl	public
uk.org.webcompere.modelassert.json.condition.array.Match.size()	CtMethodImpl	public
uk.org.webcompere.modelassert.json.condition.JsonIsNotNull.test(com.fasterxml.jackson.databind.JsonNode)	CtMethodImpl	public
uk.org.webcompere.modelassert.json.Result.getWas()	CtMethodImpl	public
uk.org.webcompere.modelassert.json.condition.tree.WildCardPathMatcher.pathWildCard	CtFieldReferenceImpl	private
uk.org.webcompere.modelassert.json.condition.AndCondition.describe()	CtMethodImpl	public
uk.org.webcompere.modelassert.json.JsonAssertions.jsonObject()	CtMethodImpl	public
uk.org.webcompere.modelassert.json.Result.getCondition()	CtMethodImpl	public
uk.org.webcompere.modelassert.json.dsl.nodespecific.BooleanNodes	CtClassImpl	public
uk.org.webcompere.modelassert.json.condition.tree.TreeComparisonCondition.isEqualTo(com.fasterxml.jackson.databind.JsonNode)	CtMethodImpl	public
uk.org.webcompere.modelassert.json.dsl.nodespecific.tree.PathDsl.pathMatch	CtFieldReferenceImpl	private
uk.org.webcompere.modelassert.json.hamcrest.HamcrestJsonAssertionBuilder(uk.org.webcompere.modelassert.json.JsonProvider<T>)	CtConstructorImpl	public
uk.org.webcompere.modelassert.json.condition.NumberCondition	CtClassImpl	public
uk.org.webcompere.modelassert.json.condition.MatcherCondition(org.hamcrest.Matcher<com.fasterxml.jackson.databind.JsonNode>)	CtConstructorImpl	public
uk.org.webcompere.modelassert.json.condition.tree.StringPathMatcher	CtClassImpl	public
uk.org.webcompere.modelassert.json.condition.MissingCondition.describe()	CtMethodImpl	public
uk.org.webcompere.modelassert.json.condition.OrCondition(uk.org.webcompere.modelassert.json.Condition,uk.org.webcompere.modelassert.json.Condition)	CtConstructorImpl	public
uk.org.webcompere.modelassert.json.Patterns.ISO_8601_DATE_TIME	CtFieldReferenceImpl	public
uk.org.webcompere.modelassert.json.condition.tree.WildCardPathMatcher	CtClassImpl	public
uk.org.webcompere.modelassert.json.Patterns.ISO_8601_DATE_ANY	CtFieldReferenceImpl	public
uk.org.webcompere.modelassert.json.condition.tree.PathRule(uk.org.webcompere.modelassert.json.condition.tree.PathMatch,uk.org.webcompere.modelassert.json.condition.tree.TreeRule)	CtConstructorImpl	public
uk.org.webcompere.modelassert.json.condition.IsEmpty	CtClassImpl	public
uk.org.webcompere.modelassert.json.assertjson.AssertJson(uk.org.webcompere.modelassert.json.JsonProvider<T>,T)	CtConstructorImpl	public
uk.org.webcompere.modelassert.json.condition.tree.Location.peelOffFirst()	CtMethodImpl	public
uk.org.webcompere.modelassert.json.condition.ConditionList.getConditionList()	CtMethodImpl	public
uk.org.webcompere.modelassert.json.condition.tree.TreeComparisonCondition	CtClassImpl	public
uk.org.webcompere.modelassert.json.condition.OrCondition.first	CtFieldReferenceImpl	private
uk.org.webcompere.modelassert.json.condition.tree.PathMatch.matches(uk.org.webcompere.modelassert.json.condition.tree.Location)	CtMethodImpl	public
uk.org.webcompere.modelassert.json.condition.tree.RegexPathMatcher(java.util.regex.Pattern)	CtConstructorImpl	public
uk.org.webcompere.modelassert.json.dsl.nodespecific.TextNodes	CtClassImpl	public
uk.org.webcompere.modelassert.json.condition.MatcherCondition.matcher	CtFieldReferenceImpl	private
uk.org.webcompere.modelassert.json.assertjson.AssertJson	CtClassImpl	public
uk.org.webcompere.modelassert.json.condition.tree.TreeComparisonCondition.reportKeys(java.lang.String,com.fasterxml.jackson.databind.node.ObjectNode,uk.org.webcompere.modelassert.json.condition.tree.Location,java.util.List<java.lang.String>,java.util.Set<java.lang.String>)	CtMethodImpl	private
uk.org.webcompere.modelassert.json.condition.PredicateWrappedCondition.test(com.fasterxml.jackson.databind.JsonNode)	CtMethodImpl	public
uk.org.webcompere.modelassert.json.condition.ObjectContainsKeys.keys	CtFieldReferenceImpl	private
uk.org.webcompere.modelassert.json.dsl.nodespecific.tree.WhereDsl.rules	CtFieldReferenceImpl	private
uk.org.webcompere.modelassert.json.JsonAssertions.json()	CtMethodImpl	public
uk.org.webcompere.modelassert.json.condition.tree.RegexPathMatcher	CtClassImpl	public
uk.org.webcompere.modelassert.json.condition.tree.PathRule.getRule()	CtMethodImpl	public
uk.org.webcompere.modelassert.json.hamcrest.HamcrestJsonAssertionBuilder.satisfies(uk.org.webcompere.modelassert.json.Condition)	CtMethodImpl	public
uk.org.webcompere.modelassert.json.condition.NumberCondition.Comparison.NONE	CtEnumValueImpl	public
uk.org.webcompere.modelassert.json.JsonAssertions.assertYaml(java.lang.String)	CtMethodImpl	public
uk.org.webcompere.modelassert.json.condition.ArrayContains.explainFailures(uk.org.webcompere.modelassert.json.Result[])	CtMethodImpl	private
uk.org.webcompere.modelassert.json.condition.IsEmpty.test(com.fasterxml.jackson.databind.JsonNode)	CtMethodImpl	public
uk.org.webcompere.modelassert.json.dsl.nodespecific.tree.PathDsl.fromJsonPointer(uk.org.webcompere.modelassert.json.dsl.nodespecific.tree.WhereDsl<A>,java.lang.String)	CtMethodImpl	public
uk.org.webcompere.modelassert.json.condition.tree.StringPathMatcher.value	CtFieldReferenceImpl	private
uk.org.webcompere.modelassert.json.condition.array.ArrayElementConditionAdapter.condition	CtFieldReferenceImpl	private
uk.org.webcompere.modelassert.json.condition.array.LooseComparison.looseComparison(com.fasterxml.jackson.databind.node.ArrayNode)	CtMethodImpl	public
uk.org.webcompere.modelassert.json.condition.MatchesTextCondition.textContains(java.lang.String)	CtMethodImpl	public
uk.org.webcompere.modelassert.json.condition.tree.TreeComparisonCondition.isEqualTo(T,uk.org.webcompere.modelassert.json.JsonProvider<T>)	CtMethodImpl	public
uk.org.webcompere.modelassert.json.condition.array.LooseComparison.describe()	CtMethodImpl	private
uk.org.webcompere.modelassert.json.condition.NumberCondition.passesNumericTest(com.fasterxml.jackson.databind.JsonNode)	CtMethodImpl	private
uk.org.webcompere.modelassert.json.condition.HasValueWithLooseType(java.lang.Object)	CtConstructorImpl	public
uk.org.webcompere.modelassert.json.condition.NullCondition.getInstance()	CtMethodImpl	public
uk.org.webcompere.modelassert.json.dsl.SubsetDsl.satisfies	CtFieldReferenceImpl	private
uk.org.webcompere.modelassert.json.condition.ArrayContains.describe()	CtMethodImpl	public
uk.org.webcompere.modelassert.json.condition.OrCondition.second	CtFieldReferenceImpl	private
uk.org.webcompere.modelassert.json.condition.ArrayContains.requireStrict	CtFieldReferenceImpl	private
uk.org.webcompere.modelassert.json.condition.array.Match.remove(int)	CtMethodImpl	public
uk.org.webcompere.modelassert.json.Result.invert()	CtMethodImpl	public
uk.org.webcompere.modelassert.json.condition.array.Match.getIndex()	CtMethodImpl	public
uk.org.webcompere.modelassert.json.condition.AndCondition.test(com.fasterxml.jackson.databind.JsonNode)	CtMethodImpl	public
uk.org.webcompere.modelassert.json.condition.ArrayContains(java.lang.String,java.util.List<uk.org.webcompere.modelassert.json.Condition>,boolean)	CtConstructorImpl	public
uk.org.webcompere.modelassert.json.condition.array.Multiset	CtClassImpl	public
uk.org.webcompere.modelassert.json.Result.isPassed()	CtMethodImpl	public
uk.org.webcompere.modelassert.json.condition.tree.PathMatch.all()	CtMethodImpl	public
uk.org.webcompere.modelassert.json.condition.NumberCondition.test(com.fasterxml.jackson.databind.JsonNode)	CtMethodImpl	public
uk.org.webcompere.modelassert.json.condition.ArrayContains.test(com.fasterxml.jackson.databind.JsonNode)	CtMethodImpl	public
uk.org.webcompere.modelassert.json.dsl.nodespecific.ArrayNodes	CtClassImpl	public
uk.org.webcompere.modelassert.json.condition.tree.Location.child(java.lang.String)	CtMethodImpl	public
uk.org.webcompere.modelassert.json.condition.ArrayContains.looseComparison(com.fasterxml.jackson.databind.node.ArrayNode)	CtMethodImpl	private
uk.org.webcompere.modelassert.json.condition.array.Match.contains(int)	CtMethodImpl	public
uk.org.webcompere.modelassert.json.condition.ConditionList.conditions()	CtMethodImpl	public
uk.org.webcompere.modelassert.json.condition.ConditionList	CtClassImpl	public
uk.org.webcompere.modelassert.json.condition.array.LooseComparison.Match.counterPartIndices	CtFieldReferenceImpl	private
uk.org.webcompere.modelassert.json.dsl.nodespecific.tree.WhereDsl.isEqualTo(uk.org.webcompere.modelassert.json.condition.tree.TreeComparisonCondition)	CtMethodImpl	public
uk.org.webcompere.modelassert.json.JsonAssertions.assertJson(java.io.File)	CtMethodImpl	public
uk.org.webcompere.modelassert.json.condition.ArrayContains.containsValuesExactly(uk.org.webcompere.modelassert.json.condition.ConditionList)	CtMethodImpl	public
uk.org.webcompere.modelassert.json.condition.MatcherCondition.test(com.fasterxml.jackson.databind.JsonNode)	CtMethodImpl	public
uk.org.webcompere.modelassert.json.condition.ArrayContains.containsValues(java.lang.Object,java.lang.Object[])	CtMethodImpl	public
uk.org.webcompere.modelassert.json.condition.ArrayContains	CtClassImpl	public
uk.org.webcompere.modelassert.json.condition.array.LooseComparison.explainMismatches(java.util.List<uk.org.webcompere.modelassert.json.condition.array.LooseComparison.Match>)	CtMethodImpl	private
uk.org.webcompere.modelassert.json.condition.HasValue.expected	CtFieldReferenceImpl	private
uk.org.webcompere.modelassert.json.condition.JsonIsNotNull	CtClassImpl	public
uk.org.webcompere.modelassert.json.condition.MatchesTextCondition.predicate	CtFieldReferenceImpl	private
uk.org.webcompere.modelassert.json.hamcrest.HamcrestJsonAssertion	CtClassImpl	public
uk.org.webcompere.modelassert.json.assertjson.AssertJson.satisfies(uk.org.webcompere.modelassert.json.Condition)	CtMethodImpl	public
uk.org.webcompere.modelassert.json.condition.tree.PathRule.matches(uk.org.webcompere.modelassert.json.condition.tree.Location)	CtMethodImpl	public
uk.org.webcompere.modelassert.json.JsonAssertions.jsonNode()	CtMethodImpl	public
uk.org.webcompere.modelassert.json.condition.tree.TreeComparisonCondition.explainRules()	CtMethodImpl	private
uk.org.webcompere.modelassert.json.condition.tree.TreeComparisonCondition.toSet(java.util.Iterator<java.lang.String>)	CtMethodImpl	private
uk.org.webcompere.modelassert.json.dsl.SubsetDsl	CtClassImpl	public
uk.org.webcompere.modelassert.json.JsonAssertions.assertYaml(java.io.File)	CtMethodImpl	public
uk.org.webcompere.modelassert.json.condition.ObjectContainsKeys.describe()	CtMethodImpl	public
uk.org.webcompere.modelassert.json.impl.MemoizedSupplier.hasEvaluated	CtFieldReferenceImpl	private
uk.org.webcompere.modelassert.json.impl.CoreJsonAssertion.conditions	CtFieldReferenceImpl	private
uk.org.webcompere.modelassert.json.condition.array.LooseComparison.arrayElementConditions	CtFieldReferenceImpl	private
uk.org.webcompere.modelassert.json.impl.MemoizedSupplier.actualSupplier	CtFieldReferenceImpl	private
uk.org.webcompere.modelassert.json.condition.array.LooseComparison	CtClassImpl	public
uk.org.webcompere.modelassert.json.condition.AndCondition.second	CtFieldReferenceImpl	private
uk.org.webcompere.modelassert.json.dsl.nodespecific.BooleanNodes(uk.org.webcompere.modelassert.json.dsl.Satisfies<A>)	CtConstructorImpl	public
uk.org.webcompere.modelassert.json.condition.HasSize.test(com.fasterxml.jackson.databind.JsonNode)	CtMethodImpl	public
uk.org.webcompere.modelassert.json.impl.MemoizedSupplier.get()	CtMethodImpl	public
uk.org.webcompere.modelassert.json.condition.Not.not(uk.org.webcompere.modelassert.json.Condition)	CtMethodImpl	public
uk.org.webcompere.modelassert.json.condition.tree.PathMatch	CtClassImpl	public
uk.org.webcompere.modelassert.json.condition.PredicateWrappedCondition(java.lang.String,java.util.function.Predicate<com.fasterxml.jackson.databind.JsonNode>,uk.org.webcompere.modelassert.json.Condition)	CtConstructorImpl	public
uk.org.webcompere.modelassert.json.condition.tree.TreeComparisonCondition.withRules(java.util.List<uk.org.webcompere.modelassert.json.condition.tree.PathRule>)	CtMethodImpl	public
uk.org.webcompere.modelassert.json.condition.tree.TreeRule	CtEnumImpl	public
uk.org.webcompere.modelassert.json.dsl.SubsetDsl.satisfies(uk.org.webcompere.modelassert.json.Condition)	CtMethodImpl	public
uk.org.webcompere.modelassert.json.condition.HasSize(uk.org.webcompere.modelassert.json.Condition)	CtConstructorImpl	private
uk.org.webcompere.modelassert.json.condition.NumberCondition.Comparison.name	CtFieldReferenceImpl	private
uk.org.webcompere.modelassert.json.condition.MatcherCondition	CtClassImpl	public
uk.org.webcompere.modelassert.json.condition.JsonAt.describe()	CtMethodImpl	public
uk.org.webcompere.modelassert.json.dsl.nodespecific.tree.PathDsl.keysInAnyOrder()	CtMethodImpl	public
uk.org.webcompere.modelassert.json.condition.tree.TreeComparisonCondition.compareArrays(com.fasterxml.jackson.databind.node.ArrayNode,com.fasterxml.jackson.databind.node.ArrayNode,uk.org.webcompere.modelassert.json.condition.tree.Location,java.util.List<java.lang.String>)	CtMethodImpl	private
uk.org.webcompere.modelassert.json.condition.tree.TreeRule()	CtConstructorImpl	private
uk.org.webcompere.modelassert.json.dsl.nodespecific.tree.PathDsl(uk.org.webcompere.modelassert.json.dsl.nodespecific.tree.WhereDsl<A>,java.lang.Object,java.lang.Object[])	CtConstructorImpl	package-private
uk.org.webcompere.modelassert.json.dsl.nodespecific.NumberNodes	CtClassImpl	public
uk.org.webcompere.modelassert.json.condition.AndCondition	CtClassImpl	public
uk.org.webcompere.modelassert.json.dsl.nodespecific.tree.PathDsl.satisfies(uk.org.webcompere.modelassert.json.Condition)	CtMethodImpl	public
uk.org.webcompere.modelassert.json.dsl.nodespecific.tree.WhereDsl.isNotEqualTo(uk.org.webcompere.modelassert.json.condition.tree.TreeComparisonCondition)	CtMethodImpl	public
uk.org.webcompere.modelassert.json.condition.NumberCondition.passesTypeTest(com.fasterxml.jackson.databind.JsonNode)	CtMethodImpl	private
uk.org.webcompere.modelassert.json.condition.array.LooseComparison$Match(int)	CtConstructorImpl	public
uk.org.webcompere.modelassert.json.condition.HasSize.describe()	CtMethodImpl	public
uk.org.webcompere.modelassert.json.condition.tree.WildCardPathMatcher.toString()	CtMethodImpl	public
uk.org.webcompere.modelassert.json.condition.MatchesTextCondition.textStartsWith(java.lang.String)	CtMethodImpl	public
uk.org.webcompere.modelassert.json.condition.ObjectContainsKeys.test(com.fasterxml.jackson.databind.JsonNode)	CtMethodImpl	public
uk.org.webcompere.modelassert.json.Result.was	CtFieldReferenceImpl	private
uk.org.webcompere.modelassert.json.condition.JsonAt.path	CtFieldReferenceImpl	private
uk.org.webcompere.modelassert.json.condition.HasSize.sizeCondition	CtFieldReferenceImpl	private
uk.org.webcompere.modelassert.json.condition.ArrayContains.toConditions(java.lang.Object,java.lang.Object[])	CtMethodImpl	private
uk.org.webcompere.modelassert.json.condition.array.Match.add(int)	CtMethodImpl	public
uk.org.webcompere.modelassert.json.dsl.nodespecific.tree.WhereDsl.at(java.lang.String)	CtMethodImpl	public
uk.org.webcompere.modelassert.json.dsl.nodespecific.tree.WhereDsl.path(java.lang.Object,java.lang.Object[])	CtMethodImpl	public
uk.org.webcompere.modelassert.json.dsl.nodespecific.ObjectNodes	CtClassImpl	public
uk.org.webcompere.modelassert.json.condition.NullCondition.INSTANCE	CtFieldReferenceImpl	private
uk.org.webcompere.modelassert.json.condition.IsEmpty.describe()	CtMethodImpl	public
uk.org.webcompere.modelassert.json.condition.HasValue.test(com.fasterxml.jackson.databind.JsonNode)	CtMethodImpl	public
uk.org.webcompere.modelassert.json.condition.array.LooseComparison.Match	CtClassImpl	private
uk.org.webcompere.modelassert.json.impl.MemoizedSupplier.answer	CtFieldReferenceImpl	private
uk.org.webcompere.modelassert.json.Patterns	CtClassImpl	public
uk.org.webcompere.modelassert.json.condition.tree.TreeComparisonCondition.expected	CtFieldReferenceImpl	private
uk.org.webcompere.modelassert.json.condition.JsonAt	CtClassImpl	public
uk.org.webcompere.modelassert.json.condition.array.LooseComparison(java.util.List<uk.org.webcompere.modelassert.json.condition.array.ArrayElementCondition>,java.util.function.Supplier<java.lang.String>)	CtConstructorImpl	public
uk.org.webcompere.modelassert.json.condition.NullCondition.test(com.fasterxml.jackson.databind.JsonNode)	CtMethodImpl	public
uk.org.webcompere.modelassert.json.impl.CoreJsonAssertion.describeTo(org.hamcrest.Description)	CtMethodImpl	public
uk.org.webcompere.modelassert.json.condition.tree.ArrayComparisonElementCondition	CtClassImpl	public
uk.org.webcompere.modelassert.json.condition.tree.Location	CtClassImpl	public
uk.org.webcompere.modelassert.json.condition.tree.TreeComparisonCondition.rules	CtFieldReferenceImpl	private
uk.org.webcompere.modelassert.json.condition.NumberCondition.doubleComparison(double)	CtMethodImpl	private
uk.org.webcompere.modelassert.json.condition.NumberCondition.Comparison.LESS_THAN	CtEnumValueImpl	public
uk.org.webcompere.modelassert.json.dsl.nodespecific.tree.WhereDsl.arrayInAnyOrder()	CtMethodImpl	public
uk.org.webcompere.modelassert.json.condition.JsonIsNotNull.describe()	CtMethodImpl	public
uk.org.webcompere.modelassert.json.condition.tree.PathMatch.matchers	CtFieldReferenceImpl	private
uk.org.webcompere.modelassert.json.impl.CoreJsonAssertion.jsonProvider	CtFieldReferenceImpl	private
uk.org.webcompere.modelassert.json.condition.tree.TreeComparisonCondition.checkKeyOrder(uk.org.webcompere.modelassert.json.condition.tree.Location,java.util.List<java.lang.String>,java.util.Set<java.lang.String>,java.util.Set<java.lang.String>)	CtMethodImpl	private
uk.org.webcompere.modelassert.json.impl.CoreJsonAssertion(uk.org.webcompere.modelassert.json.JsonProvider<T>)	CtConstructorImpl	protected
uk.org.webcompere.modelassert.json.JsonAssertions.assertJson(java.lang.Object)	CtMethodImpl	public
uk.org.webcompere.modelassert.json.JsonAssertions.jsonFilePath()	CtMethodImpl	public
uk.org.webcompere.modelassert.json.dsl.nodespecific.tree.PathDsl.objectContains()	CtMethodImpl	public
