method	type	visibility
org.rarefiedredis.reliable.RedisReliableBoundedListProducer.bound	CtFieldReferenceImpl	private
org.rarefiedredis.adapter.RedisListAdapter.iterator()	CtMethodImpl	public
org.rarefiedredis.util.RedisExpirer.CheckListScanner	CtClassImpl	private
org.rarefiedredis.reliable.RedisReliableProducer	CtClassImpl	public
org.rarefiedredis.util.RedisExpirer.expire(java.lang.String,int,java.lang.String)	CtMethodImpl	public
org.rarefiedredis.reliable.RedisReliableListMover(boolean)	CtConstructorImpl	public
org.rarefiedredis.reliable.RedisReliableListProducer()	CtConstructorImpl	public
org.rarefiedredis.util.RedisExpirer.cleanup(java.lang.String,java.lang.String)	CtMethodImpl	private
org.rarefiedredis.reliable.RedisReliableMoverCheckAndSet.set(org.rarefiedredis.redis.IRedisClient,java.lang.String,T)	CtMethodImpl	public
org.rarefiedredis.util.RedisExpirer$CheckListScanner()	CtConstructorImpl	private
org.rarefiedredis.reliable.RedisReliableProducerCheckAndSet.get(org.rarefiedredis.redis.IRedisClient,java.lang.String)	CtMethodImpl	public
org.rarefiedredis.util.RedisScanner.client	CtFieldReferenceImpl	private
org.rarefiedredis.util.RedisExpirer.PersistListScanner.key	CtFieldReferenceImpl	private
org.rarefiedredis.adapter.RedisListAdapter.isEmpty()	CtMethodImpl	public
org.rarefiedredis.reliable.RedisReliableSetMover()	CtConstructorImpl	public
org.rarefiedredis.reliable.RedisReliableStringMover.multi(org.rarefiedredis.redis.IRedisClient,java.lang.String,java.lang.String,java.lang.String)	CtMethodImpl	public
org.rarefiedredis.reliable.RedisReliableListIndexMover.type()	CtMethodImpl	public
org.rarefiedredis.util.AbstractRedisListScanner.hasNext(org.rarefiedredis.redis.IRedisClient,java.lang.String)	CtMethodImpl	public
org.rarefiedredis.reliable.RedisReliableMoverCheckAndSet.get(org.rarefiedredis.redis.IRedisClient,java.lang.String)	CtMethodImpl	public
org.rarefiedredis.util.RedisExpirer.exists(java.lang.String,java.lang.String)	CtMethodImpl	public
org.rarefiedredis.util.RedisExpirer.expirer	CtFieldReferenceImpl	private
org.rarefiedredis.util.RedisExpirer.client	CtFieldReferenceImpl	private
org.rarefiedredis.reliable.RedisReliableSetMover	CtClassImpl	public
org.rarefiedredis.adapter.RedisListAdapter.addAll(int,java.util.Collection<? extends java.lang.String>)	CtMethodImpl	public
org.rarefiedredis.reliable.RedisReliableListRpushProducer()	CtConstructorImpl	public
org.rarefiedredis.util.RedisExpirer.persist(java.lang.String,java.lang.String)	CtMethodImpl	public
org.rarefiedredis.util.RedisScanner(org.rarefiedredis.redis.IRedisClient)	CtConstructorImpl	public
org.rarefiedredis.reliable.RedisReliableDeleter(org.rarefiedredis.redis.IRedisClient)	CtConstructorImpl	public
org.rarefiedredis.util.RedisExpirer.ExistsListScanner.exists	CtFieldReferenceImpl	private
org.rarefiedredis.reliable.RedisReliableListIndexDeleter.element	CtFieldReferenceImpl	private
org.rarefiedredis.reliable.RedisReliableMover.RedisReliableMoverCheckAndSet.element	CtFieldReferenceImpl	private
org.rarefiedredis.util.RedisExpirer.listKey	CtFieldReferenceImpl	private
org.rarefiedredis.adapter.RedisListAdapter.retainAll(java.util.Collection<?>)	CtMethodImpl	public
org.rarefiedredis.reliable.RedisReliableStringProducer()	CtConstructorImpl	public
org.rarefiedredis.reliable.RedisReliableSetDeleter()	CtConstructorImpl	public
org.rarefiedredis.concurrency.RedisCheckAndSet	CtClassImpl	public
org.rarefiedredis.reliable.RedisReliableConsumer.consume(java.lang.String,java.lang.String,T)	CtMethodImpl	public
org.rarefiedredis.reliable.RedisReliableSortedSetMover.type()	CtMethodImpl	public
org.rarefiedredis.reliable.RedisReliableProducer.ListRpushProducer(org.rarefiedredis.redis.IRedisClient)	CtMethodImpl	public
org.rarefiedredis.reliable.RedisReliableSetDeleter	CtClassImpl	public
org.rarefiedredis.reliable.RedisReliableSetDeleter.multi(org.rarefiedredis.redis.IRedisClient,java.lang.String,java.lang.String)	CtMethodImpl	public
org.rarefiedredis.reliable.RedisReliableMover.RedisReliableMoverCheckAndSet.source	CtFieldReferenceImpl	private
org.rarefiedredis.reliable.RedisReliableStringDeleter.verify(org.rarefiedredis.redis.IRedisClient,java.lang.String,java.lang.String)	CtMethodImpl	public
org.rarefiedredis.reliable.RedisReliableDeleter.RedisReliableDeleterCheckAndSet.element	CtFieldReferenceImpl	private
org.rarefiedredis.util.RedisExpirer.PersistListScanner	CtClassImpl	private
org.rarefiedredis.reliable.RedisReliableMover(org.rarefiedredis.redis.IRedisClient)	CtConstructorImpl	public
org.rarefiedredis.reliable.RedisReliableProducer.produce(java.lang.String,T[])	CtMethodImpl	public
org.rarefiedredis.adapter.RedisListAdapter.toArray(T[])	CtMethodImpl	public
org.rarefiedredis.reliable.RedisReliableConsumer.deleter	CtFieldReferenceImpl	private
org.rarefiedredis.reliable.RedisReliableProducer.StringProducer(org.rarefiedredis.redis.IRedisClient)	CtMethodImpl	public
org.rarefiedredis.util.AbstractRedisSetScanner()	CtConstructorImpl	public
org.rarefiedredis.reliable.RedisReliableListMover.verify(org.rarefiedredis.redis.IRedisClient,java.lang.String,java.lang.String,java.lang.String)	CtMethodImpl	public
org.rarefiedredis.reliable.RedisReliableProducer.RedisReliableProducerCheckAndSet.producer	CtFieldReferenceImpl	private
org.rarefiedredis.util.AbstractRedisSortedSetScanner.type()	CtMethodImpl	public
org.rarefiedredis.reliable.RedisReliableListDeleter.verify(org.rarefiedredis.redis.IRedisClient,java.lang.String,java.lang.String)	CtMethodImpl	public
org.rarefiedredis.reliable.RedisReliableStringMover	CtClassImpl	public
org.rarefiedredis.util.AbstractRedisListScanner.done	CtFieldReferenceImpl	private
org.rarefiedredis.adapter.RedisListAdapter.add(int,java.lang.String)	CtMethodImpl	public
org.rarefiedredis.reliable.RedisReliableConsumer.imover	CtFieldReferenceImpl	private
org.rarefiedredis.adapter.RedisListAdapter.clear()	CtMethodImpl	public
org.rarefiedredis.reliable.RedisReliableStringMover.type()	CtMethodImpl	public
org.rarefiedredis.reliable.RedisReliableConsumer.consume(java.lang.String,java.lang.String)	CtMethodImpl	public
org.rarefiedredis.reliable.RedisReliableConsumer.mover	CtFieldReferenceImpl	private
org.rarefiedredis.reliable.RedisReliableMover.move(org.rarefiedredis.reliable.IRedisReliableMover<T>,java.lang.String,java.lang.String)	CtMethodImpl	public
org.rarefiedredis.util.AbstractRedisSortedSetScanner.done	CtFieldReferenceImpl	private
org.rarefiedredis.reliable.RedisReliableConsumer.fail(java.lang.String,java.lang.String,T)	CtMethodImpl	public
org.rarefiedredis.reliable.RedisReliableListMover.index	CtFieldReferenceImpl	private
org.rarefiedredis.reliable.RedisReliableMover	CtClassImpl	public
org.rarefiedredis.reliable.RedisReliableSortedSetMover.score	CtFieldReferenceImpl	private
org.rarefiedredis.reliable.RedisReliableStringMover()	CtConstructorImpl	public
org.rarefiedredis.reliable.RedisReliableDeleterCheckAndSet.get(org.rarefiedredis.redis.IRedisClient,java.lang.String)	CtMethodImpl	public
org.rarefiedredis.reliable.RedisReliableMover.RedisReliableMoverCheckAndSet.mover	CtFieldReferenceImpl	private
org.rarefiedredis.util.AbstractRedisSortedSetScanner	CtClassImpl	public
org.rarefiedredis.util.RedisExpirer.pexpire(java.lang.String,long,java.lang.String)	CtMethodImpl	public
org.rarefiedredis.reliable.RedisReliableStringDeleter.multi(org.rarefiedredis.redis.IRedisClient,java.lang.String,java.lang.String)	CtMethodImpl	public
org.rarefiedredis.reliable.RedisReliableProducer.ListProducer(org.rarefiedredis.redis.IRedisClient)	CtMethodImpl	public
org.rarefiedredis.reliable.RedisReliableSetMover.verify(org.rarefiedredis.redis.IRedisClient,java.lang.String,java.lang.String,java.lang.String)	CtMethodImpl	public
org.rarefiedredis.reliable.RedisReliableStringProducer	CtClassImpl	public
org.rarefiedredis.reliable.RedisReliableStringProducer.type()	CtMethodImpl	public
org.rarefiedredis.reliable.RedisReliableListMover.random	CtFieldReferenceImpl	private
org.rarefiedredis.adapter.RedisListAdapter.toArray()	CtMethodImpl	public
org.rarefiedredis.reliable.RedisReliableProducer.cas	CtFieldReferenceImpl	private
org.rarefiedredis.util.AbstractRedisListScanner.index	CtFieldReferenceImpl	private
org.rarefiedredis.reliable.RedisReliableBoundedListProducer(long)	CtConstructorImpl	public
org.rarefiedredis.util.AbstractRedisSortedSetScanner.next(org.rarefiedredis.redis.IRedisClient,java.lang.String,java.lang.String[])	CtMethodImpl	public
org.rarefiedredis.reliable.RedisReliableListIndexDeleter.verify(org.rarefiedredis.redis.IRedisClient,java.lang.String,java.lang.Long)	CtMethodImpl	public
org.rarefiedredis.reliable.RedisReliableProducer.RedisReliableProducerCheckAndSet.wrongType	CtFieldReferenceImpl	private
org.rarefiedredis.reliable.RedisReliableListMover()	CtConstructorImpl	public
org.rarefiedredis.util.RedisExpirer.PersistListScanner.element	CtFieldReferenceImpl	private
org.rarefiedredis.util.AbstractRedisListScanner	CtClassImpl	public
org.rarefiedredis.util.AbstractRedisSetScanner.done	CtFieldReferenceImpl	private
org.rarefiedredis.reliable.RedisReliableListIndexMover.verify(org.rarefiedredis.redis.IRedisClient,java.lang.String,java.lang.String,java.util.Map.Entry<java.lang.Long, java.lang.Long>)	CtMethodImpl	public
org.rarefiedredis.reliable.RedisReliableListDeleter.multi(org.rarefiedredis.redis.IRedisClient,java.lang.String,java.lang.String)	CtMethodImpl	public
org.rarefiedredis.reliable.RedisReliableStringProducer.multi(org.rarefiedredis.redis.IRedisClient,java.lang.String,java.lang.String)	CtMethodImpl	public
org.rarefiedredis.util.AbstractRedisSetScanner.cursor	CtFieldReferenceImpl	private
org.rarefiedredis.util.AbstractRedisSetScanner	CtClassImpl	public
org.rarefiedredis.reliable.RedisReliableConsumer.ideleter	CtFieldReferenceImpl	private
org.rarefiedredis.reliable.RedisReliableDeleter$RedisReliableDeleterCheckAndSet(org.rarefiedredis.reliable.IRedisReliableDeleter<T>,T)	CtConstructorImpl	public
org.rarefiedredis.adapter.RedisListAdapter.contains(java.lang.Object)	CtMethodImpl	public
org.rarefiedredis.reliable.RedisReliableDeleter.RedisReliableDeleterCheckAndSet	CtClassImpl	private
org.rarefiedredis.reliable.RedisReliableListMover.multi(org.rarefiedredis.redis.IRedisClient,java.lang.String,java.lang.String,java.lang.String)	CtMethodImpl	public
org.rarefiedredis.reliable.RedisReliableListIndexMover.element	CtFieldReferenceImpl	private
org.rarefiedredis.reliable.RedisReliableListDeleter	CtClassImpl	public
org.rarefiedredis.reliable.RedisReliableProducer.iproducer	CtFieldReferenceImpl	private
org.rarefiedredis.reliable.RedisReliableStringDeleter	CtClassImpl	public
org.rarefiedredis.reliable.RedisReliableProducer(org.rarefiedredis.redis.IRedisClient,org.rarefiedredis.reliable.IRedisReliableProducer<T>)	CtConstructorImpl	public
org.rarefiedredis.adapter.RedisListAdapter.get(int)	CtMethodImpl	public
org.rarefiedredis.concurrency.RedisCheckAndSet(org.rarefiedredis.redis.IRedisClient)	CtConstructorImpl	public
org.rarefiedredis.reliable.RedisReliableMover.RedisReliableMoverCheckAndSet	CtClassImpl	private
org.rarefiedredis.adapter.RedisListAdapter.remove(java.lang.Object)	CtMethodImpl	public
org.rarefiedredis.adapter.RedisListAdapter.lastIndexOf(java.lang.Object)	CtMethodImpl	public
org.rarefiedredis.concurrency.RedisCheckAndSet.checkAndSet(org.rarefiedredis.concurrency.IRedisCheckAndSet<T>,java.lang.String)	CtMethodImpl	public
org.rarefiedredis.util.RedisScanner	CtClassImpl	public
org.rarefiedredis.util.AbstractRedisSetScanner.hasNext(org.rarefiedredis.redis.IRedisClient,java.lang.String)	CtMethodImpl	public
org.rarefiedredis.util.RedisExpirer.1	CtClassImpl	package-private
org.rarefiedredis.reliable.RedisReliableProducer.RedisReliableProducerCheckAndSet	CtClassImpl	private
org.rarefiedredis.adapter.RedisListAdapter.listIterator()	CtMethodImpl	public
org.rarefiedredis.reliable.RedisReliableSetMover.type()	CtMethodImpl	public
org.rarefiedredis.util.RedisExpirer.2	CtClassImpl	package-private
org.rarefiedredis.reliable.RedisReliableConsumer.ack(java.lang.String,java.lang.String,T)	CtMethodImpl	public
org.rarefiedredis.util.RedisExpirer.check()	CtMethodImpl	public
org.rarefiedredis.reliable.RedisReliableSortedSetMover()	CtConstructorImpl	public
org.rarefiedredis.util.RedisScanner.scan(org.rarefiedredis.util.IRedisScanner<T>,java.lang.String,java.lang.String[])	CtMethodImpl	public
org.rarefiedredis.reliable.RedisReliableListRpushProducer.multi(org.rarefiedredis.redis.IRedisClient,java.lang.String,java.lang.String)	CtMethodImpl	public
org.rarefiedredis.reliable.RedisReliableProducerCheckAndSet.set(org.rarefiedredis.redis.IRedisClient,java.lang.String,T[])	CtMethodImpl	public
org.rarefiedredis.util.RedisExpirer.expired(java.lang.String,java.lang.String,java.lang.String)	CtMethodImpl	private
org.rarefiedredis.adapter.RedisListAdapter.add(java.lang.String)	CtMethodImpl	public
org.rarefiedredis.reliable.RedisReliableListMover.type()	CtMethodImpl	public
org.rarefiedredis.reliable.RedisReliableMover.RedisReliableMoverCheckAndSet.moved	CtFieldReferenceImpl	public
org.rarefiedredis.util.AbstractRedisSortedSetScanner.cursor	CtFieldReferenceImpl	private
org.rarefiedredis.adapter.RedisListAdapter.addAll(java.util.Collection<? extends java.lang.String>)	CtMethodImpl	public
org.rarefiedredis.util.RedisExpirer$PersistListScanner(java.lang.String,java.lang.String)	CtConstructorImpl	public
org.rarefiedredis.reliable.RedisReliableListIndexDeleter	CtClassImpl	public
org.rarefiedredis.reliable.RedisReliableConsumer.StringConsumer(org.rarefiedredis.redis.IRedisClient)	CtMethodImpl	public
org.rarefiedredis.reliable.RedisReliableSetDeleter.verify(org.rarefiedredis.redis.IRedisClient,java.lang.String,java.lang.String)	CtMethodImpl	public
org.rarefiedredis.util.RedisExpirer.expiries	CtFieldReferenceImpl	private
org.rarefiedredis.reliable.RedisReliableListIndexDeleter.multi(org.rarefiedredis.redis.IRedisClient,java.lang.String,java.lang.Long)	CtMethodImpl	public
org.rarefiedredis.reliable.RedisReliableConsumer.ListConsumer(org.rarefiedredis.redis.IRedisClient)	CtMethodImpl	public
org.rarefiedredis.reliable.RedisReliableSortedSetMover	CtClassImpl	public
org.rarefiedredis.reliable.RedisReliableMover.move(org.rarefiedredis.reliable.IRedisReliableMover<T>,java.lang.String,java.lang.String,T)	CtMethodImpl	public
org.rarefiedredis.reliable.RedisReliableSortedSetMover.multi(org.rarefiedredis.redis.IRedisClient,java.lang.String,java.lang.String,java.lang.String)	CtMethodImpl	public
org.rarefiedredis.util.RedisExpirer.ExistsListScanner.key	CtFieldReferenceImpl	private
org.rarefiedredis.adapter.RedisListAdapter.set(int,java.lang.String)	CtMethodImpl	public
org.rarefiedredis.reliable.RedisReliableDeleterCheckAndSet.set(org.rarefiedredis.redis.IRedisClient,java.lang.String,T)	CtMethodImpl	public
org.rarefiedredis.util.PersistListScanner.range(java.util.List<java.lang.String>)	CtMethodImpl	public
org.rarefiedredis.reliable.RedisReliableStringDeleter.type()	CtMethodImpl	public
org.rarefiedredis.util.ExistsListScanner.range(java.util.List<java.lang.String>)	CtMethodImpl	public
org.rarefiedredis.util.AbstractRedisSetScanner.next(org.rarefiedredis.redis.IRedisClient,java.lang.String,java.lang.String[])	CtMethodImpl	public
org.rarefiedredis.adapter.RedisListAdapter.subList(int,int)	CtMethodImpl	public
org.rarefiedredis.reliable.RedisReliableListRpushProducer.type()	CtMethodImpl	public
org.rarefiedredis.util.AbstractRedisSortedSetScanner()	CtConstructorImpl	public
org.rarefiedredis.util.RedisExpirer$ExistsListScanner(java.lang.String,java.lang.String)	CtConstructorImpl	public
org.rarefiedredis.reliable.RedisReliableMover$RedisReliableMoverCheckAndSet(org.rarefiedredis.reliable.IRedisReliableMover<T>,java.lang.String,java.lang.String,T)	CtConstructorImpl	public
org.rarefiedredis.util.RedisExpirer.ExistsListScanner.element	CtFieldReferenceImpl	private
org.rarefiedredis.reliable.RedisReliableListIndexMover()	CtConstructorImpl	public
org.rarefiedredis.util.AbstractRedisSetScanner.type()	CtMethodImpl	public
org.rarefiedredis.reliable.RedisReliableDeleter	CtClassImpl	public
org.rarefiedredis.adapter.RedisListAdapter	CtClassImpl	public
org.rarefiedredis.reliable.RedisReliableListIndexMover	CtClassImpl	public
org.rarefiedredis.reliable.RedisReliableListMover.ignoreDestIndex	CtFieldReferenceImpl	private
org.rarefiedredis.reliable.RedisReliableListProducer	CtClassImpl	public
org.rarefiedredis.adapter.RedisListAdapter(org.rarefiedredis.redis.IRedisClient,java.lang.String)	CtConstructorImpl	public
org.rarefiedredis.util.RedisExpirer.scanner	CtFieldReferenceImpl	private
org.rarefiedredis.util.RedisExpirer.timer	CtFieldReferenceImpl	private
org.rarefiedredis.reliable.RedisReliableDeleter.delete(org.rarefiedredis.reliable.IRedisReliableDeleter<T>,java.lang.String,T)	CtMethodImpl	public
org.rarefiedredis.reliable.RedisReliableConsumer	CtClassImpl	public
org.rarefiedredis.adapter.RedisListAdapter.listIterator(int)	CtMethodImpl	public
org.rarefiedredis.reliable.RedisReliableSetDeleter.type()	CtMethodImpl	public
org.rarefiedredis.util.RedisExpirer(org.rarefiedredis.redis.IRedisClient,org.rarefiedredis.util.IRedisExpirer,java.lang.String,java.lang.String)	CtConstructorImpl	public
org.rarefiedredis.reliable.RedisReliableListProducer.type()	CtMethodImpl	public
org.rarefiedredis.reliable.RedisReliableListDeleter.type()	CtMethodImpl	public
org.rarefiedredis.reliable.RedisReliableStringMover.verify(org.rarefiedredis.redis.IRedisClient,java.lang.String,java.lang.String,java.lang.String)	CtMethodImpl	public
org.rarefiedredis.util.RedisExpirer.separator	CtFieldReferenceImpl	private
org.rarefiedredis.reliable.RedisReliableListDeleter()	CtConstructorImpl	public
org.rarefiedredis.adapter.RedisListAdapter.client	CtFieldReferenceImpl	private
org.rarefiedredis.reliable.RedisReliableDeleter.cas	CtFieldReferenceImpl	private
org.rarefiedredis.util.AbstractRedisListScanner()	CtConstructorImpl	public
org.rarefiedredis.reliable.RedisReliableConsumer(org.rarefiedredis.redis.IRedisClient,org.rarefiedredis.reliable.IRedisReliableMover<T>,org.rarefiedredis.reliable.IRedisReliableDeleter<T>)	CtConstructorImpl	public
org.rarefiedredis.reliable.RedisReliableListIndexMover.random	CtFieldReferenceImpl	private
org.rarefiedredis.util.RedisExpirer.ExistsListScanner	CtClassImpl	private
org.rarefiedredis.adapter.RedisListAdapter.size()	CtMethodImpl	public
org.rarefiedredis.reliable.RedisReliableProducer$RedisReliableProducerCheckAndSet(org.rarefiedredis.reliable.IRedisReliableProducer<T>,T[])	CtConstructorImpl	public
org.rarefiedredis.reliable.RedisReliableListDeleter.index	CtFieldReferenceImpl	private
org.rarefiedredis.util.RedisExpirer(org.rarefiedredis.redis.IRedisClient,org.rarefiedredis.util.IRedisExpirer,java.lang.String)	CtConstructorImpl	public
org.rarefiedredis.util.AbstractRedisSortedSetScanner.hasNext(org.rarefiedredis.redis.IRedisClient,java.lang.String)	CtMethodImpl	public
org.rarefiedredis.adapter.RedisListAdapter.1.index	CtFieldReferenceImpl	private
org.rarefiedredis.util.AbstractRedisListScanner.type()	CtMethodImpl	public
org.rarefiedredis.adapter.RedisListAdapter.removeAll(java.util.Collection<?>)	CtMethodImpl	public
org.rarefiedredis.concurrency.RedisCheckAndSet.client	CtFieldReferenceImpl	private
org.rarefiedredis.reliable.RedisReliableConsumer.SetConsumer(org.rarefiedredis.redis.IRedisClient)	CtMethodImpl	public
org.rarefiedredis.reliable.RedisReliableListRpushProducer	CtClassImpl	public
org.rarefiedredis.reliable.RedisReliableMover.cas	CtFieldReferenceImpl	private
org.rarefiedredis.reliable.RedisReliableBoundedListProducer.type()	CtMethodImpl	public
org.rarefiedredis.reliable.RedisReliableBoundedListProducer.multi(org.rarefiedredis.redis.IRedisClient,java.lang.String,java.lang.String)	CtMethodImpl	public
org.rarefiedredis.reliable.RedisReliableListIndexDeleter()	CtConstructorImpl	public
org.rarefiedredis.reliable.RedisReliableListIndexDeleter.type()	CtMethodImpl	public
org.rarefiedredis.reliable.RedisReliableStringDeleter()	CtConstructorImpl	public
org.rarefiedredis.adapter.RedisListAdapter.indexOf(java.lang.Object)	CtMethodImpl	public
org.rarefiedredis.reliable.RedisReliableDeleter.RedisReliableDeleterCheckAndSet.deleted	CtFieldReferenceImpl	public
org.rarefiedredis.reliable.RedisReliableMover.RedisReliableMoverCheckAndSet.dest	CtFieldReferenceImpl	private
org.rarefiedredis.reliable.RedisReliableProducer.RedisReliableProducerCheckAndSet.productions	CtFieldReferenceImpl	private
org.rarefiedredis.reliable.RedisReliableDeleter.RedisReliableDeleterCheckAndSet.deleter	CtFieldReferenceImpl	private
org.rarefiedredis.util.CheckListScanner.range(java.util.List<java.lang.String>)	CtMethodImpl	public
org.rarefiedredis.reliable.RedisReliableBoundedListProducer	CtClassImpl	public
org.rarefiedredis.reliable.RedisReliableListIndexDeleter.random	CtFieldReferenceImpl	private
org.rarefiedredis.reliable.RedisReliableProducer.BoundedListProducer(org.rarefiedredis.redis.IRedisClient,long)	CtMethodImpl	public
org.rarefiedredis.adapter.RedisListAdapter.1	CtClassImpl	package-private
org.rarefiedredis.adapter.RedisListAdapter.key	CtFieldReferenceImpl	private
org.rarefiedredis.adapter.RedisListAdapter.containsAll(java.util.Collection<?>)	CtMethodImpl	public
org.rarefiedredis.reliable.RedisReliableListDeleter.random	CtFieldReferenceImpl	private
org.rarefiedredis.reliable.RedisReliableListIndexMover.multi(org.rarefiedredis.redis.IRedisClient,java.lang.String,java.lang.String,java.util.Map.Entry<java.lang.Long, java.lang.Long>)	CtMethodImpl	public
org.rarefiedredis.reliable.RedisReliableSortedSetMover.verify(org.rarefiedredis.redis.IRedisClient,java.lang.String,java.lang.String,java.lang.String)	CtMethodImpl	public
org.rarefiedredis.reliable.RedisReliableMover.RedisReliableMoverCheckAndSet.wrongType	CtFieldReferenceImpl	public
org.rarefiedredis.util.RedisExpirer	CtClassImpl	public
org.rarefiedredis.reliable.RedisReliableSetMover.multi(org.rarefiedredis.redis.IRedisClient,java.lang.String,java.lang.String,java.lang.String)	CtMethodImpl	public
org.rarefiedredis.adapter.RedisListAdapter.remove(int)	CtMethodImpl	public
org.rarefiedredis.reliable.RedisReliableDeleter.RedisReliableDeleterCheckAndSet.wrongType	CtFieldReferenceImpl	public
org.rarefiedredis.reliable.RedisReliableListMover	CtClassImpl	public
org.rarefiedredis.util.AbstractRedisListScanner.next(org.rarefiedredis.redis.IRedisClient,java.lang.String,java.lang.String[])	CtMethodImpl	public
org.rarefiedredis.reliable.RedisReliableListProducer.multi(org.rarefiedredis.redis.IRedisClient,java.lang.String,java.lang.String)	CtMethodImpl	public
