method	type	visibility
io.github.xantorohara.metalock.MetaLockAspect.SEPARATOR	CtFieldReferenceImpl	private
io.github.xantorohara.metalock.MetaLockAspect.unlock(java.lang.String[],long)	CtMethodImpl	private
io.github.xantorohara.metalock.MetaLockAspect.serial	CtFieldReferenceImpl	private
io.github.xantorohara.metalock.NameLockAspect()	CtConstructorImpl	public
io.github.xantorohara.metalock.MetaLockAspect()	CtConstructorImpl	public
io.github.xantorohara.metalock.NameLockAspect.DEBUG_FORMAT	CtFieldReferenceImpl	private
io.github.xantorohara.metalock.NameLockAspect.namedLocks	CtFieldReferenceImpl	private
io.github.xantorohara.metalock.MetaLockAspect.namedLocks	CtFieldReferenceImpl	private
io.github.xantorohara.metalock.NameLockAspect	CtClassImpl	public
io.github.xantorohara.metalock.NameLockAspect.lockAround(org.aspectj.lang.ProceedingJoinPoint)	CtMethodImpl	public
io.github.xantorohara.metalock.ReservedLock.isFree()	CtMethodImpl	package-private
io.github.xantorohara.metalock.MetaLockAspect$ReservedLock()	CtConstructorImpl	package-private
io.github.xantorohara.metalock.NameLockAspect.serial	CtFieldReferenceImpl	private
io.github.xantorohara.metalock.NameLockAspect.LOG	CtFieldReferenceImpl	private
io.github.xantorohara.metalock.NameLockAspect.TRACE_FORMAT	CtFieldReferenceImpl	private
io.github.xantorohara.metalock.MetaLockAspect.ReservedLock.count	CtFieldReferenceImpl	private
io.github.xantorohara.metalock.MetaLockAspect.ReservedLock	CtClassImpl	private
io.github.xantorohara.metalock.MetaLockAspect	CtClassImpl	public
io.github.xantorohara.metalock.MetaLockAspect.DEBUG_FORMAT	CtFieldReferenceImpl	private
io.github.xantorohara.metalock.MetaLockAspect.getLockName(java.lang.String,java.lang.String[],java.lang.String[],java.lang.Object[])	CtMethodImpl	package-private
io.github.xantorohara.metalock.NameLockAspect.unlock(java.lang.String[],long)	CtMethodImpl	private
io.github.xantorohara.metalock.MetaLockAspect.lock(java.lang.String[],long)	CtMethodImpl	private
io.github.xantorohara.metalock.MetaLockAspect.lockAround(org.aspectj.lang.ProceedingJoinPoint)	CtMethodImpl	public
io.github.xantorohara.metalock.MetaLockAspect.TRACE_FORMAT	CtFieldReferenceImpl	private
io.github.xantorohara.metalock.ReservedLock.release()	CtMethodImpl	package-private
io.github.xantorohara.metalock.ReservedLock.reserve()	CtMethodImpl	package-private
io.github.xantorohara.metalock.MetaLockAspect.synchronizer	CtFieldReferenceImpl	private
io.github.xantorohara.metalock.NameLockAspect.lock(java.lang.String[],long)	CtMethodImpl	private
io.github.xantorohara.metalock.MetaLockAspect.LOG	CtFieldReferenceImpl	private
