method	type	visibility
com.json4orm.web.config.Json4ormConfiguration.setJdbcConfig(com.json4orm.web.config.JdbcConfig)	CtMethodImpl	public
com.json4orm.exception.Json4ormException()	CtConstructorImpl	public
com.json4orm.util.Constants.PROPERTIES	CtFieldReferenceImpl	public
com.json4orm.web.config.Json4ormConfiguration()	CtConstructorImpl	public
com.json4orm.model.query.Result.setProperty(com.json4orm.model.schema.Property)	CtMethodImpl	public
com.json4orm.db.Record.getValuesMap()	CtMethodImpl	public
com.json4orm.model.query.FilterOperator.NOT_EQUAL	CtFieldReferenceImpl	public
com.json4orm.web.Response.getStatus()	CtMethodImpl	public
com.json4orm.engine.impl.ValueConvertorImpl.convertToDB(com.json4orm.model.schema.Property,java.lang.Object)	CtMethodImpl	public
com.json4orm.util.Constants.SORT_BY	CtFieldReferenceImpl	public
com.json4orm.db.impl.QueryExecutorImpl.executeAddOrUpdate(com.json4orm.engine.QueryContext)	CtMethodImpl	public
com.json4orm.engine.impl.ValueConvertorImpl.convertToTime(java.lang.Object)	CtMethodImpl	private
com.json4orm.engine.impl.ValueConvertorImpl.convertFromDatetime(java.lang.Object)	CtMethodImpl	public
com.json4orm.engine.QueryContext.entity	CtFieldReferenceImpl	private
com.json4orm.web.QueryResponse.setPagination(com.json4orm.model.query.Pagination)	CtMethodImpl	public
com.json4orm.model.query.Filter.setOperator(java.lang.String)	CtMethodImpl	public
com.json4orm.util.Constants.ALL_PROPERTIES	CtFieldReferenceImpl	public
com.json4orm.util.Constants.COUNT	CtFieldReferenceImpl	public
com.json4orm.parser.QueryParser.OBJ_MAPPER	CtFieldReferenceImpl	private
com.json4orm.codegen.AngularCodeGenerator.createSubmitFormFunction(com.json4orm.model.schema.Entity)	CtMethodImpl	private
com.json4orm.model.schema.Property.idGenerator	CtFieldReferenceImpl	private
com.json4orm.codegen.JavaCodeGenerator.getJavaType(com.json4orm.model.schema.Property)	CtMethodImpl	public
com.json4orm.engine.impl.ValueConvertorImpl()	CtConstructorImpl	public
com.fasterxml.jackson.core.type.TypeReference._type	CtFieldReferenceImpl	protected
com.json4orm.web.QueryResponse()	CtConstructorImpl	public
com.json4orm.factory.impl.FileSystemSchemaFactory(java.io.File)	CtConstructorImpl	public
com.json4orm.model.query.Filter()	CtConstructorImpl	public
com.json4orm.web.Json4ormController.executeNormalized(com.json4orm.model.query.Query)	CtMethodImpl	public
com.json4orm.model.query.SortBy.getProperty()	CtMethodImpl	public
com.json4orm.db.impl.RecordBuilderImpl()	CtConstructorImpl	public
com.json4orm.model.schema.Property.columns	CtFieldReferenceImpl	private
com.json4orm.model.schema.Property.getColumn()	CtMethodImpl	public
com.json4orm.web.Response()	CtConstructorImpl	public
com.json4orm.db.Record.setRecordValues(java.util.List<java.lang.String>,java.util.List<java.lang.Object>)	CtMethodImpl	public
com.json4orm.parser.QueryParser.createSortBy(java.lang.String)	CtMethodImpl	private
com.json4orm.util.Constants()	CtConstructorImpl	public
com.json4orm.web.Application.main(java.lang.String[])	CtMethodImpl	public
com.json4orm.db.impl.QueryExecutorImpl.setDbUser(java.lang.String)	CtMethodImpl	public
com.json4orm.engine.impl.ValueConvertorImpl.TIMESTAMP_FORMATTER_NO_TIMEZONE	CtFieldReferenceImpl	private
com.json4orm.db.impl.QueryExecutorImpl.executeAddOrUpdateContext(com.json4orm.engine.QueryContext,java.sql.Connection)	CtMethodImpl	private
com.json4orm.engine.impl.QueryBuilderImpl.createJoins(com.json4orm.model.schema.Entity,com.json4orm.model.schema.Entity,java.lang.String)	CtMethodImpl	private
com.json4orm.model.schema.Property.itemType	CtFieldReferenceImpl	private
com.json4orm.parser.QueryParser.generatePagination(java.lang.Object)	CtMethodImpl	private
com.json4orm.engine.impl.QueryBuilderImpl.buildDelete(com.json4orm.model.query.Query)	CtMethodImpl	public
com.json4orm.engine.QueryContext.children	CtFieldReferenceImpl	package-private
com.json4orm.web.Json4ormController.executeSimplified(java.lang.String)	CtMethodImpl	public
com.json4orm.model.query.FilterOperator.NOT_STARTS_WITH_CASE_INSENSITIVE	CtFieldReferenceImpl	public
com.json4orm.db.impl.QueryExecutorImpl.setDbUrl(java.lang.String)	CtMethodImpl	public
com.json4orm.engine.QueryContext.insertRecords	CtFieldReferenceImpl	private
com.json4orm.model.query.Filter.setValue(java.lang.Object)	CtMethodImpl	public
com.json4orm.model.schema.SchemaValidator	CtClassImpl	public
com.json4orm.util.EngineUtil.PLACEHOLDER_COUNTS	CtFieldReferenceImpl	public
com.json4orm.model.query.SortBy.setProperty(java.lang.String)	CtMethodImpl	public
com.json4orm.engine.impl.QueryBuilderImpl.visit(com.json4orm.model.query.Pagination)	CtMethodImpl	private
com.json4orm.web.config.JdbcConfig.setDbPassword(java.lang.String)	CtMethodImpl	public
com.json4orm.web.QueryResponse.getPagination()	CtMethodImpl	public
com.json4orm.codegen.AngularCodeGenerator()	CtConstructorImpl	public
com.json4orm.engine.impl.QueryBuilderImpl.entitySet	CtFieldReferenceImpl	package-private
com.json4orm.model.query.FilterOperator.CONTAINS	CtFieldReferenceImpl	public
com.json4orm.model.schema.Property.getType()	CtMethodImpl	public
com.json4orm.model.query.Query.setSortBy(java.util.List<com.json4orm.model.query.SortBy>)	CtMethodImpl	public
com.json4orm.util.Constants.DATA	CtFieldReferenceImpl	public
com.json4orm.engine.impl.ValueConvertorImpl.DATE_FORMATTER	CtFieldReferenceImpl	private
com.json4orm.engine.QueryContext.getUpdateRecords()	CtMethodImpl	public
com.json4orm.web.Status	CtEnumImpl	public
com.json4orm.model.schema.PropertyType.PTY_STRING	CtFieldReferenceImpl	public
com.json4orm.codegen.AngularCodeGenerator.getInputType(com.json4orm.model.schema.Property)	CtMethodImpl	private
com.json4orm.model.query.Filter.value	CtFieldReferenceImpl	private
com.json4orm.util.EngineUtil()	CtConstructorImpl	public
com.json4orm.model.query.Pagination.setLimit(int)	CtMethodImpl	public
com.json4orm.model.schema.Entity.addProperty(com.json4orm.model.schema.Property)	CtMethodImpl	public
com.json4orm.model.query.FilterOperator	CtClassImpl	public
com.json4orm.model.query.FilterOperator.AND	CtFieldReferenceImpl	public
com.json4orm.model.query.Query.setFilter(com.json4orm.model.query.Filter)	CtMethodImpl	public
com.json4orm.model.schema.PropertyType.PTY_TIMESTAMP	CtFieldReferenceImpl	public
com.json4orm.util.Constants.ORDER_DESC	CtFieldReferenceImpl	public
com.json4orm.web.Response.setError(java.lang.String)	CtMethodImpl	public
com.json4orm.util.Constants.FILTER	CtFieldReferenceImpl	public
com.json4orm.web.config.JdbcConfig.setDbUser(java.lang.String)	CtMethodImpl	public
com.json4orm.engine.QueryContext	CtClassImpl	public
com.json4orm.engine.impl.QueryBuilderImpl.getQuery()	CtMethodImpl	private
com.json4orm.engine.QueryContext.selectedFields	CtFieldReferenceImpl	private
com.json4orm.util.EngineUtil.resetAliasPlaceHolderCounts()	CtMethodImpl	public
com.json4orm.web.Response.setStatus(com.json4orm.web.Status)	CtMethodImpl	public
com.json4orm.web.QueryResponse.results	CtFieldReferenceImpl	private
com.json4orm.model.query.Pagination.getLimit()	CtMethodImpl	public
com.json4orm.model.schema.Entity.setName(java.lang.String)	CtMethodImpl	public
com.json4orm.web.config.Json4ormConfiguration.queryParser()	CtMethodImpl	public
com.json4orm.db.Record.findChildRecord(java.lang.String,com.json4orm.db.Record)	CtMethodImpl	public
com.json4orm.engine.impl.QueryBuilderImpl.selectedColumns	CtFieldReferenceImpl	package-private
com.json4orm.engine.impl.QueryBuilderImpl.setConvertor(com.json4orm.engine.ValueConvertor)	CtMethodImpl	public
com.json4orm.engine.QueryContext.getInsertData()	CtMethodImpl	public
com.json4orm.web.Response.status	CtFieldReferenceImpl	private
com.json4orm.model.schema.Entity.getPropertyByColumn(java.lang.String)	CtMethodImpl	public
com.json4orm.exception.Json4ormException.serialVersionUID	CtFieldReferenceImpl	private
com.json4orm.model.query.Query.entityName	CtFieldReferenceImpl	private
com.json4orm.codegen.AngularCodeGenerator.createPopulateFormFunction(com.json4orm.model.schema.Entity)	CtMethodImpl	private
com.json4orm.model.query.Result.getEntityObj()	CtMethodImpl	public
com.json4orm.db.Record.valuesMap	CtFieldReferenceImpl	private
com.json4orm.model.query.Query.setPagination(com.json4orm.model.query.Pagination)	CtMethodImpl	public
com.json4orm.model.schema.IdGenerator.AUTO	CtFieldReferenceImpl	public
com.json4orm.db.impl.QueryExecutorImpl.setValueConvertor(com.json4orm.engine.ValueConvertor)	CtMethodImpl	public
com.json4orm.model.query.Query()	CtConstructorImpl	public
com.json4orm.web.QueryResponse.setResults(java.util.List<T>)	CtMethodImpl	public
com.json4orm.model.schema.SchemaValidator.validate(com.json4orm.model.schema.Entity,com.json4orm.model.schema.Schema)	CtMethodImpl	public
com.json4orm.web.handler.Json4ormExceptionHandler	CtClassImpl	public
com.json4orm.model.query.Query.id	CtFieldReferenceImpl	private
com.json4orm.engine.impl.QueryBuilderImpl.getOrCreateAlias(com.json4orm.model.schema.Entity,java.util.Map<java.lang.String, java.lang.String>)	CtMethodImpl	private
com.json4orm.db.impl.QueryExecutorImpl.setSchema(com.json4orm.model.schema.Schema)	CtMethodImpl	public
com.json4orm.db.Record2JsonUtil	CtClassImpl	public
com.json4orm.db.impl.RecordBuilderImpl.findRecord(com.json4orm.db.Record)	CtMethodImpl	private
com.json4orm.engine.impl.ValueConvertorImpl.DATETIME_FORMATTER	CtFieldReferenceImpl	private
com.json4orm.engine.QueryContext.deleteSql	CtFieldReferenceImpl	private
com.json4orm.model.schema.Property.setType(java.lang.String)	CtMethodImpl	public
com.json4orm.model.query.Pagination.limit	CtFieldReferenceImpl	private
com.json4orm.model.query.SortBy.setOrder(java.lang.String)	CtMethodImpl	public
com.json4orm.codegen.AngularCodeGenerator.generateModels()	CtMethodImpl	public
com.json4orm.model.query.FilterOperator.CONTAINS_CASE_INSENSITIVE	CtFieldReferenceImpl	public
com.json4orm.model.query.SortBy(java.lang.String,java.lang.String)	CtConstructorImpl	public
com.json4orm.model.query.Query.setAction(com.json4orm.model.query.Action)	CtMethodImpl	public
com.json4orm.model.query.Filter.getProperty()	CtMethodImpl	public
com.json4orm.engine.QueryContext.getInsertSql()	CtMethodImpl	public
com.json4orm.model.query.Result.setAlias(java.lang.String)	CtMethodImpl	public
com.json4orm.model.schema.Property()	CtConstructorImpl	public
com.json4orm.model.schema.PropertyType.PTY_TIME	CtFieldReferenceImpl	public
com.json4orm.model.query.FilterOperator.NOT_EQUAL_CASE_INSENSITIVE	CtFieldReferenceImpl	public
com.json4orm.model.schema.PropertyType.PTY_SHORT	CtFieldReferenceImpl	public
com.json4orm.db.QueryResult	CtClassImpl	public
com.json4orm.model.query.Query.getAction()	CtMethodImpl	public
com.json4orm.model.schema.Property.getColumns()	CtMethodImpl	public
com.json4orm.factory.impl.FileSystemSchemaFactory.OBJ_MAPPER	CtFieldReferenceImpl	private
com.json4orm.engine.impl.QueryBuilderImpl.visit(java.util.List<com.json4orm.model.query.SortBy>)	CtMethodImpl	private
com.json4orm.web.Application()	CtConstructorImpl	public
com.json4orm.codegen.AngularCodeGenerator.getVarName(java.lang.String)	CtMethodImpl	private
com.json4orm.util.Constants.LIMIT	CtFieldReferenceImpl	public
com.json4orm.model.schema.IdGenerator.ID_GENERATORS	CtFieldReferenceImpl	public
com.json4orm.engine.QueryContext.setEntity(com.json4orm.model.schema.Entity)	CtMethodImpl	public
com.json4orm.engine.impl.QueryBuilderImpl(com.json4orm.model.schema.Schema)	CtConstructorImpl	public
com.json4orm.engine.impl.QueryBuilderImpl.handleFilterWithListValues(java.lang.StringBuffer,java.util.List<java.lang.Object>,java.lang.String,com.json4orm.model.schema.Property,java.lang.String,java.lang.Object)	CtMethodImpl	private
com.json4orm.util.EngineUtil.isEqual(java.util.List<java.lang.Object>,java.util.List<java.lang.Object>)	CtMethodImpl	public
com.json4orm.db.QueryResult.setTotal(long)	CtMethodImpl	public
com.json4orm.parser.QueryParser()	CtConstructorImpl	public
com.json4orm.util.Constants.ADD_OR_UPDATE	CtFieldReferenceImpl	public
com.json4orm.util.Constants.ORDER_ASC	CtFieldReferenceImpl	public
com.json4orm.web.config.Json4ormConfiguration.entityFolder	CtFieldReferenceImpl	private
com.json4orm.model.schema.Schema.setEntities(java.util.Map<java.lang.String, com.json4orm.model.schema.Entity>)	CtMethodImpl	public
com.json4orm.db.impl.QueryExecutorImpl.setDbPassword(java.lang.String)	CtMethodImpl	public
com.json4orm.engine.DatabaseDriver()	CtConstructorImpl	private
com.json4orm.db.impl.QueryExecutorImpl.getSchema()	CtMethodImpl	public
com.json4orm.model.query.Result.setProperties(java.util.List<java.lang.String>)	CtMethodImpl	public
com.json4orm.model.schema.PropertyType.PTY_FLOAT	CtFieldReferenceImpl	public
com.json4orm.web.config.Json4ormConfiguration.LOG	CtFieldReferenceImpl	private
com.json4orm.model.query.SortBy.property	CtFieldReferenceImpl	private
com.json4orm.model.schema.Property.setName(java.lang.String)	CtMethodImpl	public
com.json4orm.engine.impl.QueryBuilderImpl.baseEntity	CtFieldReferenceImpl	private
com.json4orm.web.Json4ormController.executeQuery(com.json4orm.model.query.Query)	CtMethodImpl	private
com.json4orm.codegen.AbstractCodeGenerator()	CtConstructorImpl	public
com.json4orm.engine.QueryContext.setParentRecord(java.util.Map<java.lang.String, java.lang.Object>)	CtMethodImpl	public
com.json4orm.engine.impl.ValueConvertorImpl.convertFromDB(java.lang.String,java.lang.Object)	CtMethodImpl	public
com.json4orm.util.Constants.OFFSET	CtFieldReferenceImpl	public
com.json4orm.web.config.JdbcConfig	CtClassImpl	public
com.json4orm.db.QueryResult.setRecords(java.util.List<java.util.Map<java.lang.String, java.lang.Object>>)	CtMethodImpl	public
com.json4orm.db.QueryResult()	CtConstructorImpl	public
com.json4orm.model.query.FilterOperator.OR	CtFieldReferenceImpl	public
com.json4orm.model.query.Result.getProperties()	CtMethodImpl	public
com.json4orm.util.Constants.PROPERTY	CtFieldReferenceImpl	public
com.json4orm.model.query.Filter.getOperator()	CtMethodImpl	public
com.json4orm.engine.impl.QueryBuilderImpl.whereForFilter	CtFieldReferenceImpl	package-private
com.json4orm.model.schema.Property.getItemType()	CtMethodImpl	public
com.json4orm.model.query.Query.action	CtFieldReferenceImpl	private
com.json4orm.model.schema.SchemaValidator.validate(com.json4orm.model.schema.Schema)	CtMethodImpl	public
com.json4orm.engine.impl.QueryBuilderImpl.aliasMapForFilter	CtFieldReferenceImpl	package-private
com.json4orm.engine.QueryContext.getFieldIndex(java.lang.String)	CtMethodImpl	public
com.json4orm.engine.impl.ValueConvertorImpl.TIMESTAMP_FORMATTER	CtFieldReferenceImpl	private
com.json4orm.codegen.AngularCodeGenerator.setSaveToFolder(java.lang.String)	CtMethodImpl	public
com.json4orm.engine.QueryContext.getLimitSql()	CtMethodImpl	public
com.json4orm.model.schema.Property.getEntityType()	CtMethodImpl	public
com.json4orm.engine.QueryContext.searchSql	CtFieldReferenceImpl	private
com.json4orm.web.handler.Json4ormExceptionHandler.handleHeaderException(java.lang.Exception,org.springframework.web.context.request.WebRequest)	CtMethodImpl	public
com.json4orm.db.impl.QueryExecutorImpl.dbPassword	CtFieldReferenceImpl	private
com.json4orm.model.query.FilterOperator.NOT_CONTAINS	CtFieldReferenceImpl	public
com.json4orm.engine.QueryContext.getSchema()	CtMethodImpl	public
com.json4orm.util.Constants.LIMIT_IDS	CtFieldReferenceImpl	public
com.json4orm.engine.QueryContext.getAction()	CtMethodImpl	public
com.json4orm.model.query.Filter.addFilter(com.json4orm.model.query.Filter)	CtMethodImpl	public
com.json4orm.model.query.Query.sortBy	CtFieldReferenceImpl	private
com.json4orm.parser.QueryParser.parse(java.io.File)	CtMethodImpl	public
com.json4orm.model.query.Result.addAssociate(com.json4orm.model.query.Result)	CtMethodImpl	public
com.json4orm.parser.QueryParser.2	CtClassImpl	package-private
com.json4orm.parser.QueryParser.3	CtClassImpl	package-private
com.json4orm.engine.impl.QueryBuilderImpl.values	CtFieldReferenceImpl	package-private
com.json4orm.model.query.Result.getProperty()	CtMethodImpl	public
com.json4orm.parser.QueryParser.generateResult(java.util.Map.Entry<java.lang.String, java.lang.Object>,com.json4orm.model.query.Result)	CtMethodImpl	private
com.json4orm.web.config.Json4ormConfiguration.setEntityFolder(java.lang.String)	CtMethodImpl	public
com.json4orm.engine.QueryContext.setSchema(com.json4orm.model.schema.Schema)	CtMethodImpl	public
com.json4orm.model.schema.Entity.getIdProperty()	CtMethodImpl	public
com.json4orm.db.Record.getEntity()	CtMethodImpl	public
com.json4orm.engine.QueryContext.getDeleteSql()	CtMethodImpl	public
com.json4orm.model.query.Query.getSortBy()	CtMethodImpl	public
com.json4orm.engine.QueryContext.values	CtFieldReferenceImpl	private
com.json4orm.model.schema.SchemaValidator.validate(com.json4orm.model.schema.Property,int,java.lang.String,com.json4orm.model.schema.Schema)	CtMethodImpl	public
com.json4orm.db.impl.RecordBuilderImpl.buildRecord(java.sql.ResultSet,com.json4orm.model.query.Result,com.json4orm.engine.QueryContext,com.json4orm.db.Record)	CtMethodImpl	public
com.json4orm.exception.Json4ormException(java.lang.String,java.lang.Throwable,boolean,boolean)	CtConstructorImpl	public
com.json4orm.db.Record.getAssociateRecords(java.lang.String)	CtMethodImpl	public
com.json4orm.engine.impl.QueryBuilderImpl.aliasMapForResult	CtFieldReferenceImpl	package-private
com.json4orm.model.query.SortBy()	CtConstructorImpl	public
com.json4orm.engine.impl.QueryBuilderImpl.getQueryContext()	CtMethodImpl	public
com.json4orm.engine.impl.QueryBuilderImpl.selectedProperties	CtFieldReferenceImpl	package-private
com.json4orm.engine.impl.QueryBuilderImpl.getConvertor()	CtMethodImpl	public
com.json4orm.factory.impl.FileSystemSchemaFactory.createSchema()	CtMethodImpl	public
com.json4orm.engine.QueryContext.schema	CtFieldReferenceImpl	private
com.json4orm.model.schema.Property.name	CtFieldReferenceImpl	private
com.json4orm.web.QueryResponse	CtClassImpl	public
com.json4orm.engine.impl.QueryBuilderImpl.schema	CtFieldReferenceImpl	private
com.json4orm.model.schema.Property.getIdGenerator()	CtMethodImpl	public
com.json4orm.util.Constants.ID	CtFieldReferenceImpl	public
com.json4orm.model.schema.Property.setItemType(java.lang.String)	CtMethodImpl	public
com.json4orm.model.schema.PropertyType.PTY_DOUBLE	CtFieldReferenceImpl	public
com.json4orm.db.impl.RecordBuilderImpl.buildRecord(java.sql.ResultSet,com.json4orm.engine.QueryContext)	CtMethodImpl	public
com.json4orm.engine.QueryContext.updateData	CtFieldReferenceImpl	private
com.json4orm.model.schema.Schema.entities	CtFieldReferenceImpl	package-private
com.json4orm.engine.impl.QueryBuilderImpl.visit(com.json4orm.model.query.Filter,java.lang.String)	CtMethodImpl	private
com.json4orm.model.schema.Entity.getProperty(java.lang.String)	CtMethodImpl	public
com.json4orm.codegen.AngularCodeGenerator.createProcessDataFunction(com.json4orm.model.schema.Entity)	CtMethodImpl	private
com.json4orm.db.Record.addAssociateRecord(java.lang.String,com.json4orm.db.Record)	CtMethodImpl	public
com.json4orm.model.schema.Property.getName()	CtMethodImpl	public
com.json4orm.engine.QueryContext.setInsertSql(java.lang.String)	CtMethodImpl	public
com.json4orm.model.query.FilterOperator.NOT_ENDS_WITH	CtFieldReferenceImpl	public
com.json4orm.parser.QueryParser.getEntityName(java.util.Map<java.lang.String, java.lang.Object>)	CtMethodImpl	private
com.json4orm.engine.QueryContext.getInsertRecords()	CtMethodImpl	public
com.json4orm.engine.impl.QueryBuilderImpl.visit(com.json4orm.model.query.Result,com.json4orm.model.query.Result)	CtMethodImpl	private
com.json4orm.model.query.Result.getAssociates()	CtMethodImpl	public
com.json4orm.db.impl.QueryExecutorImpl.schema	CtFieldReferenceImpl	private
com.json4orm.engine.DatabaseDriver	CtEnumImpl	public
com.json4orm.model.query.Query.setEntityName(java.lang.String)	CtMethodImpl	public
com.json4orm.db.impl.QueryExecutorImpl.getValueConvertor()	CtMethodImpl	public
com.json4orm.parser.QueryParser.parse(java.util.Map<java.lang.String, java.lang.Object>)	CtMethodImpl	public
com.json4orm.engine.QueryContext.setCountSql(java.lang.String)	CtMethodImpl	public
com.json4orm.codegen.AbstractCodeGenerator.schema	CtFieldReferenceImpl	package-private
com.json4orm.codegen.AbstractCodeGenerator.saveToFolder	CtFieldReferenceImpl	package-private
com.json4orm.model.schema.Property.setColumn(java.lang.String)	CtMethodImpl	public
com.json4orm.engine.impl.QueryBuilderImpl.setSchema(com.json4orm.model.schema.Schema)	CtMethodImpl	public
com.json4orm.engine.impl.ValueConvertorImpl.convertFromDB(com.json4orm.model.schema.Property,java.lang.Object)	CtMethodImpl	public
com.json4orm.engine.impl.ValueConvertorImpl.convertToDatetime(java.lang.Object)	CtMethodImpl	public
com.json4orm.model.query.Pagination.getTotal()	CtMethodImpl	public
com.json4orm.engine.impl.QueryBuilderImpl.getOrCreateAlias(java.lang.String,java.util.Map<java.lang.String, java.lang.String>)	CtMethodImpl	private
com.json4orm.model.query.Query.setId(java.lang.Object)	CtMethodImpl	public
com.json4orm.db.impl.QueryExecutorImpl.dbUrl	CtFieldReferenceImpl	private
com.json4orm.model.query.Query.getEntityName()	CtMethodImpl	public
com.json4orm.model.schema.Entity.getTable()	CtMethodImpl	public
com.json4orm.model.schema.IdGenerator.SEQUENCE	CtFieldReferenceImpl	public
com.json4orm.model.query.Filter.property	CtFieldReferenceImpl	private
com.json4orm.db.impl.RecordBuilderImpl.getRecords()	CtMethodImpl	public
com.json4orm.codegen.AngularCodeGenerator.generateCreateForms()	CtMethodImpl	public
com.json4orm.engine.QueryContext.setValues(java.util.List<java.lang.Object>)	CtMethodImpl	public
com.json4orm.model.query.Pagination.getOffset()	CtMethodImpl	public
com.json4orm.model.schema.Entity	CtClassImpl	public
com.json4orm.model.query.Result.associates	CtFieldReferenceImpl	private
com.json4orm.codegen.AngularCodeGenerator.decamelcase(java.lang.String)	CtMethodImpl	public
com.json4orm.util.EngineUtil	CtClassImpl	public
com.json4orm.db.Record	CtClassImpl	public
com.json4orm.model.query.FilterOperator.STARTS_WITH	CtFieldReferenceImpl	public
com.json4orm.model.query.Filter.getFilters()	CtMethodImpl	public
com.json4orm.web.config.Json4ormConfiguration	CtClassImpl	public
com.json4orm.web.Application	CtClassImpl	public
com.json4orm.model.query.Query.filter	CtFieldReferenceImpl	private
com.json4orm.engine.QueryContext.updateRecords	CtFieldReferenceImpl	private
com.json4orm.codegen.JavaCodeGenerator	CtClassImpl	public
com.json4orm.engine.impl.QueryBuilderImpl.databaseDriver	CtFieldReferenceImpl	private
com.json4orm.model.query.Query	CtClassImpl	public
com.json4orm.model.schema.Property.column	CtFieldReferenceImpl	private
com.json4orm.parser.QueryParser.parse(java.io.InputStream)	CtMethodImpl	public
com.json4orm.util.Constants.PLACEHOLDER_PARENT_ID	CtFieldReferenceImpl	public
com.json4orm.db.QueryResult.total	CtFieldReferenceImpl	private
com.json4orm.web.config.Json4ormConfiguration.getAllowedOrigins()	CtMethodImpl	public
com.json4orm.model.query.Pagination.setTotal(long)	CtMethodImpl	public
com.json4orm.codegen.AngularCodeGenerator	CtClassImpl	public
com.json4orm.model.query.Action.getActionName()	CtMethodImpl	public
com.json4orm.model.schema.PropertyType.PTY_DATETIME	CtFieldReferenceImpl	public
com.json4orm.parser.QueryParser.generateFilter(java.util.Map.Entry<java.lang.String, java.lang.Object>,com.json4orm.model.query.Filter)	CtMethodImpl	private
com.json4orm.db.QueryResult.getTotal()	CtMethodImpl	public
com.json4orm.db.impl.RecordBuilderImpl.setValueConvertor(com.json4orm.engine.ValueConvertor)	CtMethodImpl	public
com.json4orm.model.schema.PropertyType.PROPERTY_TYPES	CtFieldReferenceImpl	public
com.json4orm.model.schema.PropertyType.PTY_LONG	CtFieldReferenceImpl	public
com.json4orm.codegen.JavaCodeGenerator.generateJpaEntity(java.lang.String,com.json4orm.model.schema.Entity)	CtMethodImpl	public
com.json4orm.engine.impl.QueryBuilderImpl.getCountQuery()	CtMethodImpl	private
com.json4orm.web.Json4ormController.queryParser	CtFieldReferenceImpl	private
com.json4orm.model.schema.Entity.findLinkedColumn(com.json4orm.model.schema.Entity)	CtMethodImpl	public
com.json4orm.db.QueryResult.records	CtFieldReferenceImpl	private
com.json4orm.codegen.AbstractCodeGenerator.getSaveToFolder()	CtMethodImpl	public
com.json4orm.engine.QueryContext.addInsertData(java.util.Map<java.lang.String, java.lang.Object>)	CtMethodImpl	public
com.json4orm.exception.Json4ormException(java.lang.String)	CtConstructorImpl	public
com.json4orm.model.query.Pagination()	CtConstructorImpl	public
com.json4orm.engine.QueryContext()	CtConstructorImpl	public
com.json4orm.engine.impl.QueryBuilderImpl(com.json4orm.model.schema.Schema,java.lang.String)	CtConstructorImpl	public
com.json4orm.engine.QueryContext.countSql	CtFieldReferenceImpl	private
com.json4orm.engine.QueryContext.addUpdateRecord(java.util.List<java.lang.Object>)	CtMethodImpl	public
com.json4orm.engine.impl.QueryBuilderImpl.setDatabaseDriver(com.json4orm.engine.DatabaseDriver)	CtMethodImpl	public
com.json4orm.util.Constants.PAGINATION	CtFieldReferenceImpl	public
com.json4orm.model.schema.Entity.setProperties(java.util.List<com.json4orm.model.schema.Property>)	CtMethodImpl	public
com.json4orm.model.schema.Property.setRequired(boolean)	CtMethodImpl	public
com.json4orm.model.query.FilterOperator.NOT_STARTS_WITH	CtFieldReferenceImpl	public
com.json4orm.web.handler.Json4ormExceptionHandler()	CtConstructorImpl	public
com.json4orm.db.impl.QueryExecutorImpl.execute(com.json4orm.model.query.Query)	CtMethodImpl	public
com.json4orm.engine.impl.QueryBuilderImpl.build(com.json4orm.model.query.Query)	CtMethodImpl	public
com.json4orm.web.Json4ormController()	CtConstructorImpl	public
com.json4orm.factory.impl.FileSystemSchemaFactory()	CtConstructorImpl	public
com.json4orm.web.Json4ormController.LOG	CtFieldReferenceImpl	private
com.json4orm.db.impl.RecordBuilderImpl.valueConvertor	CtFieldReferenceImpl	package-private
com.json4orm.engine.QueryContext.setUpdateSql(java.lang.String)	CtMethodImpl	public
com.json4orm.model.query.Query.data	CtFieldReferenceImpl	private
com.json4orm.engine.QueryContext.insertData	CtFieldReferenceImpl	private
com.json4orm.model.query.Query.pagination	CtFieldReferenceImpl	private
com.json4orm.db.impl.QueryExecutorImpl.getConnection()	CtMethodImpl	public
com.json4orm.db.impl.QueryExecutorImpl	CtClassImpl	public
com.json4orm.model.query.SortBy.order	CtFieldReferenceImpl	private
com.json4orm.util.Constants.TOTAL	CtFieldReferenceImpl	public
com.json4orm.model.schema.Property.isRequired()	CtMethodImpl	public
com.json4orm.util.Constants	CtClassImpl	public
com.json4orm.model.query.FilterOperator.NOT_LESS_THAN	CtFieldReferenceImpl	public
com.json4orm.db.Record2JsonUtil.toJsonObject(com.json4orm.db.Record)	CtMethodImpl	public
com.json4orm.model.query.Result.alias	CtFieldReferenceImpl	private
com.json4orm.web.config.Json4ormConfiguration.jdbcConfig	CtFieldReferenceImpl	private
com.json4orm.codegen.AngularCodeGenerator.addField(com.json4orm.model.schema.Property,java.lang.StringBuffer)	CtMethodImpl	private
com.json4orm.db.Record.entity	CtFieldReferenceImpl	private
com.json4orm.model.query.FilterOperator.NOT_ENDS_WITH_CASE_INSENSITIVE	CtFieldReferenceImpl	public
com.json4orm.model.query.Pagination.offset	CtFieldReferenceImpl	private
com.json4orm.util.EngineUtil.getPlaceHolder(java.lang.String)	CtMethodImpl	public
com.json4orm.engine.QueryContext.addUpdateData(java.util.Map<java.lang.String, java.lang.Object>)	CtMethodImpl	public
com.json4orm.engine.impl.QueryBuilderImpl.createResultJoin(java.util.Map<java.lang.String, java.lang.String>,java.util.Map<java.lang.String, java.lang.String>,java.lang.StringBuffer)	CtMethodImpl	private
com.json4orm.factory.impl.FileSystemSchemaFactory.entitiesFolder	CtFieldReferenceImpl	private
com.json4orm.model.schema.Entity()	CtConstructorImpl	public
com.json4orm.model.schema.Entity.properties	CtFieldReferenceImpl	private
com.json4orm.model.schema.Schema.getEntity(java.lang.String)	CtMethodImpl	public
com.json4orm.engine.impl.QueryBuilderImpl.fromTablesForFilter	CtFieldReferenceImpl	package-private
com.json4orm.factory.impl.FileSystemSchemaFactory.getEntitiesFolder()	CtMethodImpl	public
com.json4orm.engine.impl.QueryBuilderImpl.buildSearch(com.json4orm.model.query.Query)	CtMethodImpl	public
com.json4orm.db.impl.QueryExecutorImpl.valueConvertor	CtFieldReferenceImpl	private
com.json4orm.engine.impl.ValueConvertorImpl	CtClassImpl	public
com.json4orm.model.query.Filter.operator	CtFieldReferenceImpl	private
com.json4orm.engine.QueryContext.limitSql	CtFieldReferenceImpl	private
com.json4orm.parser.QueryParser.getAction(java.util.Map<java.lang.String, java.lang.Object>)	CtMethodImpl	private
com.json4orm.model.schema.Property.sequenceName	CtFieldReferenceImpl	private
com.json4orm.model.schema.PropertyType.isTypeValid(java.lang.String)	CtMethodImpl	public
com.json4orm.codegen.AbstractCodeGenerator.setSchema(com.json4orm.model.schema.Schema)	CtMethodImpl	public
com.json4orm.engine.impl.QueryBuilderImpl.getDatabaseDriver()	CtMethodImpl	public
com.json4orm.db.impl.RecordBuilderImpl.records	CtFieldReferenceImpl	private
com.json4orm.model.query.FilterOperator.EQUAL	CtFieldReferenceImpl	public
com.json4orm.model.schema.Entity.getName()	CtMethodImpl	public
com.json4orm.web.config.JdbcConfig()	CtConstructorImpl	public
com.json4orm.engine.QueryContext.getEntity()	CtMethodImpl	public
com.json4orm.model.query.FilterOperator.ENDS_WITH_CASE_INSENSITIVE	CtFieldReferenceImpl	public
com.json4orm.model.schema.PropertyType.PTY_LIST	CtFieldReferenceImpl	public
com.json4orm.engine.QueryContext.setId(java.lang.Object)	CtMethodImpl	public
com.json4orm.web.config.JdbcConfig.dbUser	CtFieldReferenceImpl	private
com.json4orm.model.query.Result()	CtConstructorImpl	public
com.json4orm.model.schema.IdGenerator.isTypeValid(java.lang.String)	CtMethodImpl	public
com.json4orm.model.schema.PropertyType.PTY_DATE	CtFieldReferenceImpl	public
com.json4orm.engine.QueryContext.getUpdateData()	CtMethodImpl	public
com.json4orm.codegen.AbstractCodeGenerator.getSchema()	CtMethodImpl	public
com.json4orm.engine.QueryContext.getValues()	CtMethodImpl	public
com.json4orm.web.handler.Json4ormExceptionHandler.handleAllExceptions(java.lang.Exception,org.springframework.web.context.request.WebRequest)	CtMethodImpl	public
com.json4orm.model.schema.Property.setColumns(java.util.List<java.lang.String>)	CtMethodImpl	public
com.json4orm.util.Constants.ORDER	CtFieldReferenceImpl	public
com.json4orm.model.schema.Property.setIdGenerator(java.lang.String)	CtMethodImpl	public
com.json4orm.engine.QueryContext.setSearchSql(java.lang.String)	CtMethodImpl	public
com.json4orm.codegen.AngularCodeGenerator.getSaveToFolder()	CtMethodImpl	public
com.json4orm.engine.impl.QueryBuilderImpl.convertor	CtFieldReferenceImpl	private
com.json4orm.engine.impl.QueryBuilderImpl.createFrom(java.util.Map<java.lang.String, java.lang.String>,java.util.Map<java.lang.String, java.lang.String>,java.lang.StringBuffer)	CtMethodImpl	private
com.json4orm.codegen.AngularCodeGenerator.setSchema(com.json4orm.model.schema.Schema)	CtMethodImpl	public
com.json4orm.model.query.Pagination.setOffset(long)	CtMethodImpl	public
com.json4orm.model.query.SortBy	CtClassImpl	public
com.json4orm.db.impl.QueryExecutorImpl.getDbUrl()	CtMethodImpl	public
com.json4orm.model.query.SortBy.getOrder()	CtMethodImpl	public
com.json4orm.engine.QueryContext.query	CtFieldReferenceImpl	private
com.json4orm.model.schema.PropertyType()	CtConstructorImpl	public
com.json4orm.engine.impl.QueryBuilderImpl.buildAddOrUpdateContext(java.lang.String,java.util.List<java.util.Map<java.lang.String, java.lang.Object>>,java.util.Map<java.lang.String, java.lang.Object>)	CtMethodImpl	private
com.json4orm.model.query.FilterOperator.NOT_GREATER_THAN	CtFieldReferenceImpl	public
com.json4orm.model.query.Query.getFilter()	CtMethodImpl	public
com.json4orm.util.Constants.SEARCH	CtFieldReferenceImpl	public
com.json4orm.engine.QueryContext.setQuery(com.json4orm.model.query.Query)	CtMethodImpl	public
com.json4orm.db.Record.getRecordValues()	CtMethodImpl	public
com.json4orm.web.Response	CtClassImpl	public
com.json4orm.db.impl.QueryExecutorImpl.LOG	CtFieldReferenceImpl	private
com.json4orm.engine.QueryContext.parentRecord	CtFieldReferenceImpl	package-private
com.json4orm.web.config.JdbcConfig.getDbPassword()	CtMethodImpl	public
com.json4orm.model.schema.Schema.getEntities()	CtMethodImpl	public
com.json4orm.db.Record2JsonUtil.toJsonObject(java.util.List<com.json4orm.db.Record>)	CtMethodImpl	public
com.json4orm.util.EngineUtil.ALIAS_COUNTS	CtFieldReferenceImpl	public
com.json4orm.engine.QueryContext.getSelectedFields()	CtMethodImpl	public
com.json4orm.model.query.Pagination.total	CtFieldReferenceImpl	private
com.json4orm.model.query.Result.setEntityObj(com.json4orm.model.schema.Entity)	CtMethodImpl	public
com.json4orm.web.QueryResponse.getResults()	CtMethodImpl	public
com.json4orm.model.schema.Schema()	CtConstructorImpl	public
com.json4orm.model.query.Filter.setFilters(java.util.List<com.json4orm.model.query.Filter>)	CtMethodImpl	public
com.json4orm.codegen.AbstractCodeGenerator	CtClassImpl	public
com.json4orm.engine.impl.ValueConvertorImpl.convertToTimestamp(java.lang.Object)	CtMethodImpl	public
com.json4orm.model.query.Result.entityObj	CtFieldReferenceImpl	private
com.json4orm.model.schema.Property.type	CtFieldReferenceImpl	private
com.json4orm.web.config.JdbcConfig.dbPassword	CtFieldReferenceImpl	private
com.json4orm.model.schema.SchemaValidator()	CtConstructorImpl	public
com.json4orm.util.Constants.DELETE	CtFieldReferenceImpl	public
com.json4orm.model.query.Query.setData(java.util.List<java.util.Map<java.lang.String, java.lang.Object>>)	CtMethodImpl	public
com.json4orm.engine.impl.QueryBuilderImpl.orderByList	CtFieldReferenceImpl	package-private
com.json4orm.engine.QueryContext.getCountSql()	CtMethodImpl	public
com.json4orm.model.query.Result.getEntity()	CtMethodImpl	public
com.json4orm.codegen.JavaCodeGenerator()	CtConstructorImpl	public
com.json4orm.model.query.Query.getData()	CtMethodImpl	public
com.json4orm.model.query.FilterOperator()	CtConstructorImpl	public
com.json4orm.model.query.FilterOperator.ENDS_WITH	CtFieldReferenceImpl	public
com.json4orm.engine.impl.QueryBuilderImpl.joins	CtFieldReferenceImpl	package-private
com.json4orm.model.schema.PropertyType.PTY_ID	CtFieldReferenceImpl	public
com.json4orm.codegen.JavaCodeGenerator.generateJpaEntities(java.lang.String)	CtMethodImpl	public
com.json4orm.model.schema.Property.getSequenceName()	CtMethodImpl	public
com.json4orm.model.query.Result	CtClassImpl	public
com.json4orm.engine.QueryContext.setDeleteSql(java.lang.String)	CtMethodImpl	public
com.json4orm.engine.impl.QueryBuilderImpl.getSchema()	CtMethodImpl	public
com.json4orm.web.Json4ormController	CtClassImpl	public
com.json4orm.model.query.Filter	CtClassImpl	public
com.json4orm.model.schema.PropertyType.PTY_BOOLEAN	CtFieldReferenceImpl	public
com.json4orm.model.query.Result.getAlias()	CtMethodImpl	public
com.json4orm.db.Record.setEntity(com.json4orm.model.schema.Entity)	CtMethodImpl	public
com.json4orm.engine.impl.QueryBuilderImpl.buildAddOrUpdate(com.json4orm.model.query.Query)	CtMethodImpl	public
com.json4orm.model.schema.SchemaValidator.PROPERTY_NAME_PATTERN	CtFieldReferenceImpl	public
com.json4orm.engine.QueryContext.addChildren(com.json4orm.engine.QueryContext)	CtMethodImpl	public
com.json4orm.parser.QueryParser.generateFilter(java.lang.Object)	CtMethodImpl	private
com.json4orm.web.handler.Json4ormExceptionHandler.LOG	CtFieldReferenceImpl	private
com.json4orm.codegen.AbstractCodeGenerator.setSaveToFolder(java.lang.String)	CtMethodImpl	public
com.json4orm.model.query.Action	CtEnumImpl	public
com.json4orm.engine.QueryContext.setSelectedFields(java.util.List<java.lang.String>)	CtMethodImpl	public
com.json4orm.model.schema.Entity.getOwnedPropeties()	CtMethodImpl	public
com.json4orm.web.config.Json4ormConfiguration.setAllowedOrigins(java.util.List<java.lang.String>)	CtMethodImpl	public
com.json4orm.engine.impl.QueryBuilderImpl.createJoins(java.lang.String,java.lang.String,java.lang.String,java.lang.String,java.lang.StringBuffer)	CtMethodImpl	private
com.json4orm.engine.QueryContext.addInsertRecord(java.util.List<java.lang.Object>)	CtMethodImpl	public
com.json4orm.web.config.Json4ormConfiguration.allowedOrigins	CtFieldReferenceImpl	package-private
com.json4orm.model.schema.Entity.getProperties()	CtMethodImpl	public
com.json4orm.parser.QueryParser.parse(java.lang.String)	CtMethodImpl	public
com.json4orm.codegen.AbstractCodeGenerator.TAB	CtFieldReferenceImpl	protected
com.json4orm.db.impl.QueryExecutorImpl.getDbUser()	CtMethodImpl	public
com.json4orm.engine.QueryContext.getUpdateSql()	CtMethodImpl	public
com.json4orm.model.query.Action.actionName	CtFieldReferenceImpl	public
com.json4orm.parser.QueryParser.generateResult(java.lang.Object,com.json4orm.model.query.Result)	CtMethodImpl	private
com.json4orm.db.impl.QueryExecutorImpl.executeSearch(com.json4orm.engine.QueryContext)	CtMethodImpl	public
com.json4orm.web.config.JdbcConfig.dbUrl	CtFieldReferenceImpl	private
com.json4orm.db.impl.RecordBuilderImpl.retrieveValues(java.sql.ResultSet,com.json4orm.model.query.Result,com.json4orm.engine.QueryContext)	CtMethodImpl	private
com.json4orm.exception.Json4ormException(java.lang.Throwable)	CtConstructorImpl	public
com.json4orm.model.query.FilterOperator.STARTS_WITH_CASE_INSENSITIVE	CtFieldReferenceImpl	public
com.json4orm.engine.impl.QueryBuilderImpl.getLimitQuery()	CtMethodImpl	private
com.json4orm.model.query.Query.getId()	CtMethodImpl	public
com.json4orm.model.schema.Schema.addEntity(com.json4orm.model.schema.Entity)	CtMethodImpl	public
com.json4orm.web.Response.getError()	CtMethodImpl	public
com.json4orm.engine.QueryContext.getChildren()	CtMethodImpl	public
com.json4orm.web.Status()	CtConstructorImpl	private
com.json4orm.model.query.Query.result	CtFieldReferenceImpl	private
com.json4orm.model.schema.Property.required	CtFieldReferenceImpl	private
com.json4orm.parser.QueryParser.1	CtClassImpl	package-private
com.json4orm.db.impl.QueryExecutorImpl.getDbPassword()	CtMethodImpl	public
com.json4orm.exception.Json4ormException	CtClassImpl	public
com.json4orm.model.query.SortBy(java.lang.String)	CtConstructorImpl	public
com.json4orm.model.schema.Entity.findLinkedColumn(java.lang.String)	CtMethodImpl	public
com.json4orm.db.impl.RecordBuilderImpl	CtClassImpl	public
com.json4orm.model.query.Action(java.lang.String)	CtConstructorImpl	private
com.json4orm.model.schema.Entity.setTable(java.lang.String)	CtMethodImpl	public
com.json4orm.engine.impl.QueryBuilderImpl	CtClassImpl	public
com.json4orm.web.config.Json4ormConfiguration.queryExecutor()	CtMethodImpl	public
com.json4orm.db.impl.RecordBuilderImpl.buildTopLevelRecord(java.sql.ResultSet,com.json4orm.model.query.Result,com.json4orm.engine.QueryContext)	CtMethodImpl	private
com.json4orm.model.query.Filter.filters	CtFieldReferenceImpl	private
com.json4orm.model.query.FilterOperator.LESS_THAN	CtFieldReferenceImpl	public
com.json4orm.model.query.Pagination.getCount()	CtMethodImpl	public
com.json4orm.model.schema.Entity.name	CtFieldReferenceImpl	private
com.json4orm.model.query.Result.addProperty(java.lang.String)	CtMethodImpl	public
com.json4orm.engine.QueryContext.getQuery()	CtMethodImpl	public
com.json4orm.web.Json4ormController.queryExecutor	CtFieldReferenceImpl	private
com.json4orm.util.EngineUtil.isLogicOperator(java.lang.String)	CtMethodImpl	public
com.json4orm.model.schema.Entity.findPropertiesByType(java.lang.String)	CtMethodImpl	public
com.json4orm.web.QueryResponse.pagination	CtFieldReferenceImpl	private
com.json4orm.engine.impl.ValueConvertorImpl.convertToDate(java.lang.Object)	CtMethodImpl	public
com.json4orm.codegen.AbstractCodeGenerator.saveFile(java.lang.String,java.lang.String)	CtMethodImpl	protected
com.json4orm.engine.QueryContext.getParentRecord()	CtMethodImpl	public
com.json4orm.engine.QueryContext.getSearchSql()	CtMethodImpl	public
com.json4orm.factory.impl.FileSystemSchemaFactory	CtClassImpl	public
com.json4orm.codegen.AngularCodeGenerator.getSchema()	CtMethodImpl	public
com.json4orm.model.schema.Property.setSequenceName(java.lang.String)	CtMethodImpl	public
com.json4orm.web.config.Json4ormConfiguration.corsFilter()	CtMethodImpl	public
com.json4orm.db.Record2JsonUtil()	CtConstructorImpl	public
com.json4orm.model.query.Pagination.setCount(int)	CtMethodImpl	public
com.json4orm.model.query.Result.entity	CtFieldReferenceImpl	private
com.json4orm.db.impl.QueryExecutorImpl.dbUser	CtFieldReferenceImpl	private
com.json4orm.model.query.Pagination.count	CtFieldReferenceImpl	private
com.json4orm.model.query.FilterOperator.NOT_CONTAINS_CASE_INSENSITIVE	CtFieldReferenceImpl	public
com.json4orm.db.Record.equalTo(com.json4orm.db.Record)	CtMethodImpl	public
com.json4orm.factory.impl.FileSystemSchemaFactory.setEntitiesFolder(java.io.File)	CtMethodImpl	public
com.json4orm.model.query.Query.getPagination()	CtMethodImpl	public
com.json4orm.web.Response.error	CtFieldReferenceImpl	private
com.json4orm.engine.impl.QueryBuilderImpl.fromTablesForResult	CtFieldReferenceImpl	package-private
com.json4orm.model.query.Query.setResult(com.json4orm.model.query.Result)	CtMethodImpl	public
com.json4orm.engine.QueryContext.setLimitSql(java.lang.String)	CtMethodImpl	public
com.json4orm.model.query.FilterOperator.EQUAL_CASE_INSENSITIVE	CtFieldReferenceImpl	public
com.json4orm.db.impl.RecordBuilderImpl.getValueConvertor()	CtMethodImpl	public
com.json4orm.exception.Json4ormException(java.lang.String,java.lang.Throwable)	CtConstructorImpl	public
com.json4orm.model.query.Pagination	CtClassImpl	public
com.json4orm.model.schema.IdGenerator	CtClassImpl	public
com.json4orm.model.query.FilterOperator.GREATER_THAN	CtFieldReferenceImpl	public
com.json4orm.model.schema.Schema	CtClassImpl	public
com.json4orm.util.EngineUtil.getAlias(java.lang.String)	CtMethodImpl	public
com.json4orm.model.schema.Schema.findEntity(java.lang.String)	CtMethodImpl	public
com.json4orm.util.EngineUtil.isEmpty(java.lang.Object)	CtMethodImpl	public
com.json4orm.model.query.Filter.setProperty(java.lang.String)	CtMethodImpl	public
com.json4orm.model.schema.PropertyType.PTY_BYTE	CtFieldReferenceImpl	public
com.json4orm.web.config.JdbcConfig.getDbUser()	CtMethodImpl	public
com.json4orm.db.impl.QueryExecutorImpl()	CtConstructorImpl	public
com.json4orm.model.query.Result.setAssociates(java.util.List<com.json4orm.model.query.Result>)	CtMethodImpl	public
com.json4orm.engine.QueryContext.setChildren(java.util.List<com.json4orm.engine.QueryContext>)	CtMethodImpl	public
com.json4orm.model.query.Action.setActionName(java.lang.String)	CtMethodImpl	public
com.json4orm.model.query.Result.setEntity(java.lang.String)	CtMethodImpl	public
com.json4orm.engine.QueryContext.insertSql	CtFieldReferenceImpl	private
com.json4orm.engine.QueryContext.id	CtFieldReferenceImpl	private
com.json4orm.db.Record(com.json4orm.model.schema.Entity,java.util.Map<java.lang.String, java.lang.Object>)	CtConstructorImpl	public
com.json4orm.model.query.FilterOperator.NOT_IN	CtFieldReferenceImpl	public
com.json4orm.engine.impl.QueryBuilderImpl.whereForResult	CtFieldReferenceImpl	package-private
com.json4orm.model.query.Action.getAction(java.lang.String)	CtMethodImpl	public
com.json4orm.web.config.JdbcConfig.setDbUrl(java.lang.String)	CtMethodImpl	public
com.json4orm.model.schema.Entity.table	CtFieldReferenceImpl	private
com.json4orm.engine.QueryContext.updateSql	CtFieldReferenceImpl	private
com.json4orm.model.query.Query.getResult()	CtMethodImpl	public
com.json4orm.model.schema.Property	CtClassImpl	public
com.json4orm.codegen.AngularCodeGenerator.generateCreateForm(com.json4orm.model.schema.Entity)	CtMethodImpl	public
com.json4orm.engine.QueryContext.getId()	CtMethodImpl	public
com.json4orm.util.Constants.QUERY_FOR	CtFieldReferenceImpl	public
com.json4orm.util.EngineUtil.getLast(java.lang.String)	CtMethodImpl	public
com.json4orm.util.Constants.QUERY	CtFieldReferenceImpl	public
com.json4orm.engine.impl.QueryBuilderImpl.query	CtFieldReferenceImpl	private
com.json4orm.web.config.JdbcConfig.getDbUrl()	CtMethodImpl	public
com.json4orm.factory.impl.FileSystemSchemaFactory(java.lang.String)	CtConstructorImpl	public
com.json4orm.parser.QueryParser	CtClassImpl	public
com.json4orm.codegen.AngularCodeGenerator.addFormControl(com.json4orm.model.schema.Property,java.lang.StringBuffer)	CtMethodImpl	private
com.json4orm.model.query.Filter.getValue()	CtMethodImpl	public
com.json4orm.model.query.Result.properties	CtFieldReferenceImpl	private
com.json4orm.web.config.Json4ormConfiguration.getJdbcConfig()	CtMethodImpl	public
com.json4orm.engine.impl.ValueConvertorImpl.DATETIME_FORMATTER_NO_TIMEZONE	CtFieldReferenceImpl	private
com.json4orm.model.schema.PropertyType	CtClassImpl	public
com.json4orm.util.EngineUtil.getEntityChain(java.lang.String)	CtMethodImpl	public
com.json4orm.model.query.Result.property	CtFieldReferenceImpl	private
com.json4orm.parser.QueryParser.generateSortBy(java.lang.Object)	CtMethodImpl	private
com.json4orm.db.QueryResult.getRecords()	CtMethodImpl	public
com.json4orm.model.query.FilterOperator.IN	CtFieldReferenceImpl	public
com.json4orm.web.config.Json4ormConfiguration.getEntityFolder()	CtMethodImpl	public
com.json4orm.model.schema.PropertyType.PTY_INTEGER	CtFieldReferenceImpl	public
com.json4orm.db.impl.QueryExecutorImpl.executeDelete(com.json4orm.engine.QueryContext)	CtMethodImpl	public
com.json4orm.model.schema.IdGenerator()	CtConstructorImpl	public
com.json4orm.util.Constants.RESULT	CtFieldReferenceImpl	public
