method	type	visibility
com.yahoo.xpathproto.handler.RfcTimestampHandler.formatter	CtFieldReferenceImpl	private
com.yahoo.xpathproto.JXPathCopier.getTarget()	CtMethodImpl	public
com.yahoo.xpathproto.ProtoBuilder.transform	CtFieldReferenceImpl	private
com.yahoo.xpathproto.dataobject.Config$Definition()	CtConstructorImpl	public
com.yahoo.xpathproto.JXPathCopier.getRelativeContext(org.apache.commons.jxpath.JXPathContext,java.lang.String)	CtMethodImpl	public
com.yahoo.xpathproto.ProtoBuilder.transformUsingDefinition(com.yahoo.xpathproto.dataobject.Context,com.yahoo.xpathproto.dataobject.Config,com.yahoo.xpathproto.JXPathCopier,com.yahoo.xpathproto.dataobject.Config.Entry)	CtMethodImpl	private
com.yahoo.xpathproto.dataobject.Definition.getTransforms()	CtMethodImpl	public
com.yahoo.xpathproto.JXPathCopier.copyAsDouble(java.lang.Object,java.lang.String)	CtMethodImpl	public
com.yahoo.xpathproto.dataobject.Context.variables	CtFieldReferenceImpl	private
com.yahoo.xpathproto.JXPathCopier.copyAsInteger(java.lang.String,java.lang.String)	CtMethodImpl	public
com.yahoo.xpathproto.ProtoBuilder.builderConfig	CtFieldReferenceImpl	private
com.yahoo.xpathproto.dataobject.Config.Definition.transforms	CtFieldReferenceImpl	private
com.yahoo.xpathproto.dataobject.Entry.setField(java.lang.String)	CtMethodImpl	public
com.yahoo.xpathproto.JXPathCopier.copyAsFloat(java.lang.Object,java.lang.String)	CtMethodImpl	public
com.yahoo.xpathproto.dataobject.Config$Entry()	CtConstructorImpl	public
com.yahoo.xpathproto.handler.TimeStampHandler.getRepeatedProtoValue(org.apache.commons.jxpath.JXPathContext,com.yahoo.xpathproto.dataobject.Context,com.yahoo.xpathproto.dataobject.Config.Entry)	CtMethodImpl	public
com.yahoo.xpathproto.ConfigLoader.configPath	CtFieldReferenceImpl	private
com.yahoo.xpathproto.ConfigLoader	CtClassImpl	public
com.yahoo.xpathproto.ProtoBuilder	CtClassImpl	public
com.yahoo.xpathproto.JXPathCopier.copyObject(java.lang.Object,java.lang.String)	CtMethodImpl	public
com.yahoo.xpathproto.dataobject.Config	CtClassImpl	public
com.yahoo.xpathproto.ProtoBuilder.handlers	CtFieldReferenceImpl	private
com.yahoo.xpathproto.dataobject.Entry.getField()	CtMethodImpl	public
com.yahoo.xpathproto.JXPathCopier.copyAsString(java.lang.String)	CtMethodImpl	public
com.yahoo.xpathproto.JXPathCopier.target	CtFieldReferenceImpl	private
com.yahoo.xpathproto.JXPathCopier.copyAsString(java.lang.Object,java.lang.String)	CtMethodImpl	private
com.yahoo.xpathproto.dataobject.Context.toString()	CtMethodImpl	public
com.yahoo.xpathproto.JXPathCopier	CtClassImpl	public
com.yahoo.xpathproto.JXPathCopier.copyAsBoolean(java.lang.String,java.lang.String)	CtMethodImpl	public
com.yahoo.xpathproto.dataobject.Context.getValue(java.lang.String)	CtMethodImpl	public
com.yahoo.xpathproto.ProtoBuilder(java.lang.String,java.lang.String,com.yahoo.xpathproto.dataobject.Context)	CtConstructorImpl	public
com.yahoo.xpathproto.JXPathCopier.setTargetField(com.google.protobuf.Message.Builder,java.lang.Object,java.lang.String)	CtMethodImpl	private
com.yahoo.xpathproto.ProtoBuilder.createHandler(java.lang.String)	CtMethodImpl	private
com.yahoo.xpathproto.dataobject.Config.getDefinitions()	CtMethodImpl	public
com.yahoo.xpathproto.dataobject.Config.Definition.proto	CtFieldReferenceImpl	private
com.yahoo.xpathproto.ConfigLoader.mapper	CtFieldReferenceImpl	private
com.yahoo.xpathproto.dataobject.Entry.getPath()	CtMethodImpl	public
com.yahoo.xpathproto.ProtoBuilder.applyTransforms(com.yahoo.xpathproto.dataobject.Context,com.yahoo.xpathproto.dataobject.Config,com.yahoo.xpathproto.JXPathCopier,com.yahoo.xpathproto.dataobject.Config.Definition)	CtMethodImpl	private
com.yahoo.xpathproto.ConfigLoader.call()	CtMethodImpl	public
com.yahoo.xpathproto.dataobject.Entry.setHandler(java.lang.String)	CtMethodImpl	public
com.yahoo.xpathproto.JXPathCopier.copyAsDouble(java.lang.String,java.lang.String)	CtMethodImpl	public
com.yahoo.xpathproto.dataobject.Context(com.yahoo.xpathproto.dataobject.Context)	CtConstructorImpl	public
com.yahoo.xpathproto.dataobject.Config.Entry	CtClassImpl	public
com.yahoo.xpathproto.ConfigLoader.validateAndDenormalize(com.yahoo.xpathproto.dataobject.Config)	CtMethodImpl	private
com.yahoo.xpathproto.JXPathCopier.source	CtFieldReferenceImpl	private
com.yahoo.xpathproto.JXPathCopier.copyAsBoolean(java.lang.String)	CtMethodImpl	public
com.yahoo.xpathproto.dataobject.Config.Entry.variable	CtFieldReferenceImpl	private
com.yahoo.xpathproto.handler.RfcTimestampHandler.getProtoValue(org.apache.commons.jxpath.JXPathContext,com.yahoo.xpathproto.dataobject.Context,com.yahoo.xpathproto.dataobject.Config.Entry)	CtMethodImpl	public
com.yahoo.xpathproto.dataobject.Context	CtClassImpl	public
com.yahoo.xpathproto.JXPathCopier.copyAsInteger(java.lang.Object,java.lang.String)	CtMethodImpl	private
com.yahoo.xpathproto.ProtoBuilder.transformUsing(com.yahoo.xpathproto.dataobject.Context,com.yahoo.xpathproto.dataobject.Config,com.yahoo.xpathproto.JXPathCopier,java.lang.String)	CtMethodImpl	private
com.yahoo.xpathproto.ProtoBuilder.logger	CtFieldReferenceImpl	private
com.yahoo.xpathproto.handler.TimeStampHandler()	CtConstructorImpl	public
com.yahoo.xpathproto.JXPathCopier(org.apache.commons.jxpath.JXPathContext,com.google.protobuf.Message.Builder)	CtConstructorImpl	public
com.yahoo.xpathproto.dataobject.Config()	CtConstructorImpl	public
com.yahoo.xpathproto.ProtoBuilder(java.lang.String)	CtConstructorImpl	public
com.yahoo.xpathproto.ProtoBuilder.configCache	CtFieldReferenceImpl	private
com.yahoo.xpathproto.ProtoBuilder.transformUsing(com.yahoo.xpathproto.dataobject.Context,java.lang.String,com.yahoo.xpathproto.JXPathCopier,java.lang.String)	CtMethodImpl	private
com.yahoo.xpathproto.JXPathCopier.copyAsEnum(java.lang.Object,java.lang.String,com.google.protobuf.Descriptors.FieldDescriptor)	CtMethodImpl	public
com.yahoo.xpathproto.ProtoBuilder.context	CtFieldReferenceImpl	private
com.yahoo.xpathproto.JXPathCopier.copyAsLong(java.lang.String,java.lang.String)	CtMethodImpl	public
com.yahoo.xpathproto.ConfigLoader.logger	CtFieldReferenceImpl	private
com.yahoo.xpathproto.handler.RfcTimestampHandler	CtClassImpl	public
com.yahoo.xpathproto.ProtoBuilder.invokeFieldHandler(com.yahoo.xpathproto.dataobject.Context,com.yahoo.xpathproto.JXPathCopier,com.yahoo.xpathproto.dataobject.Config.Entry,com.google.protobuf.Descriptors.FieldDescriptor,org.apache.commons.jxpath.JXPathContext,com.yahoo.xpathproto.ObjectToFieldHandler)	CtMethodImpl	private
com.yahoo.xpathproto.handler.RfcTimestampHandler.logger	CtFieldReferenceImpl	private
com.yahoo.xpathproto.dataobject.Entry.setDefinition(java.lang.String)	CtMethodImpl	public
com.yahoo.xpathproto.dataobject.Config.Entry.path	CtFieldReferenceImpl	private
com.yahoo.xpathproto.dataobject.Context.substituteVar(java.lang.String)	CtMethodImpl	public
com.yahoo.xpathproto.dataobject.Config.Definition	CtClassImpl	public
com.yahoo.xpathproto.dataobject.Entry.getLimit()	CtMethodImpl	public
com.yahoo.xpathproto.ProtoBuilder.createMessageBuilder(java.lang.String)	CtMethodImpl	private
com.yahoo.xpathproto.dataobject.Config.definitions	CtFieldReferenceImpl	private
com.yahoo.xpathproto.dataobject.Entry.setVariable(java.lang.String)	CtMethodImpl	public
com.yahoo.xpathproto.ProtoBuilder.build(java.lang.Object)	CtMethodImpl	public
com.yahoo.xpathproto.JXPathCopier.copyAsBoolean(java.lang.Object,java.lang.String)	CtMethodImpl	public
com.yahoo.xpathproto.dataobject.Entry.getDefinition()	CtMethodImpl	public
com.yahoo.xpathproto.JXPathCopier.copyAsString(java.lang.String,java.lang.String)	CtMethodImpl	public
com.yahoo.xpathproto.dataobject.Entry.setPath(java.lang.String)	CtMethodImpl	public
com.yahoo.xpathproto.dataobject.Config.Entry.limit	CtFieldReferenceImpl	private
com.yahoo.xpathproto.handler.TimeStampHandler	CtClassImpl	public
com.yahoo.xpathproto.JXPathCopier.getValue(java.lang.String)	CtMethodImpl	public
com.yahoo.xpathproto.handler.RfcTimestampHandler()	CtConstructorImpl	public
com.yahoo.xpathproto.ProtoBuilder.defaultInstances	CtFieldReferenceImpl	private
com.yahoo.xpathproto.dataobject.Config.Entry.field	CtFieldReferenceImpl	private
com.yahoo.xpathproto.JXPathCopier.copyAsScalar(java.lang.String,java.lang.String)	CtMethodImpl	public
com.yahoo.xpathproto.ProtoBuilder.DEFAULT_TRANSFORMER	CtFieldReferenceImpl	private
com.yahoo.xpathproto.dataobject.Definition.setTransforms(java.util.List<com.yahoo.xpathproto.dataobject.Config.Entry>)	CtMethodImpl	public
com.yahoo.xpathproto.ProtoBuilder.builder(java.lang.Object)	CtMethodImpl	public
com.yahoo.xpathproto.JXPathCopier.copyAsLong(java.lang.String)	CtMethodImpl	public
com.yahoo.xpathproto.ProtoBuilder(java.lang.String,java.lang.String)	CtConstructorImpl	public
com.yahoo.xpathproto.dataobject.Entry.getVariable()	CtMethodImpl	public
com.yahoo.xpathproto.ProtoBuilder.transformUsingHandler(com.yahoo.xpathproto.dataobject.Context,com.yahoo.xpathproto.dataobject.Config,com.yahoo.xpathproto.JXPathCopier,com.yahoo.xpathproto.dataobject.Config.Entry)	CtMethodImpl	private
com.yahoo.xpathproto.handler.TimeStampHandler.getProtoValue(org.apache.commons.jxpath.JXPathContext,com.yahoo.xpathproto.dataobject.Context,com.yahoo.xpathproto.dataobject.Config.Entry)	CtMethodImpl	public
com.yahoo.xpathproto.dataobject.Definition.getProto()	CtMethodImpl	public
com.yahoo.xpathproto.dataobject.Config.Entry.definition	CtFieldReferenceImpl	private
com.yahoo.xpathproto.JXPathCopier.copyAsLong(java.lang.Object,java.lang.String)	CtMethodImpl	public
com.yahoo.xpathproto.JXPathCopier.copyAsScalar(java.lang.String)	CtMethodImpl	public
com.yahoo.xpathproto.ProtoBuilder.invokeProtoHandler(com.yahoo.xpathproto.dataobject.Context,com.yahoo.xpathproto.JXPathCopier,com.yahoo.xpathproto.dataobject.Config.Entry,com.google.protobuf.Descriptors.FieldDescriptor,org.apache.commons.jxpath.JXPathContext,com.yahoo.xpathproto.ObjectToProtoHandler)	CtMethodImpl	private
com.yahoo.xpathproto.JXPathCopier.getRelativeContext(java.lang.String)	CtMethodImpl	public
com.yahoo.xpathproto.dataobject.Context()	CtConstructorImpl	public
com.yahoo.xpathproto.dataobject.Definition.setProto(java.lang.String)	CtMethodImpl	public
com.yahoo.xpathproto.ConfigLoader(java.lang.String)	CtConstructorImpl	public
com.yahoo.xpathproto.JXPathCopier.copyAsFloat(java.lang.String)	CtMethodImpl	public
com.yahoo.xpathproto.handler.RfcTimestampHandler.parseDate(java.lang.String)	CtMethodImpl	package-private
com.yahoo.xpathproto.JXPathCopier.copyAsFloat(java.lang.String,java.lang.String)	CtMethodImpl	public
com.yahoo.xpathproto.JXPathCopier.getSource()	CtMethodImpl	public
com.yahoo.xpathproto.JXPathCopier.copyAsDouble(java.lang.String)	CtMethodImpl	public
com.yahoo.xpathproto.JXPathCopier.copyAsInteger(java.lang.String)	CtMethodImpl	public
com.yahoo.xpathproto.dataobject.Entry.getHandler()	CtMethodImpl	public
com.yahoo.xpathproto.dataobject.Context.setValue(java.lang.String,java.lang.Object)	CtMethodImpl	public
com.yahoo.xpathproto.JXPathCopier.copyScalarObject(java.lang.Object,java.lang.String,com.google.protobuf.Descriptors.FieldDescriptor)	CtMethodImpl	public
com.yahoo.xpathproto.dataobject.Config.Entry.handler	CtFieldReferenceImpl	private
com.yahoo.xpathproto.dataobject.Entry.setLimit(java.lang.Integer)	CtMethodImpl	public
com.yahoo.xpathproto.handler.RfcTimestampHandler.getRepeatedProtoValue(org.apache.commons.jxpath.JXPathContext,com.yahoo.xpathproto.dataobject.Context,com.yahoo.xpathproto.dataobject.Config.Entry)	CtMethodImpl	public
