method	type	visibility
wercker4j.request.param.GetApplicationOption.serialVersionUID	CtFieldReferenceImpl	private
wercker4j.entity.Build.result	CtFieldReferenceImpl	public
wercker4j.entity.Application.ignoredBranches	CtFieldReferenceImpl	public
wercker4j.entity.Build()	CtConstructorImpl	public
wercker4j.entity.Deploy()	CtConstructorImpl	public
wercker4j.entity.SCM.domain	CtFieldReferenceImpl	public
wercker4j.response.ResponseWrapper()	CtConstructorImpl	public
wercker4j.response.ResponseWrapper.1	CtClassImpl	package-private
wercker4j.response.ResponseWrapper.4	CtClassImpl	package-private
wercker4j.entity.Token()	CtConstructorImpl	public
wercker4j.request.param.GetDeploysOption.stack	CtFieldReferenceImpl	public
wercker4j.entity.Build.branch	CtFieldReferenceImpl	public
wercker4j.request.param.EnvVarOption	CtClassImpl	public
wercker4j.request.param.GetApplicationsOption.serialVersionUID	CtFieldReferenceImpl	private
wercker4j.response.ResponseWrapper.3	CtClassImpl	package-private
wercker4j.Wercker4jClient.getBuilds(wercker4j.request.param.GetBuildsOption)	CtMethodImpl	public
wercker4j.entity.Deploy.application	CtFieldReferenceImpl	public
wercker4j.response.ResponseWrapper.2	CtClassImpl	package-private
wercker4j.entity.Avatar.gravatar	CtFieldReferenceImpl	public
wercker4j.entity.Token.lastUsedAt	CtFieldReferenceImpl	public
wercker4j.request.param.GetBuildsOption.status	CtFieldReferenceImpl	public
wercker4j.entity.Owner.type	CtFieldReferenceImpl	public
wercker4j.request.param.GetDeployOption(java.lang.String)	CtConstructorImpl	public
wercker4j.entity.UnifiedUserAvatar	CtClassImpl	public
wercker4j.http.DefaultHttpConfig()	CtConstructorImpl	public
wercker4j.response.ResponseWrapper.build()	CtMethodImpl	public
wercker4j.Wercker4jClient.getApplication(wercker4j.request.param.GetApplicationOption)	CtMethodImpl	public
wercker4j.request.param.GetDeployOption	CtClassImpl	public
wercker4j.entity.DeploySummary.status	CtFieldReferenceImpl	public
com.fasterxml.jackson.core.type.TypeReference._type	CtFieldReferenceImpl	protected
wercker4j.request.param.GetBuildsOption.commit	CtFieldReferenceImpl	public
wercker4j.entity.UnifiedUser.meta	CtFieldReferenceImpl	public
wercker4j.entity.TokenSummary()	CtConstructorImpl	public
wercker4j.Wercker4jClient()	CtConstructorImpl	public
wercker4j.entity.Owner.avatar	CtFieldReferenceImpl	public
wercker4j.response.ResponseWrapper.builds()	CtMethodImpl	public
wercker4j.entity.TokenSummary	CtClassImpl	public
wercker4j.request.param.CreateTokenOption(java.lang.String)	CtConstructorImpl	public
wercker4j.request.param.CreateTokenOption.serialVersionUID	CtFieldReferenceImpl	private
wercker4j.entity.ApplicationSummary.privacy	CtFieldReferenceImpl	public
wercker4j.entity.TokenSummary.lastUsedAt	CtFieldReferenceImpl	public
wercker4j.exception.Wercker4jException(java.lang.Exception)	CtConstructorImpl	public
wercker4j.entity.BuildSummary	CtClassImpl	public
wercker4j.entity.BuildSummary.id	CtFieldReferenceImpl	public
wercker4j.request.RequestBuilder.get(wercker4j.request.param.GetApplicationOption)	CtMethodImpl	public
wercker4j.entity.BuildSummary.status	CtFieldReferenceImpl	public
wercker4j.entity.DeploySummary.result	CtFieldReferenceImpl	public
wercker4j.request.RequestBuilder.get(wercker4j.request.param.GetBuildOption)	CtMethodImpl	public
wercker4j.request.param.EnvVarOption.key	CtFieldReferenceImpl	public
wercker4j.request.param.GetBuildsOption.branch	CtFieldReferenceImpl	public
wercker4j.entity.Application.stack	CtFieldReferenceImpl	public
wercker4j.http.DefaultHttpConfig	CtClassImpl	public
wercker4j.request.param.GetBuildsOption	CtClassImpl	public
wercker4j.entity.DeploySummary.createdAt	CtFieldReferenceImpl	public
wercker4j.request.param.CreateBuildOption	CtClassImpl	public
wercker4j.request.RequestBuilder.delete(wercker4j.request.param.DeleteTokenOption)	CtMethodImpl	public
wercker4j.Wercker4jClient.createBuild(wercker4j.request.param.CreateBuildOption)	CtMethodImpl	public
wercker4j.entity.SCM	CtClassImpl	public
wercker4j.request.param.GetDeployOption.serialVersionUID	CtFieldReferenceImpl	private
wercker4j.request.param.GetApplicationsOption.limit	CtFieldReferenceImpl	public
wercker4j.entity.Application.owner	CtFieldReferenceImpl	public
wercker4j.request.RequestBuilder.patch(wercker4j.request.param.UpdateTokenOption)	CtMethodImpl	public
wercker4j.entity.SCM.type	CtFieldReferenceImpl	public
wercker4j.entity.Deploy.build	CtFieldReferenceImpl	public
wercker4j.entity.Build.startedAt	CtFieldReferenceImpl	public
wercker4j.request.param.GetBuildsOption.sort	CtFieldReferenceImpl	public
wercker4j.Wercker4jClient.setRequest(wercker4j.request.RequestBuilder)	CtMethodImpl	public
wercker4j.entity.Owner.userId	CtFieldReferenceImpl	public
wercker4j.entity.SCM.owner	CtFieldReferenceImpl	public
wercker4j.request.param.GetBuildOption.buildId	CtFieldReferenceImpl	public
wercker4j.request.param.GetBuildsOption.stack	CtFieldReferenceImpl	public
wercker4j.request.param.GetApplicationsOption(java.lang.String)	CtConstructorImpl	public
wercker4j.Wercker4jClient(java.lang.String,java.lang.String)	CtConstructorImpl	public
wercker4j.request.RequestBuilder.get(wercker4j.request.param.GetBuildsOption)	CtMethodImpl	public
wercker4j.request.param.GetDeploysOption.name	CtFieldReferenceImpl	public
wercker4j.request.RequestBuilder.get(wercker4j.request.param.GetTokenOption)	CtMethodImpl	public
wercker4j.response.ResponseWrapper	CtClassImpl	public
wercker4j.Wercker4jClient.deleteToken(wercker4j.request.param.DeleteTokenOption)	CtMethodImpl	public
wercker4j.entity.Meta.werckerEmployee	CtFieldReferenceImpl	public
wercker4j.request.RequestBuilder.endpoint	CtFieldReferenceImpl	private
wercker4j.request.param.GetDeploysOption(java.lang.String,java.lang.String)	CtConstructorImpl	public
wercker4j.response.ResponseWrapper.applications()	CtMethodImpl	public
wercker4j.entity.Build.url	CtFieldReferenceImpl	public
wercker4j.entity.BuildSummary.startedAt	CtFieldReferenceImpl	public
wercker4j.entity.Build.status	CtFieldReferenceImpl	public
wercker4j.request.RequestBuilder.post(wercker4j.request.param.CreateBuildOption)	CtMethodImpl	public
wercker4j.entity.Application.name	CtFieldReferenceImpl	public
wercker4j.request.param.CreateBuildOption.applicationId	CtFieldReferenceImpl	public
wercker4j.entity.ApplicationSummary.url	CtFieldReferenceImpl	public
wercker4j.request.param.GetApplicationsOption.stack	CtFieldReferenceImpl	public
wercker4j.entity.Owner()	CtConstructorImpl	public
wercker4j.exception.Wercker4jException	CtClassImpl	public
wercker4j.request.param.GetDeploysOption	CtClassImpl	public
wercker4j.entity.TokenSummary.hashedToken	CtFieldReferenceImpl	public
wercker4j.request.RequestBuilder.get(wercker4j.request.param.GetDeployOption)	CtMethodImpl	public
wercker4j.request.param.DeleteTokenOption.serialVersionUID	CtFieldReferenceImpl	private
wercker4j.request.param.GetBuildOption.serialVersionUID	CtFieldReferenceImpl	private
wercker4j.request.param.CreateBuildOption.branch	CtFieldReferenceImpl	public
wercker4j.Wercker4jClient.getTokens()	CtMethodImpl	public
wercker4j.entity.TokenSummary.token	CtFieldReferenceImpl	public
wercker4j.request.param.DeleteTokenOption	CtClassImpl	public
wercker4j.Wercker4jClient.updateToken(wercker4j.request.param.UpdateTokenOption)	CtMethodImpl	public
wercker4j.entity.Deploy	CtClassImpl	public
wercker4j.entity.ApplicationSummary.owner	CtFieldReferenceImpl	public
wercker4j.entity.Build.envVars	CtFieldReferenceImpl	public
wercker4j.request.param.GetApplicationOption.name	CtFieldReferenceImpl	public
wercker4j.entity.Build.finishedAt	CtFieldReferenceImpl	public
wercker4j.entity.BuildSummary.commitHash	CtFieldReferenceImpl	public
wercker4j.request.param.UpdateTokenOption(java.lang.String)	CtConstructorImpl	public
wercker4j.entity.BuildSummary.progress	CtFieldReferenceImpl	public
wercker4j.exception.Wercker4jException.serialVersionUID	CtFieldReferenceImpl	private
wercker4j.entity.Build.id	CtFieldReferenceImpl	public
wercker4j.request.param.GetTokenOption	CtClassImpl	public
wercker4j.entity.Token.token	CtFieldReferenceImpl	public
wercker4j.Wercker4jClient.getBuild(wercker4j.request.param.GetBuildOption)	CtMethodImpl	public
wercker4j.request.param.GetBuildsOption.result	CtFieldReferenceImpl	public
wercker4j.request.param.CreateTokenOption	CtClassImpl	public
wercker4j.entity.SCM.repository	CtFieldReferenceImpl	public
wercker4j.request.param.GetDeploysOption.sort	CtFieldReferenceImpl	public
wercker4j.entity.BuildSummary.finishedAt	CtFieldReferenceImpl	public
wercker4j.request.param.CreateBuildOption(java.lang.String)	CtConstructorImpl	public
wercker4j.entity.ApplicationSummary	CtClassImpl	public
wercker4j.entity.Application.id	CtFieldReferenceImpl	public
wercker4j.request.param.CreateBuildOption.message	CtFieldReferenceImpl	public
wercker4j.entity.Application.deploys	CtFieldReferenceImpl	public
wercker4j.request.param.GetApplicationOption	CtClassImpl	public
wercker4j.request.param.GetTokenOption(java.lang.String)	CtConstructorImpl	public
wercker4j.request.param.GetApplicationsOption.owner	CtFieldReferenceImpl	public
wercker4j.request.param.GetApplicationsOption.skip	CtFieldReferenceImpl	public
wercker4j.request.RequestBuilder.client	CtFieldReferenceImpl	private
wercker4j.request.param.GetTokenOption.tokenId	CtFieldReferenceImpl	public
wercker4j.entity.TokenSummary.name	CtFieldReferenceImpl	public
wercker4j.entity.DeploySummary.progress	CtFieldReferenceImpl	public
wercker4j.entity.Application.builds	CtFieldReferenceImpl	public
wercker4j.entity.DeploySummary.id	CtFieldReferenceImpl	public
wercker4j.exception.Wercker4jException(int,java.lang.String)	CtConstructorImpl	public
wercker4j.entity.ApplicationSummary.name	CtFieldReferenceImpl	public
wercker4j.entity.Token	CtClassImpl	public
wercker4j.entity.Application	CtClassImpl	public
wercker4j.entity.UnifiedUserMeta.werckerEmployee	CtFieldReferenceImpl	public
wercker4j.entity.Deploy.progress	CtFieldReferenceImpl	public
wercker4j.entity.TokenSummary.createdAt	CtFieldReferenceImpl	public
wercker4j.request.param.GetDeploysOption.serialVersionUID	CtFieldReferenceImpl	private
wercker4j.entity.EnvVar.value	CtFieldReferenceImpl	public
wercker4j.request.RequestBuilder.callDeleteAPI(org.apache.http.client.methods.HttpDelete)	CtMethodImpl	protected
wercker4j.request.RequestBuilder.getHttpClientWithAuthInfo()	CtMethodImpl	private
wercker4j.entity.BuildSummary.message	CtFieldReferenceImpl	public
wercker4j.entity.SCM()	CtConstructorImpl	public
wercker4j.request.param.GetApplicationOption.owner	CtFieldReferenceImpl	public
wercker4j.request.param.GetBuildsOption.owner	CtFieldReferenceImpl	public
wercker4j.entity.UnifiedUser.type	CtFieldReferenceImpl	public
wercker4j.entity.Avatar	CtClassImpl	public
wercker4j.request.RequestBuilder.username	CtFieldReferenceImpl	private
wercker4j.request.param.GetApplicationOption(java.lang.String,java.lang.String)	CtConstructorImpl	public
wercker4j.entity.Application.createdAt	CtFieldReferenceImpl	public
wercker4j.response.ResponseWrapper.deploy()	CtMethodImpl	public
wercker4j.entity.Build.commitHash	CtFieldReferenceImpl	public
wercker4j.entity.Token.name	CtFieldReferenceImpl	public
wercker4j.request.param.EnvVarOption.serialVersionUID	CtFieldReferenceImpl	private
wercker4j.entity.Token.lastCharacters	CtFieldReferenceImpl	public
wercker4j.entity.Token.url	CtFieldReferenceImpl	public
wercker4j.request.RequestBuilder.setUserNamePassword(java.lang.String,java.lang.String)	CtMethodImpl	public
wercker4j.Wercker4jClient.getDeploy(wercker4j.request.param.GetDeployOption)	CtMethodImpl	public
wercker4j.entity.ApplicationSummary.stack	CtFieldReferenceImpl	public
wercker4j.entity.Token.createdAt	CtFieldReferenceImpl	public
wercker4j.entity.Deploy.status	CtFieldReferenceImpl	public
wercker4j.Wercker4jClient.setToken(java.lang.String)	CtMethodImpl	public
wercker4j.request.param.UpdateTokenOption	CtClassImpl	public
wercker4j.entity.EnvVar	CtClassImpl	public
wercker4j.request.param.GetDeploysOption.status	CtFieldReferenceImpl	public
wercker4j.request.param.CreateBuildOption.serialVersionUID	CtFieldReferenceImpl	private
wercker4j.request.param.GetApplicationsOption	CtClassImpl	public
wercker4j.entity.Application.url	CtFieldReferenceImpl	public
wercker4j.entity.UnifiedUserMeta()	CtConstructorImpl	public
wercker4j.request.param.GetBuildOption	CtClassImpl	public
wercker4j.request.RequestBuilder.callGetAPI(org.apache.http.client.methods.HttpGet)	CtMethodImpl	protected
wercker4j.entity.EnvVar()	CtConstructorImpl	public
wercker4j.http.DefaultHttpConfig.createHttpClient(java.lang.String)	CtMethodImpl	public
wercker4j.response.ResponseWrapper.deploys()	CtMethodImpl	public
wercker4j.request.param.UpdateTokenOption.tokenId	CtFieldReferenceImpl	public
wercker4j.request.param.CreateTokenOption.name	CtFieldReferenceImpl	public
wercker4j.entity.UnifiedUserAvatar()	CtConstructorImpl	public
wercker4j.Wercker4jClient(java.lang.String)	CtConstructorImpl	public
wercker4j.entity.UnifiedUser()	CtConstructorImpl	public
wercker4j.entity.Application.updatedAt	CtFieldReferenceImpl	public
wercker4j.entity.Owner	CtClassImpl	public
wercker4j.entity.Application.scm	CtFieldReferenceImpl	public
wercker4j.request.param.GetDeploysOption.owner	CtFieldReferenceImpl	public
wercker4j.request.RequestBuilder.get(wercker4j.request.param.GetDeploysOption)	CtMethodImpl	public
wercker4j.entity.Build.createdAt	CtFieldReferenceImpl	public
wercker4j.entity.UnifiedUserAvatar.gravatar	CtFieldReferenceImpl	public
wercker4j.entity.BuildSummary.result	CtFieldReferenceImpl	public
wercker4j.request.RequestBuilder.password	CtFieldReferenceImpl	private
wercker4j.request.param.GetBuildsOption(java.lang.String,java.lang.String)	CtConstructorImpl	public
wercker4j.entity.BuildSummary.branch	CtFieldReferenceImpl	public
wercker4j.entity.DeploySummary.url	CtFieldReferenceImpl	public
wercker4j.request.RequestBuilder.get()	CtMethodImpl	public
wercker4j.response.ResponseWrapper.token()	CtMethodImpl	public
wercker4j.request.param.GetBuildsOption.skip	CtFieldReferenceImpl	public
wercker4j.request.param.CreateBuildOption.envVars	CtFieldReferenceImpl	public
wercker4j.request.RequestBuilder.post(wercker4j.request.param.CreateTokenOption)	CtMethodImpl	public
wercker4j.entity.Build.progress	CtFieldReferenceImpl	public
wercker4j.entity.DeploySummary()	CtConstructorImpl	public
wercker4j.entity.UnifiedUser.avatar	CtFieldReferenceImpl	public
wercker4j.request.param.UpdateTokenOption.serialVersionUID	CtFieldReferenceImpl	private
wercker4j.request.param.CreateBuildOption.commitHash	CtFieldReferenceImpl	public
wercker4j.request.param.GetDeploysOption.result	CtFieldReferenceImpl	public
wercker4j.entity.TokenSummary.url	CtFieldReferenceImpl	public
wercker4j.Wercker4jClient.request	CtFieldReferenceImpl	private
wercker4j.entity.BuildSummary.url	CtFieldReferenceImpl	public
wercker4j.entity.UnifiedUserMeta.username	CtFieldReferenceImpl	public
wercker4j.entity.Application()	CtConstructorImpl	public
wercker4j.exception.Wercker4jException(java.lang.String)	CtConstructorImpl	public
wercker4j.request.RequestBuilder	CtClassImpl	public
wercker4j.entity.Build.application	CtFieldReferenceImpl	public
wercker4j.request.param.EnvVarOption.value	CtFieldReferenceImpl	public
wercker4j.entity.Deploy.id	CtFieldReferenceImpl	public
wercker4j.request.RequestBuilder.get(wercker4j.request.param.GetApplicationsOption)	CtMethodImpl	public
wercker4j.entity.Application.privacy	CtFieldReferenceImpl	public
wercker4j.entity.Meta	CtClassImpl	public
wercker4j.entity.UnifiedUser	CtClassImpl	public
wercker4j.entity.ApplicationSummary()	CtConstructorImpl	public
wercker4j.request.param.GetBuildsOption.serialVersionUID	CtFieldReferenceImpl	private
wercker4j.request.RequestBuilder.token	CtFieldReferenceImpl	private
wercker4j.request.param.GetDeployOption.deployId	CtFieldReferenceImpl	public
wercker4j.entity.Token.id	CtFieldReferenceImpl	public
wercker4j.request.RequestBuilder.setToken(java.lang.String)	CtMethodImpl	public
wercker4j.Wercker4jClient	CtClassImpl	public
wercker4j.entity.ApplicationSummary.updatedAt	CtFieldReferenceImpl	public
wercker4j.request.param.GetApplicationsOption.sort	CtFieldReferenceImpl	public
wercker4j.response.ResponseWrapper.response	CtFieldReferenceImpl	public
wercker4j.Wercker4jClient.getDeploys(wercker4j.request.param.GetDeploysOption)	CtMethodImpl	public
wercker4j.Wercker4jClient.getToken(wercker4j.request.param.GetTokenOption)	CtMethodImpl	public
wercker4j.request.param.DeleteTokenOption.tokenId	CtFieldReferenceImpl	public
wercker4j.request.param.GetDeploysOption.buildId	CtFieldReferenceImpl	public
wercker4j.exception.Wercker4jException.getCode()	CtMethodImpl	public
wercker4j.entity.Build	CtClassImpl	public
wercker4j.entity.Meta.username	CtFieldReferenceImpl	public
wercker4j.request.param.GetTokenOption.serialVersionUID	CtFieldReferenceImpl	private
wercker4j.entity.UnifiedUser.userId	CtFieldReferenceImpl	public
wercker4j.response.ResponseWrapper.tokens()	CtMethodImpl	public
wercker4j.request.RequestBuilder.callPostAPI(org.apache.http.client.methods.HttpPost)	CtMethodImpl	protected
wercker4j.entity.Meta()	CtConstructorImpl	public
wercker4j.entity.Application.allowedActions	CtFieldReferenceImpl	public
wercker4j.request.param.GetDeploysOption.limit	CtFieldReferenceImpl	public
wercker4j.exception.Wercker4jException.code	CtFieldReferenceImpl	private
wercker4j.response.ResponseWrapper.application()	CtMethodImpl	public
wercker4j.entity.ApplicationSummary.id	CtFieldReferenceImpl	public
wercker4j.entity.Build.message	CtFieldReferenceImpl	public
wercker4j.entity.TokenSummary.id	CtFieldReferenceImpl	public
wercker4j.entity.DeploySummary	CtClassImpl	public
wercker4j.entity.Deploy.result	CtFieldReferenceImpl	public
wercker4j.Wercker4jClient.getApplications(wercker4j.request.param.GetApplicationsOption)	CtMethodImpl	public
wercker4j.entity.UnifiedUserMeta	CtClassImpl	public
wercker4j.entity.ApplicationSummary.createdAt	CtFieldReferenceImpl	public
wercker4j.request.RequestBuilder.callPatchAPI(org.apache.http.client.methods.HttpPatch)	CtMethodImpl	protected
wercker4j.response.ResponseWrapper.client	CtFieldReferenceImpl	public
wercker4j.entity.Owner.name	CtFieldReferenceImpl	public
wercker4j.entity.Deploy.createdAt	CtFieldReferenceImpl	public
wercker4j.request.RequestBuilder(wercker4j.Wercker4jClient)	CtConstructorImpl	public
wercker4j.request.param.EnvVarOption()	CtConstructorImpl	public
wercker4j.entity.UnifiedUser.name	CtFieldReferenceImpl	public
wercker4j.Wercker4jClient.createToken(wercker4j.request.param.CreateTokenOption)	CtMethodImpl	public
wercker4j.response.ResponseWrapper.setClient(wercker4j.Wercker4jClient)	CtMethodImpl	public
wercker4j.request.param.UpdateTokenOption.name	CtFieldReferenceImpl	public
wercker4j.entity.TokenSummary.lastCharacters	CtFieldReferenceImpl	public
wercker4j.request.param.GetBuildsOption.name	CtFieldReferenceImpl	public
wercker4j.entity.BuildSummary()	CtConstructorImpl	public
wercker4j.entity.EnvVar.key	CtFieldReferenceImpl	public
wercker4j.request.param.DeleteTokenOption(java.lang.String)	CtConstructorImpl	public
wercker4j.request.param.GetBuildOption(java.lang.String)	CtConstructorImpl	public
wercker4j.request.param.GetBuildsOption.limit	CtFieldReferenceImpl	public
wercker4j.entity.BuildSummary.createdAt	CtFieldReferenceImpl	public
wercker4j.entity.Avatar()	CtConstructorImpl	public
wercker4j.entity.Deploy.url	CtFieldReferenceImpl	public
wercker4j.request.param.GetDeploysOption.skip	CtFieldReferenceImpl	public
wercker4j.entity.Owner.meta	CtFieldReferenceImpl	public
wercker4j.entity.Token.hashedToken	CtFieldReferenceImpl	public
