method	type	visibility
com.tvd12.ezyfox.core.exception.EzyBadRequestException(java.lang.String)	CtConstructorImpl	public
com.tvd12.ezyfox.core.util.EzyRequestListenerAnnotations	CtClassImpl	public
com.tvd12.ezyfox.core.util.EzyDoHandleAnnotations.getCommand(com.tvd12.ezyfox.core.annotation.EzyDoHandle)	CtMethodImpl	public
com.tvd12.ezyfox.core.util.EzyRequestControllerAnnotations.getGroup(com.tvd12.ezyfox.core.annotation.EzyRequestController)	CtMethodImpl	public
com.tvd12.ezyfox.core.exception.EzyBadRequestException(java.lang.String,int,java.lang.Throwable)	CtConstructorImpl	public
com.tvd12.ezyfox.core.util.EzyTryCatchAnnotations()	CtConstructorImpl	private
com.tvd12.ezyfox.core.exception.EzyBadRequestException	CtClassImpl	public
com.tvd12.ezyfox.core.util.EzyRequestControllerAnnotations	CtClassImpl	public
com.tvd12.ezyfox.core.util.EzyRequestInterceptorAnnotations	CtClassImpl	public
com.tvd12.ezyfox.core.exception.EzyBadRequestException(int,java.lang.String)	CtConstructorImpl	public
com.tvd12.ezyfox.core.util.EzyInternalStrings.INSTANCE	CtFieldReferenceImpl	private
com.tvd12.ezyfox.core.exception.EzyBadRequestException(int,boolean,java.lang.Throwable)	CtConstructorImpl	public
com.tvd12.ezyfox.core.util.EzyInternalStrings.getInstance()	CtMethodImpl	public
com.tvd12.ezyfox.core.util.EzyDoHandleAnnotations	CtClassImpl	public
com.tvd12.ezyfox.core.util.EzyDoHandleAnnotations()	CtConstructorImpl	private
com.tvd12.ezyfox.core.constant.EzyResponseCommands()	CtConstructorImpl	private
com.tvd12.ezyfox.core.exception.EzyBadRequestException(int)	CtConstructorImpl	public
com.tvd12.ezyfox.core.constant.EzyResponseCommands.ERROR	CtFieldReferenceImpl	public
com.tvd12.ezyfox.core.exception.EzyBadRequestException(java.lang.String,int,boolean,java.lang.Throwable)	CtConstructorImpl	public
com.tvd12.ezyfox.core.util.EzyTryCatchAnnotations.getExceptionClasses(com.tvd12.ezyfox.core.annotation.EzyTryCatch)	CtMethodImpl	public
com.tvd12.ezyfox.core.util.EzyRequestControllerAnnotations()	CtConstructorImpl	private
com.tvd12.ezyfox.core.util.EzyInternalStrings	CtClassImpl	package-private
com.tvd12.ezyfox.core.util.EzyRequestInterceptorAnnotations()	CtConstructorImpl	private
com.tvd12.ezyfox.core.util.EzyInternalStrings()	CtConstructorImpl	private
com.tvd12.ezyfox.core.util.EzyRequestInterceptorAnnotations.getPriority(java.lang.Class<?>)	CtMethodImpl	public
com.tvd12.ezyfox.core.util.EzyInternalStrings.isNoContent(java.lang.String)	CtMethodImpl	public
com.tvd12.ezyfox.core.util.EzyEventHandlerAnnotations.getHandlerPriority(java.lang.Object)	CtMethodImpl	public
com.tvd12.ezyfox.core.exception.EzyBadRequestException(int,boolean)	CtConstructorImpl	public
com.tvd12.ezyfox.core.util.EzyEventHandlerLists.sortEventHandlersByPriority(java.util.List<java.lang.Object>)	CtMethodImpl	public
com.tvd12.ezyfox.core.util.EzyRequestControllerAnnotations.getGroup(java.lang.Class<?>)	CtMethodImpl	public
com.tvd12.ezyfox.core.exception.EzyBadRequestException()	CtConstructorImpl	public
com.tvd12.ezyfox.core.util.EzyEventHandlerLists	CtClassImpl	public
com.tvd12.ezyfox.core.exception.EzyBadRequestException(java.lang.String,int)	CtConstructorImpl	public
com.tvd12.ezyfox.core.util.EzyEventHandlerAnnotations()	CtConstructorImpl	private
com.tvd12.ezyfox.core.util.EzyEventHandlerAnnotations.getEvent(com.tvd12.ezyfox.core.annotation.EzyEventHandler)	CtMethodImpl	public
com.tvd12.ezyfox.core.constant.EzyResponseCommands	CtClassImpl	public
com.tvd12.ezyfox.core.exception.EzyBadRequestException.code	CtFieldReferenceImpl	private
com.tvd12.ezyfox.core.exception.EzyBadRequestException.serialVersionUID	CtFieldReferenceImpl	private
com.tvd12.ezyfox.core.exception.EzyBadRequestException(int,java.lang.String,boolean,java.lang.Throwable)	CtConstructorImpl	public
com.tvd12.ezyfox.core.exception.EzyBadRequestException(int,java.lang.String,boolean)	CtConstructorImpl	public
com.tvd12.ezyfox.core.exception.EzyBadRequestException(int,java.lang.String,java.lang.Throwable)	CtConstructorImpl	public
com.tvd12.ezyfox.core.exception.EzyBadRequestException(java.lang.String,int,boolean)	CtConstructorImpl	public
com.tvd12.ezyfox.core.util.EzyEventHandlerLists()	CtConstructorImpl	private
com.tvd12.ezyfox.core.util.EzyRequestListenerAnnotations.getCommand(com.tvd12.ezyfox.core.annotation.EzyRequestListener)	CtMethodImpl	public
com.tvd12.ezyfox.core.exception.EzyBadRequestException(java.lang.String,java.lang.Throwable)	CtConstructorImpl	public
com.tvd12.ezyfox.core.util.EzyRequestListenerAnnotations()	CtConstructorImpl	private
com.tvd12.ezyfox.core.exception.EzyBadRequestException.sendToClient	CtFieldReferenceImpl	private
com.tvd12.ezyfox.core.util.EzyTryCatchAnnotations	CtClassImpl	public
com.tvd12.ezyfox.core.exception.EzyBadRequestException.reason	CtFieldReferenceImpl	private
com.tvd12.ezyfox.core.util.EzyEventHandlerAnnotations	CtClassImpl	public
