method	type	visibility
com.yuansfer.payment.request.mobile.MobilePrepayRequest.getNote()	CtMethodImpl	public
com.yuansfer.payment.response.mobile.MobilePrepayResponse.setResult(net.sf.json.JSONObject)	CtMethodImpl	public
com.yuansfer.payment.response.recurring.ConsultResponse.getResult()	CtMethodImpl	public
com.yuansfer.payment.request.RequestBody()	CtConstructorImpl	public
com.yuansfer.payment.request.online.OnlineSecurepayRequest.getReference()	CtMethodImpl	public
com.yuansfer.payment.request.offline.ThirdpartAcquireCreateRequest.timeout	CtFieldReferenceImpl	private
com.yuansfer.payment.request.offline.ThirdpartAcquireCreateRequest.setCurrency(java.lang.String)	CtMethodImpl	public
com.yuansfer.payment.response.recurring.RevokeResponse	CtClassImpl	public
com.yuansfer.payment.request.online.OnlineSecurepayRequest.amount	CtFieldReferenceImpl	private
com.yuansfer.payment.client.YuanpayV300Client	CtClassImpl	public
com.yuansfer.payment.request.offline.InstoreCashierAddRequest.convertResponse(java.lang.String)	CtMethodImpl	public
com.yuansfer.payment.request.online.OnlineSecurepayRequest.reference	CtFieldReferenceImpl	private
com.yuansfer.payment.request.mobile.MobilePrepayRequest	CtClassImpl	public
com.yuansfer.payment.request.auth.AuthCaptureRequest.setCurrency(java.lang.String)	CtMethodImpl	public
com.yuansfer.payment.request.recurring.RevokeRequest.getAutoDebitNo()	CtMethodImpl	public
com.yuansfer.payment.response.YuanpayResponse.getRetCode()	CtMethodImpl	public
com.yuansfer.payment.request.mobile.ExpressPayRequest.setCardExpYear(java.lang.String)	CtMethodImpl	public
com.yuansfer.payment.request.recurring.ConsultRequest.setOsType(java.lang.String)	CtMethodImpl	public
com.yuansfer.payment.request.auth.AuthVoucherCreateRequest	CtClassImpl	public
com.yuansfer.payment.request.auth.AuthVoucherCreateRequest.getAmount()	CtMethodImpl	public
com.yuansfer.payment.response.offline.SettleListResponse.getSettlements()	CtMethodImpl	public
com.yuansfer.payment.request.offline.InstorePrepayRequest.setReference(java.lang.String)	CtMethodImpl	public
com.yuansfer.payment.request.offline.InstoreCreateTranQrcodeRequest.convertResponse(java.lang.String)	CtMethodImpl	public
com.yuansfer.payment.request.offline.InstoreCashierAddRequest()	CtConstructorImpl	public
com.yuansfer.payment.request.offline.InstoreCreateTranQrcodeRequest.currency	CtFieldReferenceImpl	private
com.yuansfer.payment.request.payouts.PayoutsPayRequest.setReceiverType(java.lang.String)	CtMethodImpl	public
com.yuansfer.payment.request.online.OnlineSecurepayRequest.getTerminal()	CtMethodImpl	public
com.yuansfer.payment.request.recurring.ApplyTokenRequest.getGrantType()	CtMethodImpl	public
com.yuansfer.payment.response.online.ProcessResponse.serialVersionUID	CtFieldReferenceImpl	private
com.yuansfer.payment.request.payouts.PayoutsPayRequest.setReceiver(java.lang.String)	CtMethodImpl	public
com.yuansfer.payment.utils.ReflectUtils()	CtConstructorImpl	public
com.yuansfer.payment.request.online.OnlineSecurepayRequest.setOsType(java.lang.String)	CtMethodImpl	public
com.yuansfer.payment.request.payouts.PayoutsPayRequest.invoiceId	CtFieldReferenceImpl	private
com.yuansfer.payment.response.offline.InstoreCreateTranQrcodeResponse.result	CtFieldReferenceImpl	private
com.yuansfer.payment.request.auth.AuthCaptureRequest.outAuthInfoNo	CtFieldReferenceImpl	private
com.yuansfer.payment.request.offline.InstoreCashierAddRequest	CtClassImpl	public
com.yuansfer.payment.response.online.UpdateRecurringResponse	CtClassImpl	public
javax.net.ssl.SSLSocketFactory.propertyChecked	CtFieldReferenceImpl	private
com.yuansfer.payment.request.auth.AuthCaptureRequest.setReference(java.lang.String)	CtMethodImpl	public
com.yuansfer.payment.request.offline.InstoreAddRequest.setSettleCurrency(java.lang.String)	CtMethodImpl	public
com.yuansfer.payment.request.auth.AuthUnfreezeRequest.dataValidate()	CtMethodImpl	protected
com.yuansfer.payment.request.offline.InstoreAddRequest.dataValidate()	CtMethodImpl	protected
com.yuansfer.payment.response.online.OnlineSecurepayResponse()	CtConstructorImpl	public
com.yuansfer.payment.request.auth.AuthFreezeRequest.setNote(java.lang.String)	CtMethodImpl	public
com.yuansfer.payment.request.recurring.RevokeRequest	CtClassImpl	public
com.yuansfer.payment.request.online.ProcessRequest.getAPIUrl(java.lang.String)	CtMethodImpl	protected
com.yuansfer.payment.request.auth.AuthCaptureRequest.authInfoNo	CtFieldReferenceImpl	private
com.yuansfer.payment.request.recurring.AutoPayRequest.setReference(java.lang.String)	CtMethodImpl	public
com.yuansfer.payment.request.offline.InstoreCreateTranQrcodeRequest.dataValidate()	CtMethodImpl	protected
com.yuansfer.payment.response.mobile.MobilePrepayResponse.serialVersionUID	CtFieldReferenceImpl	private
com.yuansfer.payment.response.auth.AuthVoucherCreateResponse.getResult()	CtMethodImpl	public
com.yuansfer.payment.request.auth.AuthUnfreezeRequest.outAuthDetailNo	CtFieldReferenceImpl	private
com.yuansfer.payment.request.dataSearch.TranQueryRequest.getAPIUrl(java.lang.String)	CtMethodImpl	protected
com.yuansfer.payment.request.offline.ThirdpartAcquireCreateRequest.getReference()	CtMethodImpl	public
com.yuansfer.payment.request.RequestBody	CtClassImpl	public
com.yuansfer.payment.request.payouts.PayoutsPayRequest()	CtConstructorImpl	public
com.yuansfer.payment.request.payouts.PayoutsPayRequest.getInvoiceId()	CtMethodImpl	public
com.yuansfer.payment.response.auth.AuthVoucherCreateResponse.serialVersionUID	CtFieldReferenceImpl	private
com.yuansfer.payment.request.mobile.MobilePrepayRequest.setAmount(java.lang.String)	CtMethodImpl	public
com.yuansfer.payment.request.payouts.PayoutsPayRequest.setVendor(java.lang.String)	CtMethodImpl	public
com.yuansfer.payment.request.dataSearch.TranQueryRequest.transactionNo	CtFieldReferenceImpl	private
com.yuansfer.payment.request.online.OnlineSecurepayRequest.setCallbackUrl(java.lang.String)	CtMethodImpl	public
com.yuansfer.payment.response.offline.InstoreCreateTranQrcodeResponse()	CtConstructorImpl	public
com.yuansfer.payment.config.YuanpayConfig.getStoreAdminNo()	CtMethodImpl	public
com.yuansfer.payment.response.auth.AuthCaptureResponse	CtClassImpl	public
com.yuansfer.payment.request.recurring.ConsultRequest.setVendor(java.lang.String)	CtMethodImpl	public
com.yuansfer.payment.request.auth.AuthCaptureRequest.getReference()	CtMethodImpl	public
com.yuansfer.payment.request.online.OnlineSecurepayRequest.vendor	CtFieldReferenceImpl	private
com.yuansfer.payment.request.offline.ThirdpartAcquireCreateRequest.currency	CtFieldReferenceImpl	private
com.yuansfer.payment.utils.JSONUtils.isStringJsonFormat(java.lang.String)	CtMethodImpl	public
com.yuansfer.payment.response.auth.AuthUnfreezeResponse.getResult()	CtMethodImpl	public
com.yuansfer.payment.request.recurring.ConsultRequest.convertResponse(java.lang.String)	CtMethodImpl	public
com.yuansfer.payment.utils.Md5Utils()	CtConstructorImpl	public
com.yuansfer.payment.request.online.UpdateRecurringRequest.paymentCount	CtFieldReferenceImpl	private
com.yuansfer.payment.request.mobile.MobilePrepayRequest.amount	CtFieldReferenceImpl	private
com.yuansfer.payment.request.offline.InstorePrepayRequest.getReference()	CtMethodImpl	public
com.yuansfer.payment.request.auth.AuthDetailQueryRequest.getOutAuthDetailNo()	CtMethodImpl	public
com.yuansfer.payment.config.YuanpayConfig.getEnv()	CtMethodImpl	public
com.yuansfer.payment.request.offline.InstoreAddRequest()	CtConstructorImpl	public
com.yuansfer.payment.request.offline.ThirdpartAcquireCreateRequest.vendor	CtFieldReferenceImpl	private
com.yuansfer.payment.request.mobile.ExpressPayRequest.getCardExpMonth()	CtMethodImpl	public
com.yuansfer.payment.request.online.OnlineSecurepayRequest	CtClassImpl	public
com.yuansfer.payment.request.payouts.PayoutsPayRequest.setCurrency(java.lang.String)	CtMethodImpl	public
com.yuansfer.payment.response.dataSearch.TranQueryResponse.result	CtFieldReferenceImpl	private
com.yuansfer.payment.config.YuanpayConfig.merGroupSwitch	CtFieldReferenceImpl	private
com.yuansfer.payment.request.auth.AuthCaptureRequest.setAmount(java.lang.String)	CtMethodImpl	public
com.yuansfer.payment.request.mobile.ExpressPayRequest.cardNumber	CtFieldReferenceImpl	private
com.yuansfer.payment.response.offline.InstoreAddResponse.serialVersionUID	CtFieldReferenceImpl	private
com.yuansfer.payment.request.auth.AuthFreezeRequest.currency	CtFieldReferenceImpl	private
com.yuansfer.payment.request.offline.InstoreCreateTranQrcodeRequest	CtClassImpl	public
com.yuansfer.payment.response.offline.InstorePrepayResponse.setResult(net.sf.json.JSONObject)	CtMethodImpl	public
com.yuansfer.payment.response.offline.InstoreCreateTranQrcodeResponse	CtClassImpl	public
com.yuansfer.payment.response.offline.SettleListResponse.setSize(java.lang.Integer)	CtMethodImpl	public
com.yuansfer.payment.request.dataSearch.RefundRequest()	CtConstructorImpl	public
com.yuansfer.payment.response.YuanpayResponse.retCode	CtFieldReferenceImpl	private
com.yuansfer.payment.response.online.ProcessResponse.result	CtFieldReferenceImpl	private
com.yuansfer.payment.config.YuanpayConfig()	CtConstructorImpl	public
com.yuansfer.payment.request.mobile.ExpressPayRequest.cardExpYear	CtFieldReferenceImpl	private
com.yuansfer.payment.request.mobile.MobilePrepayRequest.getTerminal()	CtMethodImpl	public
com.yuansfer.payment.request.online.OnlineSecurepayRequest.setVendor(java.lang.String)	CtMethodImpl	public
com.yuansfer.payment.request.offline.InstoreCashierAddRequest.settleCurrency	CtFieldReferenceImpl	private
com.yuansfer.payment.response.dataSearch.TranQueryResponse.setResult(net.sf.json.JSONObject)	CtMethodImpl	public
com.yuansfer.payment.request.dataSearch.RefundRequest	CtClassImpl	public
com.yuansfer.payment.request.offline.ThirdpartAcquireCreateRequest.setVendor(java.lang.String)	CtMethodImpl	public
com.yuansfer.payment.response.auth.AuthCaptureResponse.result	CtFieldReferenceImpl	private
com.yuansfer.payment.response.dataSearch.TranQueryResponse	CtClassImpl	public
com.yuansfer.payment.utils.JSONUtils	CtClassImpl	public
com.yuansfer.payment.request.offline.InstorePrepayRequest.vendor	CtFieldReferenceImpl	private
com.yuansfer.payment.request.offline.InstoreCashierAddRequest.setSettleCurrency(java.lang.String)	CtMethodImpl	public
com.yuansfer.payment.request.online.OnlineSecurepayRequest.getOsType()	CtMethodImpl	public
com.yuansfer.payment.response.YuanpayResponse.UNKNOW	CtFieldReferenceImpl	public
com.yuansfer.payment.request.payouts.PayoutsPayRequest.getReceiver()	CtMethodImpl	public
com.yuansfer.payment.enums.EnviromentEnums.containValidate(java.lang.String)	CtMethodImpl	public
com.yuansfer.payment.config.YuanpayConfig.getStoreNo()	CtMethodImpl	public
com.yuansfer.payment.request.dataSearch.RefundRequest.getAPIUrl(java.lang.String)	CtMethodImpl	protected
com.yuansfer.payment.request.dataSearch.ReverseRequest.getAPIUrl(java.lang.String)	CtMethodImpl	protected
com.yuansfer.payment.request.mobile.MobilePrepayRequest.getSettleCurrency()	CtMethodImpl	public
com.yuansfer.payment.request.recurring.AutoPayRequest.setAmount(java.lang.String)	CtMethodImpl	public
com.yuansfer.payment.response.auth.AuthUnfreezeResponse.setResult(net.sf.json.JSONObject)	CtMethodImpl	public
com.yuansfer.payment.request.offline.InstoreCashierAddRequest.dataValidate()	CtMethodImpl	protected
com.yuansfer.payment.response.auth.AuthDetailQueryResponse()	CtConstructorImpl	public
com.yuansfer.payment.request.auth.AuthUnfreezeRequest.settleCurrency	CtFieldReferenceImpl	private
com.yuansfer.payment.exception.YuanpayException.serialVersionUID	CtFieldReferenceImpl	private
com.yuansfer.payment.request.mobile.MobilePrepayRequest.getAmount()	CtMethodImpl	public
com.yuansfer.payment.request.recurring.AutoPayRequest.getAmount()	CtMethodImpl	public
com.yuansfer.payment.utils.OkHttpUtils.okHttpClient	CtFieldReferenceImpl	private
com.yuansfer.payment.request.dataSearch.RefundRequest.setSettleCurrency(java.lang.String)	CtMethodImpl	public
com.yuansfer.payment.request.payouts.PayoutsInquiryRequest.getAPIUrl(java.lang.String)	CtMethodImpl	protected
com.yuansfer.payment.response.auth.AuthCaptureResponse.serialVersionUID	CtFieldReferenceImpl	private
com.yuansfer.payment.utils.MapUrlUtils()	CtConstructorImpl	public
com.yuansfer.payment.request.mobile.MobilePrepayRequest.setReference(java.lang.String)	CtMethodImpl	public
com.yuansfer.payment.response.payouts.PayoutsInquiryResponse.setResult(net.sf.json.JSONObject)	CtMethodImpl	public
com.yuansfer.payment.request.offline.InstoreCreateTranQrcodeRequest.getSettleCurrency()	CtMethodImpl	public
com.yuansfer.payment.request.recurring.ApplyTokenRequest.autoDebitNo	CtFieldReferenceImpl	private
com.yuansfer.payment.response.offline.InstorePrepayResponse()	CtConstructorImpl	public
com.yuansfer.payment.request.dataSearch.ReverseRequest.getTransactionNo()	CtMethodImpl	public
com.yuansfer.payment.request.recurring.ConsultRequest.setAutoReference(java.lang.String)	CtMethodImpl	public
com.yuansfer.payment.request.payouts.PayoutsPayRequest.currency	CtFieldReferenceImpl	private
com.yuansfer.payment.request.recurring.RevokeRequest()	CtConstructorImpl	public
com.yuansfer.payment.request.offline.InstoreCreateTranQrcodeRequest.amount	CtFieldReferenceImpl	private
com.yuansfer.payment.response.auth.AuthCaptureResponse.getResult()	CtMethodImpl	public
com.yuansfer.payment.utils.JSONUtils()	CtConstructorImpl	public
com.yuansfer.payment.config.YuanpayConfig.getMerchantNo()	CtMethodImpl	public
com.yuansfer.payment.request.dataSearch.ReverseRequest.dataValidate()	CtMethodImpl	protected
com.yuansfer.payment.config.YuanpayConfig.setMerGroupSwitch(java.lang.Integer)	CtMethodImpl	public
com.yuansfer.payment.request.offline.InstoreCashierAddRequest.getCurrency()	CtMethodImpl	public
com.yuansfer.payment.request.mobile.ExpressPayRequest.cardCvv	CtFieldReferenceImpl	private
com.yuansfer.payment.request.mobile.ExpressPayRequest	CtClassImpl	public
com.yuansfer.payment.request.offline.ThirdpartAcquireCreateRequest.rmbAmount	CtFieldReferenceImpl	private
com.yuansfer.payment.request.offline.ThirdpartAcquireCreateRequest.getAlipayUserId()	CtMethodImpl	public
com.yuansfer.payment.response.online.OnlineSecurepayResponse.setResult(net.sf.json.JSONObject)	CtMethodImpl	public
com.yuansfer.payment.request.offline.InstoreCashierAddRequest.setIpnUrl(java.lang.String)	CtMethodImpl	public
com.yuansfer.payment.utils.OkHttpUtils.systemDefaultTrustManager()	CtMethodImpl	private
com.yuansfer.payment.request.offline.InstoreAddRequest.getAPIUrl(java.lang.String)	CtMethodImpl	protected
com.yuansfer.payment.response.auth.AuthCaptureResponse()	CtConstructorImpl	public
com.yuansfer.payment.utils.HTTPSSocketFactory.createSocket(java.net.Socket,java.lang.String,int,boolean)	CtMethodImpl	public
com.yuansfer.payment.response.recurring.AutoPayResponse.getResult()	CtMethodImpl	public
com.yuansfer.payment.request.auth.AuthFreezeRequest.convertResponse(java.lang.String)	CtMethodImpl	public
com.yuansfer.payment.request.dataSearch.TranQueryRequest.setReference(java.lang.String)	CtMethodImpl	public
com.yuansfer.payment.request.mobile.MobilePrepayRequest.settleCurrency	CtFieldReferenceImpl	private
com.yuansfer.payment.request.payouts.PayoutsPayRequest.getCustomerNo()	CtMethodImpl	public
com.yuansfer.payment.request.offline.InstoreCashierAddRequest.currency	CtFieldReferenceImpl	private
com.yuansfer.payment.response.offline.SettleListResponse()	CtConstructorImpl	public
com.yuansfer.payment.response.recurring.AutoPayResponse.serialVersionUID	CtFieldReferenceImpl	private
com.yuansfer.payment.request.online.UpdateRecurringRequest()	CtConstructorImpl	public
com.yuansfer.payment.request.online.OnlineSecurepayRequest.getCreditType()	CtMethodImpl	public
com.yuansfer.payment.request.offline.ThirdpartAcquireCreateRequest.getDescription()	CtMethodImpl	public
com.yuansfer.payment.request.payouts.PayoutsPayRequest.setCustomerNo(java.lang.String)	CtMethodImpl	public
com.yuansfer.payment.request.recurring.AutoPayRequest.setIpnUrl(java.lang.String)	CtMethodImpl	public
com.yuansfer.payment.request.auth.AuthCaptureRequest.amount	CtFieldReferenceImpl	private
com.yuansfer.payment.response.offline.SettleListResponse.setSettlements(net.sf.json.JSONArray)	CtMethodImpl	public
com.yuansfer.payment.utils.Md5Utils	CtClassImpl	public
com.yuansfer.payment.request.auth.AuthDetailQueryRequest.getAuthInfoNo()	CtMethodImpl	public
com.yuansfer.payment.response.auth.AuthFreezeResponse()	CtConstructorImpl	public
com.yuansfer.payment.request.auth.AuthVoucherCreateRequest.setAmount(java.lang.String)	CtMethodImpl	public
com.yuansfer.payment.request.online.OnlineSecurepayRequest.setPaymentCount(java.lang.Integer)	CtMethodImpl	public
com.yuansfer.payment.request.RequestBody.getUrl()	CtMethodImpl	public
com.yuansfer.payment.request.offline.InstorePrepayRequest.getAPIUrl(java.lang.String)	CtMethodImpl	protected
com.yuansfer.payment.request.offline.ThirdpartAcquireCreateRequest.getCurrency()	CtMethodImpl	public
com.yuansfer.payment.request.mobile.ExpressPayRequest.getCardExpYear()	CtMethodImpl	public
com.yuansfer.payment.request.auth.AuthVoucherCreateRequest()	CtConstructorImpl	public
com.yuansfer.payment.request.auth.AuthFreezeRequest.setAuthIpnUrl(java.lang.String)	CtMethodImpl	public
com.yuansfer.payment.request.recurring.ApplyTokenRequest.convertResponse(java.lang.String)	CtMethodImpl	public
com.yuansfer.payment.request.offline.InstoreAddRequest.getCurrency()	CtMethodImpl	public
com.yuansfer.payment.request.online.OnlineSecurepayRequest()	CtConstructorImpl	public
com.yuansfer.payment.request.online.OnlineSecurepayRequest.paymentCount	CtFieldReferenceImpl	private
com.yuansfer.payment.request.auth.AuthUnfreezeRequest.setOutAuthDetailNo(java.lang.String)	CtMethodImpl	public
com.yuansfer.payment.response.dataSearch.ReverseResponse	CtClassImpl	public
com.yuansfer.payment.request.offline.InstoreCashierAddRequest.setAmount(java.lang.String)	CtMethodImpl	public
com.yuansfer.payment.request.offline.InstoreCreateTranQrcodeRequest.getReference()	CtMethodImpl	public
com.yuansfer.payment.config.YuanpayConfig.storeNo	CtFieldReferenceImpl	private
com.yuansfer.payment.request.ParamValidator()	CtConstructorImpl	public
com.yuansfer.payment.request.payouts.PayoutsPayRequest.dataValidate()	CtMethodImpl	protected
com.yuansfer.payment.request.YuanpayRequest()	CtConstructorImpl	public
com.yuansfer.payment.request.dataSearch.RefundRequest.getCurrency()	CtMethodImpl	public
com.yuansfer.payment.request.online.OnlineSecurepayRequest.frequency	CtFieldReferenceImpl	private
com.yuansfer.payment.request.auth.AuthFreezeRequest.getAmount()	CtMethodImpl	public
com.yuansfer.payment.request.auth.AuthVoucherCreateRequest.getCurrency()	CtMethodImpl	public
com.yuansfer.payment.request.mobile.MobilePrepayRequest.getIpnUrl()	CtMethodImpl	public
com.yuansfer.payment.response.payouts.PayoutsInquiryResponse.result	CtFieldReferenceImpl	private
com.yuansfer.payment.request.offline.ThirdpartAcquireCreateRequest.getAPIUrl(java.lang.String)	CtMethodImpl	protected
com.yuansfer.payment.request.recurring.ConsultRequest.setAutoRedirectUrl(java.lang.String)	CtMethodImpl	public
com.yuansfer.payment.request.offline.InstoreCreateTranQrcodeRequest.setNeedQrcode(java.lang.String)	CtMethodImpl	public
com.yuansfer.payment.request.offline.InstoreCreateTranQrcodeRequest.getIpnUrl()	CtMethodImpl	public
com.yuansfer.payment.request.online.OnlineSecurepayRequest.getAPIUrl(java.lang.String)	CtMethodImpl	protected
com.yuansfer.payment.request.offline.ThirdpartAcquireCreateRequest.getTimeout()	CtMethodImpl	public
com.yuansfer.payment.request.auth.AuthCaptureRequest.setAuthInfoNo(java.lang.String)	CtMethodImpl	public
com.yuansfer.payment.request.auth.AuthFreezeRequest.setVendor(java.lang.String)	CtMethodImpl	public
com.yuansfer.payment.request.auth.AuthUnfreezeRequest.setAuthInfoNo(java.lang.String)	CtMethodImpl	public
com.yuansfer.payment.request.mobile.MobilePrepayRequest.setNote(java.lang.String)	CtMethodImpl	public
com.yuansfer.payment.response.YuanpayResponse.SUCCESS_MSG	CtFieldReferenceImpl	public
com.yuansfer.payment.request.online.OnlineSecurepayRequest.getVendor()	CtMethodImpl	public
com.yuansfer.payment.response.online.ProcessResponse()	CtConstructorImpl	public
com.yuansfer.payment.request.mobile.MobilePrepayRequest.ipnUrl	CtFieldReferenceImpl	private
com.yuansfer.payment.request.auth.AuthCaptureRequest.dataValidate()	CtMethodImpl	protected
com.yuansfer.payment.request.offline.InstorePrepayRequest.dataValidate()	CtMethodImpl	protected
com.yuansfer.payment.utils.HTTPSSocketFactory.createSocket(java.lang.String,int)	CtMethodImpl	public
com.yuansfer.payment.request.mobile.MobilePrepayRequest.vendor	CtFieldReferenceImpl	private
com.yuansfer.payment.response.offline.InstoreCashierAddResponse()	CtConstructorImpl	public
com.yuansfer.payment.request.recurring.ApplyTokenRequest.dataValidate()	CtMethodImpl	protected
com.yuansfer.payment.request.auth.AuthCaptureRequest.getCurrency()	CtMethodImpl	public
com.yuansfer.payment.request.recurring.AutoPayRequest.currency	CtFieldReferenceImpl	private
com.yuansfer.payment.request.recurring.AutoPayRequest.setAutoDebitNo(java.lang.String)	CtMethodImpl	public
com.yuansfer.payment.request.payouts.PayoutsPayRequest	CtClassImpl	public
com.yuansfer.payment.request.offline.InstoreCreateTranQrcodeRequest.timeout	CtFieldReferenceImpl	private
com.yuansfer.payment.request.auth.AuthCaptureRequest.reference	CtFieldReferenceImpl	private
com.yuansfer.payment.request.dataSearch.TranQueryRequest.getTransactionNo()	CtMethodImpl	public
com.yuansfer.payment.request.payouts.PayoutsPayRequest.getDescription()	CtMethodImpl	public
com.yuansfer.payment.request.ParamValidator.dateValidate(java.lang.String,java.lang.String)	CtMethodImpl	public
com.yuansfer.payment.request.auth.AuthCaptureRequest.setAuthConfirmModel(java.lang.String)	CtMethodImpl	public
com.yuansfer.payment.response.mobile.MobilePrepayResponse.result	CtFieldReferenceImpl	private
com.yuansfer.payment.config.YuanpayConfig.basicParamSetting(java.util.Map<java.lang.String, java.lang.String>)	CtMethodImpl	public
com.yuansfer.payment.response.offline.SettleListResponse.getSize()	CtMethodImpl	public
com.yuansfer.payment.request.online.ProcessRequest.setTransactionNo(java.lang.String)	CtMethodImpl	public
com.yuansfer.payment.request.mobile.ExpressPayRequest.cardExpMonth	CtFieldReferenceImpl	private
com.yuansfer.payment.request.YuanpayRequest	CtClassImpl	public
com.yuansfer.payment.request.online.OnlineSecurepayRequest.setIpnUrl(java.lang.String)	CtMethodImpl	public
com.yuansfer.payment.response.offline.InstoreAddResponse	CtClassImpl	public
com.yuansfer.payment.utils.MapUrlUtils	CtClassImpl	public
com.yuansfer.payment.client.YuanpayV300Client.execute(com.yuansfer.payment.request.YuanpayRequest<T>)	CtMethodImpl	public
com.yuansfer.payment.request.offline.InstoreCashierAddRequest.getAPIUrl(java.lang.String)	CtMethodImpl	protected
com.yuansfer.payment.response.offline.InstoreAddResponse.setResult(net.sf.json.JSONObject)	CtMethodImpl	public
com.yuansfer.payment.request.auth.AuthFreezeRequest.outAuthDetailNo	CtFieldReferenceImpl	private
com.yuansfer.payment.response.dataSearch.RefundResponse.setResult(net.sf.json.JSONObject)	CtMethodImpl	public
com.yuansfer.payment.request.offline.InstoreAddRequest.currency	CtFieldReferenceImpl	private
com.yuansfer.payment.config.YuanpayConfig.setEnv(java.lang.String)	CtMethodImpl	public
com.yuansfer.payment.utils.Md5Utils.hash(java.lang.String)	CtMethodImpl	public
com.yuansfer.payment.request.dataSearch.TranQueryRequest.reference	CtFieldReferenceImpl	private
com.yuansfer.payment.request.mobile.ExpressPayRequest.setClientIp(java.lang.String)	CtMethodImpl	public
com.yuansfer.payment.response.dataSearch.RefundResponse	CtClassImpl	public
com.yuansfer.payment.request.auth.AuthCaptureRequest	CtClassImpl	public
com.yuansfer.payment.request.auth.AuthVoucherCreateRequest.setCurrency(java.lang.String)	CtMethodImpl	public
com.yuansfer.payment.request.YuanpayRequest.config	CtFieldReferenceImpl	protected
com.yuansfer.payment.request.offline.InstoreCashierAddRequest.amount	CtFieldReferenceImpl	private
com.yuansfer.payment.request.online.UpdateRecurringRequest.getAPIUrl(java.lang.String)	CtMethodImpl	protected
com.yuansfer.payment.config.YuanpayConfig	CtClassImpl	public
com.yuansfer.payment.request.payouts.PayoutsPayRequest.setSubject(java.lang.String)	CtMethodImpl	public
com.yuansfer.payment.response.dataSearch.TranQueryResponse()	CtConstructorImpl	public
com.yuansfer.payment.response.auth.AuthCaptureResponse.setResult(net.sf.json.JSONObject)	CtMethodImpl	public
com.yuansfer.payment.response.payouts.PayoutsInquiryResponse.getResult()	CtMethodImpl	public
com.yuansfer.payment.request.online.OnlineSecurepayRequest.ipnUrl	CtFieldReferenceImpl	private
com.yuansfer.payment.request.offline.InstoreCreateTranQrcodeRequest.vendor	CtFieldReferenceImpl	private
com.yuansfer.payment.request.offline.ThirdpartAcquireCreateRequest.setReference(java.lang.String)	CtMethodImpl	public
com.yuansfer.payment.request.dataSearch.TranQueryRequest.setTransactionNo(java.lang.String)	CtMethodImpl	public
com.yuansfer.payment.request.payouts.PayoutsPayRequest.amount	CtFieldReferenceImpl	private
com.yuansfer.payment.request.auth.AuthCaptureRequest.getAmount()	CtMethodImpl	public
com.yuansfer.payment.request.RequestBody.setParams(java.util.Map<java.lang.String, java.lang.String>)	CtMethodImpl	public
com.yuansfer.payment.request.offline.InstoreAddRequest.amount	CtFieldReferenceImpl	private
com.yuansfer.payment.request.auth.AuthFreezeRequest.setAmount(java.lang.String)	CtMethodImpl	public
com.yuansfer.payment.request.offline.ThirdpartAcquireCreateRequest.ipnUrl	CtFieldReferenceImpl	private
com.yuansfer.payment.response.mobile.ExpressPayResponse()	CtConstructorImpl	public
com.yuansfer.payment.request.recurring.AutoPayRequest.convertResponse(java.lang.String)	CtMethodImpl	public
com.yuansfer.payment.request.dataSearch.RefundRequest.currency	CtFieldReferenceImpl	private
com.yuansfer.payment.request.offline.InstoreCashierAddRequest.reference	CtFieldReferenceImpl	private
com.yuansfer.payment.request.offline.InstoreCashierAddRequest.getReference()	CtMethodImpl	public
com.yuansfer.payment.request.auth.AuthFreezeRequest.setOutAuthDetailNo(java.lang.String)	CtMethodImpl	public
com.yuansfer.payment.request.dataSearch.RefundRequest.setTransactionNo(java.lang.String)	CtMethodImpl	public
com.yuansfer.payment.request.offline.InstoreCreateTranQrcodeRequest.getAmount()	CtMethodImpl	public
com.yuansfer.payment.request.dataSearch.ReverseRequest.setReference(java.lang.String)	CtMethodImpl	public
com.yuansfer.payment.request.auth.AuthDetailQueryRequest.convertResponse(java.lang.String)	CtMethodImpl	public
com.yuansfer.payment.utils.ReflectUtils	CtClassImpl	public
com.yuansfer.payment.request.offline.ThirdpartAcquireCreateRequest.description	CtFieldReferenceImpl	private
com.yuansfer.payment.request.offline.InstorePrepayRequest	CtClassImpl	public
com.yuansfer.payment.request.payouts.PayoutsPayRequest.getCurrency()	CtMethodImpl	public
com.yuansfer.payment.request.offline.ThirdpartAcquireCreateRequest.setIpnUrl(java.lang.String)	CtMethodImpl	public
com.yuansfer.payment.request.dataSearch.RefundRequest.setReference(java.lang.String)	CtMethodImpl	public
com.yuansfer.payment.request.online.ProcessRequest()	CtConstructorImpl	public
com.yuansfer.payment.request.online.OnlineSecurepayRequest.setGoodsInfo(java.lang.String)	CtMethodImpl	public
com.yuansfer.payment.request.payouts.PayoutsPayRequest.vendor	CtFieldReferenceImpl	private
com.yuansfer.payment.request.auth.AuthVoucherCreateRequest.getOutAuthInfoNo()	CtMethodImpl	public
com.yuansfer.payment.request.payouts.PayoutsPayRequest.customerNo	CtFieldReferenceImpl	private
com.yuansfer.payment.response.offline.InstoreCashierAddResponse.setResult(net.sf.json.JSONObject)	CtMethodImpl	public
com.yuansfer.payment.request.recurring.AutoPayRequest.getReference()	CtMethodImpl	public
com.yuansfer.payment.request.online.OnlineSecurepayRequest.getGoodsInfo()	CtMethodImpl	public
com.yuansfer.payment.request.offline.ThirdpartAcquireCreateRequest.getIpnUrl()	CtMethodImpl	public
com.yuansfer.payment.request.offline.InstorePrepayRequest.transactionNo	CtFieldReferenceImpl	private
com.yuansfer.payment.request.auth.AuthDetailQueryRequest.getAuthDetailNo()	CtMethodImpl	public
com.yuansfer.payment.request.mobile.MobilePrepayRequest()	CtConstructorImpl	public
com.yuansfer.payment.request.payouts.PayoutsPayRequest.note	CtFieldReferenceImpl	private
com.yuansfer.payment.config.YuanpayConfig.getMerGroupNo()	CtMethodImpl	public
com.yuansfer.payment.request.offline.InstoreAddRequest.getSettleCurrency()	CtMethodImpl	public
com.yuansfer.payment.request.online.OnlineSecurepayRequest.convertResponse(java.lang.String)	CtMethodImpl	public
com.yuansfer.payment.response.recurring.AutoPayResponse.setResult(net.sf.json.JSONObject)	CtMethodImpl	public
com.yuansfer.payment.request.auth.AuthUnfreezeRequest.currency	CtFieldReferenceImpl	private
com.yuansfer.payment.request.offline.InstoreCreateTranQrcodeRequest.needQrcode	CtFieldReferenceImpl	private
com.yuansfer.payment.response.YuanpayResponse.setRetMsg(java.lang.String)	CtMethodImpl	public
com.yuansfer.payment.request.offline.ThirdpartAcquireCreateRequest.setRmbAmount(java.lang.String)	CtMethodImpl	public
com.yuansfer.payment.request.payouts.PayoutsPayRequest.convertResponse(java.lang.String)	CtMethodImpl	public
com.yuansfer.payment.response.online.ProcessResponse.getResult()	CtMethodImpl	public
com.yuansfer.payment.request.auth.AuthFreezeRequest.getVendor()	CtMethodImpl	public
com.yuansfer.payment.request.payouts.PayoutsPayRequest.getSubject()	CtMethodImpl	public
com.yuansfer.payment.request.offline.InstoreAddRequest.getReference()	CtMethodImpl	public
com.yuansfer.payment.request.auth.AuthFreezeRequest.getAuthIpnUrl()	CtMethodImpl	public
com.yuansfer.payment.response.dataSearch.ReverseResponse.result	CtFieldReferenceImpl	private
javax.net.ssl.SSLSocketFactory.theFactory	CtFieldReferenceImpl	private
com.yuansfer.payment.utils.HTTPSSocketFactory	CtClassImpl	public
com.yuansfer.payment.request.mobile.MobilePrepayRequest.dataValidate()	CtMethodImpl	protected
com.yuansfer.payment.response.online.UpdateRecurringResponse.serialVersionUID	CtFieldReferenceImpl	private
com.yuansfer.payment.response.online.UpdateRecurringResponse()	CtConstructorImpl	public
com.yuansfer.payment.utils.OkHttpUtils.doJsonPost(java.lang.String,java.lang.String)	CtMethodImpl	public
com.yuansfer.payment.request.mobile.MobilePrepayRequest.convertResponse(java.lang.String)	CtMethodImpl	public
com.yuansfer.payment.request.mobile.ExpressPayRequest.setCurrency(java.lang.String)	CtMethodImpl	public
com.yuansfer.payment.request.dataSearch.ReverseRequest.getReference()	CtMethodImpl	public
com.yuansfer.payment.request.auth.AuthVoucherCreateRequest.outAuthInfoNo	CtFieldReferenceImpl	private
com.yuansfer.payment.request.recurring.RevokeRequest.autoDebitNo	CtFieldReferenceImpl	private
com.yuansfer.payment.response.mobile.ExpressPayResponse.getResult()	CtMethodImpl	public
com.yuansfer.payment.response.offline.InstoreCashierAddResponse	CtClassImpl	public
com.yuansfer.payment.request.online.ProcessRequest	CtClassImpl	public
com.yuansfer.payment.request.recurring.ApplyTokenRequest.setGrantType(java.lang.String)	CtMethodImpl	public
com.yuansfer.payment.response.auth.AuthFreezeResponse	CtClassImpl	public
com.yuansfer.payment.response.recurring.ConsultResponse	CtClassImpl	public
com.yuansfer.payment.request.offline.ThirdpartAcquireCreateRequest.setDescription(java.lang.String)	CtMethodImpl	public
com.yuansfer.payment.request.recurring.RevokeRequest.convertResponse(java.lang.String)	CtMethodImpl	public
com.yuansfer.payment.request.offline.InstorePrepayRequest.setVendor(java.lang.String)	CtMethodImpl	public
com.yuansfer.payment.response.payouts.PayoutsPayResponse()	CtConstructorImpl	public
com.yuansfer.payment.utils.HTTPSSocketFactory.createSocket(java.lang.String,int,java.net.InetAddress,int)	CtMethodImpl	public
com.yuansfer.payment.request.offline.InstoreAddRequest.reference	CtFieldReferenceImpl	private
com.yuansfer.payment.request.auth.AuthVoucherCreateRequest.getOutAuthDetailNo()	CtMethodImpl	public
com.yuansfer.payment.response.mobile.MobilePrepayResponse()	CtConstructorImpl	public
com.yuansfer.payment.request.mobile.MobilePrepayRequest.setCurrency(java.lang.String)	CtMethodImpl	public
com.yuansfer.payment.request.recurring.AutoPayRequest.ipnUrl	CtFieldReferenceImpl	private
com.yuansfer.payment.request.mobile.ExpressPayRequest.getAmount()	CtMethodImpl	public
com.yuansfer.payment.response.recurring.ConsultResponse.serialVersionUID	CtFieldReferenceImpl	private
com.yuansfer.payment.request.auth.AuthUnfreezeRequest.outAuthInfoNo	CtFieldReferenceImpl	private
com.yuansfer.payment.request.offline.ThirdpartAcquireCreateRequest.getRmbAmount()	CtMethodImpl	public
com.yuansfer.payment.request.online.OnlineSecurepayRequest.terminal	CtFieldReferenceImpl	private
com.yuansfer.payment.response.online.OnlineSecurepayResponse.getResult()	CtMethodImpl	public
com.yuansfer.payment.config.YuanpayConfig.storeAdminNo	CtFieldReferenceImpl	private
com.yuansfer.payment.request.auth.AuthFreezeRequest.getOutAuthInfoNo()	CtMethodImpl	public
com.yuansfer.payment.request.offline.ThirdpartAcquireCreateRequest.setAmount(java.lang.String)	CtMethodImpl	public
com.yuansfer.payment.response.payouts.PayoutsPayResponse.getResult()	CtMethodImpl	public
com.yuansfer.payment.request.recurring.AutoPayRequest.amount	CtFieldReferenceImpl	private
com.yuansfer.payment.request.payouts.PayoutsPayRequest.getAPIUrl(java.lang.String)	CtMethodImpl	protected
com.yuansfer.payment.request.mobile.ExpressPayRequest.dataValidate()	CtMethodImpl	protected
com.yuansfer.payment.request.mobile.MobilePrepayRequest.getOpenid()	CtMethodImpl	public
com.yuansfer.payment.request.offline.InstoreCreateTranQrcodeRequest.setTimeout(java.lang.Integer)	CtMethodImpl	public
com.yuansfer.payment.request.auth.AuthCaptureRequest.getSettleCurrency()	CtMethodImpl	public
com.yuansfer.payment.request.online.OnlineSecurepayRequest.getAmount()	CtMethodImpl	public
com.yuansfer.payment.request.offline.InstoreAddRequest.setReference(java.lang.String)	CtMethodImpl	public
com.yuansfer.payment.request.online.OnlineSecurepayRequest.setCurrency(java.lang.String)	CtMethodImpl	public
com.yuansfer.payment.request.dataSearch.RefundRequest.getTransactionNo()	CtMethodImpl	public
com.yuansfer.payment.request.offline.InstoreCreateTranQrcodeRequest.settleCurrency	CtFieldReferenceImpl	private
com.yuansfer.payment.request.recurring.ConsultRequest.terminal	CtFieldReferenceImpl	private
com.yuansfer.payment.request.YuanpayRequest.initRequestBody(com.yuansfer.payment.config.YuanpayConfig)	CtMethodImpl	public
com.yuansfer.payment.request.recurring.ConsultRequest.getOsVersion()	CtMethodImpl	public
com.yuansfer.payment.request.offline.InstoreCreateTranQrcodeRequest.setCurrency(java.lang.String)	CtMethodImpl	public
com.yuansfer.payment.request.payouts.PayoutsInquiryRequest.dataValidate()	CtMethodImpl	protected
com.yuansfer.payment.request.auth.AuthUnfreezeRequest.getOutAuthInfoNo()	CtMethodImpl	public
com.yuansfer.payment.request.payouts.PayoutsPayRequest.getNote()	CtMethodImpl	public
com.yuansfer.payment.response.offline.ThirdpartAcquireCreateResponse.getResult()	CtMethodImpl	public
com.yuansfer.payment.request.recurring.RevokeRequest.getAPIUrl(java.lang.String)	CtMethodImpl	protected
com.yuansfer.payment.request.offline.InstoreAddRequest.getAmount()	CtMethodImpl	public
com.yuansfer.payment.client.YuanpayV300Client.logger	CtFieldReferenceImpl	private
com.yuansfer.payment.request.dataSearch.ReverseRequest.reference	CtFieldReferenceImpl	private
com.yuansfer.payment.request.auth.AuthVoucherCreateRequest.getVendor()	CtMethodImpl	public
com.yuansfer.payment.request.online.OnlineSecurepayRequest.getSettleCurrency()	CtMethodImpl	public
com.yuansfer.payment.request.dataSearch.RefundRequest.setCurrency(java.lang.String)	CtMethodImpl	public
com.yuansfer.payment.request.recurring.ConsultRequest.setOsVersion(java.lang.String)	CtMethodImpl	public
com.yuansfer.payment.request.offline.InstoreCashierAddRequest.getIpnUrl()	CtMethodImpl	public
com.yuansfer.payment.request.mobile.ExpressPayRequest.clientIp	CtFieldReferenceImpl	private
com.yuansfer.payment.request.auth.AuthUnfreezeRequest.getAPIUrl(java.lang.String)	CtMethodImpl	protected
com.yuansfer.payment.request.auth.AuthFreezeRequest.settleCurrency	CtFieldReferenceImpl	private
com.yuansfer.payment.request.recurring.RevokeRequest.dataValidate()	CtMethodImpl	protected
com.yuansfer.payment.response.auth.AuthFreezeResponse.serialVersionUID	CtFieldReferenceImpl	private
com.yuansfer.payment.utils.HTTPSSocketFactory.sslSocketFactory	CtFieldReferenceImpl	private
com.yuansfer.payment.request.offline.InstoreCreateTranQrcodeRequest.setReference(java.lang.String)	CtMethodImpl	public
com.yuansfer.payment.request.offline.ThirdpartAcquireCreateRequest.note	CtFieldReferenceImpl	private
com.yuansfer.payment.request.payouts.PayoutsPayRequest.getVendor()	CtMethodImpl	public
com.yuansfer.payment.request.online.OnlineSecurepayRequest.setAmount(java.lang.String)	CtMethodImpl	public
com.yuansfer.payment.response.auth.AuthVoucherCreateResponse	CtClassImpl	public
com.yuansfer.payment.request.mobile.ExpressPayRequest.setCardNumber(java.lang.String)	CtMethodImpl	public
com.yuansfer.payment.request.auth.AuthDetailQueryRequest.setOutAuthInfoNo(java.lang.String)	CtMethodImpl	public
com.yuansfer.payment.request.online.OnlineSecurepayRequest.getCallbackUrl()	CtMethodImpl	public
com.yuansfer.payment.request.recurring.AutoPayRequest.getCurrency()	CtMethodImpl	public
com.yuansfer.payment.request.auth.AuthFreezeRequest.outAuthInfoNo	CtFieldReferenceImpl	private
com.yuansfer.payment.request.recurring.ConsultRequest.getAutoIpnUrl()	CtMethodImpl	public
com.yuansfer.payment.request.recurring.AutoPayRequest.autoDebitNo	CtFieldReferenceImpl	private
com.yuansfer.payment.request.auth.AuthFreezeRequest.authIpnUrl	CtFieldReferenceImpl	private
com.yuansfer.payment.request.auth.AuthFreezeRequest.getCurrency()	CtMethodImpl	public
com.yuansfer.payment.response.dataSearch.RefundResponse.result	CtFieldReferenceImpl	private
com.yuansfer.payment.response.payouts.PayoutsInquiryResponse	CtClassImpl	public
com.yuansfer.payment.request.auth.AuthDetailQueryRequest.authInfoNo	CtFieldReferenceImpl	private
com.yuansfer.payment.request.offline.ThirdpartAcquireCreateRequest.amount	CtFieldReferenceImpl	private
com.yuansfer.payment.request.online.OnlineSecurepayRequest.getTimeout()	CtMethodImpl	public
com.yuansfer.payment.request.online.OnlineSecurepayRequest.setFrequency(java.lang.Integer)	CtMethodImpl	public
com.yuansfer.payment.request.auth.AuthFreezeRequest()	CtConstructorImpl	public
com.yuansfer.payment.request.auth.AuthUnfreezeRequest.convertResponse(java.lang.String)	CtMethodImpl	public
com.yuansfer.payment.response.offline.InstoreCreateTranQrcodeResponse.getResult()	CtMethodImpl	public
com.yuansfer.payment.utils.OkHttpUtils.respStr(okhttp3.Request)	CtMethodImpl	private
com.yuansfer.payment.response.YuanpayResponse.setRetCode(java.lang.String)	CtMethodImpl	public
com.yuansfer.payment.config.YuanpayConfig.token	CtFieldReferenceImpl	private
com.yuansfer.payment.response.offline.ThirdpartAcquireCreateResponse.setResult(net.sf.json.JSONObject)	CtMethodImpl	public
com.yuansfer.payment.response.online.OnlineSecurepayResponse	CtClassImpl	public
com.yuansfer.payment.utils.MapUrlUtils.serialVersionUID	CtFieldReferenceImpl	private
com.yuansfer.payment.enums.EnviromentEnums.value	CtFieldReferenceImpl	private
com.yuansfer.payment.utils.HTTPSSocketFactory.getDefaultCipherSuites()	CtMethodImpl	public
com.yuansfer.payment.request.auth.AuthUnfreezeRequest.setUnfreezeAmount(java.lang.String)	CtMethodImpl	public
com.yuansfer.payment.response.recurring.RevokeResponse()	CtConstructorImpl	public
com.yuansfer.payment.request.dataSearch.TranQueryRequest	CtClassImpl	public
com.yuansfer.payment.response.YuanpayResponse.SUCCESS_CODE	CtFieldReferenceImpl	public
com.yuansfer.payment.request.auth.AuthFreezeRequest.note	CtFieldReferenceImpl	private
com.yuansfer.payment.request.auth.AuthFreezeRequest.paymentBarcode	CtFieldReferenceImpl	private
com.yuansfer.payment.request.auth.AuthUnfreezeRequest.authIpnUrl	CtFieldReferenceImpl	private
com.yuansfer.payment.request.online.OnlineSecurepayRequest.getNote()	CtMethodImpl	public
com.yuansfer.payment.request.auth.AuthUnfreezeRequest()	CtConstructorImpl	public
com.yuansfer.payment.request.offline.ThirdpartAcquireCreateRequest.setTimeout(java.lang.Integer)	CtMethodImpl	public
com.yuansfer.payment.request.YuanpayRequest.convertToRequestParam()	CtMethodImpl	protected
com.yuansfer.payment.request.offline.InstoreCashierAddRequest.ipnUrl	CtFieldReferenceImpl	private
com.yuansfer.payment.request.offline.ThirdpartAcquireCreateRequest.getNote()	CtMethodImpl	public
com.yuansfer.payment.utils.Md5Utils.cryptHash(java.lang.String)	CtMethodImpl	public
com.yuansfer.payment.response.auth.AuthUnfreezeResponse()	CtConstructorImpl	public
com.yuansfer.payment.request.dataSearch.RefundRequest.transactionNo	CtFieldReferenceImpl	private
com.yuansfer.payment.response.YuanpayResponse.retMsg	CtFieldReferenceImpl	private
com.yuansfer.payment.enums.EnviromentEnums	CtEnumImpl	public
com.yuansfer.payment.request.online.OnlineSecurepayRequest.timeout	CtFieldReferenceImpl	private
com.yuansfer.payment.request.online.UpdateRecurringRequest.setStatus(java.lang.String)	CtMethodImpl	public
com.yuansfer.payment.response.offline.InstorePrepayResponse.getResult()	CtMethodImpl	public
com.yuansfer.payment.request.online.UpdateRecurringRequest.getPaymentCount()	CtMethodImpl	public
com.yuansfer.payment.request.offline.ThirdpartAcquireCreateRequest.reference	CtFieldReferenceImpl	private
com.yuansfer.payment.request.auth.AuthVoucherCreateRequest.outAuthDetailNo	CtFieldReferenceImpl	private
com.yuansfer.payment.response.auth.AuthFreezeResponse.setResult(net.sf.json.JSONObject)	CtMethodImpl	public
com.yuansfer.payment.request.auth.AuthCaptureRequest.getAPIUrl(java.lang.String)	CtMethodImpl	protected
com.yuansfer.payment.response.recurring.RevokeResponse.serialVersionUID	CtFieldReferenceImpl	private
com.yuansfer.payment.request.mobile.ExpressPayRequest.amount	CtFieldReferenceImpl	private
com.yuansfer.payment.request.mobile.ExpressPayRequest.getReference()	CtMethodImpl	public
com.yuansfer.payment.request.offline.InstorePrepayRequest.getVendor()	CtMethodImpl	public
com.yuansfer.payment.utils.ReflectUtils.obj2map(T,java.util.List<java.lang.String>)	CtMethodImpl	public
com.yuansfer.payment.utils.OkHttpUtils	CtClassImpl	public
com.yuansfer.payment.request.ParamValidator.amountValidate(java.lang.String,java.lang.String)	CtMethodImpl	public
com.yuansfer.payment.response.offline.SettleListResponse.size	CtFieldReferenceImpl	private
com.yuansfer.payment.request.offline.InstoreCreateTranQrcodeRequest.setSettleCurrency(java.lang.String)	CtMethodImpl	public
com.yuansfer.payment.request.offline.InstoreCreateTranQrcodeRequest.getCurrency()	CtMethodImpl	public
com.yuansfer.payment.request.offline.InstoreCashierAddRequest.getAmount()	CtMethodImpl	public
com.yuansfer.payment.request.payouts.PayoutsInquiryRequest()	CtConstructorImpl	public
com.yuansfer.payment.request.payouts.PayoutsPayRequest.ipnUrl	CtFieldReferenceImpl	private
com.yuansfer.payment.request.auth.AuthVoucherCreateRequest.getAPIUrl(java.lang.String)	CtMethodImpl	protected
com.yuansfer.payment.request.payouts.PayoutsPayRequest.setInvoiceId(java.lang.String)	CtMethodImpl	public
com.yuansfer.payment.response.YuanpayResponse.FAIL_CODE	CtFieldReferenceImpl	public
com.yuansfer.payment.request.auth.AuthFreezeRequest.vendor	CtFieldReferenceImpl	private
com.yuansfer.payment.response.auth.AuthVoucherCreateResponse.result	CtFieldReferenceImpl	private
com.yuansfer.payment.request.YuanpayRequest.getUrlPrefix(java.lang.String)	CtMethodImpl	protected
com.yuansfer.payment.request.recurring.RevokeRequest.setAutoDebitNo(java.lang.String)	CtMethodImpl	public
com.yuansfer.payment.request.offline.InstorePrepayRequest.reference	CtFieldReferenceImpl	private
com.yuansfer.payment.request.dataSearch.TranQueryRequest.dataValidate()	CtMethodImpl	protected
com.yuansfer.payment.request.online.OnlineSecurepayRequest.goodsInfo	CtFieldReferenceImpl	private
com.yuansfer.payment.request.auth.AuthUnfreezeRequest.getAuthIpnUrl()	CtMethodImpl	public
com.yuansfer.payment.request.dataSearch.RefundRequest.dataValidate()	CtMethodImpl	protected
com.yuansfer.payment.response.mobile.ExpressPayResponse.result	CtFieldReferenceImpl	private
com.yuansfer.payment.response.dataSearch.TranQueryResponse.serialVersionUID	CtFieldReferenceImpl	private
com.yuansfer.payment.utils.JSONUtils.logger	CtFieldReferenceImpl	private
com.yuansfer.payment.request.dataSearch.RefundRequest.refundReference	CtFieldReferenceImpl	private
com.yuansfer.payment.request.recurring.ConsultRequest.autoIpnUrl	CtFieldReferenceImpl	private
com.yuansfer.payment.request.offline.InstoreAddRequest.setCurrency(java.lang.String)	CtMethodImpl	public
com.yuansfer.payment.request.recurring.ConsultRequest.setTerminal(java.lang.String)	CtMethodImpl	public
com.yuansfer.payment.request.auth.AuthDetailQueryRequest.authDetailNo	CtFieldReferenceImpl	private
com.yuansfer.payment.request.recurring.AutoPayRequest.getAutoDebitNo()	CtMethodImpl	public
com.yuansfer.payment.request.recurring.ConsultRequest.getAutoRedirectUrl()	CtMethodImpl	public
com.yuansfer.payment.request.mobile.ExpressPayRequest.setCardCvv(java.lang.String)	CtMethodImpl	public
com.yuansfer.payment.request.auth.AuthUnfreezeRequest.authInfoNo	CtFieldReferenceImpl	private
com.yuansfer.payment.request.offline.InstoreAddRequest.setAmount(java.lang.String)	CtMethodImpl	public
com.yuansfer.payment.response.offline.InstoreCashierAddResponse.serialVersionUID	CtFieldReferenceImpl	private
com.yuansfer.payment.client.YuanpayV300Client(com.yuansfer.payment.config.YuanpayConfig)	CtConstructorImpl	public
com.yuansfer.payment.request.online.OnlineSecurepayRequest.setCreditType(java.lang.String)	CtMethodImpl	public
com.yuansfer.payment.response.offline.InstoreAddResponse.result	CtFieldReferenceImpl	private
com.yuansfer.payment.response.offline.InstoreCreateTranQrcodeResponse.serialVersionUID	CtFieldReferenceImpl	private
com.yuansfer.payment.response.dataSearch.ReverseResponse.serialVersionUID	CtFieldReferenceImpl	private
com.yuansfer.payment.response.offline.InstorePrepayResponse	CtClassImpl	public
com.yuansfer.payment.response.recurring.ConsultResponse.result	CtFieldReferenceImpl	private
com.yuansfer.payment.response.payouts.PayoutsPayResponse.setResult(net.sf.json.JSONObject)	CtMethodImpl	public
com.yuansfer.payment.request.mobile.MobilePrepayRequest.terminal	CtFieldReferenceImpl	private
com.yuansfer.payment.utils.OkHttpUtils()	CtConstructorImpl	public
com.yuansfer.payment.response.auth.AuthVoucherCreateResponse.setResult(net.sf.json.JSONObject)	CtMethodImpl	public
com.yuansfer.payment.response.payouts.PayoutsPayResponse.result	CtFieldReferenceImpl	private
com.yuansfer.payment.response.auth.AuthUnfreezeResponse.result	CtFieldReferenceImpl	private
com.yuansfer.payment.response.recurring.ApplyTokenResponse.setResult(net.sf.json.JSONObject)	CtMethodImpl	public
com.yuansfer.payment.response.payouts.PayoutsInquiryResponse.serialVersionUID	CtFieldReferenceImpl	private
com.yuansfer.payment.response.online.OnlineSecurepayResponse.serialVersionUID	CtFieldReferenceImpl	private
com.yuansfer.payment.utils.OkHttpUtils.doGet(java.lang.String,java.util.Map<java.lang.String, java.lang.String>)	CtMethodImpl	public
com.yuansfer.payment.request.dataSearch.RefundRequest.convertResponse(java.lang.String)	CtMethodImpl	public
com.yuansfer.payment.request.auth.AuthCaptureRequest.settleCurrency	CtFieldReferenceImpl	private
com.yuansfer.payment.response.auth.AuthFreezeResponse.getResult()	CtMethodImpl	public
com.yuansfer.payment.request.auth.AuthDetailQueryRequest.setAuthDetailNo(java.lang.String)	CtMethodImpl	public
com.yuansfer.payment.request.payouts.PayoutsPayRequest.setLanguage(java.lang.String)	CtMethodImpl	public
com.yuansfer.payment.request.mobile.MobilePrepayRequest.getAPIUrl(java.lang.String)	CtMethodImpl	protected
com.yuansfer.payment.request.online.UpdateRecurringRequest.convertResponse(java.lang.String)	CtMethodImpl	public
com.yuansfer.payment.response.auth.AuthUnfreezeResponse	CtClassImpl	public
com.yuansfer.payment.request.online.ProcessRequest.dataValidate()	CtMethodImpl	protected
com.yuansfer.payment.request.offline.InstorePrepayRequest.getPaymentBarcode()	CtMethodImpl	public
com.yuansfer.payment.config.YuanpayConfig.setToken(java.lang.String)	CtMethodImpl	public
com.yuansfer.payment.request.auth.AuthFreezeRequest.setCurrency(java.lang.String)	CtMethodImpl	public
com.yuansfer.payment.response.mobile.MobilePrepayResponse	CtClassImpl	public
com.yuansfer.payment.request.auth.AuthCaptureRequest.setOutAuthDetailNo(java.lang.String)	CtMethodImpl	public
com.yuansfer.payment.request.auth.AuthFreezeRequest.getSettleCurrency()	CtMethodImpl	public
com.yuansfer.payment.request.mobile.ExpressPayRequest.getCardCvv()	CtMethodImpl	public
com.yuansfer.payment.request.ParamValidator	CtClassImpl	public
com.yuansfer.payment.request.recurring.ConsultRequest.autoRedirectUrl	CtFieldReferenceImpl	private
com.yuansfer.payment.request.offline.InstoreAddRequest.convertResponse(java.lang.String)	CtMethodImpl	public
com.yuansfer.payment.request.offline.InstoreCreateTranQrcodeRequest.setAmount(java.lang.String)	CtMethodImpl	public
com.yuansfer.payment.response.offline.InstoreAddResponse.getResult()	CtMethodImpl	public
com.yuansfer.payment.request.auth.AuthDetailQueryRequest.setOutAuthDetailNo(java.lang.String)	CtMethodImpl	public
com.yuansfer.payment.request.mobile.MobilePrepayRequest.setVendor(java.lang.String)	CtMethodImpl	public
com.yuansfer.payment.request.recurring.ConsultRequest.osVersion	CtFieldReferenceImpl	private
com.yuansfer.payment.request.auth.AuthCaptureRequest.currency	CtFieldReferenceImpl	private
com.yuansfer.payment.response.recurring.AutoPayResponse()	CtConstructorImpl	public
com.yuansfer.payment.request.auth.AuthVoucherCreateRequest.amount	CtFieldReferenceImpl	private
com.yuansfer.payment.request.mobile.MobilePrepayRequest.setSettleCurrency(java.lang.String)	CtMethodImpl	public
com.yuansfer.payment.response.recurring.RevokeResponse.getResult()	CtMethodImpl	public
com.yuansfer.payment.request.online.OnlineSecurepayRequest.setSettleCurrency(java.lang.String)	CtMethodImpl	public
com.yuansfer.payment.request.dataSearch.RefundRequest.refundAmount	CtFieldReferenceImpl	private
com.yuansfer.payment.request.auth.AuthCaptureRequest()	CtConstructorImpl	public
com.yuansfer.payment.request.auth.AuthFreezeRequest.amount	CtFieldReferenceImpl	private
com.yuansfer.payment.request.payouts.PayoutsPayRequest.setAmount(java.lang.String)	CtMethodImpl	public
com.yuansfer.payment.request.auth.AuthDetailQueryRequest()	CtConstructorImpl	public
com.yuansfer.payment.request.online.OnlineSecurepayRequest.note	CtFieldReferenceImpl	private
com.yuansfer.payment.response.offline.InstorePrepayResponse.serialVersionUID	CtFieldReferenceImpl	private
com.yuansfer.payment.request.auth.AuthUnfreezeRequest.setSettleCurrency(java.lang.String)	CtMethodImpl	public
com.yuansfer.payment.request.online.UpdateRecurringRequest.getStatus()	CtMethodImpl	public
com.yuansfer.payment.request.online.ProcessRequest.setPaymentMethodNonce(java.lang.String)	CtMethodImpl	public
com.yuansfer.payment.request.auth.AuthFreezeRequest	CtClassImpl	public
com.yuansfer.payment.response.payouts.PayoutsPayResponse.serialVersionUID	CtFieldReferenceImpl	private
com.yuansfer.payment.request.mobile.ExpressPayRequest.getAPIUrl(java.lang.String)	CtMethodImpl	protected
com.yuansfer.payment.request.auth.AuthFreezeRequest.setPaymentBarcode(java.lang.String)	CtMethodImpl	public
com.yuansfer.payment.response.auth.AuthDetailQueryResponse.getResult()	CtMethodImpl	public
com.yuansfer.payment.response.offline.InstoreCreateTranQrcodeResponse.setResult(net.sf.json.JSONObject)	CtMethodImpl	public
com.yuansfer.payment.request.offline.InstorePrepayRequest.paymentBarcode	CtFieldReferenceImpl	private
com.yuansfer.payment.config.YuanpayConfig.env	CtFieldReferenceImpl	private
com.yuansfer.payment.response.auth.AuthFreezeResponse.result	CtFieldReferenceImpl	private
com.yuansfer.payment.request.mobile.MobilePrepayRequest.description	CtFieldReferenceImpl	private
com.yuansfer.payment.request.auth.AuthCaptureRequest.getOutAuthDetailNo()	CtMethodImpl	public
com.yuansfer.payment.request.payouts.PayoutsPayRequest.setNote(java.lang.String)	CtMethodImpl	public
com.yuansfer.payment.client.YuanpayV300Client.yuanpayConfig	CtFieldReferenceImpl	private
com.yuansfer.payment.response.auth.AuthDetailQueryResponse	CtClassImpl	public
com.yuansfer.payment.request.mobile.ExpressPayRequest.settleCurrency	CtFieldReferenceImpl	private
com.yuansfer.payment.request.online.OnlineSecurepayRequest.setTimeout(java.lang.Integer)	CtMethodImpl	public
com.yuansfer.payment.config.YuanpayConfig.getMerGroupSwitch()	CtMethodImpl	public
com.yuansfer.payment.utils.HTTPSSocketFactory.getSupportedCipherSuites()	CtMethodImpl	public
com.yuansfer.payment.request.mobile.ExpressPayRequest.getCardNumber()	CtMethodImpl	public
com.yuansfer.payment.response.recurring.ApplyTokenResponse.serialVersionUID	CtFieldReferenceImpl	private
com.yuansfer.payment.config.YuanpayConfig.setMerGroupNo(java.lang.String)	CtMethodImpl	public
com.yuansfer.payment.request.online.ProcessRequest.getPaymentMethodNonce()	CtMethodImpl	public
com.yuansfer.payment.request.offline.ThirdpartAcquireCreateRequest.getVendor()	CtMethodImpl	public
com.yuansfer.payment.request.payouts.PayoutsPayRequest.getIpnUrl()	CtMethodImpl	public
com.yuansfer.payment.response.payouts.PayoutsPayResponse	CtClassImpl	public
com.yuansfer.payment.request.online.ProcessRequest.paymentMethodNonce	CtFieldReferenceImpl	private
com.yuansfer.payment.request.auth.AuthDetailQueryRequest.getAPIUrl(java.lang.String)	CtMethodImpl	protected
com.yuansfer.payment.request.offline.InstoreAddRequest	CtClassImpl	public
com.yuansfer.payment.response.mobile.ExpressPayResponse.setResult(net.sf.json.JSONObject)	CtMethodImpl	public
com.yuansfer.payment.request.online.OnlineSecurepayRequest.getPaymentCount()	CtMethodImpl	public
com.yuansfer.payment.response.dataSearch.ReverseResponse.getResult()	CtMethodImpl	public
com.yuansfer.payment.config.YuanpayConfig.merchantNo	CtFieldReferenceImpl	private
com.yuansfer.payment.request.online.OnlineSecurepayRequest.getFrequency()	CtMethodImpl	public
com.yuansfer.payment.request.payouts.PayoutsPayRequest.setIpnUrl(java.lang.String)	CtMethodImpl	public
com.yuansfer.payment.request.online.UpdateRecurringRequest	CtClassImpl	public
com.yuansfer.payment.utils.ReflectUtils.serialVersionUID	CtFieldReferenceImpl	private
com.yuansfer.payment.request.auth.AuthDetailQueryRequest	CtClassImpl	public
com.yuansfer.payment.response.online.OnlineSecurepayResponse.result	CtFieldReferenceImpl	private
javax.net.SocketFactory.theFactory	CtFieldReferenceImpl	private
com.yuansfer.payment.request.auth.AuthUnfreezeRequest.setOutAuthInfoNo(java.lang.String)	CtMethodImpl	public
com.yuansfer.payment.request.mobile.ExpressPayRequest.setSettleCurrency(java.lang.String)	CtMethodImpl	public
com.yuansfer.payment.request.recurring.ApplyTokenRequest	CtClassImpl	public
com.yuansfer.payment.request.mobile.MobilePrepayRequest.setIpnUrl(java.lang.String)	CtMethodImpl	public
com.yuansfer.payment.request.offline.InstorePrepayRequest.setTransactionNo(java.lang.String)	CtMethodImpl	public
com.yuansfer.payment.request.offline.ThirdpartAcquireCreateRequest.setNote(java.lang.String)	CtMethodImpl	public
com.yuansfer.payment.request.recurring.ApplyTokenRequest.setAutoDebitNo(java.lang.String)	CtMethodImpl	public
com.yuansfer.payment.response.offline.ThirdpartAcquireCreateResponse.serialVersionUID	CtFieldReferenceImpl	private
com.yuansfer.payment.request.auth.AuthFreezeRequest.setOutAuthInfoNo(java.lang.String)	CtMethodImpl	public
com.yuansfer.payment.request.recurring.ConsultRequest	CtClassImpl	public
com.yuansfer.payment.request.recurring.ApplyTokenRequest.grantType	CtFieldReferenceImpl	private
com.yuansfer.payment.request.offline.ThirdpartAcquireCreateRequest.setAlipayUserId(java.lang.String)	CtMethodImpl	public
com.yuansfer.payment.response.dataSearch.RefundResponse.serialVersionUID	CtFieldReferenceImpl	private
com.yuansfer.payment.request.auth.AuthCaptureRequest.convertResponse(java.lang.String)	CtMethodImpl	public
com.yuansfer.payment.request.recurring.ConsultRequest.getTerminal()	CtMethodImpl	public
com.yuansfer.payment.response.dataSearch.RefundResponse.getResult()	CtMethodImpl	public
com.yuansfer.payment.request.auth.AuthCaptureRequest.outAuthDetailNo	CtFieldReferenceImpl	private
com.yuansfer.payment.response.recurring.ConsultResponse()	CtConstructorImpl	public
com.yuansfer.payment.request.auth.AuthCaptureRequest.setOutAuthInfoNo(java.lang.String)	CtMethodImpl	public
com.yuansfer.payment.request.mobile.ExpressPayRequest.convertResponse(java.lang.String)	CtMethodImpl	public
com.yuansfer.payment.request.RequestBody.url	CtFieldReferenceImpl	private
com.yuansfer.payment.request.auth.AuthDetailQueryRequest.outAuthInfoNo	CtFieldReferenceImpl	private
com.yuansfer.payment.request.auth.AuthDetailQueryRequest.getOutAuthInfoNo()	CtMethodImpl	public
com.yuansfer.payment.response.offline.ThirdpartAcquireCreateResponse.result	CtFieldReferenceImpl	private
com.yuansfer.payment.request.RequestBody.setUrl(java.lang.String)	CtMethodImpl	public
com.yuansfer.payment.config.YuanpayConfig.serialVersionUID	CtFieldReferenceImpl	private
com.yuansfer.payment.request.auth.AuthCaptureRequest.getAuthInfoNo()	CtMethodImpl	public
com.yuansfer.payment.request.recurring.ApplyTokenRequest.getAutoDebitNo()	CtMethodImpl	public
com.yuansfer.payment.enums.EnviromentEnums.getValue()	CtMethodImpl	public
com.yuansfer.payment.request.offline.ThirdpartAcquireCreateRequest	CtClassImpl	public
com.yuansfer.payment.request.dataSearch.ReverseRequest.setTransactionNo(java.lang.String)	CtMethodImpl	public
com.yuansfer.payment.request.auth.AuthVoucherCreateRequest.currency	CtFieldReferenceImpl	private
com.yuansfer.payment.request.recurring.AutoPayRequest.setSettleCurrency(java.lang.String)	CtMethodImpl	public
com.yuansfer.payment.request.auth.AuthUnfreezeRequest.setAuthIpnUrl(java.lang.String)	CtMethodImpl	public
com.yuansfer.payment.request.dataSearch.RefundRequest.getSettleCurrency()	CtMethodImpl	public
com.yuansfer.payment.request.offline.InstorePrepayRequest()	CtConstructorImpl	public
com.yuansfer.payment.request.payouts.PayoutsPayRequest.getAmount()	CtMethodImpl	public
com.yuansfer.payment.request.auth.AuthUnfreezeRequest.unfreezeAmount	CtFieldReferenceImpl	private
com.yuansfer.payment.request.offline.InstoreCreateTranQrcodeRequest.getVendor()	CtMethodImpl	public
com.yuansfer.payment.request.online.OnlineSecurepayRequest.callbackUrl	CtFieldReferenceImpl	private
com.yuansfer.payment.request.recurring.ConsultRequest()	CtConstructorImpl	public
com.yuansfer.payment.request.payouts.PayoutsPayRequest.receiverType	CtFieldReferenceImpl	private
com.yuansfer.payment.response.recurring.ApplyTokenResponse	CtClassImpl	public
com.yuansfer.payment.request.offline.InstoreCreateTranQrcodeRequest.setVendor(java.lang.String)	CtMethodImpl	public
com.yuansfer.payment.request.dataSearch.RefundRequest.setRefundAmount(java.lang.String)	CtMethodImpl	public
com.yuansfer.payment.request.RequestBody.getParams()	CtMethodImpl	public
com.yuansfer.payment.request.mobile.MobilePrepayRequest.currency	CtFieldReferenceImpl	private
com.yuansfer.payment.request.auth.AuthCaptureRequest.setSettleCurrency(java.lang.String)	CtMethodImpl	public
com.yuansfer.payment.request.dataSearch.RefundRequest.settleCurrency	CtFieldReferenceImpl	private
com.yuansfer.payment.response.recurring.RevokeResponse.result	CtFieldReferenceImpl	private
com.yuansfer.payment.request.payouts.PayoutsInquiryRequest.getInvoiceId()	CtMethodImpl	public
com.yuansfer.payment.request.auth.AuthUnfreezeRequest.getOutAuthDetailNo()	CtMethodImpl	public
com.yuansfer.payment.request.online.OnlineSecurepayRequest.currency	CtFieldReferenceImpl	private
com.yuansfer.payment.request.dataSearch.TranQueryRequest.getReference()	CtMethodImpl	public
com.yuansfer.payment.response.offline.ThirdpartAcquireCreateResponse()	CtConstructorImpl	public
com.yuansfer.payment.request.auth.AuthUnfreezeRequest.getCurrency()	CtMethodImpl	public
com.yuansfer.payment.request.auth.AuthFreezeRequest.dataValidate()	CtMethodImpl	protected
com.yuansfer.payment.enums.EnviromentEnums(java.lang.String)	CtConstructorImpl	private
com.yuansfer.payment.request.recurring.AutoPayRequest.getIpnUrl()	CtMethodImpl	public
com.yuansfer.payment.response.recurring.ApplyTokenResponse()	CtConstructorImpl	public
com.yuansfer.payment.request.mobile.MobilePrepayRequest.note	CtFieldReferenceImpl	private
com.yuansfer.payment.config.YuanpayConfig.basicValidate()	CtMethodImpl	public
com.yuansfer.payment.request.recurring.ConsultRequest.getVendor()	CtMethodImpl	public
com.yuansfer.payment.enums.EnviromentEnums.setValue(java.lang.String)	CtMethodImpl	public
com.yuansfer.payment.response.dataSearch.ReverseResponse.setResult(net.sf.json.JSONObject)	CtMethodImpl	public
com.yuansfer.payment.request.recurring.AutoPayRequest.settleCurrency	CtFieldReferenceImpl	private
com.yuansfer.payment.request.offline.ThirdpartAcquireCreateRequest()	CtConstructorImpl	public
com.yuansfer.payment.response.payouts.PayoutsInquiryResponse()	CtConstructorImpl	public
com.yuansfer.payment.utils.HTTPSSocketFactory(javax.net.ssl.X509TrustManager)	CtConstructorImpl	public
com.yuansfer.payment.request.recurring.ApplyTokenRequest.getAPIUrl(java.lang.String)	CtMethodImpl	protected
com.yuansfer.payment.request.offline.InstoreAddRequest.settleCurrency	CtFieldReferenceImpl	private
com.yuansfer.payment.request.recurring.ConsultRequest.autoReference	CtFieldReferenceImpl	private
com.yuansfer.payment.request.payouts.PayoutsPayRequest.description	CtFieldReferenceImpl	private
com.yuansfer.payment.request.dataSearch.RefundRequest.getRefundReference()	CtMethodImpl	public
com.yuansfer.payment.utils.Md5Utils.serialVersionUID	CtFieldReferenceImpl	private
com.yuansfer.payment.config.YuanpayConfig.setStoreNo(java.lang.String)	CtMethodImpl	public
com.yuansfer.payment.response.YuanpayResponse()	CtConstructorImpl	public
com.yuansfer.payment.request.recurring.AutoPayRequest()	CtConstructorImpl	public
com.yuansfer.payment.request.payouts.PayoutsPayRequest.receiver	CtFieldReferenceImpl	private
com.yuansfer.payment.request.auth.AuthFreezeRequest.getPaymentBarcode()	CtMethodImpl	public
com.yuansfer.payment.request.offline.InstoreCreateTranQrcodeRequest.getTimeout()	CtMethodImpl	public
com.yuansfer.payment.request.online.OnlineSecurepayRequest.osType	CtFieldReferenceImpl	private
com.yuansfer.payment.request.online.OnlineSecurepayRequest.setDescription(java.lang.String)	CtMethodImpl	public
com.yuansfer.payment.request.ParamValidator.numberValidate(java.lang.String,java.lang.String)	CtMethodImpl	public
com.yuansfer.payment.request.mobile.ExpressPayRequest.currency	CtFieldReferenceImpl	private
com.yuansfer.payment.request.dataSearch.ReverseRequest()	CtConstructorImpl	public
com.yuansfer.payment.request.payouts.PayoutsInquiryRequest.invoiceId	CtFieldReferenceImpl	private
com.yuansfer.payment.request.recurring.ConsultRequest.getOsType()	CtMethodImpl	public
com.yuansfer.payment.request.payouts.PayoutsPayRequest.setDescription(java.lang.String)	CtMethodImpl	public
com.yuansfer.payment.response.recurring.ApplyTokenResponse.result	CtFieldReferenceImpl	private
com.yuansfer.payment.request.online.ProcessRequest.setPaymentMethod(java.lang.String)	CtMethodImpl	public
com.yuansfer.payment.request.mobile.ExpressPayRequest.getClientIp()	CtMethodImpl	public
com.yuansfer.payment.request.online.OnlineSecurepayRequest.getCurrency()	CtMethodImpl	public
com.yuansfer.payment.request.auth.AuthVoucherCreateRequest.convertResponse(java.lang.String)	CtMethodImpl	public
com.yuansfer.payment.request.mobile.ExpressPayRequest()	CtConstructorImpl	public
com.yuansfer.payment.request.auth.AuthVoucherCreateRequest.setVendor(java.lang.String)	CtMethodImpl	public
com.yuansfer.payment.response.recurring.RevokeResponse.setResult(net.sf.json.JSONObject)	CtMethodImpl	public
com.yuansfer.payment.request.payouts.PayoutsInquiryRequest	CtClassImpl	public
com.yuansfer.payment.request.auth.AuthVoucherCreateRequest.setOutAuthInfoNo(java.lang.String)	CtMethodImpl	public
com.yuansfer.payment.request.auth.AuthDetailQueryRequest.dataValidate()	CtMethodImpl	protected
com.yuansfer.payment.request.online.ProcessRequest.transactionNo	CtFieldReferenceImpl	private
com.yuansfer.payment.request.payouts.PayoutsInquiryRequest.setInvoiceId(java.lang.String)	CtMethodImpl	public
com.yuansfer.payment.request.dataSearch.ReverseRequest.convertResponse(java.lang.String)	CtMethodImpl	public
com.yuansfer.payment.request.recurring.ConsultRequest.setAutoIpnUrl(java.lang.String)	CtMethodImpl	public
com.yuansfer.payment.utils.HTTPSSocketFactory.setSocket(javax.net.ssl.SSLSocket,java.net.InetAddress)	CtMethodImpl	private
com.yuansfer.payment.response.offline.InstorePrepayResponse.result	CtFieldReferenceImpl	private
com.yuansfer.payment.request.mobile.ExpressPayRequest.reference	CtFieldReferenceImpl	private
com.yuansfer.payment.response.auth.AuthDetailQueryResponse.serialVersionUID	CtFieldReferenceImpl	private
com.yuansfer.payment.request.auth.AuthFreezeRequest.getNote()	CtMethodImpl	public
com.yuansfer.payment.response.auth.AuthVoucherCreateResponse()	CtConstructorImpl	public
com.yuansfer.payment.request.offline.ThirdpartAcquireCreateRequest.getAmount()	CtMethodImpl	public
com.yuansfer.payment.request.payouts.PayoutsPayRequest.getReceiverType()	CtMethodImpl	public
com.yuansfer.payment.request.auth.AuthCaptureRequest.setIpnUrl(java.lang.String)	CtMethodImpl	public
com.yuansfer.payment.response.dataSearch.RefundResponse()	CtConstructorImpl	public
com.yuansfer.payment.request.auth.AuthCaptureRequest.authConfirmModel	CtFieldReferenceImpl	private
com.yuansfer.payment.request.dataSearch.RefundRequest.setRefundReference(java.lang.String)	CtMethodImpl	public
com.yuansfer.payment.request.offline.InstoreCashierAddRequest.setReference(java.lang.String)	CtMethodImpl	public
com.yuansfer.payment.response.YuanpayResponse.serialVersionUID	CtFieldReferenceImpl	private
com.yuansfer.payment.utils.HTTPSSocketFactory.createSocket(java.net.InetAddress,int)	CtMethodImpl	public
com.yuansfer.payment.response.dataSearch.TranQueryResponse.getResult()	CtMethodImpl	public
com.yuansfer.payment.request.offline.InstoreCashierAddRequest.setCurrency(java.lang.String)	CtMethodImpl	public
com.yuansfer.payment.request.online.UpdateRecurringRequest.dataValidate()	CtMethodImpl	protected
com.yuansfer.payment.request.offline.InstoreCreateTranQrcodeRequest.getNeedQrcode()	CtMethodImpl	public
com.yuansfer.payment.request.online.ProcessRequest.convertResponse(java.lang.String)	CtMethodImpl	public
com.yuansfer.payment.utils.JSONUtils.isStringJsonArrFormat(java.lang.String)	CtMethodImpl	public
com.yuansfer.payment.response.offline.InstoreCashierAddResponse.result	CtFieldReferenceImpl	private
com.yuansfer.payment.request.auth.AuthUnfreezeRequest.getUnfreezeAmount()	CtMethodImpl	public
com.yuansfer.payment.response.recurring.AutoPayResponse.result	CtFieldReferenceImpl	private
com.yuansfer.payment.request.auth.AuthFreezeRequest.getOutAuthDetailNo()	CtMethodImpl	public
com.yuansfer.payment.request.RequestBody.params	CtFieldReferenceImpl	private
com.yuansfer.payment.response.offline.SettleListResponse	CtClassImpl	public
com.yuansfer.payment.request.auth.AuthFreezeRequest.getAPIUrl(java.lang.String)	CtMethodImpl	protected
com.yuansfer.payment.request.auth.AuthCaptureRequest.ipnUrl	CtFieldReferenceImpl	private
com.yuansfer.payment.request.auth.AuthUnfreezeRequest.setCurrency(java.lang.String)	CtMethodImpl	public
com.yuansfer.payment.request.auth.AuthVoucherCreateRequest.dataValidate()	CtMethodImpl	protected
com.yuansfer.payment.request.online.OnlineSecurepayRequest.setNote(java.lang.String)	CtMethodImpl	public
com.yuansfer.payment.request.recurring.ConsultRequest.vendor	CtFieldReferenceImpl	private
com.yuansfer.payment.response.offline.InstoreAddResponse()	CtConstructorImpl	public
com.yuansfer.payment.request.mobile.MobilePrepayRequest.getCurrency()	CtMethodImpl	public
com.yuansfer.payment.request.auth.AuthVoucherCreateRequest.settleCurrency	CtFieldReferenceImpl	private
com.yuansfer.payment.request.auth.AuthCaptureRequest.getIpnUrl()	CtMethodImpl	public
com.yuansfer.payment.response.mobile.ExpressPayResponse.serialVersionUID	CtFieldReferenceImpl	private
com.yuansfer.payment.request.payouts.PayoutsPayRequest.language	CtFieldReferenceImpl	private
com.yuansfer.payment.response.online.ProcessResponse	CtClassImpl	public
com.yuansfer.payment.request.payouts.PayoutsInquiryRequest.convertResponse(java.lang.String)	CtMethodImpl	public
com.yuansfer.payment.request.recurring.ApplyTokenRequest()	CtConstructorImpl	public
com.yuansfer.payment.request.dataSearch.ReverseRequest.transactionNo	CtFieldReferenceImpl	private
com.yuansfer.payment.request.online.ProcessRequest.paymentMethod	CtFieldReferenceImpl	private
com.yuansfer.payment.request.online.OnlineSecurepayRequest.setTerminal(java.lang.String)	CtMethodImpl	public
com.yuansfer.payment.request.online.UpdateRecurringRequest.setPaymentCount(java.lang.Integer)	CtMethodImpl	public
com.yuansfer.payment.request.recurring.AutoPayRequest.getSettleCurrency()	CtMethodImpl	public
com.yuansfer.payment.request.auth.AuthUnfreezeRequest.getAuthInfoNo()	CtMethodImpl	public
com.yuansfer.payment.response.auth.AuthDetailQueryResponse.result	CtFieldReferenceImpl	private
com.yuansfer.payment.request.online.OnlineSecurepayRequest.creditType	CtFieldReferenceImpl	private
com.yuansfer.payment.request.auth.AuthDetailQueryRequest.outAuthDetailNo	CtFieldReferenceImpl	private
com.yuansfer.payment.request.offline.InstoreCashierAddRequest.getSettleCurrency()	CtMethodImpl	public
com.yuansfer.payment.request.mobile.MobilePrepayRequest.getDescription()	CtMethodImpl	public
com.yuansfer.payment.request.mobile.ExpressPayRequest.setReference(java.lang.String)	CtMethodImpl	public
com.yuansfer.payment.request.recurring.AutoPayRequest	CtClassImpl	public
com.yuansfer.payment.response.mobile.ExpressPayResponse	CtClassImpl	public
com.yuansfer.payment.config.YuanpayConfig.getToken()	CtMethodImpl	public
com.yuansfer.payment.request.recurring.ConsultRequest.getAPIUrl(java.lang.String)	CtMethodImpl	protected
com.yuansfer.payment.utils.HTTPSSocketFactory.createSocket(java.net.InetAddress,int,java.net.InetAddress,int)	CtMethodImpl	public
com.yuansfer.payment.request.offline.InstoreCreateTranQrcodeRequest.getAPIUrl(java.lang.String)	CtMethodImpl	protected
com.yuansfer.payment.request.online.ProcessRequest.getTransactionNo()	CtMethodImpl	public
com.yuansfer.payment.request.auth.AuthUnfreezeRequest.getSettleCurrency()	CtMethodImpl	public
com.yuansfer.payment.response.dataSearch.ReverseResponse()	CtConstructorImpl	public
com.yuansfer.payment.response.auth.AuthDetailQueryResponse.setResult(net.sf.json.JSONObject)	CtMethodImpl	public
com.yuansfer.payment.exception.YuanpayException(java.lang.String)	CtConstructorImpl	public
com.yuansfer.payment.request.dataSearch.TranQueryRequest.convertResponse(java.lang.String)	CtMethodImpl	public
com.yuansfer.payment.request.online.OnlineSecurepayRequest.getDescription()	CtMethodImpl	public
com.yuansfer.payment.request.mobile.MobilePrepayRequest.setOpenid(java.lang.String)	CtMethodImpl	public
com.yuansfer.payment.utils.OkHttpUtils.logger	CtFieldReferenceImpl	private
com.yuansfer.payment.config.YuanpayConfig.setMerchantNo(java.lang.String)	CtMethodImpl	public
com.yuansfer.payment.utils.MapUrlUtils.getUrlParamsByMap(java.util.Map<java.lang.String, java.lang.String>)	CtMethodImpl	public
com.yuansfer.payment.request.online.UpdateRecurringRequest.status	CtFieldReferenceImpl	private
com.yuansfer.payment.response.online.ProcessResponse.setResult(net.sf.json.JSONObject)	CtMethodImpl	public
com.yuansfer.payment.request.offline.InstoreCreateTranQrcodeRequest()	CtConstructorImpl	public
com.yuansfer.payment.response.recurring.ApplyTokenResponse.getResult()	CtMethodImpl	public
com.yuansfer.payment.request.offline.InstoreCreateTranQrcodeRequest.ipnUrl	CtFieldReferenceImpl	private
com.yuansfer.payment.request.offline.InstoreCreateTranQrcodeRequest.setIpnUrl(java.lang.String)	CtMethodImpl	public
com.yuansfer.payment.request.auth.AuthCaptureRequest.getAuthConfirmModel()	CtMethodImpl	public
com.yuansfer.payment.request.mobile.MobilePrepayRequest.setTerminal(java.lang.String)	CtMethodImpl	public
com.yuansfer.payment.request.auth.AuthCaptureRequest.getOutAuthInfoNo()	CtMethodImpl	public
com.yuansfer.payment.request.offline.ThirdpartAcquireCreateRequest.convertResponse(java.lang.String)	CtMethodImpl	public
com.yuansfer.payment.request.dataSearch.TranQueryRequest()	CtConstructorImpl	public
com.yuansfer.payment.request.recurring.AutoPayRequest.getAPIUrl(java.lang.String)	CtMethodImpl	protected
com.yuansfer.payment.request.auth.AuthVoucherCreateRequest.getSettleCurrency()	CtMethodImpl	public
com.yuansfer.payment.request.dataSearch.RefundRequest.getRefundAmount()	CtMethodImpl	public
com.yuansfer.payment.request.mobile.MobilePrepayRequest.openid	CtFieldReferenceImpl	private
com.yuansfer.payment.request.offline.ThirdpartAcquireCreateRequest.alipayUserId	CtFieldReferenceImpl	private
com.yuansfer.payment.request.recurring.AutoPayRequest.setCurrency(java.lang.String)	CtMethodImpl	public
com.yuansfer.payment.request.online.OnlineSecurepayRequest.settleCurrency	CtFieldReferenceImpl	private
com.yuansfer.payment.request.auth.AuthFreezeRequest.setSettleCurrency(java.lang.String)	CtMethodImpl	public
com.yuansfer.payment.response.YuanpayResponse.getRetMsg()	CtMethodImpl	public
com.yuansfer.payment.request.offline.ThirdpartAcquireCreateRequest.dataValidate()	CtMethodImpl	protected
com.yuansfer.payment.request.offline.InstoreCreateTranQrcodeRequest.reference	CtFieldReferenceImpl	private
com.yuansfer.payment.request.recurring.ConsultRequest.dataValidate()	CtMethodImpl	protected
com.yuansfer.payment.request.mobile.MobilePrepayRequest.getReference()	CtMethodImpl	public
com.yuansfer.payment.response.offline.InstoreCashierAddResponse.getResult()	CtMethodImpl	public
com.yuansfer.payment.response.offline.SettleListResponse.serialVersionUID	CtFieldReferenceImpl	private
com.yuansfer.payment.request.mobile.MobilePrepayRequest.getVendor()	CtMethodImpl	public
com.yuansfer.payment.request.offline.InstorePrepayRequest.getTransactionNo()	CtMethodImpl	public
com.yuansfer.payment.config.YuanpayConfig.setStoreAdminNo(java.lang.String)	CtMethodImpl	public
com.yuansfer.payment.response.offline.ThirdpartAcquireCreateResponse	CtClassImpl	public
com.yuansfer.payment.request.auth.AuthVoucherCreateRequest.setOutAuthDetailNo(java.lang.String)	CtMethodImpl	public
com.yuansfer.payment.request.mobile.ExpressPayRequest.getSettleCurrency()	CtMethodImpl	public
com.yuansfer.payment.request.online.OnlineSecurepayRequest.dataValidate()	CtMethodImpl	protected
com.yuansfer.payment.request.online.OnlineSecurepayRequest.getIpnUrl()	CtMethodImpl	public
com.yuansfer.payment.request.online.OnlineSecurepayRequest.setReference(java.lang.String)	CtMethodImpl	public
com.yuansfer.payment.response.YuanpayResponse	CtClassImpl	public
com.yuansfer.payment.request.offline.InstorePrepayRequest.setPaymentBarcode(java.lang.String)	CtMethodImpl	public
com.yuansfer.payment.request.online.OnlineSecurepayRequest.description	CtFieldReferenceImpl	private
com.yuansfer.payment.request.recurring.ConsultRequest.getAutoReference()	CtMethodImpl	public
com.yuansfer.payment.request.dataSearch.RefundRequest.getReference()	CtMethodImpl	public
com.yuansfer.payment.request.offline.InstorePrepayRequest.convertResponse(java.lang.String)	CtMethodImpl	public
com.yuansfer.payment.request.recurring.AutoPayRequest.reference	CtFieldReferenceImpl	private
com.yuansfer.payment.request.dataSearch.ReverseRequest	CtClassImpl	public
com.yuansfer.payment.request.auth.AuthVoucherCreateRequest.setSettleCurrency(java.lang.String)	CtMethodImpl	public
com.yuansfer.payment.response.auth.AuthUnfreezeResponse.serialVersionUID	CtFieldReferenceImpl	private
com.yuansfer.payment.response.mobile.MobilePrepayResponse.getResult()	CtMethodImpl	public
com.yuansfer.payment.response.offline.SettleListResponse.settlements	CtFieldReferenceImpl	private
com.yuansfer.payment.request.auth.AuthUnfreezeRequest	CtClassImpl	public
com.yuansfer.payment.response.recurring.ConsultResponse.setResult(net.sf.json.JSONObject)	CtMethodImpl	public
javax.net.ssl.SSLSocketFactory.DEBUG	CtFieldReferenceImpl	package-private
com.yuansfer.payment.request.mobile.MobilePrepayRequest.reference	CtFieldReferenceImpl	private
com.yuansfer.payment.request.payouts.PayoutsPayRequest.subject	CtFieldReferenceImpl	private
com.yuansfer.payment.request.dataSearch.RefundRequest.reference	CtFieldReferenceImpl	private
com.yuansfer.payment.request.recurring.AutoPayRequest.dataValidate()	CtMethodImpl	protected
com.yuansfer.payment.config.YuanpayConfig.merGroupNo	CtFieldReferenceImpl	private
com.yuansfer.payment.exception.YuanpayException	CtClassImpl	public
com.yuansfer.payment.request.auth.AuthVoucherCreateRequest.vendor	CtFieldReferenceImpl	private
com.yuansfer.payment.request.recurring.ConsultRequest.osType	CtFieldReferenceImpl	private
com.yuansfer.payment.utils.HTTPSSocketFactory.setSocket(javax.net.ssl.SSLSocket,java.lang.String)	CtMethodImpl	private
com.yuansfer.payment.request.mobile.ExpressPayRequest.setCardExpMonth(java.lang.String)	CtMethodImpl	public
com.yuansfer.payment.response.recurring.AutoPayResponse	CtClassImpl	public
com.yuansfer.payment.request.auth.AuthDetailQueryRequest.setAuthInfoNo(java.lang.String)	CtMethodImpl	public
com.yuansfer.payment.request.payouts.PayoutsPayRequest.getLanguage()	CtMethodImpl	public
com.yuansfer.payment.request.mobile.ExpressPayRequest.getCurrency()	CtMethodImpl	public
com.yuansfer.payment.request.mobile.MobilePrepayRequest.setDescription(java.lang.String)	CtMethodImpl	public
com.yuansfer.payment.request.online.ProcessRequest.getPaymentMethod()	CtMethodImpl	public
com.yuansfer.payment.request.mobile.ExpressPayRequest.setAmount(java.lang.String)	CtMethodImpl	public
