method	type	visibility
com.yufeixuan.captcha.Encoder.EOF	CtFieldReferenceImpl	private
com.yufeixuan.captcha.Encoder.imgW	CtFieldReferenceImpl	private
com.yufeixuan.captcha.GifEncoder.writePixels()	CtMethodImpl	protected
com.yufeixuan.captcha.GifCaptcha(int,int,int)	CtConstructorImpl	public
com.yufeixuan.captcha.Captcha.getCharType()	CtMethodImpl	public
com.yufeixuan.captcha.Captcha.setCharType(int)	CtMethodImpl	public
com.yufeixuan.captcha.Captcha.TYPE_ONLY_CHAR	CtFieldReferenceImpl	public
com.yufeixuan.captcha.Encoder.htab	CtFieldReferenceImpl	package-private
com.yufeixuan.captcha.Encoder.HSIZE	CtFieldReferenceImpl	package-private
com.yufeixuan.captcha.SpecCaptcha(int,int,int)	CtConstructorImpl	public
com.yufeixuan.captcha.Encoder.maxmaxcode	CtFieldReferenceImpl	package-private
com.yufeixuan.captcha.Encoder(int,int,byte[],int)	CtConstructorImpl	package-private
com.yufeixuan.captcha.Quant.radbiasshift	CtFieldReferenceImpl	protected
com.yufeixuan.captcha.Randoms.RANDOM	CtFieldReferenceImpl	protected
com.yufeixuan.captcha.servlet.CaptchaServlet()	CtConstructorImpl	public
com.yufeixuan.captcha.GifEncoder.setRepeat(int)	CtMethodImpl	public
com.yufeixuan.captcha.utils.CaptchaUtil	CtClassImpl	public
com.yufeixuan.captcha.ChineseCaptchaAbstract.alphaHan()	CtMethodImpl	public
com.yufeixuan.captcha.Encoder.flush_char(java.io.OutputStream)	CtMethodImpl	package-private
com.yufeixuan.captcha.Quant.intbiasshift	CtFieldReferenceImpl	protected
com.yufeixuan.captcha.GifEncoder.firstFrame	CtFieldReferenceImpl	protected
com.yufeixuan.captcha.GifEncoder.sample	CtFieldReferenceImpl	protected
com.yufeixuan.captcha.Quant.thepicture	CtFieldReferenceImpl	protected
com.yufeixuan.captcha.Encoder.a_count	CtFieldReferenceImpl	package-private
com.yufeixuan.captcha.GifEncoder.outFlush()	CtMethodImpl	public
com.yufeixuan.captcha.GifEncoder.setTransparent(java.awt.Color)	CtMethodImpl	public
com.yufeixuan.captcha.Captcha.width	CtFieldReferenceImpl	protected
com.yufeixuan.captcha.Quant.alphabiasshift	CtFieldReferenceImpl	protected
com.yufeixuan.captcha.Encoder.remaining	CtFieldReferenceImpl	private
com.yufeixuan.captcha.Captcha.chars	CtFieldReferenceImpl	protected
com.yufeixuan.captcha.GifEncoder.setSize(int,int)	CtMethodImpl	public
com.yufeixuan.captcha.utils.CaptchaUtil.clear(javax.servlet.http.HttpServletRequest)	CtMethodImpl	public
com.yufeixuan.captcha.Encoder.compress(int,java.io.OutputStream)	CtMethodImpl	package-private
com.yufeixuan.captcha.Quant.minpicturebytes	CtFieldReferenceImpl	protected
com.yufeixuan.captcha.Quant.network	CtFieldReferenceImpl	protected
com.yufeixuan.captcha.GifCaptcha(int,int)	CtConstructorImpl	public
com.yufeixuan.captcha.Encoder.n_bits	CtFieldReferenceImpl	package-private
com.yufeixuan.captcha.Randoms.charMaxIndex	CtFieldReferenceImpl	protected
com.yufeixuan.captcha.ChineseGifCaptcha.base64(java.io.OutputStream)	CtMethodImpl	public
com.yufeixuan.captcha.Quant.initrad	CtFieldReferenceImpl	protected
javax.servlet.http.HttpServlet.LSTRING_FILE	CtFieldReferenceImpl	private
com.yufeixuan.captcha.ChineseGifCaptcha()	CtConstructorImpl	public
com.yufeixuan.captcha.Captcha.setHeight(int)	CtMethodImpl	public
com.yufeixuan.captcha.utils.Base64CaptchaUtil.clear(javax.servlet.http.HttpServletRequest)	CtMethodImpl	public
com.yufeixuan.captcha.GifEncoder.sizeSet	CtFieldReferenceImpl	protected
com.yufeixuan.captcha.Quant.learn()	CtMethodImpl	public
com.yufeixuan.captcha.Randoms.charMinIndex	CtFieldReferenceImpl	protected
com.yufeixuan.captcha.GifEncoder.width	CtFieldReferenceImpl	protected
com.yufeixuan.captcha.GifEncoder.writeString(java.lang.String)	CtMethodImpl	protected
com.yufeixuan.captcha.utils.CaptchaUtil.out(int,javax.servlet.http.HttpServletRequest,javax.servlet.http.HttpServletResponse)	CtMethodImpl	public
com.yufeixuan.captcha.utils.Base64CaptchaUtil.outPng(javax.servlet.http.HttpServletRequest,javax.servlet.http.HttpServletResponse)	CtMethodImpl	public
com.yufeixuan.captcha.Captcha.COLOR	CtFieldReferenceImpl	public
com.yufeixuan.captcha.GifCaptcha()	CtConstructorImpl	public
com.yufeixuan.captcha.Encoder.cl_block(java.io.OutputStream)	CtMethodImpl	package-private
com.yufeixuan.captcha.ChineseCaptcha.out(java.io.OutputStream)	CtMethodImpl	public
com.yufeixuan.captcha.Captcha.getHeight()	CtMethodImpl	public
com.yufeixuan.captcha.GifEncoder.repeat	CtFieldReferenceImpl	protected
com.yufeixuan.captcha.Captcha.getWidth()	CtMethodImpl	public
javax.servlet.GenericServlet.lStrings	CtFieldReferenceImpl	private
com.yufeixuan.captcha.GifEncoder.out	CtFieldReferenceImpl	protected
com.yufeixuan.captcha.GifEncoder.analyzePixels()	CtMethodImpl	protected
com.yufeixuan.captcha.GifEncoder.setDispose(int)	CtMethodImpl	public
com.yufeixuan.captcha.Encoder.ClearCode	CtFieldReferenceImpl	package-private
com.yufeixuan.captcha.Encoder.clear_flg	CtFieldReferenceImpl	package-private
com.yufeixuan.captcha.utils.CaptchaUtil.ver(java.lang.String,javax.servlet.http.HttpServletRequest)	CtMethodImpl	public
com.yufeixuan.captcha.Randoms.alpha()	CtMethodImpl	public
com.yufeixuan.captcha.utils.Base64CaptchaUtil.outPng(int,int,int,java.awt.Font,javax.servlet.http.HttpServletRequest,javax.servlet.http.HttpServletResponse)	CtMethodImpl	public
com.yufeixuan.captcha.Encoder.maxbits	CtFieldReferenceImpl	package-private
com.yufeixuan.captcha.GifEncoder.writeNetscapeExt()	CtMethodImpl	protected
com.yufeixuan.captcha.GifCaptcha.base64(java.io.OutputStream)	CtMethodImpl	public
com.yufeixuan.captcha.GifEncoder.dispose	CtFieldReferenceImpl	protected
javax.servlet.http.HttpServlet.lStrings	CtFieldReferenceImpl	private
com.yufeixuan.captcha.GifEncoder.writeImageDesc()	CtMethodImpl	protected
com.yufeixuan.captcha.Encoder.accum	CtFieldReferenceImpl	package-private
javax.servlet.http.HttpServlet.METHOD_HEAD	CtFieldReferenceImpl	private
com.yufeixuan.captcha.utils.Base64CaptchaUtil.SESSION_KEY	CtFieldReferenceImpl	private
com.yufeixuan.captcha.Encoder.pixAry	CtFieldReferenceImpl	private
com.yufeixuan.captcha.Captcha.drawOval(int,java.awt.Graphics2D)	CtMethodImpl	public
com.yufeixuan.captcha.utils.CaptchaUtil.outCaptcha(int,int,int,java.awt.Font,int,javax.servlet.http.HttpServletRequest,javax.servlet.http.HttpServletResponse)	CtMethodImpl	private
com.yufeixuan.captcha.Encoder.imgH	CtFieldReferenceImpl	private
com.yufeixuan.captcha.Encoder.initCodeSize	CtFieldReferenceImpl	private
com.yufeixuan.captcha.GifEncoder.setDelay(int)	CtMethodImpl	public
com.yufeixuan.captcha.GifEncoder.writePalette()	CtMethodImpl	protected
com.yufeixuan.captcha.GifEncoder.colorTab	CtFieldReferenceImpl	protected
com.yufeixuan.captcha.GifEncoder.start(java.lang.String)	CtMethodImpl	public
com.yufeixuan.captcha.GifEncoder.writeShort(int)	CtMethodImpl	protected
com.yufeixuan.captcha.GifEncoder.transIndex	CtFieldReferenceImpl	protected
com.yufeixuan.captcha.Captcha.charType	CtFieldReferenceImpl	protected
com.yufeixuan.captcha.Quant.initalpha	CtFieldReferenceImpl	protected
com.yufeixuan.captcha.Captcha.TYPE_ONLY_LOWER	CtFieldReferenceImpl	public
com.yufeixuan.captcha.utils.Base64CaptchaUtil.out(int,javax.servlet.http.HttpServletRequest,javax.servlet.http.HttpServletResponse)	CtMethodImpl	public
com.yufeixuan.captcha.Quant.unbiasnet()	CtMethodImpl	public
com.yufeixuan.captcha.Quant.inxbuild()	CtMethodImpl	public
com.yufeixuan.captcha.SpecCaptcha(int,int)	CtConstructorImpl	public
com.yufeixuan.captcha.Quant.netbiasshift	CtFieldReferenceImpl	protected
com.yufeixuan.captcha.ChineseGifCaptcha(int,int,int,java.awt.Font)	CtConstructorImpl	public
com.yufeixuan.captcha.utils.CaptchaUtil.outPng(int,javax.servlet.http.HttpServletRequest,javax.servlet.http.HttpServletResponse)	CtMethodImpl	public
com.yufeixuan.captcha.Encoder.cur_bits	CtFieldReferenceImpl	package-private
com.yufeixuan.captcha.Captcha.drawOval(int,java.awt.Color,java.awt.Graphics2D)	CtMethodImpl	public
com.yufeixuan.captcha.Quant.alterneigh(int,int,int,int,int)	CtMethodImpl	protected
com.yufeixuan.captcha.utils.CaptchaUtil.outPng(int,java.awt.Font,javax.servlet.http.HttpServletRequest,javax.servlet.http.HttpServletResponse)	CtMethodImpl	public
com.yufeixuan.captcha.Encoder.nextPixel()	CtMethodImpl	private
com.yufeixuan.captcha.Quant.prime1	CtFieldReferenceImpl	protected
com.yufeixuan.captcha.Captcha.textChar()	CtMethodImpl	public
com.yufeixuan.captcha.ChineseGifCaptcha.out(java.io.OutputStream)	CtMethodImpl	public
com.yufeixuan.captcha.Randoms()	CtConstructorImpl	public
com.yufeixuan.captcha.Quant.maxnetpos	CtFieldReferenceImpl	protected
com.yufeixuan.captcha.Captcha.getFont()	CtMethodImpl	public
com.yufeixuan.captcha.GifCaptcha(int,int,int,java.awt.Font)	CtConstructorImpl	public
com.yufeixuan.captcha.Randoms.alpha(int)	CtMethodImpl	public
com.yufeixuan.captcha.Randoms.lowerMaxIndex	CtFieldReferenceImpl	protected
com.yufeixuan.captcha.Encoder	CtClassImpl	public
com.yufeixuan.captcha.GifEncoder.getFrameByteArray()	CtMethodImpl	public
javax.servlet.http.HttpServlet.METHOD_GET	CtFieldReferenceImpl	private
com.yufeixuan.captcha.utils.CaptchaUtil.out(javax.servlet.http.HttpServletRequest,javax.servlet.http.HttpServletResponse)	CtMethodImpl	public
com.yufeixuan.captcha.GifEncoder.usedEntry	CtFieldReferenceImpl	protected
com.yufeixuan.captcha.Encoder.cl_hash(int)	CtMethodImpl	package-private
com.yufeixuan.captcha.utils.Base64CaptchaUtil.CHARACTER_PATTERN	CtFieldReferenceImpl	private
com.yufeixuan.captcha.GifEncoder.setFrameRate(float)	CtMethodImpl	public
com.yufeixuan.captcha.Quant.alphadec	CtFieldReferenceImpl	protected
com.yufeixuan.captcha.Quant.bias	CtFieldReferenceImpl	protected
com.yufeixuan.captcha.utils.Base64CaptchaUtil.outCaptcha(int,int,int,java.awt.Font,int,javax.servlet.http.HttpServletRequest,javax.servlet.http.HttpServletResponse)	CtMethodImpl	private
com.yufeixuan.captcha.Randoms.numMaxIndex	CtFieldReferenceImpl	protected
com.yufeixuan.captcha.Quant(byte[],int,int)	CtConstructorImpl	public
com.yufeixuan.captcha.ChineseCaptcha.graphicsImage(char[],java.io.OutputStream)	CtMethodImpl	private
com.yufeixuan.captcha.utils.Base64CaptchaUtil	CtClassImpl	public
com.yufeixuan.captcha.Quant.radiusdec	CtFieldReferenceImpl	protected
com.yufeixuan.captcha.utils.Base64CaptchaUtil.outPng(int,int,int,javax.servlet.http.HttpServletRequest,javax.servlet.http.HttpServletResponse)	CtMethodImpl	public
com.yufeixuan.captcha.servlet.CaptchaServlet.doPost(javax.servlet.http.HttpServletRequest,javax.servlet.http.HttpServletResponse)	CtMethodImpl	public
com.yufeixuan.captcha.Quant.freq	CtFieldReferenceImpl	protected
com.yufeixuan.captcha.ChineseGifCaptcha.getAlpha(int,int)	CtMethodImpl	private
com.yufeixuan.captcha.Encoder.MAXCODE(int)	CtMethodImpl	package-private
javax.servlet.http.HttpServlet.HEADER_LASTMOD	CtFieldReferenceImpl	private
com.yufeixuan.captcha.servlet.CaptchaServlet.doGet(javax.servlet.http.HttpServletRequest,javax.servlet.http.HttpServletResponse)	CtMethodImpl	public
com.yufeixuan.captcha.Captcha.TYPE_NUM_AND_UPPER	CtFieldReferenceImpl	public
com.yufeixuan.captcha.GifCaptcha.getAlpha(int,int)	CtMethodImpl	private
com.yufeixuan.captcha.GifEncoder()	CtConstructorImpl	public
javax.servlet.GenericServlet.LSTRING_FILE	CtFieldReferenceImpl	private
com.yufeixuan.captcha.Captcha.TYPE_ONLY_UPPER	CtFieldReferenceImpl	public
javax.servlet.http.HttpServlet.METHOD_DELETE	CtFieldReferenceImpl	private
com.yufeixuan.captcha.Quant.radpower	CtFieldReferenceImpl	protected
com.yufeixuan.captcha.Captcha.text()	CtMethodImpl	public
com.yufeixuan.captcha.ChineseGifCaptcha(int,int)	CtConstructorImpl	public
com.yufeixuan.captcha.Quant.prime3	CtFieldReferenceImpl	protected
com.yufeixuan.captcha.Captcha.getLen()	CtMethodImpl	public
com.yufeixuan.captcha.GifEncoder.delay	CtFieldReferenceImpl	protected
com.yufeixuan.captcha.ChineseCaptcha(int,int,int)	CtConstructorImpl	public
com.yufeixuan.captcha.GifEncoder.findClosest(java.awt.Color)	CtMethodImpl	protected
com.yufeixuan.captcha.utils.Base64CaptchaUtil.setHeader(javax.servlet.http.HttpServletResponse,int)	CtMethodImpl	public
com.yufeixuan.captcha.Quant.gamma	CtFieldReferenceImpl	protected
com.yufeixuan.captcha.Randoms.num(int)	CtMethodImpl	public
com.yufeixuan.captcha.ChineseCaptcha.base64(java.io.OutputStream)	CtMethodImpl	public
com.yufeixuan.captcha.GifEncoder.reset()	CtMethodImpl	public
com.yufeixuan.captcha.GifCaptcha.out(java.io.OutputStream)	CtMethodImpl	public
com.yufeixuan.captcha.Encoder.codetab	CtFieldReferenceImpl	package-private
com.yufeixuan.captcha.ChineseGifCaptcha(int,int,int)	CtConstructorImpl	public
com.yufeixuan.captcha.GifEncoder.finish()	CtMethodImpl	public
com.yufeixuan.captcha.GifEncoder.addFrame(java.awt.image.BufferedImage)	CtMethodImpl	public
com.yufeixuan.captcha.GifEncoder.writeGraphicCtrlExt()	CtMethodImpl	protected
com.yufeixuan.captcha.ChineseCaptchaAbstract()	CtConstructorImpl	public
com.yufeixuan.captcha.GifEncoder.colorDepth	CtFieldReferenceImpl	protected
com.yufeixuan.captcha.servlet.CaptchaServlet	CtClassImpl	public
com.yufeixuan.captcha.utils.CaptchaUtil.setHeader(javax.servlet.http.HttpServletResponse,int)	CtMethodImpl	public
com.yufeixuan.captcha.Quant.alpharadbshift	CtFieldReferenceImpl	protected
com.yufeixuan.captcha.Randoms.upperMaxIndex	CtFieldReferenceImpl	protected
com.yufeixuan.captcha.Captcha()	CtConstructorImpl	public
com.yufeixuan.captcha.GifEncoder	CtClassImpl	public
javax.servlet.http.HttpServlet.METHOD_TRACE	CtFieldReferenceImpl	private
com.yufeixuan.captcha.Quant.intbias	CtFieldReferenceImpl	protected
com.yufeixuan.captcha.ChineseCaptchaAbstract.DELTA	CtFieldReferenceImpl	public
com.yufeixuan.captcha.utils.Base64CaptchaUtil.ver(java.lang.String,javax.servlet.http.HttpServletRequest)	CtMethodImpl	public
com.yufeixuan.captcha.Quant.map(int,int,int)	CtMethodImpl	public
com.yufeixuan.captcha.ChineseCaptcha(int,int)	CtConstructorImpl	public
com.yufeixuan.captcha.Quant.colorMap()	CtMethodImpl	public
com.yufeixuan.captcha.utils.Base64CaptchaUtil.replaceBlank(java.lang.String)	CtMethodImpl	private
com.yufeixuan.captcha.utils.CaptchaUtil.out(int,java.awt.Font,javax.servlet.http.HttpServletRequest,javax.servlet.http.HttpServletResponse)	CtMethodImpl	public
com.yufeixuan.captcha.Quant.radbias	CtFieldReferenceImpl	protected
com.yufeixuan.captcha.utils.Base64CaptchaUtil.out(javax.servlet.http.HttpServletRequest,javax.servlet.http.HttpServletResponse)	CtMethodImpl	public
com.yufeixuan.captcha.GifCaptcha.graphicsImage(java.awt.Color[],char[],int)	CtMethodImpl	private
com.yufeixuan.captcha.utils.CaptchaUtil()	CtConstructorImpl	public
com.yufeixuan.captcha.GifEncoder.transparent	CtFieldReferenceImpl	protected
com.yufeixuan.captcha.Quant.process()	CtMethodImpl	public
com.yufeixuan.captcha.Encoder.encode(java.io.OutputStream)	CtMethodImpl	package-private
com.yufeixuan.captcha.SpecCaptcha.base64(java.io.OutputStream)	CtMethodImpl	public
com.yufeixuan.captcha.Captcha.TYPE_ONLY_NUMBER	CtFieldReferenceImpl	public
com.yufeixuan.captcha.Encoder.cur_accum	CtFieldReferenceImpl	package-private
com.yufeixuan.captcha.Quant.radiusbias	CtFieldReferenceImpl	protected
com.yufeixuan.captcha.GifEncoder.getImagePixels()	CtMethodImpl	protected
com.yufeixuan.captcha.GifEncoder.height	CtFieldReferenceImpl	protected
com.yufeixuan.captcha.Randoms.upperMinIndex	CtFieldReferenceImpl	protected
com.yufeixuan.captcha.Captcha.drawLine(int,java.awt.Color,java.awt.Graphics2D)	CtMethodImpl	public
com.yufeixuan.captcha.GifEncoder.start(java.io.OutputStream)	CtMethodImpl	public
com.yufeixuan.captcha.SpecCaptcha.graphicsImage(char[],java.io.OutputStream)	CtMethodImpl	private
com.yufeixuan.captcha.Captcha.alphas()	CtMethodImpl	protected
com.yufeixuan.captcha.Captcha.setLen(int)	CtMethodImpl	public
com.yufeixuan.captcha.utils.Base64CaptchaUtil.out(int,int,int,java.awt.Font,javax.servlet.http.HttpServletRequest,javax.servlet.http.HttpServletResponse)	CtMethodImpl	public
com.yufeixuan.captcha.Captcha.checkAlpha()	CtMethodImpl	public
com.yufeixuan.captcha.Quant	CtClassImpl	public
com.yufeixuan.captcha.ChineseCaptcha(int,int,int,java.awt.Font)	CtConstructorImpl	public
com.yufeixuan.captcha.Quant.prime2	CtFieldReferenceImpl	protected
com.yufeixuan.captcha.Captcha.color(int,int)	CtMethodImpl	protected
com.yufeixuan.captcha.utils.Base64CaptchaUtil()	CtConstructorImpl	public
com.yufeixuan.captcha.Encoder.BITS	CtFieldReferenceImpl	package-private
com.yufeixuan.captcha.GifEncoder.image	CtFieldReferenceImpl	protected
com.yufeixuan.captcha.Encoder.output(int,java.io.OutputStream)	CtMethodImpl	package-private
com.yufeixuan.captcha.utils.Base64CaptchaUtil.outPng(int,javax.servlet.http.HttpServletRequest,javax.servlet.http.HttpServletResponse)	CtMethodImpl	public
com.yufeixuan.captcha.Quant.radiusbiasshift	CtFieldReferenceImpl	protected
com.yufeixuan.captcha.Randoms	CtClassImpl	public
com.yufeixuan.captcha.GifEncoder.pixels	CtFieldReferenceImpl	protected
com.yufeixuan.captcha.SpecCaptcha.out(java.io.OutputStream)	CtMethodImpl	public
com.yufeixuan.captcha.Captcha.drawLine(int,java.awt.Graphics2D)	CtMethodImpl	public
com.yufeixuan.captcha.Quant.beta	CtFieldReferenceImpl	protected
com.yufeixuan.captcha.Quant.samplefac	CtFieldReferenceImpl	protected
com.yufeixuan.captcha.ChineseCaptchaAbstract.drawLine(int,java.awt.Color,java.awt.Graphics2D)	CtMethodImpl	public
com.yufeixuan.captcha.SpecCaptcha	CtClassImpl	public
com.yufeixuan.captcha.Quant.netindex	CtFieldReferenceImpl	protected
com.yufeixuan.captcha.utils.CaptchaUtil.outPng(javax.servlet.http.HttpServletRequest,javax.servlet.http.HttpServletResponse)	CtMethodImpl	public
com.yufeixuan.captcha.servlet.CaptchaServlet.serialVersionUID	CtFieldReferenceImpl	private
com.yufeixuan.captcha.Captcha.font	CtFieldReferenceImpl	protected
javax.servlet.http.HttpServlet.HEADER_IFMODSINCE	CtFieldReferenceImpl	private
com.yufeixuan.captcha.ChineseGifCaptcha.graphicsImage(java.awt.Color,char[],int)	CtMethodImpl	private
com.yufeixuan.captcha.Encoder.g_init_bits	CtFieldReferenceImpl	package-private
com.yufeixuan.captcha.Encoder.masks	CtFieldReferenceImpl	package-private
com.yufeixuan.captcha.utils.Base64CaptchaUtil.out(int,int,int,javax.servlet.http.HttpServletRequest,javax.servlet.http.HttpServletResponse)	CtMethodImpl	public
com.yufeixuan.captcha.GifEncoder.palSize	CtFieldReferenceImpl	protected
com.yufeixuan.captcha.utils.Base64CaptchaUtil.outPng(int,java.awt.Font,javax.servlet.http.HttpServletRequest,javax.servlet.http.HttpServletResponse)	CtMethodImpl	public
com.yufeixuan.captcha.Captcha.setWidth(int)	CtMethodImpl	public
com.yufeixuan.captcha.GifEncoder.closeStream	CtFieldReferenceImpl	protected
com.yufeixuan.captcha.GifEncoder.indexedPixels	CtFieldReferenceImpl	protected
com.yufeixuan.captcha.Quant.betashift	CtFieldReferenceImpl	protected
com.yufeixuan.captcha.GifEncoder.setQuality(int)	CtMethodImpl	public
com.yufeixuan.captcha.Captcha.len	CtFieldReferenceImpl	protected
com.yufeixuan.captcha.Quant.altersingle(int,int,int,int,int)	CtMethodImpl	protected
com.yufeixuan.captcha.Encoder.maxcode	CtFieldReferenceImpl	package-private
com.yufeixuan.captcha.Encoder.EOFCode	CtFieldReferenceImpl	package-private
com.yufeixuan.captcha.Captcha.height	CtFieldReferenceImpl	protected
com.yufeixuan.captcha.Quant.prime4	CtFieldReferenceImpl	protected
com.yufeixuan.captcha.SpecCaptcha.graphicsImage2(char[],java.io.OutputStream)	CtMethodImpl	private
com.yufeixuan.captcha.ChineseCaptcha.graphicsImage2(char[],java.io.OutputStream)	CtMethodImpl	private
com.yufeixuan.captcha.Encoder.hsize	CtFieldReferenceImpl	package-private
javax.servlet.GenericServlet.config	CtFieldReferenceImpl	private
com.yufeixuan.captcha.Quant.betagamma	CtFieldReferenceImpl	protected
com.yufeixuan.captcha.ChineseCaptchaAbstract.alphas()	CtMethodImpl	protected
com.yufeixuan.captcha.Encoder.char_out(byte,java.io.OutputStream)	CtMethodImpl	package-private
com.yufeixuan.captcha.GifCaptcha	CtClassImpl	public
com.yufeixuan.captcha.utils.CaptchaUtil.outPng(int,int,int,javax.servlet.http.HttpServletRequest,javax.servlet.http.HttpServletResponse)	CtMethodImpl	public
com.yufeixuan.captcha.SpecCaptcha()	CtConstructorImpl	public
com.yufeixuan.captcha.Quant.initradius	CtFieldReferenceImpl	protected
com.yufeixuan.captcha.Captcha.color()	CtMethodImpl	protected
com.yufeixuan.captcha.Quant.alpharadbias	CtFieldReferenceImpl	protected
com.yufeixuan.captcha.Randoms.lowerMinIndex	CtFieldReferenceImpl	protected
javax.servlet.http.HttpServlet.METHOD_OPTIONS	CtFieldReferenceImpl	private
com.yufeixuan.captcha.Quant.ncycles	CtFieldReferenceImpl	protected
com.yufeixuan.captcha.Randoms.alpha(int,int)	CtMethodImpl	public
com.yufeixuan.captcha.GifEncoder.writeLSD()	CtMethodImpl	protected
javax.servlet.http.HttpServlet.METHOD_POST	CtFieldReferenceImpl	private
com.yufeixuan.captcha.utils.CaptchaUtil.outPng(int,int,int,java.awt.Font,javax.servlet.http.HttpServletRequest,javax.servlet.http.HttpServletResponse)	CtMethodImpl	public
com.yufeixuan.captcha.Quant.lengthcount	CtFieldReferenceImpl	protected
com.yufeixuan.captcha.Encoder.free_ent	CtFieldReferenceImpl	package-private
com.yufeixuan.captcha.Randoms.num(int,int)	CtMethodImpl	public
com.yufeixuan.captcha.Captcha	CtClassImpl	public
com.yufeixuan.captcha.ChineseGifCaptcha	CtClassImpl	public
com.yufeixuan.captcha.Quant.netsize	CtFieldReferenceImpl	protected
com.yufeixuan.captcha.Captcha.TYPE_DEFAULT	CtFieldReferenceImpl	public
com.yufeixuan.captcha.utils.Base64CaptchaUtil.out(int,java.awt.Font,javax.servlet.http.HttpServletRequest,javax.servlet.http.HttpServletResponse)	CtMethodImpl	public
com.yufeixuan.captcha.Randoms.ALPHA	CtFieldReferenceImpl	public
com.yufeixuan.captcha.Captcha.setFont(java.awt.Font)	CtMethodImpl	public
com.yufeixuan.captcha.GifEncoder.started	CtFieldReferenceImpl	protected
com.yufeixuan.captcha.ChineseCaptcha	CtClassImpl	public
com.yufeixuan.captcha.Encoder.curPixel	CtFieldReferenceImpl	private
com.yufeixuan.captcha.SpecCaptcha(int,int,int,java.awt.Font)	CtConstructorImpl	public
com.yufeixuan.captcha.utils.CaptchaUtil.SESSION_KEY	CtFieldReferenceImpl	private
javax.servlet.http.HttpServlet.METHOD_PUT	CtFieldReferenceImpl	private
com.yufeixuan.captcha.utils.CaptchaUtil.out(int,int,int,javax.servlet.http.HttpServletRequest,javax.servlet.http.HttpServletResponse)	CtMethodImpl	public
com.yufeixuan.captcha.Quant.gammashift	CtFieldReferenceImpl	protected
com.yufeixuan.captcha.ChineseCaptchaAbstract	CtClassImpl	public
com.yufeixuan.captcha.utils.CaptchaUtil.out(int,int,int,java.awt.Font,javax.servlet.http.HttpServletRequest,javax.servlet.http.HttpServletResponse)	CtMethodImpl	public
com.yufeixuan.captcha.Quant.contest(int,int,int)	CtMethodImpl	protected
com.yufeixuan.captcha.ChineseCaptcha()	CtConstructorImpl	public
