method	type	visibility
org.chobit.common.concurrent.Threads.sleep(java.util.concurrent.TimeUnit,long)	CtMethodImpl	public
org.chobit.common.model.ParamMap.getDouble(java.lang.String)	CtMethodImpl	public
org.chobit.common.utils.StrKit.takeSubWithPattern(java.lang.String,java.util.regex.Pattern)	CtMethodImpl	public
org.chobit.common.tools.HourGlass.left()	CtMethodImpl	public
org.chobit.common.constants.Symbol.PERCENT	CtFieldReferenceImpl	public
org.chobit.common.codec.Base62.DIGITS_CHAR	CtFieldReferenceImpl	private
org.chobit.common.codec.Unicode.FLAG_UNICODE	CtFieldReferenceImpl	private
org.chobit.common.json.LocalDateTimeDeserializer.FLAG_ARRAY_START	CtFieldReferenceImpl	private
org.chobit.common.constants.Symbol()	CtConstructorImpl	private
org.chobit.common.tools.ShortCode()	CtConstructorImpl	private
org.chobit.common.constants.Symbol.EQUAL	CtFieldReferenceImpl	public
org.chobit.common.model.ResultWrapper.code	CtFieldReferenceImpl	private
org.chobit.common.utils.GetReq.toString()	CtMethodImpl	public
org.chobit.common.utils.ReflectKit.nameOfFields(java.lang.Class<?>)	CtMethodImpl	public
org.chobit.common.utils.JsonKit.logger	CtFieldReferenceImpl	private
org.chobit.common.tools.ShortCode.SEQ	CtFieldReferenceImpl	private
org.chobit.common.constants.Symbol.DOLLAR	CtFieldReferenceImpl	public
org.chobit.common.json.LocalDateTimeSerializer	CtClassImpl	public
org.chobit.common.utils.UrlKit.encode(java.lang.String)	CtMethodImpl	public
com.fasterxml.jackson.databind.module.SimpleModule._namingStrategy	CtFieldReferenceImpl	protected
com.fasterxml.jackson.core.type.TypeReference._type	CtFieldReferenceImpl	protected
org.chobit.common.utils.Collections2()	CtConstructorImpl	private
org.chobit.common.concurrent.NamedThreadFactory()	CtConstructorImpl	public
org.chobit.common.utils.Collections2.mapOf(K,V)	CtMethodImpl	public
org.chobit.common.utils.ReflectKit	CtClassImpl	public
org.chobit.common.http.HttpRequest.body	CtFieldReferenceImpl	private
org.chobit.common.json.BooleanDeserializer	CtClassImpl	public
org.chobit.common.http.HttpRequest.toString()	CtMethodImpl	public
org.chobit.common.http.HttpClient.resultOf(org.apache.http.client.fluent.Response)	CtMethodImpl	private
org.chobit.common.tools.ShortCode.gen()	CtMethodImpl	public
org.chobit.common.utils.IpKit.getIp()	CtMethodImpl	public
org.chobit.common.json.LocalDateTimeDeserializer.ORIGEN_LOCALTIME_STR_LENGTH	CtFieldReferenceImpl	private
org.chobit.common.http.HttpClient.CONN_MGR	CtFieldReferenceImpl	private
org.chobit.common.http.HttpClient.postBody(java.lang.String,java.util.Map<java.lang.String, java.lang.String>,java.lang.String,org.apache.http.HttpHost)	CtMethodImpl	public
org.chobit.common.json.LocalDateTimeDeserializer.1	CtClassImpl	package-private
org.chobit.common.model.Pair.getValue()	CtMethodImpl	public
org.chobit.common.json.LocalDateTimeDeserializer.ISO_FLAG_TIME	CtFieldReferenceImpl	private
org.chobit.common.http.HttpClient.executeForStream(org.apache.http.client.fluent.Request,java.util.Map<java.lang.String, java.lang.String>,org.apache.http.HttpHost)	CtMethodImpl	private
org.chobit.common.utils.StrKit.isBool(java.lang.String)	CtMethodImpl	public
org.chobit.common.http.HttpClient.logger	CtFieldReferenceImpl	private
org.chobit.common.utils.StrKit.lineToHump(java.lang.String)	CtMethodImpl	public
org.chobit.common.utils.StrKit.xor(java.lang.String,java.lang.String)	CtMethodImpl	public
org.chobit.common.utils.JsonKit.getBool(com.fasterxml.jackson.databind.JsonNode,java.lang.String)	CtMethodImpl	public
org.chobit.common.utils.LocalDateKit.fromEpochMilli(long)	CtMethodImpl	public
org.chobit.common.utils.Collections2.listOf(T[])	CtMethodImpl	public
org.chobit.common.model.ResultWrapper.getContent()	CtMethodImpl	public
org.chobit.common.utils.UrlKit.buildQueryStr(java.util.Map<java.lang.String, java.lang.Object>)	CtMethodImpl	public
org.chobit.common.json.LocalDateTimeDeserializer.deserializeFromStr(java.lang.String)	CtMethodImpl	private
org.chobit.common.utils.LocalDateKit.toEpochSecond(java.time.LocalDateTime)	CtMethodImpl	public
org.chobit.common.utils.StrKit.isBlank(java.lang.String)	CtMethodImpl	public
org.chobit.common.constants.Symbol.NOT	CtFieldReferenceImpl	public
com.fasterxml.jackson.databind.module.SimpleModule._deserializerModifier	CtFieldReferenceImpl	protected
org.chobit.common.model.Pair()	CtConstructorImpl	public
org.chobit.common.http.HttpRequest.getHost()	CtMethodImpl	public
org.chobit.common.utils.UrlKit.GetReq.url	CtFieldReferenceImpl	private
org.chobit.common.http.HttpResult()	CtConstructorImpl	public
org.chobit.common.http.HttpRequest.addParam(java.lang.String,java.lang.Object)	CtMethodImpl	public
org.chobit.common.model.Pair.equals(java.lang.Object)	CtMethodImpl	public
org.chobit.common.json.LocalDateDeserializer()	CtConstructorImpl	public
org.chobit.common.utils.JsonKit.getDouble(com.fasterxml.jackson.databind.JsonNode,java.lang.String)	CtMethodImpl	public
org.chobit.common.utils.Collections2.toPairs(java.util.Map<K, V>)	CtMethodImpl	public
org.chobit.common.concurrent.Threads	CtClassImpl	public
org.chobit.common.tools.FlashPoint	CtClassImpl	public
org.chobit.common.utils.StrKit.humpToLine2(java.lang.String)	CtMethodImpl	public
org.chobit.common.tools.HourGlass	CtClassImpl	public
org.chobit.common.utils.LocalDateKit.COMMON_DATETIME_PATTERN	CtFieldReferenceImpl	public
org.chobit.common.http.HttpRequest.addParams(java.util.Map<java.lang.String, java.lang.Object>)	CtMethodImpl	public
org.chobit.common.http.HttpClient.getForStream(java.lang.String,org.apache.http.HttpHost)	CtMethodImpl	public
org.chobit.common.model.ResultWrapper.setSuccess(boolean)	CtMethodImpl	public
org.chobit.common.utils.StrKit()	CtConstructorImpl	private
org.chobit.common.tools.HourGlass.checkAndReverse()	CtMethodImpl	public
org.chobit.common.http.HttpClient.EXECUTOR	CtFieldReferenceImpl	private
org.chobit.common.utils.PropKit.m	CtFieldReferenceImpl	private
org.chobit.common.json.BooleanDeserializer.deserialize(com.fasterxml.jackson.core.JsonParser,com.fasterxml.jackson.databind.DeserializationContext)	CtMethodImpl	public
org.chobit.common.json.BooleanDeserializer()	CtConstructorImpl	public
org.chobit.common.utils.PropKit.getBoolean(java.lang.String)	CtMethodImpl	public
org.chobit.common.codec.MD5.fillMd5(java.lang.String)	CtMethodImpl	private
org.chobit.common.http.HttpRequest.getMethod()	CtMethodImpl	public
org.chobit.common.http.HttpResult.setErrMsg(java.lang.String)	CtMethodImpl	public
org.chobit.common.utils.IoKit.readTxt(java.lang.String)	CtMethodImpl	public
org.chobit.common.model.Pair(K,V)	CtConstructorImpl	public
org.chobit.common.utils.StrKit.PATTERN_INTEGER	CtFieldReferenceImpl	private
org.chobit.common.utils.GetReq.getUrl()	CtMethodImpl	public
org.chobit.common.http.HttpClient.execute(org.apache.http.client.fluent.Request,java.util.Map<java.lang.String, ?>,org.apache.http.HttpHost)	CtMethodImpl	private
org.chobit.common.model.ResultWrapper.setContent(T)	CtMethodImpl	public
org.chobit.common.utils.JsonKit.parse(java.lang.String)	CtMethodImpl	public
org.chobit.common.http.HttpRequest.getPort()	CtMethodImpl	public
org.chobit.common.http.HttpRequest.getBody()	CtMethodImpl	public
org.chobit.common.constants.Symbol.TAB	CtFieldReferenceImpl	public
org.chobit.common.codec.MD5	CtClassImpl	public
org.chobit.common.model.ResultWrapper.setCode(int)	CtMethodImpl	public
org.chobit.common.utils.StrKit.toInt(java.lang.String)	CtMethodImpl	public
org.chobit.common.http.HttpRequest.setPort(int)	CtMethodImpl	public
org.chobit.common.model.ResultWrapper.msg	CtFieldReferenceImpl	private
org.chobit.common.utils.StrKit.toStr(T)	CtMethodImpl	public
org.chobit.common.json.LocalDateTimeDeserializer.ISO_FLAG_TIME_LENGTH	CtFieldReferenceImpl	private
org.chobit.common.model.ParamMap.get(java.lang.String)	CtMethodImpl	public
org.chobit.common.tools.DeviceIdEncryptor	CtEnumImpl	public
org.chobit.common.http.HttpRequest.setBody(java.lang.String)	CtMethodImpl	public
org.chobit.common.http.HttpClient.get(java.lang.String,java.util.Map<java.lang.String, ?>,java.util.Map<java.lang.String, java.lang.Object>)	CtMethodImpl	public
org.chobit.common.utils.LocalDateKit.toEpochMilli(java.time.LocalDateTime)	CtMethodImpl	public
org.chobit.common.http.HttpClient.getForBytes(java.lang.String,org.apache.http.HttpHost)	CtMethodImpl	public
org.chobit.common.http.HttpResult.code	CtFieldReferenceImpl	private
org.chobit.common.utils.Collections2.join(java.util.Collection<T>,java.lang.String)	CtMethodImpl	public
org.chobit.common.tools.HourGlass.needReverse()	CtMethodImpl	public
org.chobit.common.utils.Collections2.isEmpty(java.util.Collection<?>)	CtMethodImpl	public
org.chobit.common.utils.JsonKit.getText(com.fasterxml.jackson.databind.JsonNode,java.lang.String)	CtMethodImpl	public
org.chobit.common.utils.PropKit.load(java.lang.String)	CtMethodImpl	public
org.chobit.common.model.ResultWrapper.setMsg(java.lang.String)	CtMethodImpl	public
org.chobit.common.model.ParamMap.getBool(java.lang.String,boolean)	CtMethodImpl	public
org.chobit.common.constants.Symbol.SLASH	CtFieldReferenceImpl	public
org.chobit.common.utils.JsonKit()	CtConstructorImpl	private
org.chobit.common.json.LocalDateTimeDeserializer.deserializeFromArray(com.fasterxml.jackson.core.JsonParser)	CtMethodImpl	private
org.chobit.common.constants.InvalidDeviceId(java.lang.String)	CtConstructorImpl	private
org.chobit.common.utils.Collections2.isEmpty(java.util.Map<?, ?>)	CtMethodImpl	public
org.chobit.common.http.HttpRequest.setMethod(org.chobit.common.http.HttpMethod)	CtMethodImpl	public
org.chobit.common.utils.LocalDateKit.COMMON_DATETIME_FORMATTER	CtFieldReferenceImpl	private
org.chobit.common.utils.UrlKit.parseQueryParams(java.lang.String)	CtMethodImpl	public
org.chobit.common.utils.UrlKit.decode(java.lang.String)	CtMethodImpl	public
org.chobit.common.utils.IoKit	CtClassImpl	public
org.chobit.common.concurrent.NamedThreadFactory.group	CtFieldReferenceImpl	private
org.chobit.common.utils.IpKit.logger	CtFieldReferenceImpl	private
org.chobit.common.utils.ReflectKit.fieldsOf(java.lang.Class<?>,boolean)	CtMethodImpl	public
org.chobit.common.constants.Symbol.NEW_LINE	CtFieldReferenceImpl	public
org.chobit.common.utils.UrlKit()	CtConstructorImpl	private
org.chobit.common.http.HttpClient	CtClassImpl	public
org.chobit.common.utils.IoKit.logger	CtFieldReferenceImpl	private
org.chobit.common.utils.LocalDateKit.formatTime(java.time.LocalDateTime)	CtMethodImpl	public
org.chobit.common.http.HttpResult.toString()	CtMethodImpl	public
org.chobit.common.constants.Symbol.POINT	CtFieldReferenceImpl	public
org.chobit.common.json.LocalDateTimeDeserializer.deserialize(com.fasterxml.jackson.core.JsonParser,com.fasterxml.jackson.databind.DeserializationContext)	CtMethodImpl	public
org.chobit.common.json.LocalDateTimeModule	CtClassImpl	public
org.chobit.common.model.Pair.hashCode()	CtMethodImpl	public
org.chobit.common.utils.Collections2.first(java.util.Collection<T>)	CtMethodImpl	public
org.chobit.common.model.ParamMap(int)	CtConstructorImpl	public
org.chobit.common.model.Pair.getKey()	CtMethodImpl	public
org.chobit.common.utils.IpKit	CtClassImpl	public
org.chobit.common.model.Pair.key	CtFieldReferenceImpl	private
org.chobit.common.model.ResultWrapper	CtClassImpl	public
com.fasterxml.jackson.databind.module.SimpleModule._deserializers	CtFieldReferenceImpl	protected
org.chobit.common.codec.Unicode	CtClassImpl	public
org.chobit.common.http.HttpRequest(org.chobit.common.http.HttpMethod,java.lang.String)	CtConstructorImpl	public
org.chobit.common.utils.StrKit.isInteger(java.lang.String)	CtMethodImpl	public
com.fasterxml.jackson.databind.module.SimpleModule._serializers	CtFieldReferenceImpl	protected
org.chobit.common.json.LocalDateTimeModule()	CtConstructorImpl	public
org.chobit.common.json.LocalDateTimeDeserializer.FLAG_ARRAY_END	CtFieldReferenceImpl	private
org.chobit.common.model.ParamMap.getBool(java.lang.String)	CtMethodImpl	public
org.chobit.common.http.HttpResult.getCode()	CtMethodImpl	public
org.chobit.common.http.HttpClient.getForBytes(java.lang.String)	CtMethodImpl	public
org.chobit.common.http.HttpMethod	CtEnumImpl	public
com.fasterxml.jackson.databind.module.SimpleModule._abstractTypes	CtFieldReferenceImpl	protected
org.chobit.common.tools.ShortCode.FORMAT	CtFieldReferenceImpl	private
org.chobit.common.json.LocalDateTimeDeserializer	CtClassImpl	public
org.chobit.common.constants.Symbol.AT	CtFieldReferenceImpl	public
org.chobit.common.http.HttpRequest.params	CtFieldReferenceImpl	private
org.chobit.common.http.HttpResult.content	CtFieldReferenceImpl	private
org.chobit.common.model.ResultWrapper(T)	CtConstructorImpl	public
org.chobit.common.utils.ReflectKit()	CtConstructorImpl	private
org.chobit.common.json.LocalDateTimeDeserializer()	CtConstructorImpl	public
org.chobit.common.http.HttpResult.setCode(int)	CtMethodImpl	public
org.chobit.common.model.ParamMap.getLong(java.lang.String)	CtMethodImpl	public
org.chobit.common.utils.PropKit.getProp(java.lang.String,java.lang.String)	CtMethodImpl	public
org.chobit.common.http.HttpResult.getErrMsg()	CtMethodImpl	public
org.chobit.common.concurrent.BlockPolicy.rejectedExecution(java.lang.Runnable,java.util.concurrent.ThreadPoolExecutor)	CtMethodImpl	public
org.chobit.common.tools.DeviceIdEncryptor.2	CtClassImpl	package-private
org.chobit.common.tools.DeviceIdEncryptor.6	CtClassImpl	package-private
org.chobit.common.tools.HourGlass.start	CtFieldReferenceImpl	private
org.chobit.common.http.HttpClient.get(java.lang.String)	CtMethodImpl	public
org.chobit.common.json.LocalDateTimeSerializer()	CtConstructorImpl	public
org.chobit.common.http.HttpRequest.addHeader(java.lang.String,java.lang.String)	CtMethodImpl	public
org.chobit.common.utils.PropKit.getDouble(java.lang.String,java.lang.Double)	CtMethodImpl	public
org.chobit.common.utils.UrlKit.buildQueryStr(org.chobit.common.utils.UrlKit.GetReq)	CtMethodImpl	public
org.chobit.common.tools.FlashPoint(long,java.util.concurrent.TimeUnit,long)	CtConstructorImpl	public
org.chobit.common.json.LocalDateDeserializer.localDateOf(java.util.List<java.lang.Integer>)	CtMethodImpl	private
com.fasterxml.jackson.databind.module.SimpleModule._valueInstantiators	CtFieldReferenceImpl	protected
org.chobit.common.utils.PropKit.getProp(java.lang.String)	CtMethodImpl	public
org.chobit.common.utils.StrKit.isNumeric(java.lang.String)	CtMethodImpl	public
org.chobit.common.model.Pair.toString()	CtMethodImpl	public
org.chobit.common.utils.LocalDateKit.parseTime(java.lang.String)	CtMethodImpl	public
org.chobit.common.concurrent.NamedThreadFactory(java.lang.String)	CtConstructorImpl	public
org.chobit.common.concurrent.Threads.logger	CtFieldReferenceImpl	private
org.chobit.common.utils.LocalDateKit.parseTime(java.lang.String,java.lang.String)	CtMethodImpl	public
org.chobit.common.utils.PropKit()	CtConstructorImpl	private
org.chobit.common.utils.JsonKit.getLong(com.fasterxml.jackson.databind.JsonNode,java.lang.String)	CtMethodImpl	public
org.chobit.common.utils.StrKit.toDouble(java.lang.String)	CtMethodImpl	public
org.chobit.common.utils.PropKit	CtClassImpl	public
org.chobit.common.constants.Symbol.QUESTION_MARK	CtFieldReferenceImpl	public
org.chobit.common.http.HttpClient.execute0(org.apache.http.client.fluent.Request,java.util.Map<java.lang.String, ?>,org.apache.http.HttpHost)	CtMethodImpl	private
org.chobit.common.http.HttpClient.streamOf(org.apache.http.client.fluent.Response)	CtMethodImpl	private
org.chobit.common.http.HttpResult.errMsg	CtFieldReferenceImpl	private
org.chobit.common.model.ResultWrapper.success	CtFieldReferenceImpl	private
org.chobit.common.utils.UrlKit$GetReq()	CtConstructorImpl	public
org.chobit.common.utils.PropKit.logger	CtFieldReferenceImpl	private
org.chobit.common.utils.StrKit.toBool(java.lang.String)	CtMethodImpl	public
com.fasterxml.jackson.databind.module.SimpleModule._name	CtFieldReferenceImpl	protected
org.chobit.common.utils.IpKit()	CtConstructorImpl	private
org.chobit.common.utils.JsonKit.createArrayNode()	CtMethodImpl	public
org.chobit.common.concurrent.NamedThreadFactory.newThread(java.lang.Runnable)	CtMethodImpl	public
org.chobit.common.utils.GetReq.addParams(java.util.Map<java.lang.String, java.lang.String>)	CtMethodImpl	public
org.chobit.common.constants.Symbol.PLUS	CtFieldReferenceImpl	public
org.chobit.common.utils.ReflectKit.toMap(java.lang.Object)	CtMethodImpl	public
org.chobit.common.utils.StrKit.format(java.lang.String,double)	CtMethodImpl	public
org.chobit.common.http.HttpClient.postWithByte(java.lang.String,java.util.Map<java.lang.String, ?>,byte[])	CtMethodImpl	public
org.chobit.common.utils.UrlKit.buildQueryStr(java.util.Map<java.lang.String, java.lang.Object>,boolean)	CtMethodImpl	public
org.chobit.common.codec.MD5()	CtConstructorImpl	private
org.chobit.common.http.HttpRequest.params()	CtMethodImpl	public
org.chobit.common.json.LocalDateTimeDeserializer.LOCALTIME_ARR_LENGTH	CtFieldReferenceImpl	private
org.chobit.common.http.HttpRequest.getHeaders()	CtMethodImpl	public
org.chobit.common.model.ParamMap	CtClassImpl	public
org.chobit.common.constants.Symbol.AND	CtFieldReferenceImpl	public
org.chobit.common.utils.IoKit.save(byte[],java.lang.String)	CtMethodImpl	public
org.chobit.common.http.HttpRequest.host	CtFieldReferenceImpl	private
org.chobit.common.utils.StrKit.isNotBlank(java.lang.String)	CtMethodImpl	public
org.chobit.common.utils.ReflectKit.fieldsOf(java.lang.Class<?>)	CtMethodImpl	public
org.chobit.common.concurrent.NamedThreadFactory.poolNumber	CtFieldReferenceImpl	private
com.fasterxml.jackson.databind.module.SimpleModule._version	CtFieldReferenceImpl	protected
org.chobit.common.utils.UrlKit	CtClassImpl	public
org.chobit.common.utils.StrKit.takeFromMatcher(java.util.regex.Matcher)	CtMethodImpl	public
org.chobit.common.codec.Base62.decode(java.lang.String)	CtMethodImpl	public
org.chobit.common.model.ResultWrapper.getMsg()	CtMethodImpl	public
org.chobit.common.tools.DeviceIdEncryptor()	CtConstructorImpl	private
org.chobit.common.json.LocalDateDeserializer.LEN_LOCAL_DATE_ARR	CtFieldReferenceImpl	private
org.chobit.common.utils.PropKit.getInt(java.lang.String)	CtMethodImpl	public
org.chobit.common.utils.LocalDateKit.toDate(java.time.LocalDateTime)	CtMethodImpl	public
org.chobit.common.constants.InvalidDeviceId	CtEnumImpl	public
org.chobit.common.utils.StrKit.isDouble(java.lang.String)	CtMethodImpl	public
org.chobit.common.http.HttpRequest.port	CtFieldReferenceImpl	private
org.chobit.common.tools.FlashPoint.get()	CtMethodImpl	public
org.chobit.common.constants.Symbol.UNDERLINE	CtFieldReferenceImpl	public
org.chobit.common.utils.UrlKit.GetReq.params	CtFieldReferenceImpl	private
org.chobit.common.utils.StrKit.toLong(java.lang.String)	CtMethodImpl	public
org.chobit.common.utils.StrKit.PATTERN_UPPER	CtFieldReferenceImpl	private
org.chobit.common.utils.UrlKit.parseRoot(java.lang.String)	CtMethodImpl	public
org.chobit.common.http.HttpClient()	CtConstructorImpl	private
com.fasterxml.jackson.databind.module.SimpleModule.serialVersionUID	CtFieldReferenceImpl	private
org.chobit.common.constants.Symbol.SHARP	CtFieldReferenceImpl	public
org.chobit.common.utils.LocalDateKit.parseDate(java.lang.String,java.lang.String)	CtMethodImpl	public
org.chobit.common.utils.JsonKit.toJson(T)	CtMethodImpl	public
org.chobit.common.json.LocalDateTimeDeserializer.ISO_FLAG_TIME_MILLIS_LENGTH	CtFieldReferenceImpl	private
org.chobit.common.utils.JsonKit	CtClassImpl	public
org.chobit.common.concurrent.NamedThreadFactory	CtClassImpl	public
org.chobit.common.codec.Unicode()	CtConstructorImpl	private
org.chobit.common.utils.JsonKit.getInt(com.fasterxml.jackson.databind.JsonNode,java.lang.String,java.lang.Integer)	CtMethodImpl	public
org.chobit.common.http.HttpRequest.setUrl(java.lang.String)	CtMethodImpl	public
org.chobit.common.model.ParamMap.getLong(java.lang.String,long)	CtMethodImpl	public
org.chobit.common.constants.Symbol.SEMI_COLON	CtFieldReferenceImpl	public
org.chobit.common.tools.HourGlass(java.util.concurrent.TimeUnit,long)	CtConstructorImpl	public
org.chobit.common.utils.LocalDateKit.formatDate(java.lang.String,java.time.LocalDate)	CtMethodImpl	public
org.chobit.common.utils.PropKit.getDouble(java.lang.String)	CtMethodImpl	public
org.chobit.common.utils.UrlKit.buildQueryStr(java.lang.String,java.util.Map<java.lang.String, java.lang.Object>)	CtMethodImpl	public
org.chobit.common.tools.DeviceIdEncryptor.1	CtClassImpl	package-private
org.chobit.common.concurrent.BlockPolicy.period	CtFieldReferenceImpl	private
org.chobit.common.tools.DeviceIdEncryptor.3	CtClassImpl	package-private
org.chobit.common.model.Pair.value	CtFieldReferenceImpl	private
org.chobit.common.utils.LocalDateKit	CtClassImpl	public
com.fasterxml.jackson.databind.module.SimpleModule._serializerModifier	CtFieldReferenceImpl	protected
org.chobit.common.http.HttpClient.postForStream(java.lang.String,java.util.Map<java.lang.String, java.lang.String>,java.lang.String)	CtMethodImpl	public
org.chobit.common.tools.DeviceIdEncryptor.5	CtClassImpl	package-private
org.chobit.common.utils.LocalDateKit.toDate(java.time.LocalDate)	CtMethodImpl	public
org.chobit.common.utils.UrlKit.logger	CtFieldReferenceImpl	private
org.chobit.common.json.LocalDateTimeDeserializer.ISO_FLAG_TIMEZONE	CtFieldReferenceImpl	private
com.fasterxml.jackson.databind.module.SimpleModule._keySerializers	CtFieldReferenceImpl	protected
org.chobit.common.utils.JsonKit.getInt(com.fasterxml.jackson.databind.JsonNode,java.lang.String)	CtMethodImpl	public
org.chobit.common.codec.Unicode.decode(java.lang.String)	CtMethodImpl	public
org.chobit.common.constants.Symbol	CtClassImpl	public
org.chobit.common.constants.Symbol.COLON	CtFieldReferenceImpl	public
org.chobit.common.codec.Base62.FAST_SIZE	CtFieldReferenceImpl	private
org.chobit.common.tools.ShortCode	CtClassImpl	public
org.chobit.common.http.HttpClient.CLIENT	CtFieldReferenceImpl	private
org.chobit.common.tools.HourGlass.interval	CtFieldReferenceImpl	private
org.chobit.common.model.ResultWrapper(int,T)	CtConstructorImpl	public
org.chobit.common.codec.Base62.BASE	CtFieldReferenceImpl	private
org.chobit.common.utils.StrKit.PATTERN_LINE	CtFieldReferenceImpl	private
org.chobit.common.codec.Unicode.encode(java.lang.String)	CtMethodImpl	public
org.chobit.common.utils.LocalDateKit.COMMON_DATE_FORMATTER	CtFieldReferenceImpl	private
org.chobit.common.utils.StrKit.takeSubWithRegex(java.lang.String,java.lang.String)	CtMethodImpl	public
org.chobit.common.codec.Base62.getIndex(java.lang.String,int)	CtMethodImpl	private
org.chobit.common.utils.JsonKit.getBool(com.fasterxml.jackson.databind.JsonNode,java.lang.String,java.lang.Boolean)	CtMethodImpl	public
org.chobit.common.utils.LocalDateKit.remainsOfDay(java.time.LocalDateTime)	CtMethodImpl	public
org.chobit.common.http.HttpResult.isSuccess()	CtMethodImpl	public
org.chobit.common.utils.JsonKit.getText(com.fasterxml.jackson.databind.JsonNode,java.lang.String,java.lang.String)	CtMethodImpl	public
org.chobit.common.utils.LocalDateKit.parseDate(java.lang.String)	CtMethodImpl	public
org.chobit.common.utils.UrlKit$GetReq(java.lang.String)	CtConstructorImpl	public
org.chobit.common.constants.Symbol.SPACE	CtFieldReferenceImpl	public
org.chobit.common.http.HttpResult	CtClassImpl	public
org.chobit.common.constants.InvalidDeviceId.value	CtFieldReferenceImpl	public
org.chobit.common.utils.StrKit.join(java.lang.String,java.lang.Object[])	CtMethodImpl	public
org.chobit.common.utils.StrKit.coalesce(java.lang.String[])	CtMethodImpl	public
org.chobit.common.http.HttpClient.get(java.lang.String,java.util.Map<java.lang.String, ?>,java.util.Map<java.lang.String, java.lang.Object>,org.apache.http.HttpHost)	CtMethodImpl	public
org.chobit.common.model.ParamMap.getStr(java.lang.String,java.lang.String)	CtMethodImpl	public
org.chobit.common.utils.PropKit.setProp(java.lang.String,java.lang.String)	CtMethodImpl	public
org.chobit.common.model.ResultWrapper.content	CtFieldReferenceImpl	private
org.chobit.common.model.Pair	CtClassImpl	public
org.chobit.common.codec.Base62.encode(long)	CtMethodImpl	public
org.chobit.common.http.HttpRequest.getParams()	CtMethodImpl	public
org.chobit.common.utils.JsonKit.fromJson(java.lang.String,com.fasterxml.jackson.core.type.TypeReference<T>)	CtMethodImpl	public
org.chobit.common.utils.StrKit.split(java.lang.String,java.lang.String)	CtMethodImpl	public
org.chobit.common.utils.JsonKit.getLong(com.fasterxml.jackson.databind.JsonNode,java.lang.String,java.lang.Long)	CtMethodImpl	public
org.chobit.common.codec.MD5.logger	CtFieldReferenceImpl	private
org.chobit.common.http.HttpRequest.getUrl()	CtMethodImpl	public
org.chobit.common.json.LocalDateDeserializer.deserializeFromArray(com.fasterxml.jackson.core.JsonParser)	CtMethodImpl	private
org.chobit.common.utils.StrKit.humpToLine(java.lang.String)	CtMethodImpl	public
org.chobit.common.model.ParamMap.getInt(java.lang.String,int)	CtMethodImpl	public
org.chobit.common.model.ParamMap.getInt(java.lang.String)	CtMethodImpl	public
org.chobit.common.concurrent.BlockPolicy(long)	CtConstructorImpl	public
org.chobit.common.codec.Base62.DIGITS_INDEX	CtFieldReferenceImpl	private
org.chobit.common.json.LocalDateTimeDeserializer.PATTERN_DATETIME_MILLIS	CtFieldReferenceImpl	private
org.chobit.common.codec.MD5.encode(java.lang.String)	CtMethodImpl	public
org.chobit.common.http.HttpRequest()	CtConstructorImpl	public
org.chobit.common.concurrent.Threads()	CtConstructorImpl	private
org.chobit.common.utils.JsonKit.createObjectNode()	CtMethodImpl	public
org.chobit.common.utils.UrlKit.parse(java.lang.String)	CtMethodImpl	public
org.chobit.common.utils.GetReq.getParams()	CtMethodImpl	public
org.chobit.common.utils.LocalDateKit.remainsOfToday()	CtMethodImpl	public
org.chobit.common.http.HttpRequest.headers	CtFieldReferenceImpl	private
org.chobit.common.http.HttpResult.getContent()	CtMethodImpl	public
org.chobit.common.http.HttpResult.setContent(java.lang.String)	CtMethodImpl	public
org.chobit.common.utils.Collections2	CtClassImpl	public
org.chobit.common.json.LocalDateDeserializer	CtClassImpl	public
org.chobit.common.codec.Base62()	CtConstructorImpl	private
org.chobit.common.utils.JsonKit.fromJson(java.lang.String,java.lang.Class<T>)	CtMethodImpl	public
org.chobit.common.http.HttpMethod()	CtConstructorImpl	private
org.chobit.common.tools.HourGlass.unit	CtFieldReferenceImpl	private
org.chobit.common.concurrent.BlockPolicy	CtClassImpl	public
org.chobit.common.codec.Base62	CtClassImpl	public
org.chobit.common.json.LocalDateTimeDeserializer.localDateTimeOf(java.util.List<java.lang.Integer>)	CtMethodImpl	private
org.chobit.common.http.HttpClient.get(java.lang.String,org.apache.http.HttpHost)	CtMethodImpl	public
org.chobit.common.http.HttpClient.execute(org.chobit.common.http.HttpRequest)	CtMethodImpl	public
org.chobit.common.json.LocalDateTimeSerializer.serialize(java.time.LocalDateTime,com.fasterxml.jackson.core.JsonGenerator,com.fasterxml.jackson.databind.SerializerProvider)	CtMethodImpl	public
org.chobit.common.model.ResultWrapper()	CtConstructorImpl	public
org.chobit.common.utils.GetReq.setUrl(java.lang.String)	CtMethodImpl	public
com.fasterxml.jackson.databind.module.SimpleModule._subtypes	CtFieldReferenceImpl	protected
org.chobit.common.utils.JsonKit.mapper()	CtMethodImpl	public
org.chobit.common.json.LocalDateTimeDeserializer.PATTERN_DATETIME_ISO_FLAG_TZ	CtFieldReferenceImpl	private
org.chobit.common.model.ResultWrapper.isSuccess()	CtMethodImpl	public
org.chobit.common.constants.Symbol.COMMA	CtFieldReferenceImpl	public
org.chobit.common.http.HttpClient.getForStream(java.lang.String)	CtMethodImpl	public
com.fasterxml.jackson.databind.module.SimpleModule._mixins	CtFieldReferenceImpl	protected
org.chobit.common.http.HttpRequest.setHost(java.lang.String)	CtMethodImpl	public
org.chobit.common.json.LocalDateTimeModule.DEFAULT_DATE_FORMAT	CtFieldReferenceImpl	public
org.chobit.common.model.ParamMap.getStr(java.lang.String)	CtMethodImpl	public
org.chobit.common.utils.LocalDateKit.fromEpochSecond(java.lang.Long)	CtMethodImpl	public
org.chobit.common.http.HttpRequest.url	CtFieldReferenceImpl	private
com.fasterxml.jackson.databind.module.SimpleModule._keyDeserializers	CtFieldReferenceImpl	protected
org.chobit.common.http.HttpClient.post(java.lang.String,java.util.Map<java.lang.String, java.lang.String>,java.util.Map<java.lang.String, java.lang.Object>,org.apache.http.HttpHost)	CtMethodImpl	public
org.chobit.common.utils.LocalDateKit()	CtConstructorImpl	private
org.chobit.common.utils.GetReq.addParam(java.lang.String,java.lang.String)	CtMethodImpl	public
org.chobit.common.utils.LocalDateKit.COMMON_DATE_PATTERN	CtFieldReferenceImpl	public
org.chobit.common.utils.LocalDateKit.formatDate(java.time.LocalDate)	CtMethodImpl	public
org.chobit.common.utils.StrKit.uuid()	CtMethodImpl	public
org.chobit.common.http.HttpClient.postBody(java.lang.String,java.util.Map<java.lang.String, java.lang.String>,java.lang.String)	CtMethodImpl	public
org.chobit.common.concurrent.NamedThreadFactory.namePrefix	CtFieldReferenceImpl	private
org.chobit.common.utils.UrlKit.GetReq	CtClassImpl	public
org.chobit.common.tools.HourGlass.reverse()	CtMethodImpl	public
org.chobit.common.http.HttpClient.post(java.lang.String,java.util.Map<java.lang.String, java.lang.String>,java.util.Map<java.lang.String, java.lang.Object>)	CtMethodImpl	public
org.chobit.common.utils.IoKit()	CtConstructorImpl	private
org.chobit.common.http.HttpClient.postBody(java.lang.String,java.lang.String)	CtMethodImpl	public
org.chobit.common.utils.JsonKit.MAPPER	CtFieldReferenceImpl	private
org.chobit.common.utils.LocalDateKit.formatTime(java.lang.String,java.time.LocalDateTime)	CtMethodImpl	public
org.chobit.common.model.ParamMap.getDouble(java.lang.String,double)	CtMethodImpl	public
org.chobit.common.utils.JsonKit.getDouble(com.fasterxml.jackson.databind.JsonNode,java.lang.String,java.lang.Double)	CtMethodImpl	public
org.chobit.common.concurrent.NamedThreadFactory.threadNumber	CtFieldReferenceImpl	private
org.chobit.common.http.HttpRequest.method	CtFieldReferenceImpl	private
org.chobit.common.constants.Symbol.EMPTY	CtFieldReferenceImpl	public
org.chobit.common.model.ParamMap()	CtConstructorImpl	public
org.chobit.common.constants.Symbol.TILDE	CtFieldReferenceImpl	public
org.chobit.common.tools.DeviceIdEncryptor.4	CtClassImpl	package-private
org.chobit.common.json.LocalDateTimeDeserializer.PATTERN_DATETIME_ISO_FLAG	CtFieldReferenceImpl	private
org.chobit.common.tools.FlashPoint.flag	CtFieldReferenceImpl	private
org.chobit.common.utils.Collections2.toMap(java.util.Collection<org.chobit.common.model.Pair<K, V>>)	CtMethodImpl	public
org.chobit.common.http.HttpRequest	CtClassImpl	public
org.chobit.common.utils.ReflectKit.isWrapClass(java.lang.Class<?>)	CtMethodImpl	public
org.chobit.common.tools.ShortCode.MAX_PAD_SIZE	CtFieldReferenceImpl	private
org.chobit.common.utils.PropKit.getBoolean(java.lang.String,java.lang.Boolean)	CtMethodImpl	public
org.chobit.common.utils.StrKit.PATTERN_DOUBLE	CtFieldReferenceImpl	private
org.chobit.common.utils.UrlKit$GetReq(java.lang.String,java.util.Map<java.lang.String, java.lang.String>)	CtConstructorImpl	public
org.chobit.common.json.LocalDateDeserializer.deserialize(com.fasterxml.jackson.core.JsonParser,com.fasterxml.jackson.databind.DeserializationContext)	CtMethodImpl	public
org.chobit.common.concurrent.Threads.newThread(java.lang.Runnable,java.lang.String,boolean)	CtMethodImpl	public
org.chobit.common.utils.PropKit.getInt(java.lang.String,java.lang.Integer)	CtMethodImpl	public
org.chobit.common.utils.StrKit	CtClassImpl	public
org.chobit.common.model.ResultWrapper.getCode()	CtMethodImpl	public
org.chobit.common.http.HttpClient.executeForBytes(org.apache.http.client.fluent.Request,java.util.Map<java.lang.String, java.lang.String>,org.apache.http.HttpHost)	CtMethodImpl	private
org.chobit.common.http.HttpResult(int,java.lang.String)	CtConstructorImpl	public
org.chobit.common.json.LocalDateTimeModule.DEFAULT_TIME_FORMAT	CtFieldReferenceImpl	public
org.chobit.common.http.HttpRequest.addHeaders(java.util.Map<java.lang.String, java.lang.String>)	CtMethodImpl	public
