method	type	visibility
com.github.zmzhou.utils.SnowFlake	CtClassImpl	public
com.github.zmzhou.utils.ServerUtils.getHostName()	CtMethodImpl	public
com.github.zmzhou.entity.Jvm.getName()	CtMethodImpl	public
com.github.zmzhou.entity.Cpu.setFree(double)	CtMethodImpl	public
com.github.zmzhou.entity.Cpu.setUsed(double)	CtMethodImpl	public
com.github.zmzhou.entity.Jvm()	CtConstructorImpl	public
com.github.zmzhou.entity.Jvm	CtClassImpl	public
com.github.zmzhou.entity.SysFile	CtClassImpl	public
com.github.zmzhou.utils.SnowFlake.MACHINE_LEFT	CtFieldReferenceImpl	private
com.github.zmzhou.entity.Jvm.total	CtFieldReferenceImpl	private
com.github.zmzhou.entity.Jvm.getFree()	CtMethodImpl	public
com.github.zmzhou.entity.Cpu.getWait()	CtMethodImpl	public
com.github.zmzhou.entity.SysFile.dirName	CtFieldReferenceImpl	private
com.github.zmzhou.entity.Jvm.version	CtFieldReferenceImpl	private
com.github.zmzhou.ServerInfo.sys	CtFieldReferenceImpl	private
com.github.zmzhou.utils.Arith.div(double,double,int)	CtMethodImpl	public
com.github.zmzhou.ServerInfo.OSHI_WAIT_SECOND	CtFieldReferenceImpl	private
com.github.zmzhou.utils.ServerUtils()	CtConstructorImpl	private
com.github.zmzhou.entity.Cpu.setTotal(double)	CtMethodImpl	public
com.github.zmzhou.ServerInfo.mem	CtFieldReferenceImpl	private
com.github.zmzhou.ServerInfo.setSysInfo()	CtMethodImpl	private
com.github.zmzhou.entity.Jvm.free	CtFieldReferenceImpl	private
com.github.zmzhou.entity.Jvm.getMax()	CtMethodImpl	public
com.github.zmzhou.entity.Jvm.getRunTime()	CtMethodImpl	public
com.github.zmzhou.utils.Arith.div(double,double)	CtMethodImpl	public
com.github.zmzhou.ServerInfo.getMem()	CtMethodImpl	public
com.github.zmzhou.entity.Sys.computerIp	CtFieldReferenceImpl	private
com.github.zmzhou.utils.SnowFlake.machineId	CtFieldReferenceImpl	private
com.github.zmzhou.utils.SnowFlake.MAX_SEQUENCE	CtFieldReferenceImpl	private
com.github.zmzhou.entity.Mem.getUsage()	CtMethodImpl	public
com.github.zmzhou.ServerInfo.sysFiles	CtFieldReferenceImpl	private
com.github.zmzhou.entity.Cpu.used	CtFieldReferenceImpl	private
com.github.zmzhou.utils.SnowFlake.MAX_DATACENTER_NUM	CtFieldReferenceImpl	private
com.github.zmzhou.utils.SnowFlake.nextId()	CtMethodImpl	public
com.github.zmzhou.entity.SysFile.used	CtFieldReferenceImpl	private
com.github.zmzhou.entity.Jvm.getVersion()	CtMethodImpl	public
com.github.zmzhou.utils.ServerUtils.getHostIp()	CtMethodImpl	public
com.github.zmzhou.entity.Cpu	CtClassImpl	public
com.github.zmzhou.ServerInfo.getSys()	CtMethodImpl	public
com.github.zmzhou.entity.Sys()	CtConstructorImpl	public
com.github.zmzhou.utils.ServerUtils.getServerStartDate()	CtMethodImpl	public
com.github.zmzhou.entity.SysFile.sysTypeName	CtFieldReferenceImpl	private
com.github.zmzhou.entity.Cpu.setWait(double)	CtMethodImpl	public
com.github.zmzhou.entity.Cpu()	CtConstructorImpl	public
com.github.zmzhou.utils.Arith.round(double,int)	CtMethodImpl	public
com.github.zmzhou.entity.Mem.total	CtFieldReferenceImpl	private
com.github.zmzhou.utils.Arith	CtClassImpl	public
com.github.zmzhou.entity.Mem.getFree()	CtMethodImpl	public
com.github.zmzhou.utils.SnowFlake.lastStmp	CtFieldReferenceImpl	private
com.github.zmzhou.entity.Sys	CtClassImpl	public
com.github.zmzhou.entity.Mem.free	CtFieldReferenceImpl	private
com.github.zmzhou.utils.Arith.sub(double,double)	CtMethodImpl	public
com.github.zmzhou.utils.SnowFlake.SEQUENCE_BIT	CtFieldReferenceImpl	private
com.github.zmzhou.ServerInfo.getJvm()	CtMethodImpl	public
com.github.zmzhou.ServerInfo.setSysFiles(oshi.software.os.OperatingSystem)	CtMethodImpl	private
com.github.zmzhou.ServerInfo.setSys(com.github.zmzhou.entity.Sys)	CtMethodImpl	public
com.github.zmzhou.ServerInfo.setJvmInfo()	CtMethodImpl	private
com.github.zmzhou.ServerInfo.cpu	CtFieldReferenceImpl	private
com.github.zmzhou.entity.Jvm.home	CtFieldReferenceImpl	private
com.github.zmzhou.utils.ServerUtils.YYYY_MM_DD_HH_MM_SS	CtFieldReferenceImpl	public
com.github.zmzhou.entity.Mem()	CtConstructorImpl	public
com.github.zmzhou.utils.ServerUtils	CtClassImpl	public
com.github.zmzhou.ServerInfo.setJvm(com.github.zmzhou.entity.Jvm)	CtMethodImpl	public
com.github.zmzhou.entity.Cpu.getUsed()	CtMethodImpl	public
com.github.zmzhou.utils.SnowFlake.MACHINE_BIT	CtFieldReferenceImpl	private
com.github.zmzhou.entity.Jvm.getUsed()	CtMethodImpl	public
com.github.zmzhou.ServerInfo.setCpuInfo(oshi.hardware.CentralProcessor)	CtMethodImpl	private
com.github.zmzhou.entity.Cpu.getSys()	CtMethodImpl	public
com.github.zmzhou.entity.SysFile.total	CtFieldReferenceImpl	private
com.github.zmzhou.ServerInfo	CtClassImpl	public
com.github.zmzhou.entity.Jvm.getTotal()	CtMethodImpl	public
com.github.zmzhou.utils.SnowFlake.datacenterId	CtFieldReferenceImpl	private
com.github.zmzhou.utils.ServerUtils.now()	CtMethodImpl	public
com.github.zmzhou.utils.SnowFlake.TIMESTMP_LEFT	CtFieldReferenceImpl	private
com.github.zmzhou.entity.Mem.getUsed()	CtMethodImpl	public
com.github.zmzhou.entity.Mem.setTotal(long)	CtMethodImpl	public
com.github.zmzhou.entity.Sys.osArch	CtFieldReferenceImpl	private
com.github.zmzhou.ServerInfo.jvm	CtFieldReferenceImpl	private
com.github.zmzhou.entity.Jvm.setTotal(double)	CtMethodImpl	public
com.github.zmzhou.entity.Cpu.setSys(double)	CtMethodImpl	public
com.github.zmzhou.entity.Mem.setFree(long)	CtMethodImpl	public
com.github.zmzhou.utils.Arith.mul(double,double)	CtMethodImpl	public
com.github.zmzhou.utils.SnowFlake.DATACENTER_BIT	CtFieldReferenceImpl	private
com.github.zmzhou.entity.Cpu.wait	CtFieldReferenceImpl	private
com.github.zmzhou.entity.Cpu.sys	CtFieldReferenceImpl	private
com.github.zmzhou.entity.Cpu.getTotal()	CtMethodImpl	public
com.github.zmzhou.entity.Sys.osName	CtFieldReferenceImpl	private
com.github.zmzhou.entity.SysFile.typeName	CtFieldReferenceImpl	private
com.github.zmzhou.ServerInfo.getCpu()	CtMethodImpl	public
com.github.zmzhou.entity.Mem.setUsed(long)	CtMethodImpl	public
com.github.zmzhou.utils.SnowFlake.getNextMillis()	CtMethodImpl	private
com.github.zmzhou.entity.Cpu.setCpuNum(int)	CtMethodImpl	public
com.github.zmzhou.entity.Jvm.setVersion(java.lang.String)	CtMethodImpl	public
com.github.zmzhou.utils.Arith()	CtConstructorImpl	private
com.github.zmzhou.ServerInfo()	CtConstructorImpl	public
com.github.zmzhou.utils.Arith.add(double,double)	CtMethodImpl	public
com.github.zmzhou.entity.Cpu.getCpuNum()	CtMethodImpl	public
com.github.zmzhou.utils.SnowFlake.MAX_MACHINE_NUM	CtFieldReferenceImpl	private
com.github.zmzhou.entity.Cpu.free	CtFieldReferenceImpl	private
com.github.zmzhou.entity.SysFile()	CtConstructorImpl	public
com.github.zmzhou.entity.Jvm.setFree(double)	CtMethodImpl	public
com.github.zmzhou.entity.SysFile.free	CtFieldReferenceImpl	private
com.github.zmzhou.utils.Arith.DEF_DIV_SCALE	CtFieldReferenceImpl	private
com.github.zmzhou.entity.Mem.getTotal()	CtMethodImpl	public
com.github.zmzhou.entity.Sys.computerName	CtFieldReferenceImpl	private
com.github.zmzhou.entity.Jvm.setHome(java.lang.String)	CtMethodImpl	public
com.github.zmzhou.ServerInfo.setMemInfo(oshi.hardware.GlobalMemory)	CtMethodImpl	private
com.github.zmzhou.entity.Cpu.total	CtFieldReferenceImpl	private
com.github.zmzhou.utils.SnowFlake.DATACENTER_LEFT	CtFieldReferenceImpl	private
com.github.zmzhou.entity.Jvm.max	CtFieldReferenceImpl	private
com.github.zmzhou.utils.SnowFlake.currentTimeMillis()	CtMethodImpl	private
com.github.zmzhou.entity.Sys.userDir	CtFieldReferenceImpl	private
com.github.zmzhou.entity.SysFile.usage	CtFieldReferenceImpl	private
com.github.zmzhou.utils.SnowFlake.START_STMP	CtFieldReferenceImpl	private
com.github.zmzhou.utils.ServerUtils.getDatePoor(java.util.Date,java.util.Date)	CtMethodImpl	public
com.github.zmzhou.ServerInfo.setSysFiles(java.util.List<com.github.zmzhou.entity.SysFile>)	CtMethodImpl	public
com.github.zmzhou.entity.Jvm.getStartTime()	CtMethodImpl	public
com.github.zmzhou.ServerInfo.getSysFiles()	CtMethodImpl	public
com.github.zmzhou.entity.Mem.used	CtFieldReferenceImpl	private
com.github.zmzhou.utils.SnowFlake.sequence	CtFieldReferenceImpl	private
com.github.zmzhou.entity.Jvm.getUsage()	CtMethodImpl	public
com.github.zmzhou.entity.Cpu.getFree()	CtMethodImpl	public
com.github.zmzhou.entity.Mem	CtClassImpl	public
com.github.zmzhou.utils.ServerUtils.delimiterConversion(java.lang.String)	CtMethodImpl	public
com.github.zmzhou.utils.SnowFlake(long,long)	CtConstructorImpl	public
com.github.zmzhou.ServerInfo.convertFileSize(long)	CtMethodImpl	public
com.github.zmzhou.ServerInfo.setMem(com.github.zmzhou.entity.Mem)	CtMethodImpl	public
com.github.zmzhou.ServerInfo.setCpu(com.github.zmzhou.entity.Cpu)	CtMethodImpl	public
com.github.zmzhou.entity.Cpu.cpuNum	CtFieldReferenceImpl	private
com.github.zmzhou.entity.Jvm.getHome()	CtMethodImpl	public
com.github.zmzhou.entity.Jvm.setMax(double)	CtMethodImpl	public
